ward,area_sqm,rooms,floor,building_age,distance_to_station_min,amenity_score,has_balcony,has_parking,is_remodeled,price_million_yen
Sumida,53.49,2,21,2.5,1.4,100.0,0,1,0,134.71
Adachi,54.24,2,26,11.2,4.5,99.1,0,0,0,85.04
Suginami,25.71,2,25,0.7,7.5,99.9,0,0,0,111.02
Nerima,61.25,3,28,2.0,5.5,97.3,1,1,0,129.06
Katsushika,20.0,2,16,5.9,6.8,76.0,1,1,0,102.49
Shibuya,119.25,3,15,2.7,1.0,79.2,0,0,0,202.47
Koto,96.83,3,7,15.8,19.7,68.1,1,1,0,158.72
Bunkyo,36.28,2,8,4.8,6.6,90.1,1,1,0,157.1
Nakano,171.17,4,10,8.7,1.8,87.2,1,1,0,221.33
Sumida,82.72,3,11,3.4,22.9,70.4,1,1,0,143.43
Adachi,77.71,2,30,32.2,3.1,96.9,0,0,1,130.72
Nerima,30.66,1,3,0.1,5.7,74.4,0,0,0,92.49
Katsushika,79.04,3,30,50.0,26.3,32.9,0,1,1,51.76
Katsushika,143.9,3,1,15.1,9.1,56.7,1,1,0,214.91
Kita,45.95,2,6,7.6,13.6,86.7,1,0,0,108.86
Shinjuku,82.94,2,3,24.9,3.4,97.4,1,1,1,114.94
Arakawa,94.41,5,25,10.9,2.4,82.9,1,1,0,174.47
Shinagawa,75.42,3,16,28.1,15.5,78.2,1,1,1,142.52
Koto,78.79,2,14,11.9,9.4,74.0,1,0,0,115.62
Nerima,36.09,1,8,28.4,8.6,74.2,1,0,0,62.73
Taito,69.66,4,27,23.8,5.6,93.0,1,1,0,124.57
Minato,99.32,4,17,50.0,5.1,95.9,1,1,1,197.66
Nakano,56.43,2,23,4.7,5.3,97.1,1,0,0,157.51
Edogawa,37.59,1,27,5.2,3.1,98.3,0,1,0,150.4
Shibuya,34.5,1,14,23.8,17.7,69.6,1,0,0,106.32
Katsushika,72.46,3,22,4.3,1.0,100.0,1,1,0,119.24
Setagaya,48.09,1,20,7.9,9.6,82.9,0,0,1,112.45
Edogawa,20.0,1,26,49.3,14.5,63.4,0,0,1,16.97
Katsushika,98.36,3,16,10.9,8.6,95.5,1,1,0,130.86
Katsushika,76.87,2,14,1.4,1.0,100.0,1,1,0,181.51
Meguro,70.05,3,13,2.7,1.0,100.0,1,0,0,212.5
Arakawa,89.86,3,1,9.2,6.3,85.9,1,1,0,166.45
Shibuya,53.65,1,18,17.2,1.0,85.3,1,1,0,170.96
Shinjuku,95.49,4,18,14.9,16.8,74.5,0,0,1,192.4
Minato,69.37,3,7,13.0,16.1,68.9,1,0,0,156.3
Kita,93.72,4,20,26.3,3.1,91.4,0,1,0,167.73
Sumida,73.11,3,26,15.0,4.8,93.2,0,0,0,148.28
Sumida,90.01,3,10,50.0,30.0,58.1,1,1,1,65.38
Kita,57.0,3,26,2.4,5.8,90.5,0,1,0,139.44
Sumida,83.75,4,4,6.5,9.9,56.9,1,0,0,132.78
Minato,52.77,2,20,1.9,1.0,83.1,1,1,0,221.32
Kita,82.05,2,1,3.8,26.4,49.4,0,1,1,117.5
Arakawa,55.84,2,1,14.8,7.0,80.4,1,0,0,132.56
Koto,45.75,1,4,9.3,3.5,85.4,1,1,0,126.69
Kita,50.64,2,16,2.7,19.3,45.3,1,1,0,81.55
Arakawa,124.94,4,5,0.4,3.8,95.4,1,1,0,173.24
Shibuya,76.56,3,5,50.0,6.5,82.2,1,1,1,158.41
Nakano,22.03,1,13,14.0,2.1,100.0,1,0,0,124.85
Chuo,108.26,4,1,12.0,6.6,85.9,1,1,0,266.52
Itabashi,96.33,5,28,50.0,7.5,93.2,0,1,1,168.88
Chiyoda,55.4,2,19,17.9,12.7,87.9,1,1,1,139.04
Ota,106.18,4,11,1.2,1.1,100.0,0,0,0,166.87
Minato,84.03,3,19,0.6,1.5,97.2,0,0,0,239.56
Nakano,38.94,1,14,6.0,3.1,93.4,1,1,0,115.74
Toshima,66.63,4,17,13.6,30.0,37.8,1,1,0,103.39
Chuo,117.91,4,14,2.4,1.1,100.0,1,0,0,265.15
Taito,21.81,1,5,3.0,6.6,88.8,1,0,0,92.94
Shinjuku,34.2,1,9,10.4,1.0,100.0,1,1,0,175.75
Shinagawa,91.34,4,27,6.6,30.0,37.1,1,0,0,129.16
Shinjuku,51.22,3,30,5.0,1.5,71.9,1,0,0,191.61
Ota,77.12,3,24,19.3,13.8,75.2,1,1,0,119.31
Katsushika,84.84,3,20,10.6,2.2,98.2,0,1,0,136.67
Shinjuku,96.46,4,24,2.2,1.0,81.2,1,0,0,247.97
Kita,36.11,1,15,9.6,4.2,97.3,1,1,0,111.5
Ota,72.6,3,29,2.3,12.7,73.1,0,0,0,148.85
Shinjuku,101.05,4,10,7.5,13.6,52.5,1,0,0,153.62
Suginami,20.0,1,2,11.8,19.0,72.1,1,0,1,62.61
Nerima,104.31,4,29,10.3,10.8,86.6,1,0,0,187.05
Chuo,84.37,3,6,11.5,3.8,95.7,1,1,0,172.42
Shinjuku,159.29,4,2,0.2,7.3,100.0,1,1,0,288.95
Koto,20.0,1,14,14.3,19.4,76.1,0,0,0,54.92
Setagaya,116.94,4,4,23.4,1.0,100.0,1,0,0,212.06
Nakano,40.31,3,14,3.1,14.5,69.7,1,0,0,85.15
Adachi,112.46,4,20,23.3,7.4,83.1,1,1,0,131.17
Chuo,74.84,2,27,2.3,1.6,100.0,1,1,0,251.53
Katsushika,20.0,1,18,16.3,1.6,88.9,1,1,0,89.27
Shibuya,29.12,2,30,3.4,1.7,77.5,0,1,0,228.66
Kita,20.0,1,6,21.7,1.0,92.3,1,0,1,88.6
Chuo,59.14,1,18,30.3,4.2,90.9,1,0,0,190.01
Suginami,74.47,3,19,15.9,2.2,93.2,1,1,1,170.61
Shinjuku,20.0,1,10,1.3,1.9,87.3,0,0,0,154.52
Suginami,64.45,3,11,4.5,3.8,76.8,1,1,0,180.9
Chuo,58.99,3,12,2.3,16.2,72.3,1,1,0,160.15
Nakano,68.29,3,2,15.1,2.4,96.9,1,1,0,148.06
Edogawa,98.51,4,10,12.9,2.6,100.0,1,1,1,194.54
Setagaya,99.48,4,21,2.9,19.7,42.3,1,0,0,133.87
Ota,63.25,4,27,5.3,6.7,98.7,1,1,1,154.33
Shinjuku,91.01,4,19,13.6,1.0,100.0,1,1,0,208.12
Shinagawa,38.62,2,8,8.6,2.3,77.7,1,1,0,165.59
Itabashi,22.89,1,27,37.4,1.2,96.9,0,1,1,90.02
Koto,108.54,4,16,28.4,2.3,100.0,1,0,1,185.71
Edogawa,76.23,3,22,37.1,1.0,87.2,1,1,1,153.35
Arakawa,110.7,4,14,13.6,2.1,68.7,0,0,0,192.41
Setagaya,43.16,2,24,11.6,12.5,85.3,1,1,0,102.05
Edogawa,77.68,2,13,11.3,22.4,55.0,1,1,0,92.56
Adachi,112.28,4,16,31.0,30.0,35.5,1,1,0,103.75
Minato,20.0,2,18,4.0,1.0,95.0,0,1,0,237.16
Setagaya,40.05,3,5,23.2,1.0,100.0,1,1,1,146.94
Sumida,74.99,3,13,1.9,1.0,100.0,1,0,0,175.54
Katsushika,85.25,4,17,11.0,7.3,68.5,1,1,1,170.42
Minato,53.43,2,15,0.5,18.0,70.3,1,1,0,184.31
Minato,20.0,2,12,0.5,3.2,94.9,0,0,0,187.62
Bunkyo,71.37,4,16,17.2,1.0,91.7,1,1,0,227.15
Koto,80.29,3,27,30.0,10.6,89.8,0,0,0,110.19
Shibuya,85.07,3,27,21.0,1.4,100.0,1,1,0,216.39
Ota,74.4,3,7,2.6,13.6,73.0,0,0,0,154.96
Kita,40.26,2,24,25.6,1.1,99.3,0,0,0,88.73
Suginami,103.22,5,29,23.3,1.5,100.0,1,1,0,175.74
Arakawa,81.01,2,11,25.8,3.7,87.3,1,0,0,112.42
Shinjuku,33.25,1,13,28.9,6.0,82.6,1,1,0,126.41
Ota,63.33,4,16,29.2,26.7,35.1,1,1,0,82.51
Chuo,42.12,2,17,15.8,3.7,91.8,1,0,1,193.91
Adachi,65.24,3,7,14.8,1.1,85.9,0,1,0,125.37
Nakano,113.2,4,30,17.4,4.5,90.6,0,1,0,147.38
Koto,56.61,1,18,17.1,4.0,73.0,1,1,0,126.28
Itabashi,84.07,2,17,1.6,6.8,86.3,0,0,0,140.1
Arakawa,76.25,2,13,1.3,13.9,51.7,1,0,1,148.31
Suginami,40.64,2,23,16.6,24.2,68.6,1,0,1,108.33
Koto,96.86,4,27,9.9,8.6,89.1,1,1,0,160.87
Meguro,69.28,3,18,0.9,2.3,85.1,1,1,0,199.69
Arakawa,85.18,3,28,3.3,9.1,61.8,0,0,0,163.67
Nerima,66.68,3,28,7.0,30.0,24.4,1,1,1,138.07
Chuo,87.99,4,26,36.5,1.9,100.0,1,1,1,211.66
Toshima,49.43,2,10,4.1,28.4,46.4,1,0,0,80.18
Suginami,116.27,4,7,2.7,4.0,100.0,1,0,0,242.75
Shinjuku,48.76,3,15,4.0,17.2,46.4,1,1,0,128.3
Bunkyo,89.47,3,22,2.8,1.0,84.1,1,1,0,236.69
Suginami,82.9,4,12,11.6,1.0,85.6,0,0,0,183.4
Itabashi,97.49,4,15,11.1,3.4,96.8,1,0,0,150.01
Adachi,85.16,2,8,2.5,2.1,94.7,0,1,0,155.74
Kita,103.17,3,16,26.3,8.8,94.3,1,0,0,101.68
Chiyoda,97.93,4,16,20.9,1.0,92.0,1,1,1,231.21
Itabashi,87.92,3,19,30.5,3.8,99.5,0,1,0,159.31
Suginami,117.59,4,28,11.9,7.3,64.0,0,1,0,244.01
Nakano,49.36,2,26,45.4,15.0,92.5,1,1,0,68.55
Suginami,34.56,1,15,7.5,6.4,95.8,1,1,0,145.96
Toshima,92.77,3,11,7.2,1.8,99.3,1,0,0,195.78
Nakano,140.41,4,15,11.4,7.0,88.6,1,1,1,212.11
Ota,53.79,2,17,12.6,2.4,100.0,1,1,1,141.12
Meguro,71.91,2,13,13.8,13.7,69.8,0,1,0,172.08
Meguro,61.74,3,5,5.4,10.5,86.4,1,1,0,168.35
Edogawa,82.97,3,15,4.0,16.3,92.1,0,0,0,90.03
Sumida,23.89,1,29,0.9,1.2,100.0,0,1,0,89.26
Shinagawa,20.0,1,7,6.3,13.7,56.2,1,1,0,124.51
Bunkyo,36.98,1,4,8.8,14.3,64.4,1,0,0,128.06
Minato,23.3,1,29,9.2,1.7,95.2,1,1,0,174.26
Nerima,72.89,4,13,15.1,11.2,70.7,0,1,0,81.98
Edogawa,55.02,2,8,0.3,10.7,71.1,1,0,0,127.27
Koto,54.18,3,6,2.6,1.0,100.0,0,0,0,110.99
Shinagawa,34.28,1,3,7.6,4.7,94.4,1,1,1,214.8
Bunkyo,70.78,3,6,25.5,3.8,67.6,1,1,1,158.39
Shinagawa,99.76,4,3,2.9,9.5,81.3,1,1,0,203.4
Katsushika,97.37,3,16,21.7,1.5,80.9,1,0,0,130.15
Chuo,64.39,3,15,49.5,6.4,86.5,1,1,1,151.62
Taito,20.31,1,5,22.8,4.9,100.0,0,1,0,76.67
Shinagawa,57.67,2,14,1.6,9.4,81.3,1,1,0,147.28
Nerima,84.72,4,18,2.1,17.4,54.9,1,0,0,160.84
Bunkyo,60.5,3,5,0.2,4.3,87.5,0,1,0,188.11
Sumida,24.02,2,13,50.0,12.9,84.5,1,1,0,20.57
Nerima,131.82,3,21,10.0,1.3,100.0,1,0,0,173.31
Taito,84.84,2,17,16.1,22.9,53.0,1,0,0,102.24
Koto,74.58,3,11,10.3,3.9,77.1,1,1,1,163.14
Bunkyo,72.66,3,13,0.6,11.0,95.3,1,1,0,193.56
Koto,53.72,2,14,50.0,28.3,32.7,1,1,0,12.62
Meguro,88.21,3,18,0.2,2.4,100.0,0,0,0,252.92
Meguro,68.41,3,12,9.6,1.0,100.0,1,1,0,206.0
Meguro,86.7,3,25,7.1,6.4,85.1,1,0,0,211.99
Itabashi,85.37,4,24,50.0,8.9,89.7,0,1,1,104.64
Adachi,31.19,1,22,21.0,2.5,97.3,1,1,0,81.43
Arakawa,78.2,3,19,2.4,3.4,100.0,1,1,0,155.4
Edogawa,92.6,4,5,2.6,5.0,93.9,0,0,0,191.55
Ota,57.32,2,21,19.8,7.7,79.5,1,1,0,98.37
Katsushika,94.81,4,16,2.4,2.9,100.0,1,1,0,234.42
Katsushika,58.01,2,5,16.3,1.0,94.1,1,1,1,131.58
Nakano,53.87,2,20,12.3,7.4,88.2,1,1,0,133.29
Nakano,109.37,3,24,6.1,12.3,84.9,1,1,0,201.65
Edogawa,43.67,2,17,13.7,10.6,86.5,1,1,0,128.62
Toshima,37.7,1,15,7.9,14.7,82.7,1,0,0,70.96
Arakawa,85.35,3,22,4.8,5.8,79.8,0,1,0,181.3
Bunkyo,64.15,3,21,9.2,5.3,89.2,1,1,0,235.59
Katsushika,56.07,2,20,16.0,25.1,46.3,0,0,0,48.49
Nakano,45.19,2,16,7.0,4.5,86.2,0,1,0,148.13
Arakawa,20.0,1,15,0.3,8.7,91.4,1,1,0,99.19
Nakano,51.88,2,26,50.0,1.3,89.1,1,0,1,103.29
Setagaya,45.75,1,4,8.1,1.0,94.8,1,1,1,155.22
Ota,28.1,1,22,11.9,7.6,90.3,1,0,0,87.91
Chuo,118.98,3,15,10.8,13.1,71.1,1,0,1,195.5
Nerima,46.02,2,4,21.2,5.9,91.5,1,1,0,98.9
Shinagawa,117.48,4,2,1.0,5.0,93.8,1,1,0,242.24
Arakawa,47.45,1,5,50.0,1.8,78.0,1,1,1,73.57
Edogawa,35.75,2,18,2.6,9.5,86.3,1,0,0,99.23
Koto,84.5,3,28,3.4,1.6,99.7,0,1,0,203.45
Katsushika,44.22,3,13,50.0,8.8,93.8,1,0,1,49.62
Bunkyo,62.34,3,1,0.4,13.9,67.1,1,0,0,130.0
Taito,124.24,4,11,34.7,8.4,86.6,1,0,1,167.78
Toshima,101.26,4,24,1.4,10.2,88.3,1,0,0,183.72
Edogawa,24.45,2,11,27.8,2.3,100.0,0,1,0,65.82
Nerima,85.11,3,8,1.1,1.0,100.0,0,0,0,157.33
Adachi,113.74,5,17,21.8,12.4,70.0,1,0,1,167.94
Chuo,127.0,4,6,3.9,3.8,89.9,1,1,0,214.45
Koto,79.96,3,16,18.4,28.8,44.2,1,1,1,107.91
Shinagawa,74.63,3,23,11.4,8.1,69.2,0,0,0,151.01
Shinagawa,69.42,3,11,1.2,2.1,92.9,1,1,0,161.24
Edogawa,31.81,1,30,23.7,1.0,98.7,0,1,1,125.15
Chiyoda,75.45,2,3,26.5,16.9,83.3,1,1,0,139.21
Suginami,20.0,1,19,33.5,4.7,100.0,1,1,0,98.34
Sumida,59.12,2,3,15.8,24.1,46.9,1,1,0,68.63
Arakawa,75.84,3,12,13.9,19.0,60.1,1,1,0,81.72
Nakano,24.86,1,13,11.6,15.4,76.8,0,1,1,91.56
Adachi,20.0,1,30,7.6,1.0,100.0,0,1,0,92.76
Sumida,56.93,2,14,50.0,1.1,98.4,0,0,1,92.42
Adachi,64.56,3,29,5.6,13.9,73.7,1,0,0,103.46
Shinjuku,43.36,2,20,34.6,4.1,88.6,1,1,1,165.83
Itabashi,109.81,4,10,10.5,1.2,100.0,1,1,1,174.26
Koto,86.76,3,11,10.0,6.9,95.4,0,0,0,176.15
Taito,44.01,3,22,28.6,4.1,92.5,1,1,0,100.3
Minato,135.72,4,23,5.8,7.0,72.3,1,1,0,240.54
Bunkyo,114.46,4,5,33.1,3.4,100.0,1,0,1,243.8
Kita,106.66,4,6,9.1,9.3,82.5,0,1,0,179.99
Shinjuku,70.19,2,14,0.5,3.9,89.6,0,1,0,235.19
Meguro,55.76,2,18,26.3,30.0,17.1,0,1,0,68.02
Shinjuku,36.2,2,9,12.1,6.2,93.9,1,0,0,144.93
Itabashi,70.91,3,21,50.0,6.5,73.7,1,1,0,111.08
Ota,42.42,2,29,50.0,17.0,77.0,1,0,1,63.49
Bunkyo,149.33,3,27,36.0,10.2,64.5,1,1,0,190.02
Kita,78.4,3,9,31.4,23.1,52.6,1,1,1,76.35
Edogawa,26.56,1,24,8.7,7.4,76.7,1,0,0,84.42
Itabashi,98.65,4,15,12.8,25.0,48.0,1,1,1,135.71
Koto,87.81,3,23,0.3,5.2,60.2,1,1,0,167.42
Toshima,47.59,3,9,4.9,1.9,90.9,0,1,0,172.44
Chiyoda,75.42,3,8,7.6,10.3,80.9,0,1,0,210.8
Nakano,20.0,2,13,17.9,1.0,90.8,1,0,0,104.15
Chuo,65.16,3,28,29.9,4.1,84.7,0,0,0,150.8
Sumida,59.74,2,9,3.7,1.0,93.9,1,0,0,112.32
Meguro,124.02,3,18,4.2,10.0,92.4,1,1,0,199.91
Edogawa,71.96,3,12,10.3,2.7,98.0,0,1,0,124.36
Kita,51.21,2,6,33.9,7.0,86.1,1,0,1,87.84
Shinagawa,74.49,4,12,12.7,19.0,60.8,1,1,0,162.5
Kita,68.03,3,27,27.9,9.0,100.0,0,0,1,107.43
Ota,45.09,3,15,43.2,2.5,100.0,1,0,1,89.82
Sumida,20.0,1,18,15.1,11.8,76.6,0,1,0,47.61
Chuo,110.16,3,9,30.6,10.5,90.5,1,0,1,203.17
Koto,108.24,4,12,0.8,9.2,89.8,1,1,0,196.89
Kita,60.68,2,10,11.8,1.0,87.2,1,1,0,155.8
Nakano,63.46,3,17,35.5,2.5,68.6,1,1,0,141.07
Edogawa,53.47,2,15,3.7,1.1,100.0,0,0,0,150.75
Bunkyo,99.43,4,20,15.4,6.8,79.0,1,1,0,215.64
Ota,93.06,5,23,22.7,4.9,74.2,0,0,0,128.97
Shibuya,64.72,2,26,50.0,2.2,100.0,1,1,1,207.74
Kita,79.76,3,12,14.5,18.1,59.2,0,1,0,125.7
Shinjuku,117.42,3,17,44.2,3.3,83.3,1,1,0,201.74
Arakawa,103.42,3,20,3.9,1.0,81.1,1,0,1,171.34
Nakano,64.3,4,18,11.9,1.6,93.2,1,1,1,205.17
Setagaya,68.66,4,16,50.0,6.0,100.0,0,1,1,106.69
Setagaya,57.29,2,23,3.6,1.0,81.8,0,1,0,206.73
Ota,40.15,2,2,50.0,4.0,96.1,1,0,1,74.43
Kita,76.96,3,22,13.9,14.4,59.1,1,0,0,106.86
Edogawa,84.06,3,27,4.4,2.3,100.0,0,1,0,163.72
Edogawa,29.68,2,3,0.9,4.7,74.6,0,1,1,146.93
Arakawa,20.0,1,18,34.9,16.8,71.3,0,1,0,27.21
Shibuya,59.06,2,24,13.0,5.8,73.8,1,0,0,177.85
Shinjuku,97.65,5,20,10.3,1.8,83.8,1,1,0,233.83
Shinjuku,90.31,4,15,25.0,14.5,67.4,1,1,1,149.03
Kita,82.68,3,24,5.1,21.4,66.7,1,1,0,87.76
Taito,48.05,2,3,32.1,1.0,87.8,0,0,1,89.33
Shibuya,124.4,4,18,34.0,13.6,64.2,0,0,1,176.23
Shinjuku,113.79,4,27,8.0,11.2,60.4,0,0,0,219.62
Katsushika,28.14,1,4,44.7,8.0,85.7,1,1,0,31.8
Kita,102.46,4,1,2.0,1.1,100.0,1,0,0,205.22
Adachi,36.58,2,17,19.5,6.6,86.7,1,0,1,103.74
Shinjuku,61.18,4,8,24.0,7.7,84.0,1,0,1,201.19
Chiyoda,70.3,4,19,8.4,3.0,83.7,1,1,1,233.44
Toshima,55.63,2,24,25.4,5.6,80.2,0,0,1,98.56
Koto,90.46,3,17,0.3,4.0,88.4,1,1,0,150.91
Bunkyo,53.93,2,5,1.1,1.8,79.2,1,1,0,169.6
Edogawa,80.2,3,22,13.8,30.0,44.2,1,0,0,76.94
Meguro,63.09,3,26,13.1,1.8,87.1,1,0,0,235.34
Chuo,73.58,3,10,17.6,1.2,85.7,1,0,0,189.49
Nerima,120.2,4,30,15.4,9.7,93.9,1,1,0,204.7
Shinjuku,122.91,3,2,30.2,23.5,50.9,1,1,1,168.68
Chiyoda,71.31,3,4,42.1,2.0,93.5,1,1,1,197.21
Meguro,36.47,1,22,5.9,17.7,67.3,1,1,1,161.9
Kita,128.96,4,13,1.4,1.8,100.0,1,1,0,195.33
Bunkyo,49.28,1,2,1.0,4.9,97.0,1,0,0,199.54
Meguro,61.88,3,13,23.2,4.1,100.0,1,0,1,207.0
Kita,47.41,3,6,24.1,3.2,89.3,1,1,1,150.45
Koto,129.78,5,28,8.2,5.5,81.2,1,1,0,161.42
Ota,118.78,4,4,3.5,2.6,100.0,0,1,0,200.75
Adachi,95.68,5,19,1.8,2.7,100.0,1,0,0,121.51
Nerima,85.98,4,13,5.5,19.6,59.5,1,1,1,159.58
Chiyoda,89.14,2,13,10.5,1.7,93.7,1,1,1,254.87
Katsushika,88.21,3,15,16.8,1.6,86.5,0,0,0,154.51
Chuo,113.85,3,22,1.3,1.0,99.6,0,1,0,219.56
Shinjuku,61.36,2,10,14.0,2.3,94.0,0,0,1,155.19
Koto,68.83,3,1,11.7,9.5,83.2,1,0,0,144.5
Chuo,62.76,2,15,1.8,7.4,81.8,0,1,0,161.7
Bunkyo,92.47,4,7,8.2,1.0,100.0,1,0,0,276.31
Toshima,98.75,3,28,17.9,11.2,88.3,0,0,0,148.58
Sumida,30.42,2,13,9.9,1.0,96.0,1,1,0,104.31
Koto,49.81,3,12,3.0,10.9,79.8,1,1,0,156.72
Katsushika,20.0,1,22,19.6,7.5,91.2,1,0,0,65.14
Ota,58.14,3,17,7.0,8.0,85.0,1,1,0,129.77
Sumida,103.79,3,19,14.5,10.8,86.0,0,0,1,165.86
Edogawa,76.54,3,21,15.9,17.6,83.5,0,1,1,145.98
Katsushika,111.08,3,13,3.6,4.4,73.5,1,1,0,189.29
Setagaya,55.62,2,23,16.2,12.7,83.8,0,1,0,107.3
Chiyoda,108.92,4,14,3.7,7.2,86.7,0,1,0,269.69
Taito,92.79,4,26,18.0,3.7,88.0,0,0,1,173.53
Minato,83.37,4,16,5.9,18.3,74.6,1,0,1,205.56
Katsushika,89.34,3,6,1.5,30.0,51.6,1,1,1,110.97
Minato,20.0,1,3,0.3,3.6,99.2,1,1,0,155.01
Taito,90.76,3,24,14.7,11.5,87.7,1,1,0,205.05
Shinjuku,123.06,4,20,12.6,16.2,62.6,1,0,0,175.92
Adachi,136.6,5,4,29.6,4.9,90.2,1,1,0,187.37
Katsushika,86.75,2,5,0.8,8.3,81.9,1,0,0,160.74
Chiyoda,87.98,2,12,0.6,6.9,92.5,0,1,0,220.41
Ota,20.0,1,6,11.5,5.4,68.8,1,0,0,88.4
Ota,63.87,3,8,13.5,9.7,82.7,0,1,0,139.22
Toshima,88.89,3,9,50.0,1.0,90.0,1,1,1,164.81
Nakano,66.4,3,7,8.6,4.0,99.2,1,1,0,166.66
Sumida,50.21,2,6,42.8,1.0,91.0,1,1,1,107.01
Meguro,33.46,1,17,6.5,2.9,96.2,0,1,0,172.65
Katsushika,20.0,1,30,2.2,7.0,84.6,1,0,0,93.34
Kita,20.0,1,10,25.9,1.0,86.1,1,1,1,62.14
Koto,37.63,1,23,27.5,30.0,45.9,1,0,0,31.3
Setagaya,67.76,3,19,16.1,1.0,95.0,1,1,0,179.03
Koto,77.86,3,26,30.6,4.1,79.2,1,1,1,132.09
Adachi,57.97,2,28,10.1,4.2,93.8,1,1,0,146.16
Taito,106.54,4,27,6.2,10.5,74.0,1,0,1,264.7
Katsushika,138.02,4,13,30.7,12.6,88.4,0,1,0,166.38
Kita,40.01,3,23,5.2,1.9,88.4,0,1,0,167.37
Toshima,63.83,3,22,8.4,7.3,97.2,0,0,0,136.97
Edogawa,33.46,1,20,10.7,5.6,95.4,0,0,0,105.81
Chiyoda,63.44,3,11,8.9,2.2,98.2,0,0,0,169.67
Koto,127.37,3,26,17.0,6.7,95.3,1,0,0,221.36
Minato,74.14,3,24,0.5,26.1,52.9,0,1,0,194.86
Taito,96.21,4,20,20.2,2.6,79.9,0,1,0,193.57
Edogawa,101.15,4,19,5.6,3.3,92.3,0,0,0,149.63
Setagaya,55.95,3,12,2.7,2.2,84.1,1,0,0,187.96
Minato,66.84,3,30,0.9,18.8,49.2,0,0,0,212.42
Toshima,64.13,4,12,7.9,4.1,100.0,1,1,1,216.22
Chiyoda,36.81,1,2,3.1,3.3,100.0,0,1,0,171.82
Taito,79.58,2,15,8.5,1.4,98.4,0,1,1,216.71
Shinjuku,44.61,2,21,25.8,6.7,93.9,1,0,0,129.05
Edogawa,94.43,3,21,9.4,1.0,90.8,1,0,0,201.24
Itabashi,88.06,3,28,3.8,16.5,73.7,1,0,0,156.48
Shinagawa,52.76,1,25,17.7,4.9,86.0,0,1,0,101.27
Adachi,100.86,4,22,9.7,3.5,100.0,1,0,0,152.88
Kita,90.91,4,14,7.2,13.2,71.2,1,0,0,152.8
Taito,64.4,3,26,17.3,6.1,87.6,1,0,1,137.32
Arakawa,86.16,4,7,8.1,1.0,95.9,1,1,0,165.49
Shinjuku,51.09,2,26,26.9,13.5,57.4,0,0,0,124.11
Shibuya,140.0,3,15,7.5,1.6,100.0,0,1,0,227.12
Shibuya,61.23,3,3,3.9,5.6,92.4,1,1,0,203.16
Toshima,113.93,4,5,22.8,4.1,86.3,1,1,1,185.85
Edogawa,62.03,3,10,27.9,5.3,69.9,1,0,0,96.21
Minato,86.14,3,4,4.0,1.9,100.0,1,1,0,238.68
Edogawa,40.93,2,27,22.7,30.0,38.2,1,0,0,23.39
Meguro,31.21,1,23,8.1,1.4,100.0,0,1,0,145.88
Shinagawa,63.26,2,3,13.8,1.4,93.4,1,1,0,153.91
Katsushika,58.36,1,3,0.4,7.0,72.1,0,1,0,124.13
Shibuya,54.88,2,22,11.8,2.6,84.7,1,0,0,216.19
Koto,64.49,2,29,5.7,2.4,86.8,0,0,0,147.33
Bunkyo,54.88,1,16,6.1,8.7,86.2,1,1,0,177.3
Nerima,77.57,4,27,36.3,6.3,75.5,1,0,1,121.73
Katsushika,67.33,2,13,6.2,13.0,61.1,1,0,0,89.42
Taito,92.84,5,9,11.8,1.0,86.5,0,1,0,191.34
Shinjuku,20.0,2,30,6.5,11.5,99.7,1,1,0,139.64
Meguro,20.0,1,16,15.5,1.0,90.2,1,0,0,143.06
Suginami,44.68,3,17,33.1,30.0,30.5,1,0,1,46.99
Setagaya,65.86,2,11,28.1,3.1,90.9,1,1,1,172.84
Nerima,123.45,3,25,0.3,5.0,88.4,1,1,0,221.22
Katsushika,78.51,4,11,1.8,30.0,30.1,0,1,0,117.25
Toshima,84.35,2,28,22.5,8.9,81.5,1,1,0,184.55
Suginami,75.54,3,24,6.8,6.3,96.7,1,0,0,185.88
Shinjuku,91.06,4,1,27.3,7.6,69.4,1,0,1,183.88
Adachi,106.38,3,6,17.3,18.6,80.1,1,0,0,113.24
Bunkyo,20.0,1,20,15.5,2.7,100.0,0,0,0,117.21
Nakano,70.75,4,27,26.0,18.3,60.3,1,1,0,102.08
Chiyoda,29.63,1,23,1.3,14.2,71.0,0,0,0,151.69
Minato,53.14,2,17,10.1,15.7,78.7,1,1,0,204.84
Setagaya,106.19,4,13,4.5,13.0,75.1,1,1,0,191.08
Suginami,101.36,3,20,12.0,5.9,91.6,0,0,0,187.74
Toshima,106.07,3,12,9.6,1.0,97.3,1,1,0,196.48
Taito,44.87,2,1,50.0,6.3,76.6,0,1,0,67.86
Setagaya,92.47,4,21,11.3,10.5,73.8,1,1,1,222.7
Sumida,20.0,2,23,23.4,3.1,82.1,1,0,1,81.82
Nakano,68.1,2,30,10.4,1.0,96.6,1,0,0,179.93
Adachi,129.78,3,23,8.0,10.5,71.2,0,0,0,166.35
Arakawa,20.0,1,20,5.3,1.4,95.1,1,1,0,111.52
Sumida,99.88,4,29,4.4,2.8,96.9,1,1,0,187.86
Toshima,61.32,3,27,8.5,7.2,90.6,1,0,0,181.09
Setagaya,63.07,3,7,17.0,3.1,100.0,1,0,0,179.48
Itabashi,83.04,3,30,41.2,8.9,95.9,1,0,1,113.51
Adachi,20.0,1,7,7.2,1.0,100.0,1,1,0,95.89
Ota,26.52,2,18,4.6,5.6,88.2,1,0,0,123.37
Nakano,61.07,2,17,12.7,1.6,85.0,0,1,1,121.86
Sumida,73.97,3,7,8.7,1.4,92.0,1,0,0,136.47
Shibuya,45.13,2,19,1.0,1.0,91.8,1,1,0,229.09
Sumida,72.07,2,6,25.9,18.6,36.2,1,1,0,96.85
Kita,20.87,1,11,17.6,10.4,80.3,0,1,0,78.79
Itabashi,33.85,1,15,8.0,8.5,79.6,1,0,1,109.5
Taito,42.52,2,13,2.8,1.0,100.0,1,0,0,134.8
Setagaya,47.4,1,18,14.8,8.3,78.7,1,1,1,164.91
Shinagawa,110.98,4,24,24.1,3.3,100.0,1,1,1,232.59
Kita,84.26,4,3,2.3,4.3,69.3,1,1,0,198.36
Toshima,20.0,1,9,3.5,3.5,100.0,1,1,0,148.09
Edogawa,20.0,1,21,9.6,6.5,73.1,1,0,0,83.71
Arakawa,71.4,3,21,12.6,12.7,73.5,1,1,0,116.42
Adachi,51.64,1,28,10.8,2.7,94.5,0,1,0,112.96
Nakano,49.85,1,17,6.7,1.1,99.0,0,1,0,119.96
Chuo,69.54,4,2,14.8,13.2,58.2,0,0,0,168.03
Toshima,51.12,2,29,13.5,7.1,78.3,0,1,0,148.67
Nerima,92.48,4,24,7.7,13.4,84.0,1,0,0,163.31
Nerima,99.68,5,15,17.0,21.5,69.6,1,1,0,141.44
Adachi,63.18,2,5,2.2,15.7,89.1,0,1,0,110.18
Chuo,84.26,3,7,1.3,3.9,94.2,1,1,0,203.99
Edogawa,42.9,1,2,50.0,4.5,100.0,1,0,1,62.79
Nerima,44.97,2,19,11.1,20.4,66.9,1,1,1,119.9
Nakano,47.69,1,6,15.4,1.0,99.5,0,1,0,126.84
Toshima,77.76,3,13,30.8,12.3,77.5,0,1,0,108.41
Edogawa,96.49,4,24,3.9,2.2,91.6,0,0,0,167.82
Toshima,105.78,4,8,30.7,2.7,82.0,1,1,1,161.09
Katsushika,75.34,3,27,15.3,2.9,93.5,0,1,0,142.41
Chiyoda,88.09,3,17,9.3,14.1,63.3,1,1,0,215.36
Kita,98.12,4,20,1.8,4.2,92.3,1,0,0,187.01
Suginami,71.8,4,20,11.8,29.8,43.9,1,0,0,59.18
Edogawa,98.28,4,29,8.1,1.0,91.9,1,1,0,119.09
Nerima,111.98,3,16,28.8,9.0,78.3,0,0,0,132.86
Taito,86.26,3,25,8.6,20.3,54.9,0,1,0,130.87
Shinagawa,90.87,3,2,2.8,1.0,100.0,0,1,0,176.19
Shinjuku,64.55,3,27,7.0,7.8,78.6,0,1,0,182.97
Edogawa,44.76,2,24,24.3,3.3,100.0,1,1,0,109.21
Arakawa,69.33,4,8,4.9,12.2,73.2,1,0,0,143.0
Shinagawa,89.94,3,24,1.1,30.0,34.5,1,0,0,133.3
Edogawa,31.35,1,30,7.1,16.7,66.5,1,0,1,100.48
Toshima,103.77,5,24,2.0,8.1,71.9,0,0,0,204.39
Taito,55.97,1,19,9.7,10.7,76.7,1,0,0,95.85
Shinjuku,50.82,2,14,45.7,11.2,68.6,1,1,1,103.75
Setagaya,29.16,2,9,15.6,1.4,88.7,1,1,0,134.67
Shibuya,58.52,1,27,44.3,1.2,96.3,1,0,1,191.93
Minato,53.03,2,23,15.0,4.8,100.0,1,1,1,224.04
Shinagawa,32.52,1,7,14.5,13.9,61.1,1,1,0,113.04
Suginami,67.81,3,12,13.8,9.5,91.9,0,1,1,145.63
Chuo,79.99,3,25,17.3,1.0,74.6,1,0,0,149.03
Taito,87.74,3,24,2.4,2.8,94.3,0,0,0,171.28
Adachi,126.27,4,21,11.9,17.3,81.7,1,1,0,134.76
Kita,25.69,1,4,45.6,10.7,88.1,0,0,1,35.85
Bunkyo,128.6,3,17,8.8,5.4,88.0,1,1,0,261.18
Minato,87.48,3,23,26.8,30.0,44.6,1,1,0,186.16
Katsushika,53.32,2,16,7.4,7.0,84.7,1,1,0,103.06
Nakano,89.71,3,26,0.4,3.8,93.1,1,1,0,166.63
Kita,71.79,3,24,17.1,8.8,91.9,1,1,0,134.14
Shibuya,66.93,3,30,2.2,10.7,97.6,1,1,0,214.91
Setagaya,52.86,3,22,1.7,14.8,72.4,1,0,0,186.02
Nerima,111.91,5,11,1.3,3.5,81.4,1,1,0,233.5
Shinagawa,34.97,1,21,20.7,14.5,76.2,1,1,1,100.05
Meguro,43.12,3,12,1.5,6.1,93.6,1,0,0,191.94
Chuo,113.74,5,5,2.0,1.0,83.0,1,0,0,227.6
Setagaya,69.64,3,8,4.9,1.2,100.0,0,1,0,199.74
Nakano,82.87,4,12,6.4,21.6,62.9,1,1,0,96.14
Edogawa,60.39,2,6,12.1,10.8,69.8,1,1,0,108.85
Sumida,20.0,1,25,9.2,14.9,63.8,0,0,1,79.55
Ota,68.75,3,25,0.8,14.4,83.0,0,1,0,139.54
Minato,58.41,2,30,5.7,1.0,100.0,1,0,0,229.46
Koto,100.48,4,10,14.9,4.9,100.0,0,0,1,173.25
Adachi,32.92,1,19,6.3,15.3,71.2,1,1,0,97.93
Chuo,21.01,1,7,40.4,6.9,88.5,1,1,1,90.97
Bunkyo,88.39,3,14,5.6,1.8,87.8,1,1,0,185.97
Adachi,52.72,2,4,3.8,7.7,83.7,1,0,1,119.45
Koto,81.95,3,12,8.9,13.6,77.2,1,0,0,130.04
Minato,92.81,3,14,3.1,4.7,100.0,0,1,0,247.42
Sumida,100.53,5,10,0.5,2.1,100.0,1,0,0,164.21
Chuo,20.0,2,3,15.3,15.2,72.5,1,0,0,128.71
Shinagawa,58.58,2,16,0.9,2.9,88.9,1,0,0,156.66
Minato,65.88,3,22,2.5,7.3,76.6,1,1,0,287.42
Chuo,71.16,3,16,8.2,5.6,100.0,1,1,0,209.63
Shinjuku,79.35,4,30,7.3,27.2,40.4,1,1,0,155.63
Edogawa,60.59,2,20,0.8,28.6,47.1,1,0,0,75.28
Arakawa,93.81,3,4,5.3,12.1,60.3,0,0,1,142.61
Bunkyo,69.46,3,7,33.3,4.9,88.1,1,1,0,156.8
Sumida,54.72,2,30,0.6,1.0,93.2,1,1,0,167.07
Itabashi,81.87,3,17,50.0,2.3,98.0,1,1,1,132.86
Toshima,69.42,4,23,0.8,6.3,84.2,1,0,0,183.55
Itabashi,73.32,2,3,19.6,3.5,86.7,0,0,0,113.92
Toshima,102.72,5,19,4.5,3.4,98.4,1,1,0,253.5
Meguro,71.36,2,15,11.5,9.3,86.9,1,0,1,185.98
Nakano,65.57,3,10,50.0,7.6,97.7,0,0,1,81.66
Shinagawa,67.46,3,22,23.9,3.3,100.0,1,0,1,154.1
Sumida,57.64,2,18,27.9,1.0,100.0,1,0,1,146.57
Chuo,47.29,2,9,30.3,2.2,93.1,1,1,0,160.72
Nerima,61.25,3,28,5.8,6.0,76.8,1,0,0,156.22
Chiyoda,72.36,2,28,50.0,4.2,93.2,1,1,1,185.91
Itabashi,36.69,1,23,10.3,1.0,100.0,0,0,0,108.74
Taito,65.83,3,22,17.0,1.0,100.0,0,1,0,164.09
Meguro,59.45,2,17,4.7,11.4,65.7,1,1,0,176.6
Shinjuku,35.88,1,8,1.4,11.0,69.1,0,1,0,148.97
Chuo,31.75,1,20,3.8,1.5,95.3,0,1,0,193.65
Setagaya,97.96,5,9,1.7,6.7,97.5,1,1,0,273.02
Minato,20.0,1,5,11.0,10.2,81.3,1,1,0,126.73
Shibuya,20.0,1,20,5.8,2.4,94.4,1,0,1,193.39
Nakano,91.48,4,2,34.5,7.9,78.8,1,1,0,130.56
Arakawa,54.23,2,21,30.2,5.5,89.3,0,0,1,98.98
Chuo,43.19,3,30,16.5,2.5,93.7,0,1,0,188.93
Shibuya,57.81,2,23,25.8,27.9,38.0,1,1,1,131.32
Minato,32.77,2,29,40.0,1.0,100.0,1,1,1,197.31
Shinjuku,84.62,3,3,11.6,2.4,100.0,1,1,0,191.61
Setagaya,66.48,3,10,0.9,4.5,98.9,1,0,0,174.3
Kita,89.19,4,5,6.6,9.2,79.1,1,1,0,142.12
Toshima,58.76,1,5,2.3,10.1,90.9,1,1,0,142.79
Taito,79.33,2,21,4.4,8.0,68.3,0,1,0,193.84
Toshima,109.09,4,30,21.2,7.0,81.1,0,0,1,168.15
Koto,72.17,2,14,50.0,6.2,76.9,0,1,1,71.63
Koto,57.9,2,5,33.5,9.4,91.1,1,1,1,89.4
Edogawa,35.61,1,3,13.8,3.1,98.4,1,0,0,100.02
Nerima,100.75,5,16,5.3,1.0,93.2,1,0,0,187.06
Edogawa,53.98,2,26,9.9,1.0,91.5,1,1,0,151.12
Itabashi,47.05,2,16,12.8,3.5,92.8,1,1,0,148.81
Ota,39.08,1,23,26.8,4.9,79.8,0,1,0,71.35
Nerima,86.32,3,4,3.2,5.9,80.5,1,0,0,153.54
Toshima,110.76,3,22,9.0,10.6,75.3,1,1,0,168.04
Toshima,55.17,2,22,3.9,2.0,100.0,0,1,0,93.96
Chuo,102.71,5,3,3.8,1.1,100.0,1,0,0,245.07
Shinjuku,79.61,3,7,3.7,1.0,89.1,1,1,1,226.46
Meguro,43.41,1,9,4.8,1.0,100.0,0,0,0,184.64
Shinjuku,101.34,4,25,1.5,18.3,61.8,0,1,0,197.58
Nerima,49.41,2,28,4.1,1.0,89.6,1,1,1,150.38
Chiyoda,64.59,3,30,3.6,12.2,69.1,0,0,0,162.25
Shinjuku,34.39,2,23,0.8,1.0,95.0,0,1,0,152.71
Shibuya,92.93,5,26,1.0,7.6,84.9,0,1,0,308.86
Minato,110.36,4,11,7.4,17.7,63.5,1,1,0,222.15
Setagaya,72.43,4,27,9.0,3.4,97.4,1,1,0,158.27
Koto,62.03,3,8,17.6,23.3,63.8,1,1,0,100.65
Shinagawa,47.17,1,5,19.8,2.1,99.3,0,0,1,166.74
Bunkyo,125.12,4,28,16.6,4.8,100.0,1,0,0,156.28
Taito,20.0,1,6,24.2,4.8,96.8,1,0,0,94.74
Taito,65.79,3,12,15.0,6.3,100.0,0,0,0,113.32
Adachi,133.21,4,9,2.7,4.2,93.6,1,1,0,217.97
Taito,109.86,4,18,50.0,1.5,82.6,1,0,1,161.98
Arakawa,103.17,3,9,6.0,2.3,100.0,0,0,0,194.88
Meguro,63.89,2,19,6.2,1.0,100.0,1,1,0,218.87
Toshima,54.74,1,3,15.0,18.3,53.7,0,1,0,95.64
Edogawa,67.23,4,27,1.4,22.1,71.5,1,1,0,132.69
Shinagawa,80.71,4,5,0.8,1.3,100.0,1,0,0,238.26
Ota,91.68,4,21,6.3,24.5,52.1,1,1,0,119.97
Taito,80.9,3,3,15.7,1.5,99.9,0,1,0,181.91
Bunkyo,22.88,1,22,25.5,30.0,45.7,1,1,1,77.3
Toshima,37.42,1,12,5.3,1.0,96.7,1,0,0,134.55
Arakawa,25.08,2,4,1.5,2.6,100.0,1,1,0,95.54
Bunkyo,20.0,1,16,9.0,1.0,100.0,1,0,0,137.08
Edogawa,89.37,3,20,13.2,12.8,74.7,1,1,0,138.83
Shinagawa,50.23,2,29,19.4,20.0,62.1,1,1,1,142.47
Adachi,76.59,2,30,5.5,1.0,94.9,1,1,0,141.09
Arakawa,20.0,1,16,4.5,2.2,100.0,0,1,0,100.57
Minato,20.0,2,5,3.4,10.8,77.4,0,1,0,157.63
Meguro,96.02,3,14,10.2,1.0,97.4,1,1,0,236.46
Shinagawa,96.06,3,21,1.7,3.9,80.4,1,1,0,195.4
Suginami,80.21,3,5,3.4,17.0,60.0,1,1,0,126.65
Taito,104.99,4,24,50.0,10.8,83.7,0,1,0,115.04
Shinagawa,58.83,3,12,11.7,1.0,91.2,1,0,0,174.67
Arakawa,86.47,2,8,7.8,30.0,43.2,0,0,0,72.16
Ota,74.53,2,6,11.2,6.6,82.3,1,1,0,132.27
Sumida,62.5,3,14,6.7,1.0,89.2,0,0,0,141.11
Meguro,99.15,3,29,39.2,5.3,99.8,1,1,1,178.91
Shinjuku,106.27,5,30,11.0,6.7,80.0,0,1,0,255.96
Sumida,58.53,1,14,2.9,25.0,48.1,1,1,0,83.21
Setagaya,57.36,3,16,6.6,4.4,80.0,1,1,0,186.42
Shinagawa,43.55,2,18,2.8,1.7,100.0,0,0,0,161.02
Shinjuku,134.35,4,15,50.0,17.2,74.6,1,1,0,173.55
Setagaya,67.41,4,11,6.3,18.4,64.9,1,1,0,158.93
Setagaya,32.23,1,15,28.4,6.2,95.4,1,1,0,88.55
Bunkyo,20.0,1,8,50.0,4.8,87.2,1,0,1,68.66
Minato,50.33,2,14,0.3,9.7,78.2,0,1,0,205.36
Koto,155.32,4,15,24.8,3.6,100.0,0,0,1,218.46
Shibuya,125.74,3,24,18.5,3.6,100.0,0,1,0,202.26
Ota,103.69,4,25,4.1,30.0,25.4,1,0,0,111.15
Chiyoda,64.83,3,24,1.7,8.9,68.6,1,1,0,199.97
Chiyoda,100.89,3,27,2.9,1.0,100.0,1,1,1,250.87
Chuo,74.66,2,24,35.5,6.2,91.5,1,0,1,161.01
Chiyoda,139.18,5,12,14.3,1.7,100.0,1,1,0,314.87
Bunkyo,91.47,3,3,33.4,10.6,100.0,1,1,0,151.58
Koto,106.23,4,27,15.1,1.2,100.0,1,1,1,151.31
Kita,112.28,4,16,0.9,17.6,67.2,1,0,0,184.34
Kita,58.31,1,7,8.3,3.9,93.6,1,1,0,136.74
Minato,98.0,3,5,44.2,11.6,59.1,0,1,1,224.25
Nerima,72.56,3,9,46.3,16.6,77.1,0,1,0,73.08
Bunkyo,84.76,3,27,12.0,14.7,71.0,1,1,0,140.53
Taito,121.12,4,17,4.6,9.3,73.8,1,1,0,203.34
Meguro,112.16,4,15,38.8,5.8,85.9,0,1,0,173.13
Itabashi,146.18,4,15,3.3,5.4,87.8,1,1,0,240.72
Meguro,39.95,1,21,2.1,3.7,100.0,0,0,0,160.79
Setagaya,69.57,3,4,22.1,19.7,64.9,0,1,1,143.25
Sumida,110.45,3,25,2.5,2.0,100.0,0,1,0,228.66
Chuo,57.78,2,11,39.1,1.0,96.8,1,1,1,153.21
Itabashi,79.61,3,29,4.7,5.5,89.9,0,1,0,157.92
Chiyoda,36.09,1,5,13.2,1.0,100.0,1,0,1,204.63
Bunkyo,77.03,3,2,12.9,1.3,100.0,1,1,0,157.07
Edogawa,20.0,1,1,1.2,17.0,68.1,1,0,0,59.7
Minato,58.93,2,14,6.2,10.2,81.8,0,0,0,203.56
Itabashi,42.74,3,30,7.4,19.2,60.4,1,1,0,114.5
Chuo,91.73,4,23,1.4,7.4,85.7,0,1,0,252.38
Suginami,122.18,4,19,5.5,5.9,99.9,1,1,0,239.36
Taito,85.94,3,11,25.5,6.4,100.0,1,1,0,194.9
Shinagawa,43.38,2,2,21.2,12.6,84.4,0,1,1,124.88
Meguro,29.53,1,9,2.9,2.2,92.5,1,0,0,151.07
Chuo,47.84,2,19,6.4,11.0,80.8,1,1,0,173.83
Chiyoda,96.24,3,28,2.1,15.7,72.1,1,0,0,277.03
Kita,81.26,3,3,5.6,9.5,87.1,0,1,0,100.49
Suginami,40.28,2,26,16.3,3.5,83.0,1,0,0,107.82
Shinagawa,111.78,4,14,25.6,21.3,77.6,1,0,0,160.79
Katsushika,57.09,1,6,1.4,4.6,87.5,0,0,0,152.6
Katsushika,26.92,1,29,12.0,15.6,67.1,0,1,0,69.42
Bunkyo,89.64,2,27,8.7,1.2,98.5,1,1,0,228.25
Meguro,89.97,3,28,20.7,30.0,34.2,1,1,0,148.41
Setagaya,106.76,4,9,5.1,2.6,92.9,0,0,0,193.2
Toshima,93.12,4,4,15.2,1.4,80.1,1,1,1,179.58
Meguro,63.39,3,15,5.7,10.5,68.3,1,1,0,189.06
Meguro,104.87,4,1,1.7,9.3,72.6,1,0,0,189.53
Chuo,64.29,3,17,20.2,4.4,76.1,1,0,1,174.64
Bunkyo,113.25,3,4,40.4,15.7,67.0,1,1,1,208.51
Taito,38.0,2,8,40.2,1.0,98.5,1,1,1,98.85
Ota,39.1,1,20,13.2,7.2,95.3,1,0,1,132.37
Edogawa,135.31,3,26,8.5,3.9,80.9,1,1,0,254.17
Koto,71.8,3,7,1.1,19.2,42.7,1,0,0,123.57
Shibuya,44.45,2,22,6.0,2.7,94.7,1,0,0,225.1
Suginami,73.5,4,6,1.7,14.8,91.7,1,1,0,156.34
Nakano,98.92,5,10,24.3,6.0,87.7,1,1,1,216.95
Setagaya,89.33,2,17,4.8,12.9,82.1,0,0,1,168.61
Adachi,44.48,2,27,11.4,1.0,92.6,1,1,0,160.37
Shinjuku,89.12,3,13,19.2,15.8,70.0,0,0,0,190.3
Shibuya,102.71,4,22,5.5,7.2,78.1,1,0,0,259.86
Shibuya,59.32,2,15,0.3,11.2,51.5,0,1,0,152.76
Toshima,20.44,1,17,11.4,4.1,84.9,1,1,0,137.12
Sumida,33.74,1,10,13.8,1.0,100.0,1,1,1,84.41
Katsushika,81.63,3,1,41.0,14.4,62.9,1,0,1,67.76
Toshima,66.87,4,29,4.1,2.2,100.0,1,0,0,199.37
Ota,85.14,3,29,6.4,14.5,77.4,0,1,0,183.39
Adachi,93.7,3,13,1.2,3.5,96.3,1,1,0,216.51
Koto,48.17,2,4,7.3,1.3,95.7,1,0,0,104.23
Setagaya,134.07,5,30,8.9,6.2,98.9,1,1,0,263.69
Minato,68.09,4,5,5.4,5.0,75.4,0,1,0,295.52
Toshima,20.0,1,15,17.0,12.1,78.6,0,1,0,69.44
Minato,60.3,2,14,1.2,5.6,88.9,0,1,0,270.84
Edogawa,81.73,3,20,8.5,5.3,100.0,1,0,0,182.24
Nerima,61.13,2,10,13.5,14.4,87.0,0,0,1,112.09
Nerima,83.77,3,7,0.4,2.2,93.4,1,1,0,203.51
Suginami,83.0,3,15,1.0,9.4,76.0,1,1,0,203.06
Chiyoda,72.79,2,17,9.8,1.5,100.0,1,1,0,221.98
Katsushika,88.37,3,7,20.0,11.9,80.2,1,1,0,127.48
Suginami,55.66,2,6,10.6,1.0,100.0,0,0,1,123.46
Suginami,72.25,3,20,5.1,10.7,91.8,0,1,0,206.75
Adachi,35.96,2,6,21.2,2.6,100.0,1,0,1,90.56
Nakano,48.84,2,17,50.0,1.2,100.0,1,1,1,81.92
Kita,66.54,3,8,12.3,5.3,76.1,1,1,0,137.15
Itabashi,20.0,2,15,2.2,5.8,85.8,0,1,0,98.58
Nerima,25.18,2,24,34.9,16.5,64.4,0,0,0,30.79
Suginami,58.0,3,24,29.3,6.3,79.9,1,0,1,139.57
Minato,59.9,2,14,16.3,4.6,91.8,0,0,0,157.91
Suginami,81.84,4,1,26.9,21.2,53.3,1,0,0,113.49
Taito,53.56,1,24,20.5,1.0,97.3,1,1,0,119.63
Chuo,76.28,3,13,21.3,7.5,79.5,1,0,0,133.32
Kita,85.68,4,17,44.5,14.8,66.6,0,1,0,88.28
Meguro,78.77,3,18,15.3,1.1,100.0,1,0,1,196.66
Shinjuku,95.6,4,5,50.0,6.0,78.2,0,1,0,107.86
Chuo,88.79,3,17,14.0,4.1,91.0,0,1,1,176.9
Setagaya,91.73,4,9,3.1,1.0,98.3,1,0,0,168.6
Ota,60.11,3,11,22.5,6.5,70.0,1,0,0,92.93
Katsushika,85.91,3,24,4.7,8.5,70.6,1,0,0,136.22
Ota,103.1,3,10,5.3,2.4,100.0,0,0,0,208.15
Katsushika,104.29,3,18,27.6,6.9,71.4,1,0,0,143.27
Sumida,66.73,4,15,12.3,10.7,78.9,1,0,0,102.92
Kita,102.08,4,23,9.5,5.6,92.8,1,0,0,239.15
Sumida,25.19,1,21,5.5,9.3,60.1,1,0,0,90.21
Suginami,43.03,2,26,15.9,1.3,100.0,1,0,1,202.65
Edogawa,59.96,1,27,0.3,18.2,45.7,0,0,0,98.05
Shinjuku,43.12,2,18,15.5,3.3,98.2,0,1,0,189.29
Adachi,66.95,3,11,30.8,30.0,49.7,1,1,0,44.67
Nakano,20.0,1,27,6.9,3.7,100.0,1,1,0,114.36
Bunkyo,20.0,1,10,2.3,6.3,90.6,0,0,0,123.42
Shibuya,76.34,3,1,31.5,13.4,64.2,0,0,1,172.68
Chiyoda,58.04,2,20,10.6,28.5,47.9,0,1,0,111.49
Chiyoda,94.93,5,20,3.8,5.4,68.0,1,1,0,238.36
Itabashi,97.22,5,18,6.6,7.6,97.5,1,1,0,173.06
Itabashi,63.92,4,22,10.4,14.7,80.3,1,1,0,141.91
Chiyoda,74.03,4,10,48.8,4.9,83.7,0,1,1,170.17
Shinjuku,42.34,3,17,14.9,4.8,90.8,1,1,1,135.06
Minato,26.59,1,29,33.7,20.2,72.2,0,1,0,119.67
Nakano,20.0,2,16,0.1,1.5,100.0,1,1,0,150.52
Adachi,98.37,4,12,16.9,4.3,100.0,1,1,0,168.69
Toshima,58.18,3,18,32.7,13.3,60.3,1,0,0,80.23
Arakawa,95.91,4,25,28.2,11.8,78.1,1,1,1,157.71
Taito,59.89,2,16,8.9,3.1,100.0,1,0,0,139.09
Katsushika,93.72,4,18,1.8,6.9,89.3,0,1,0,175.97
Meguro,38.28,1,16,0.7,3.5,99.8,1,0,0,152.52
Nerima,48.57,1,22,12.6,13.4,74.8,1,0,0,79.56
Sumida,84.59,3,5,5.3,3.0,93.0,1,1,0,169.52
Shibuya,80.24,4,11,50.0,5.7,100.0,1,1,1,188.21
Minato,65.67,3,3,12.2,10.8,60.7,0,1,0,190.64
Meguro,50.67,3,11,41.2,9.1,86.1,1,1,1,156.71
Nakano,108.41,4,7,0.5,6.5,89.3,1,0,0,238.79
Nakano,47.03,3,27,17.8,1.2,96.6,1,0,0,145.5
Taito,73.5,2,11,18.4,5.0,85.1,1,0,0,140.97
Taito,91.29,4,8,1.2,7.4,100.0,0,1,0,248.23
Nerima,44.18,2,2,38.2,1.1,100.0,1,1,1,98.06
Nakano,86.56,4,20,0.2,1.0,94.6,1,1,0,202.47
Katsushika,81.01,3,25,15.7,3.3,100.0,0,1,0,145.07
Meguro,102.7,5,13,40.5,8.0,78.3,0,1,1,167.99
Nakano,22.39,2,29,17.0,4.0,98.6,0,0,1,115.46
Setagaya,52.2,3,5,50.0,3.0,85.9,0,0,1,92.82
Minato,89.24,3,7,0.9,1.0,83.2,1,0,0,232.9
Ota,20.0,1,7,18.8,6.5,95.9,1,1,0,59.78
Toshima,34.23,1,18,25.2,1.0,100.0,0,1,1,129.67
Nakano,26.44,2,11,9.4,13.8,67.6,1,1,0,112.07
Suginami,37.71,2,19,10.3,4.4,76.9,0,0,0,108.74
Toshima,71.22,3,28,50.0,1.7,93.9,1,0,0,142.06
Arakawa,126.02,4,22,15.6,1.0,97.4,1,1,0,177.01
Katsushika,48.22,3,5,7.7,1.3,100.0,1,1,0,160.43
Taito,69.03,3,15,8.1,4.2,100.0,1,1,0,147.58
Toshima,56.31,2,11,16.6,10.5,91.7,1,1,0,120.04
Shibuya,115.62,3,20,1.7,4.6,79.4,1,0,0,209.71
Koto,81.79,3,13,50.0,1.0,94.0,1,0,1,117.59
Katsushika,51.98,3,17,2.4,18.8,68.7,1,0,0,115.91
Suginami,131.05,5,30,4.2,11.5,80.5,1,0,1,247.39
Bunkyo,74.62,4,19,4.5,1.0,87.4,0,0,0,146.38
Bunkyo,89.96,3,20,9.9,3.1,83.5,1,0,0,210.87
Adachi,45.99,2,2,12.3,26.0,34.3,0,1,0,54.17
Arakawa,51.51,3,25,7.8,1.0,100.0,1,0,0,138.3
Kita,57.6,2,3,11.1,4.1,100.0,0,1,0,115.29
Edogawa,82.09,3,20,20.5,1.9,100.0,0,1,1,160.63
Itabashi,51.98,2,29,31.1,15.2,62.2,1,1,0,85.54
Chiyoda,57.04,1,15,4.7,5.1,100.0,1,1,0,213.07
Shibuya,77.72,3,19,6.1,2.1,100.0,1,0,1,202.11
Adachi,20.0,1,26,4.1,1.1,95.4,1,0,0,106.02
Suginami,20.0,1,10,10.0,3.0,90.3,0,1,0,103.39
Chiyoda,103.39,3,22,29.8,4.7,88.0,1,1,1,214.28
Chiyoda,29.89,1,26,50.0,3.9,79.5,1,1,1,132.93
Nakano,78.82,2,14,7.9,2.6,90.9,1,0,0,114.81
Adachi,77.81,3,7,16.0,2.7,100.0,1,1,0,125.25
Katsushika,65.43,4,22,7.8,16.7,60.3,1,1,0,153.44
Taito,83.13,3,24,22.8,3.6,100.0,0,1,0,125.99
Itabashi,87.17,3,11,17.0,6.8,77.8,1,1,1,196.21
Koto,106.38,3,23,15.2,2.7,100.0,0,0,0,145.97
Ota,47.02,2,29,6.1,3.2,89.0,0,0,0,122.56
Katsushika,56.92,2,24,13.1,9.3,99.5,0,1,0,125.7
Meguro,33.77,1,25,5.5,1.4,100.0,0,1,0,119.64
Nerima,99.8,3,19,5.6,2.8,100.0,0,0,1,197.27
Chiyoda,78.85,4,15,13.3,6.0,76.1,0,1,1,192.61
Adachi,75.74,3,5,1.6,1.0,100.0,1,1,0,183.86
Bunkyo,93.95,4,28,24.4,10.1,81.6,0,0,1,172.73
Adachi,45.5,1,27,21.3,1.0,85.8,1,1,0,124.63
Nakano,36.53,2,4,20.3,5.7,88.4,1,0,0,90.89
Arakawa,94.21,4,29,8.7,1.0,98.2,1,1,0,161.51
Bunkyo,107.61,5,29,15.5,1.0,98.8,1,1,0,200.86
Setagaya,90.88,4,22,3.0,3.3,96.2,1,0,0,121.27
Arakawa,48.93,1,27,1.7,1.6,94.8,1,1,0,154.0
Setagaya,37.59,1,8,9.4,10.9,90.4,1,1,0,133.64
Koto,55.22,2,26,25.9,6.5,77.2,0,1,1,133.89
Setagaya,87.78,4,2,15.6,14.2,57.8,1,0,0,150.45
Taito,57.71,1,5,10.9,11.5,87.1,1,1,0,83.82
Suginami,32.73,1,18,7.4,1.5,100.0,1,1,0,107.57
Itabashi,126.68,4,13,13.6,1.0,100.0,1,0,1,236.53
Shinjuku,90.61,4,27,4.8,13.2,59.3,1,1,0,163.4
Nerima,62.68,2,12,7.2,4.8,100.0,1,0,0,140.95
Toshima,113.66,4,5,9.6,8.0,82.4,1,0,0,206.76
Shibuya,47.19,1,11,0.7,2.5,91.1,1,1,0,240.54
Nerima,43.22,2,30,20.6,1.0,81.3,1,0,1,127.35
Toshima,77.72,3,24,15.2,10.5,75.6,1,1,1,176.88
Toshima,58.17,2,23,17.4,11.4,99.0,1,0,0,128.66
Suginami,48.4,2,13,35.8,10.2,70.3,1,1,1,97.34
Shibuya,37.31,1,9,8.2,3.0,94.8,1,1,0,185.03
Chuo,70.48,2,9,30.5,6.5,88.5,1,1,1,193.73
Kita,90.27,4,22,50.0,20.5,57.7,1,0,0,74.05
Adachi,67.58,4,19,10.1,12.6,82.7,1,0,0,120.91
Adachi,126.8,4,8,50.0,1.0,83.6,1,0,0,92.06
Nakano,67.73,4,24,25.5,1.1,100.0,1,1,0,162.46
Edogawa,85.85,3,12,50.0,25.7,42.9,0,1,1,52.98
Meguro,112.17,5,21,8.2,26.9,51.0,1,1,0,194.48
Bunkyo,45.13,2,9,45.8,4.7,85.9,0,1,1,108.97
Adachi,55.38,1,26,2.6,3.0,83.7,0,0,0,125.59
Shinagawa,55.39,2,15,5.6,1.3,100.0,1,0,1,224.06
Chiyoda,78.71,3,26,10.3,11.2,56.1,1,1,0,178.82
Meguro,76.35,4,15,6.0,4.4,100.0,1,1,0,222.9
Suginami,46.94,3,28,10.5,15.1,72.6,0,1,0,112.0
Itabashi,91.19,4,10,3.8,1.0,81.8,1,1,0,165.35
Suginami,60.93,3,5,11.9,6.5,95.3,1,0,1,114.8
Adachi,118.52,3,19,48.6,5.5,87.4,1,1,1,114.51
Meguro,64.77,3,27,34.4,21.4,67.2,1,0,0,112.42
Itabashi,70.9,4,10,10.8,6.3,100.0,0,0,1,150.74
Shibuya,55.45,2,22,17.4,4.3,96.0,1,0,0,168.47
Chiyoda,70.66,3,27,5.2,1.0,92.0,1,1,0,222.43
Shinagawa,54.59,2,22,20.7,18.9,71.7,1,1,0,117.5
Chuo,138.04,4,21,20.4,15.0,74.4,1,1,1,221.85
Setagaya,99.73,4,25,16.4,1.9,93.1,1,1,0,203.83
Nerima,111.94,4,7,9.8,4.8,88.6,0,0,0,144.68
Suginami,70.75,3,20,21.4,5.2,82.8,1,1,1,176.0
Katsushika,50.38,3,4,7.3,10.8,94.2,0,1,0,103.61
Nerima,82.67,3,13,4.5,6.2,83.0,1,1,0,163.48
Taito,53.71,1,26,1.8,2.6,88.1,1,0,0,172.03
Itabashi,60.03,2,21,1.8,3.3,93.0,1,1,0,121.82
Chuo,36.4,1,18,2.0,5.2,81.8,1,1,0,188.92
Nerima,113.4,3,28,16.5,7.4,80.5,0,0,0,143.86
Suginami,62.48,3,16,6.3,1.0,100.0,1,0,0,130.73
Itabashi,117.94,4,13,0.6,5.6,82.3,1,1,0,236.5
Chuo,76.96,2,18,3.1,5.7,88.9,1,0,0,172.82
Nakano,61.28,2,28,1.7,4.8,86.5,0,1,0,170.65
Adachi,94.13,4,3,9.0,9.4,95.0,0,0,1,172.92
Ota,61.69,3,13,25.5,21.7,50.0,1,1,1,95.1
Shinjuku,49.75,1,4,7.5,1.5,92.3,1,1,0,184.96
Chiyoda,91.44,4,20,6.8,6.1,85.5,1,1,0,225.9
Edogawa,36.24,2,14,24.5,1.0,95.5,1,1,1,117.44
Setagaya,53.3,2,16,10.5,10.2,79.9,0,1,1,133.98
Shibuya,61.23,3,2,1.7,1.8,100.0,0,1,0,204.04
Setagaya,20.0,2,22,24.9,2.5,87.2,0,1,1,91.21
Edogawa,83.16,2,7,22.3,16.6,67.3,0,0,1,93.97
Suginami,20.0,1,25,22.4,13.0,84.9,1,0,0,91.28
Suginami,85.98,3,30,4.6,1.5,100.0,1,0,0,226.28
Shinagawa,108.72,4,12,17.9,3.8,100.0,1,1,0,182.1
Shinjuku,50.44,2,16,1.5,24.3,46.1,1,0,0,140.63
Setagaya,55.69,2,17,11.4,4.1,100.0,0,0,0,142.69
Itabashi,93.27,3,13,1.4,11.8,90.5,0,1,0,201.1
Edogawa,41.78,3,2,12.5,1.0,98.8,1,1,0,106.4
Shinagawa,111.88,3,10,19.1,1.0,100.0,0,0,0,211.93
Katsushika,20.0,1,22,7.6,6.8,70.0,1,1,0,83.93
Nakano,71.73,4,15,45.1,15.7,61.5,0,1,1,85.24
Toshima,20.0,1,13,40.0,3.6,96.7,1,0,1,80.56
Sumida,47.51,2,12,21.6,10.3,73.4,1,0,1,82.11
Shibuya,61.37,4,19,14.2,4.5,80.6,0,1,0,233.18
Edogawa,71.16,3,2,12.9,12.6,86.7,0,0,0,90.17
Chiyoda,61.3,3,18,11.3,6.2,59.4,1,0,0,186.33
Koto,71.0,3,15,33.0,5.0,97.4,1,1,1,142.28
Edogawa,74.25,3,14,13.3,12.7,91.3,1,1,0,127.59
Meguro,91.38,5,18,2.8,8.0,86.7,0,1,0,134.62
Meguro,36.37,1,13,5.6,8.5,82.8,0,0,0,123.45
Nakano,74.17,3,8,3.7,5.5,91.8,1,0,0,116.64
Nakano,64.36,2,26,13.4,21.8,52.8,0,0,0,85.72
Chuo,57.62,2,24,19.6,1.0,100.0,1,1,0,225.27
Toshima,20.0,1,3,17.4,12.6,78.1,1,1,1,94.15
Ota,50.3,2,24,9.0,2.3,100.0,1,0,0,158.86
Shinjuku,97.15,4,9,1.9,1.0,95.7,1,0,0,204.57
Nerima,81.83,2,28,2.0,4.3,80.0,0,1,0,164.31
Bunkyo,51.22,1,28,18.9,16.7,56.7,0,1,1,116.01
Suginami,44.21,2,10,15.0,13.3,72.9,0,0,0,92.44
Koto,132.59,4,5,25.0,30.0,42.8,1,0,1,129.35
Bunkyo,99.35,4,25,41.0,14.7,82.8,1,1,1,208.11
Shibuya,123.5,4,15,16.6,8.0,100.0,0,1,0,212.89
Bunkyo,32.95,1,26,10.2,17.0,50.9,1,1,0,107.96
Meguro,42.54,3,17,44.2,3.5,94.2,0,1,1,139.17
Katsushika,78.23,4,6,27.8,1.6,94.1,1,1,1,163.79
Bunkyo,86.87,4,2,17.8,3.4,81.0,1,1,0,152.35
Shinjuku,50.25,3,25,15.8,15.5,65.8,1,0,0,111.07
Shinagawa,60.52,4,17,3.1,1.0,100.0,1,1,0,179.12
Meguro,91.82,4,16,15.0,15.9,96.7,1,1,0,184.29
Kita,93.92,3,7,36.5,2.5,100.0,1,1,1,130.43
Katsushika,113.03,4,24,11.2,4.0,95.7,0,0,0,162.79
Kita,27.84,1,25,18.1,1.0,99.6,0,0,1,125.2
Taito,89.57,4,7,38.7,6.4,69.5,1,1,1,173.78
Toshima,107.12,5,7,6.6,8.7,80.1,1,0,0,162.39
Katsushika,85.22,3,14,7.3,10.0,80.3,1,0,0,133.9
Shinjuku,59.91,2,24,29.4,2.4,100.0,1,1,1,198.39
Adachi,36.68,1,4,10.0,13.4,73.4,1,1,0,88.87
Chiyoda,59.19,1,15,16.7,1.4,100.0,0,1,0,187.83
Shinjuku,20.0,1,24,18.6,1.5,99.7,1,0,0,144.57
Katsushika,72.62,3,16,50.0,6.3,72.5,1,0,0,70.76
Setagaya,55.05,2,13,2.3,2.9,89.0,0,1,0,181.33
Katsushika,21.32,1,7,26.8,2.7,85.1,1,1,1,79.7
Chuo,38.1,1,30,2.5,2.1,100.0,1,0,0,197.2
Shinjuku,31.43,1,18,0.7,4.0,79.0,1,1,0,164.19
Arakawa,52.77,2,30,15.5,14.0,72.1,1,1,1,97.46
Koto,24.47,1,27,6.2,7.8,89.4,1,1,0,96.28
Chuo,63.59,3,12,7.2,3.3,100.0,0,0,0,205.98
Taito,62.22,2,27,7.8,3.5,81.6,1,1,0,140.5
Shibuya,114.51,3,30,10.3,3.4,87.7,0,1,0,197.14
Chuo,20.0,2,4,10.2,1.8,94.8,1,1,0,161.22
Sumida,75.09,3,30,1.1,3.9,85.4,1,1,0,208.48
Shinjuku,37.45,1,15,5.2,19.6,57.2,0,1,1,153.35
Minato,82.9,3,17,16.5,1.0,85.5,1,1,1,247.79
Adachi,102.81,5,16,3.8,5.9,100.0,1,1,0,215.1
Adachi,84.76,3,4,4.6,1.0,100.0,0,0,0,130.93
Itabashi,125.56,4,26,8.3,4.4,87.0,0,1,0,138.78
Shibuya,61.8,2,25,36.9,1.0,97.6,1,0,0,177.57
Kita,79.36,3,14,8.4,6.4,79.5,0,1,0,160.91
Adachi,88.86,3,24,24.1,3.4,72.7,1,0,1,125.5
Taito,36.68,1,6,3.6,2.5,92.5,0,1,0,163.92
Bunkyo,60.51,3,5,50.0,13.8,66.9,0,0,1,88.17
Setagaya,96.66,4,16,17.4,1.0,93.1,1,1,0,164.11
Meguro,96.62,4,14,5.5,1.0,96.0,0,1,0,254.76
Shinjuku,86.28,2,9,50.0,23.6,54.6,1,0,1,97.96
Ota,50.2,2,21,8.2,12.6,96.7,1,0,0,78.21
Kita,51.35,1,9,1.4,1.9,95.3,1,0,0,125.11
Shibuya,70.37,3,20,12.8,20.8,47.8,1,1,0,217.28
Shinjuku,20.0,1,3,20.1,7.9,81.0,1,1,0,98.64
Meguro,91.12,5,7,13.6,4.9,76.1,1,1,0,173.09
Toshima,75.77,3,1,16.2,4.2,100.0,1,0,1,156.02
Katsushika,83.32,2,16,29.4,30.0,50.4,0,1,1,61.39
Edogawa,73.24,3,22,11.2,10.7,100.0,1,1,1,104.23
Edogawa,63.6,2,5,6.8,6.6,95.2,1,0,0,147.57
Ota,74.33,3,22,13.7,1.0,79.7,0,0,0,98.86
Chuo,114.84,4,22,41.3,1.0,100.0,1,0,1,214.38
Setagaya,99.29,3,26,12.8,2.0,100.0,1,1,0,127.89
Taito,47.76,3,25,0.0,1.5,87.0,1,0,0,206.21
Suginami,20.0,2,8,11.1,8.1,78.8,0,1,0,117.36
Shinjuku,91.37,5,1,50.0,18.3,62.2,1,1,0,123.01
Toshima,32.08,1,21,2.2,19.6,70.5,1,1,0,70.17
Meguro,83.35,2,20,5.8,10.3,85.3,1,1,0,218.66
Meguro,55.28,2,13,13.7,1.6,100.0,1,0,0,191.51
Chuo,84.31,3,21,7.5,7.7,86.8,1,1,1,186.47
Katsushika,20.0,1,14,1.2,7.0,92.3,1,1,0,99.06
Arakawa,76.87,3,29,3.7,3.7,82.5,1,1,0,151.04
Shinagawa,64.94,2,25,32.6,10.4,84.7,1,0,1,124.35
Meguro,62.79,2,8,41.3,7.2,75.1,1,0,1,156.13
Kita,72.07,4,26,6.3,17.9,67.0,0,1,0,134.52
Koto,25.46,1,14,4.0,1.0,96.3,1,1,0,151.56
Chuo,38.12,2,19,5.7,2.4,89.8,0,1,0,181.36
Katsushika,41.76,3,20,10.5,18.0,49.9,1,0,0,89.12
Sumida,110.56,4,15,21.8,4.3,100.0,0,1,0,174.04
Sumida,46.6,1,28,10.0,30.0,39.2,0,0,0,51.88
Arakawa,72.4,4,25,3.6,5.3,92.7,1,1,0,148.06
Shibuya,135.44,3,23,0.4,7.8,92.4,1,1,0,228.29
Chuo,83.78,3,15,25.8,5.4,86.2,1,1,1,173.56
Shinjuku,136.3,4,25,1.9,8.4,99.8,0,1,0,323.82
Setagaya,50.98,3,18,11.0,15.6,66.9,1,1,0,129.61
Koto,68.32,3,16,3.9,2.1,100.0,1,0,0,182.76
Kita,20.0,1,22,9.3,1.0,88.5,0,1,0,106.42
Sumida,103.75,4,8,8.7,4.7,100.0,0,1,0,115.21
Minato,63.93,3,16,11.0,9.1,79.9,0,1,0,227.05
Ota,41.01,1,20,28.6,4.5,100.0,1,1,1,126.14
Suginami,75.49,4,23,18.1,5.6,78.9,0,1,0,132.61
Shibuya,46.21,3,21,11.8,9.8,74.4,0,1,0,190.71
Suginami,112.62,4,19,6.4,4.3,90.1,0,0,0,133.59
Itabashi,72.34,3,9,2.6,12.4,64.7,0,1,0,151.93
Chuo,81.31,2,23,1.3,9.2,79.2,1,1,0,129.72
Setagaya,49.63,2,28,14.2,12.1,75.6,0,1,0,162.6
Adachi,41.1,2,15,9.1,11.1,58.6,1,1,0,86.96
Taito,75.17,4,12,6.6,13.8,74.8,0,0,0,166.55
Ota,63.92,4,2,18.7,1.0,99.7,0,0,1,109.54
Kita,49.38,3,17,7.4,22.5,70.6,0,1,0,63.56
Adachi,55.17,2,15,12.0,2.7,79.7,1,0,0,99.16
Taito,98.26,4,9,2.3,9.8,79.1,1,1,0,208.4
Chuo,27.41,1,14,25.8,4.6,92.3,0,1,0,126.51
Itabashi,46.48,3,8,7.2,3.2,73.5,1,1,0,118.56
Chiyoda,30.75,1,11,10.2,1.6,99.1,1,1,0,192.12
Toshima,98.4,4,11,33.6,1.7,97.6,1,1,0,187.07
Meguro,40.05,2,24,10.2,1.5,80.3,0,0,0,176.94
Arakawa,23.22,1,9,23.7,12.3,67.5,1,1,1,59.43
Edogawa,114.56,3,6,9.8,11.0,57.6,0,0,0,157.42
Shinjuku,83.95,4,4,33.0,30.0,52.4,1,1,0,117.64
Toshima,75.45,3,24,4.7,10.1,86.2,1,1,0,126.54
Taito,61.93,2,9,8.3,4.9,100.0,1,0,0,144.07
Itabashi,148.12,5,24,17.2,1.9,100.0,1,1,0,240.65
Itabashi,69.95,3,7,22.0,2.2,80.7,0,0,0,135.22
Bunkyo,39.66,1,2,13.4,2.8,100.0,0,0,0,118.89
Shinagawa,104.07,4,9,32.0,8.2,83.1,1,0,1,170.54
Suginami,67.35,3,12,29.6,2.0,100.0,1,1,1,158.96
Setagaya,75.79,3,30,0.5,11.0,79.2,1,0,0,157.38
Edogawa,41.07,2,20,2.8,3.0,93.5,1,1,0,102.96
Edogawa,69.17,3,20,9.5,1.1,91.8,1,1,0,158.14
Arakawa,65.2,2,9,11.2,6.3,85.0,1,0,0,108.25
Chuo,20.0,1,21,4.8,4.8,99.7,0,0,0,148.97
Koto,147.51,4,10,2.6,3.1,80.5,0,1,0,295.84
Shinagawa,110.88,5,27,6.1,1.6,92.9,1,0,1,248.71
Chiyoda,64.38,3,29,49.4,1.0,100.0,1,1,1,178.84
Bunkyo,66.93,3,20,7.6,1.9,93.9,0,1,0,193.08
Sumida,99.79,4,12,11.2,6.5,91.6,1,0,0,171.67
Shinagawa,66.48,4,9,21.7,1.5,92.1,0,1,0,98.82
Katsushika,77.02,3,20,3.0,6.2,99.2,0,1,0,178.7
Nakano,97.83,4,13,8.2,8.4,81.1,1,1,0,176.07
Kita,83.44,3,7,45.2,7.3,88.7,0,0,0,67.35
Shibuya,53.52,2,28,19.4,1.0,99.6,1,1,1,216.19
Shinjuku,62.9,2,7,1.0,3.7,79.5,1,0,0,181.51
Sumida,49.37,2,6,2.2,18.3,56.3,1,1,0,83.4
Arakawa,36.96,1,10,4.7,15.2,76.8,0,1,0,85.94
Toshima,80.82,4,28,2.4,12.8,73.8,1,0,0,192.1
Shibuya,84.34,3,8,1.2,8.5,77.1,0,1,0,164.42
Meguro,73.34,3,10,19.3,2.7,94.5,0,0,1,138.75
Shinagawa,40.37,2,7,15.6,1.0,100.0,1,0,1,190.16
Setagaya,69.26,4,16,0.1,2.9,100.0,0,1,0,213.57
Minato,37.88,1,26,3.7,1.0,84.0,1,0,0,227.9
Ota,54.36,2,10,6.3,4.2,100.0,0,0,0,115.15
Toshima,73.74,3,12,2.7,2.9,100.0,1,1,0,147.13
Bunkyo,47.03,2,11,15.1,1.4,100.0,1,0,0,178.01
Nerima,81.71,3,4,6.3,1.6,89.4,0,1,0,195.88
Shinagawa,76.97,3,14,7.6,11.8,75.3,1,1,0,158.72
Katsushika,78.01,4,2,50.0,10.0,90.9,1,1,0,59.72
Bunkyo,57.36,2,4,25.2,7.5,83.6,0,1,0,144.34
Arakawa,20.0,1,16,50.0,30.0,44.3,1,1,1,10.0
Nakano,104.91,5,19,8.6,6.5,73.6,1,1,0,180.76
Chiyoda,56.91,2,1,5.4,5.5,99.6,0,1,0,204.87
Nerima,130.4,4,6,5.3,1.4,100.0,0,0,0,206.36
Koto,39.37,1,12,1.7,5.5,80.5,1,0,0,87.95
Setagaya,97.42,4,20,3.6,14.4,88.3,1,1,0,141.46
Koto,20.44,2,2,35.2,1.8,100.0,0,0,1,61.19
Arakawa,102.6,5,2,17.1,1.0,90.8,0,1,1,202.62
Bunkyo,85.15,4,18,7.5,10.9,96.1,1,1,0,207.47
Katsushika,55.56,2,22,8.0,1.4,100.0,0,1,0,115.2
Setagaya,28.9,1,4,2.1,6.8,76.6,0,1,0,110.23
Shinagawa,86.1,4,8,39.2,9.6,85.0,1,0,1,110.32
Ota,74.45,4,3,50.0,1.0,100.0,0,1,1,138.55
Nerima,66.83,2,10,0.5,18.1,65.3,0,1,0,110.85
Shinjuku,66.89,4,19,10.1,1.7,84.8,0,1,0,180.44
Setagaya,56.57,3,27,50.0,17.5,59.5,1,1,1,85.51
Bunkyo,27.79,1,18,20.8,6.2,70.5,1,0,1,86.38
Koto,27.47,1,24,1.7,2.3,100.0,0,1,0,108.51
Adachi,73.54,3,21,36.4,3.7,71.7,0,0,1,78.4
Shibuya,50.89,3,12,2.5,4.7,66.8,1,1,0,208.45
Itabashi,131.54,5,9,19.9,5.1,82.9,0,1,1,194.85
Itabashi,70.84,4,14,1.1,1.0,100.0,1,1,0,175.15
Meguro,71.4,3,1,0.5,4.5,100.0,1,1,0,264.57
Bunkyo,75.55,2,21,3.4,3.7,100.0,1,1,0,219.92
Katsushika,81.94,4,6,12.4,1.4,100.0,1,1,0,152.09
Setagaya,130.75,3,7,25.1,1.4,92.7,0,1,0,248.05
Suginami,85.62,3,16,13.0,18.6,52.6,0,1,0,103.69
Itabashi,82.59,3,26,27.8,10.1,81.2,1,1,1,145.01
Katsushika,46.25,2,9,15.1,6.7,81.0,1,0,0,106.64
Edogawa,72.11,3,26,27.0,3.5,94.7,0,1,1,124.74
Bunkyo,91.2,3,13,25.7,11.5,76.9,1,0,0,143.25
Toshima,59.67,3,12,18.6,8.7,78.5,1,1,0,100.97
Kita,42.86,2,28,8.0,4.4,89.5,1,1,0,156.87
Kita,61.55,3,29,14.8,1.7,100.0,1,1,0,171.85
Minato,148.98,4,28,3.1,11.9,76.9,1,0,0,286.91
Suginami,104.53,5,17,34.8,3.2,100.0,0,0,0,149.16
Setagaya,33.7,1,12,16.8,1.8,88.5,1,0,0,121.72
Toshima,44.39,2,27,5.4,2.6,100.0,1,0,0,153.96
Nerima,78.36,3,26,44.1,3.4,100.0,1,1,1,138.25
Ota,20.0,2,13,0.2,4.9,94.0,0,1,0,103.56
Chuo,95.77,3,25,46.3,1.2,100.0,1,0,0,85.8
Meguro,93.81,3,9,22.7,7.4,64.4,1,1,1,182.03
Bunkyo,40.24,2,14,0.4,14.4,75.1,0,1,0,152.29
Koto,33.68,1,18,29.4,4.1,80.1,1,1,0,81.38
Chiyoda,65.22,4,29,29.8,4.0,82.2,0,0,1,174.59
Suginami,78.9,3,7,20.9,7.1,81.8,1,0,0,166.22
Suginami,73.56,3,17,38.2,21.6,48.3,0,1,1,91.67
Nakano,94.79,5,12,3.9,1.8,100.0,1,1,0,191.37
Shinjuku,30.61,2,2,0.2,1.5,100.0,1,1,0,187.78
Minato,46.6,2,29,11.8,1.3,100.0,1,1,0,206.68
Bunkyo,99.88,5,10,1.9,4.3,91.1,0,0,0,235.05
Ota,63.58,3,12,11.3,9.7,93.2,1,0,0,128.82
Shinjuku,45.26,2,9,50.0,5.0,69.0,1,1,1,96.56
Itabashi,99.06,3,7,8.8,5.3,86.6,1,0,0,158.67
Sumida,20.0,1,20,3.9,5.1,98.4,1,0,0,86.26
Kita,22.02,1,13,17.4,1.9,100.0,0,1,1,97.37
Taito,40.96,2,15,12.2,6.9,88.1,0,1,0,143.0
Adachi,53.75,2,25,8.1,12.4,95.6,0,0,0,127.02
Adachi,90.92,4,4,31.8,3.5,89.5,0,1,1,186.13
Edogawa,71.64,3,6,6.7,4.0,87.7,1,1,1,135.81
Shinjuku,71.94,4,18,12.7,11.3,96.1,0,1,0,163.5
Katsushika,41.09,2,12,10.6,7.2,93.9,0,1,0,113.16
Chiyoda,96.26,3,4,11.9,24.5,35.6,0,1,1,209.85
Suginami,118.17,3,21,10.1,3.0,81.6,0,0,0,155.13
Ota,41.63,2,26,11.0,10.3,79.3,1,0,1,88.18
Minato,89.52,2,30,0.4,3.5,93.7,0,0,0,303.88
Koto,98.17,4,17,25.0,11.4,76.6,0,0,1,149.64
Suginami,65.2,4,11,0.8,9.7,83.4,1,0,0,175.67
Minato,63.52,3,25,6.7,2.0,99.4,1,0,0,188.15
Chiyoda,101.03,3,4,23.5,7.4,72.0,0,1,0,264.82
Toshima,88.54,3,29,29.1,9.5,84.5,1,1,0,144.2
Ota,109.73,5,10,1.6,3.5,90.7,1,0,0,198.22
Suginami,51.01,1,27,7.0,2.8,93.3,1,1,0,165.57
Taito,89.57,3,20,45.3,1.0,83.5,0,0,1,94.78
Koto,53.32,2,9,20.7,2.7,90.0,1,0,1,124.71
Bunkyo,42.75,2,12,30.0,17.3,64.8,1,1,1,114.88
Sumida,61.01,2,2,7.2,7.2,77.9,0,0,0,115.17
Chuo,59.74,2,25,4.7,8.4,83.7,1,0,0,144.1
Minato,77.35,3,11,18.6,1.9,100.0,1,1,0,252.63
Shibuya,113.94,3,27,22.0,7.2,89.1,0,1,1,261.75
Chiyoda,75.93,4,15,36.1,5.7,63.4,1,0,1,166.15
Toshima,23.24,1,18,0.8,1.0,95.2,0,1,0,126.27
Bunkyo,30.84,1,17,18.8,10.4,73.8,1,1,1,101.8
Setagaya,125.93,4,17,0.1,30.0,38.7,1,0,0,134.67
Shinjuku,48.53,2,14,50.0,30.0,49.6,0,1,0,35.38
Koto,57.82,3,13,12.6,2.0,88.0,1,1,0,168.11
Edogawa,85.48,2,8,41.2,1.4,91.9,0,1,1,120.03
Sumida,70.64,3,7,13.3,12.1,76.2,1,1,1,136.36
Koto,60.26,4,25,50.0,2.7,95.4,1,1,1,97.08
Koto,75.05,3,11,23.6,11.4,73.3,0,0,1,125.5
Nerima,25.57,1,12,26.2,22.1,29.7,1,1,1,46.31
Setagaya,104.9,3,4,0.0,10.1,76.8,0,1,0,182.17
Adachi,47.62,1,9,6.2,2.8,74.4,0,1,0,138.85
Itabashi,49.3,3,20,9.7,4.5,78.1,1,1,1,157.36
Bunkyo,80.13,3,25,2.9,1.0,100.0,1,1,0,229.49
Arakawa,102.03,4,17,25.4,9.3,61.0,1,1,1,129.05
Meguro,43.2,1,1,4.5,11.1,77.4,1,0,0,127.82
Katsushika,58.04,3,29,0.3,1.0,100.0,1,0,0,157.85
Chuo,77.73,4,21,9.1,16.8,55.9,0,0,0,155.59
Shinjuku,50.89,3,17,29.6,4.7,89.9,0,0,0,140.75
Nerima,20.0,1,23,4.8,1.5,100.0,1,1,0,124.24
Katsushika,65.01,4,3,4.2,11.9,84.0,1,1,0,135.75
Itabashi,54.03,3,1,14.7,1.0,100.0,1,0,0,151.27
Adachi,20.0,2,11,10.7,8.8,81.6,1,0,1,83.27
Chiyoda,67.93,3,30,12.2,1.9,94.8,1,0,1,277.11
Ota,59.36,2,16,17.0,2.1,98.7,1,1,1,133.86
Nakano,111.33,4,26,0.3,6.8,86.8,0,0,0,167.55
Taito,119.96,4,6,9.3,4.3,100.0,0,1,0,192.67
Koto,72.44,3,30,3.6,1.0,93.6,0,1,0,198.13
Shinagawa,135.15,4,19,2.2,15.1,57.9,0,1,0,231.19
Adachi,64.86,3,2,21.3,2.8,84.7,1,0,0,91.43
Sumida,97.54,5,18,1.2,5.1,95.6,1,0,0,202.53
Chiyoda,64.49,4,21,3.5,12.7,78.0,1,0,0,206.3
Shinagawa,106.73,4,10,9.0,11.9,73.9,0,1,0,149.69
Shinagawa,56.69,2,7,1.1,13.0,58.3,0,0,0,147.53
Meguro,83.62,3,1,43.9,2.3,100.0,1,0,1,197.79
Taito,29.01,2,30,14.3,14.5,57.0,0,1,0,106.32
Shinjuku,71.79,4,22,12.0,4.3,93.4,1,1,0,180.32
Edogawa,94.23,5,8,23.6,1.1,97.4,1,0,0,153.73
Itabashi,96.76,3,7,10.7,30.0,35.5,1,0,0,53.97
Suginami,114.9,4,8,9.4,2.4,94.5,1,0,0,183.54
Ota,41.06,3,14,14.5,6.0,79.7,1,1,0,126.2
Sumida,103.7,4,13,0.1,9.5,87.8,1,1,0,148.84
Minato,90.26,3,20,8.9,1.0,100.0,1,1,0,232.75
Shinagawa,75.61,3,24,32.4,13.5,76.8,1,1,1,162.98
Nerima,43.74,2,7,3.6,7.3,78.8,1,1,0,143.98
Adachi,63.85,4,15,10.1,7.3,88.1,0,0,1,98.27
Taito,100.3,5,2,32.9,3.2,100.0,0,1,1,149.06
Nakano,103.94,3,3,7.6,4.9,78.7,1,1,1,180.95
Itabashi,75.78,2,18,15.9,1.0,100.0,1,1,0,161.74
Shibuya,31.68,1,1,30.0,1.0,100.0,1,0,0,135.68
Meguro,76.35,4,20,7.5,5.3,88.3,1,1,0,259.75
Nerima,73.92,2,24,25.0,4.4,85.9,1,1,1,144.14
Toshima,87.89,4,26,1.0,10.0,89.3,1,1,0,191.22
Taito,20.0,1,1,9.0,25.5,69.5,0,1,1,79.66
Sumida,81.05,3,12,13.7,1.4,81.8,1,1,0,161.25
Arakawa,29.26,1,10,3.7,28.3,45.1,1,1,0,54.67
Kita,41.32,2,29,50.0,4.6,89.7,1,1,1,66.28
Chiyoda,104.46,4,7,0.8,17.4,65.7,1,0,0,146.7
Arakawa,63.85,3,5,26.8,7.6,83.4,0,0,1,106.97
Setagaya,67.18,3,4,22.8,1.0,92.7,1,0,0,143.34
Arakawa,23.98,2,29,2.8,11.5,66.8,0,0,0,73.74
Nerima,26.48,1,18,17.0,6.3,85.0,1,1,0,109.72
Sumida,63.51,4,16,0.2,4.9,90.8,1,1,0,153.77
Chuo,52.92,2,22,14.6,19.9,66.2,0,1,1,185.29
Sumida,72.95,3,5,16.0,3.8,88.4,1,0,0,147.23
Sumida,94.87,4,14,15.7,4.1,94.5,0,1,0,149.74
Shinagawa,54.46,2,27,5.6,1.3,100.0,1,0,0,193.56
Edogawa,102.88,4,6,4.5,1.0,100.0,1,1,0,189.21
Shinagawa,104.16,4,29,50.0,2.9,100.0,1,0,1,212.2
Taito,94.15,5,28,16.5,18.4,51.8,0,1,0,155.36
Koto,130.29,3,19,10.5,1.4,89.3,1,0,0,191.6
Toshima,74.92,4,3,1.1,8.1,86.5,1,1,0,173.74
Arakawa,22.44,1,25,4.8,5.1,96.4,1,1,0,116.97
Shinjuku,105.25,4,17,13.7,22.0,52.0,1,0,0,166.84
Meguro,56.14,3,8,1.3,1.2,100.0,1,1,0,175.78
Minato,44.0,1,22,36.9,6.8,84.6,1,1,0,151.07
Setagaya,48.15,1,10,19.2,13.3,88.5,1,1,1,118.33
Nakano,39.62,1,18,4.2,15.5,51.5,1,0,0,97.8
Shibuya,75.65,3,15,23.7,2.5,100.0,1,1,0,235.36
Ota,46.74,1,21,13.9,6.5,98.1,1,1,0,106.25
Koto,83.99,3,26,3.8,1.1,100.0,0,0,0,168.26
Katsushika,46.51,2,22,19.9,5.8,95.3,1,1,1,125.96
Itabashi,62.34,3,16,4.5,11.2,70.5,1,0,0,132.65
Nakano,20.0,1,15,12.0,1.0,89.4,0,0,0,94.48
Shinagawa,73.73,2,12,35.6,9.6,83.4,1,0,1,156.01
Edogawa,53.82,2,2,19.9,24.1,44.5,0,0,0,54.71
Kita,81.02,4,10,10.9,1.0,98.6,1,1,0,167.26
Shinjuku,57.9,3,8,10.8,3.6,100.0,1,0,0,123.76
Itabashi,55.02,2,1,5.6,1.4,100.0,1,1,0,169.48
Arakawa,89.12,3,23,9.8,9.1,73.5,1,0,0,169.38
Itabashi,76.02,3,27,9.1,3.6,84.3,1,1,0,146.89
Itabashi,44.72,2,20,8.6,6.5,96.3,0,1,0,128.11
Taito,83.02,2,27,13.6,2.7,78.2,0,0,0,166.07
Bunkyo,69.07,3,10,2.4,6.4,88.4,0,1,0,206.85
Arakawa,49.0,2,4,1.8,3.5,88.7,1,0,0,102.93
Minato,74.51,3,30,28.9,6.8,87.1,1,0,1,209.4
Adachi,67.43,3,12,10.9,2.0,100.0,1,0,0,127.49
Suginami,50.48,2,18,6.1,25.7,45.0,1,1,0,89.36
Ota,104.59,4,23,8.3,1.0,85.5,1,1,0,204.63
Nerima,86.66,3,4,10.4,16.1,87.6,1,1,0,127.89
Chuo,64.06,4,19,1.6,6.6,100.0,1,1,0,185.78
Chiyoda,113.64,5,8,33.1,6.4,100.0,1,1,0,215.73
Itabashi,105.9,4,6,10.6,16.4,63.6,1,1,0,118.9
Itabashi,90.73,5,23,11.4,3.3,74.8,1,1,0,149.35
Suginami,40.41,2,25,21.1,2.5,97.9,0,1,0,87.12
Shinjuku,53.38,1,15,50.0,17.9,45.7,1,1,0,61.42
Minato,25.07,2,7,4.1,5.6,85.6,0,0,0,175.89
Chuo,104.65,3,23,43.5,1.0,96.1,1,0,1,165.04
Minato,71.04,4,1,42.3,9.4,77.7,0,1,0,182.81
Nerima,54.59,2,22,50.0,27.0,51.3,0,0,1,25.94
Shibuya,93.01,3,9,15.3,15.0,46.6,1,1,1,242.64
Ota,130.83,3,27,0.6,1.8,100.0,0,0,0,179.62
Kita,20.0,1,7,16.8,6.2,100.0,1,1,0,74.61
Koto,81.34,2,14,2.4,20.5,55.3,1,0,0,146.71
Sumida,42.82,2,21,4.8,12.7,65.6,1,0,0,91.55
Suginami,63.52,3,21,7.8,15.9,60.7,0,1,1,171.09
Meguro,83.66,3,8,43.4,2.5,94.3,1,0,0,123.55
Minato,77.07,3,23,3.2,3.5,89.3,0,0,0,224.21
Minato,57.81,2,18,5.4,1.8,100.0,1,0,1,262.95
Sumida,66.1,2,1,13.1,5.9,84.4,1,1,1,156.47
Meguro,36.06,1,15,12.0,1.0,100.0,0,1,0,177.02
Chuo,123.03,5,6,6.5,13.2,63.4,0,1,0,233.76
Suginami,66.17,3,2,43.3,7.5,94.5,0,0,0,97.73
Taito,64.85,4,4,18.2,2.8,92.8,1,0,0,142.13
Chuo,111.66,4,13,12.4,8.6,87.9,1,0,0,234.24
Minato,20.0,1,6,6.5,6.8,79.7,1,1,0,167.13
Taito,48.88,3,14,27.3,3.6,94.0,1,1,1,118.9
Chuo,84.03,3,29,10.7,6.5,80.3,1,1,1,252.55
Edogawa,81.93,4,20,16.9,1.5,96.6,1,1,1,159.58
Kita,38.7,1,18,34.1,4.6,98.6,0,1,1,86.32
Taito,53.75,2,10,26.4,1.0,100.0,0,1,1,138.45
Kita,59.79,1,17,7.6,3.3,91.1,1,1,0,139.32
Koto,20.0,1,11,5.2,1.9,91.7,1,0,0,101.94
Koto,31.02,1,4,13.1,25.5,45.4,0,1,1,62.8
Shinagawa,75.8,2,26,28.5,21.5,46.4,1,0,0,106.49
Nerima,79.98,4,16,0.3,6.7,71.4,1,1,0,181.04
Nakano,102.69,4,29,36.4,3.8,87.5,1,1,1,193.95
Kita,81.47,3,4,2.9,5.0,100.0,0,0,0,140.56
Chiyoda,79.69,3,24,8.5,1.1,100.0,1,0,0,206.21
Shinjuku,93.06,3,3,5.9,25.9,29.7,0,0,0,130.61
Shibuya,101.73,5,29,38.1,2.9,87.8,0,1,1,177.62
Koto,113.87,3,16,6.8,8.8,59.1,1,1,0,149.95
Arakawa,91.82,5,18,4.5,3.8,79.3,1,1,0,140.79
Taito,99.88,4,9,14.5,4.9,100.0,1,1,1,234.0
Chuo,89.69,2,10,1.2,5.5,98.1,1,1,0,205.7
Chuo,64.41,3,1,41.7,10.3,74.6,1,1,1,125.97
Suginami,116.96,4,4,9.5,2.5,100.0,1,0,1,172.69
Adachi,106.33,4,21,37.4,4.9,95.9,0,1,1,156.81
Shinjuku,55.99,2,18,23.9,3.4,85.8,1,0,1,174.53
Shibuya,52.8,2,13,6.1,12.1,59.6,1,1,0,188.74
Taito,75.99,2,8,32.9,3.9,100.0,0,1,1,141.71
Sumida,141.82,3,6,0.3,1.0,96.8,1,0,0,201.36
Nakano,36.72,1,24,13.1,6.0,83.3,1,0,0,116.12
Sumida,72.32,2,28,17.4,4.5,66.7,1,1,0,118.66
Toshima,76.79,2,30,11.4,9.2,78.0,1,0,0,112.25
Adachi,110.6,5,15,18.5,2.0,91.4,1,0,0,199.01
Katsushika,77.36,3,6,10.2,23.3,61.9,0,1,0,112.67
Itabashi,106.54,3,4,5.0,6.3,97.7,0,1,0,134.22
Sumida,44.49,1,17,7.0,12.9,69.1,1,1,0,116.7
Chiyoda,93.26,4,16,12.1,15.7,71.9,0,0,0,173.43
Shinagawa,88.38,2,5,3.1,11.4,77.6,0,0,0,143.09
Setagaya,27.06,1,24,4.4,22.5,35.8,1,1,0,107.68
Setagaya,30.99,1,3,50.0,4.1,100.0,1,1,1,91.45
Chuo,46.97,2,30,0.9,1.4,89.7,0,1,0,175.64
Taito,65.06,3,8,9.6,5.4,100.0,0,1,0,126.84
Shibuya,28.92,1,17,5.3,14.9,63.2,1,1,0,139.74
Toshima,69.9,4,8,3.0,1.0,100.0,1,1,0,161.45
Meguro,44.22,2,13,9.7,8.3,76.2,1,1,0,184.95
Chuo,110.46,4,24,9.0,2.2,99.5,1,0,0,235.22
Ota,51.79,1,10,9.6,16.7,61.2,1,0,1,101.49
Sumida,75.01,4,14,5.1,28.7,22.1,1,1,0,118.4
Ota,61.95,3,13,23.4,1.6,98.0,1,1,0,133.9
Kita,113.63,4,14,12.7,5.1,100.0,1,0,1,190.29
Ota,99.99,4,23,21.2,2.5,100.0,1,1,0,166.75
Shinagawa,89.83,2,6,5.7,1.9,93.3,0,1,0,224.98
Bunkyo,54.47,2,24,38.9,6.5,92.0,0,0,0,94.71
Suginami,63.4,2,2,16.0,12.3,94.5,1,1,0,136.54
Setagaya,104.87,3,18,12.9,9.0,91.0,1,0,0,179.75
Suginami,42.33,1,23,41.6,1.2,83.1,1,1,0,81.08
Setagaya,78.73,4,10,4.5,2.2,82.4,0,0,0,154.75
Minato,89.8,4,10,4.4,2.8,90.4,1,1,1,330.67
Adachi,37.83,1,20,50.0,1.1,100.0,1,0,1,68.81
Toshima,78.86,4,15,13.6,3.9,88.8,1,1,0,188.89
Toshima,79.92,3,28,2.0,1.6,84.7,1,1,0,208.2
Adachi,74.89,3,24,11.6,1.2,100.0,1,1,0,170.47
Itabashi,61.69,3,5,18.0,4.9,89.5,1,0,0,121.35
Adachi,71.28,3,9,30.5,1.0,98.7,1,0,0,123.64
Meguro,80.28,3,5,0.2,18.7,68.4,0,0,0,226.88
Ota,77.44,3,20,10.9,3.4,96.7,1,1,0,167.46
Edogawa,90.82,3,17,0.2,1.8,100.0,1,1,0,194.19
Chuo,64.54,3,3,13.6,1.0,100.0,1,1,0,173.24
Koto,130.36,4,2,3.9,15.1,97.2,0,1,0,235.22
Shinjuku,64.64,3,21,38.9,4.7,84.6,1,0,0,119.02
Bunkyo,70.75,3,2,50.0,7.7,83.9,0,1,1,149.58
Bunkyo,63.64,3,11,6.6,8.4,82.0,0,1,0,182.52
Chiyoda,56.29,2,21,6.8,5.6,91.0,1,1,1,169.48
Meguro,134.1,5,19,17.4,9.2,93.7,1,1,0,212.84
Suginami,63.04,4,16,27.2,6.4,85.4,1,1,1,157.08
Shibuya,44.1,1,28,3.4,2.5,93.0,0,1,0,179.33
Koto,64.73,2,27,13.7,1.8,97.4,0,0,1,169.61
Arakawa,89.31,4,15,20.0,9.5,73.8,1,1,1,144.89
Chuo,52.84,2,19,11.7,5.4,97.3,1,0,0,157.96
Bunkyo,144.32,5,10,3.2,3.1,100.0,1,0,0,201.89
Chiyoda,50.34,1,15,40.8,1.0,99.9,1,1,1,140.61
Chiyoda,34.06,1,22,28.2,5.4,85.6,1,1,1,186.55
Itabashi,118.72,5,24,3.0,4.7,88.9,0,1,0,215.14
Arakawa,100.16,5,20,13.5,1.0,100.0,0,1,1,139.33
Meguro,95.3,4,13,0.3,6.2,78.1,1,0,0,239.15
Koto,121.12,4,28,7.8,3.7,89.3,1,1,0,218.96
Arakawa,91.72,3,28,10.0,4.4,85.5,0,1,0,156.42
Ota,72.7,4,2,2.3,1.1,100.0,0,1,0,98.17
Kita,69.03,3,22,8.0,4.5,75.9,1,1,0,141.73
Katsushika,64.92,2,3,6.4,9.8,61.0,1,1,0,163.59
Adachi,68.99,4,19,30.9,4.2,96.2,0,1,1,130.22
Meguro,98.0,4,17,1.7,1.0,94.4,1,1,0,254.47
Meguro,43.43,1,12,0.5,8.9,78.5,1,1,0,191.57
Sumida,20.0,1,20,13.8,30.0,33.3,1,1,0,22.32
Shinjuku,97.21,4,17,10.3,4.9,75.6,1,0,0,157.65
Shibuya,87.69,3,15,2.4,6.8,73.4,0,1,0,200.89
Edogawa,36.25,1,20,4.3,5.4,90.0,1,1,0,161.0
Itabashi,135.06,4,26,17.5,9.8,88.0,1,0,0,129.98
Shinagawa,72.27,2,7,3.5,23.6,35.1,1,0,0,159.68
Sumida,50.98,2,12,1.5,15.5,82.0,1,1,0,116.12
Meguro,107.12,4,4,19.0,2.0,93.3,0,1,0,202.94
Katsushika,68.69,3,12,6.7,1.7,91.0,1,1,0,141.14
Shinjuku,76.38,3,27,1.1,15.7,57.7,1,0,0,185.58
Bunkyo,87.43,3,18,18.3,1.4,90.7,0,1,1,215.76
Koto,85.57,4,12,25.6,6.6,98.3,1,1,0,154.14
Nerima,75.52,4,24,7.1,13.3,72.3,1,1,0,154.0
Shibuya,26.59,1,27,16.3,10.8,69.3,1,1,1,156.95
Nerima,114.03,4,26,34.3,1.7,100.0,1,1,1,210.98
Shinjuku,100.77,4,11,0.9,12.9,81.6,0,1,0,214.75
Shinjuku,104.8,5,15,9.3,30.0,44.1,1,1,0,170.75
Shibuya,83.79,3,9,3.1,8.7,91.8,1,0,0,239.6
Shinagawa,74.95,3,9,20.0,12.0,79.1,0,1,0,173.21
Setagaya,67.65,2,6,3.5,2.4,90.0,1,0,0,146.76
Setagaya,120.69,3,29,3.8,7.6,98.7,1,1,0,249.66
Shinagawa,57.75,2,26,7.2,11.7,69.5,1,0,0,172.31
Ota,43.38,2,25,24.4,17.4,71.9,1,0,1,78.76
Koto,70.33,3,27,50.0,3.7,80.9,1,0,0,99.34
Katsushika,92.72,4,9,4.2,1.0,100.0,1,0,0,166.3
Minato,71.84,3,3,11.1,19.7,54.3,1,0,0,176.19
Arakawa,45.9,1,23,1.1,4.2,85.3,1,1,0,109.48
Itabashi,23.73,1,19,8.8,3.4,100.0,1,1,1,125.28
Adachi,50.73,2,30,47.8,1.0,94.5,0,0,1,78.89
Chiyoda,42.16,2,9,10.3,3.4,100.0,1,0,1,226.83
Sumida,20.0,1,14,10.0,11.9,79.6,0,1,0,64.94
Bunkyo,31.27,1,6,6.1,6.0,97.0,1,1,0,169.01
Chuo,73.98,3,12,4.5,4.2,100.0,1,0,0,193.55
Meguro,86.79,3,24,2.4,30.0,54.3,1,1,0,198.52
Katsushika,73.23,2,1,2.3,2.0,90.1,1,1,0,153.98
Kita,67.14,4,6,1.4,10.6,73.2,1,1,0,174.67
Arakawa,68.27,2,1,7.6,30.0,35.2,0,0,0,54.57
Toshima,91.78,3,11,17.0,9.6,100.0,1,1,0,193.89
Minato,53.23,2,13,32.9,5.0,69.2,0,1,0,165.78
Taito,50.98,2,22,10.8,2.3,100.0,1,0,0,121.14
Katsushika,27.67,2,8,18.9,5.4,78.2,0,1,0,102.78
Edogawa,78.76,2,11,17.3,2.0,100.0,1,1,1,166.34
Taito,20.0,1,16,2.4,6.4,75.3,1,1,0,141.97
Chiyoda,72.32,3,1,30.9,6.0,81.8,0,1,0,152.87
Ota,84.06,2,4,46.3,3.7,88.2,1,1,0,111.53
Koto,42.22,1,14,15.5,30.0,30.1,0,1,0,45.84
Nerima,96.02,4,26,24.7,27.2,58.0,1,1,1,130.47
Toshima,56.41,3,16,6.6,2.3,100.0,1,1,0,184.53
Arakawa,71.09,4,21,2.6,9.0,78.3,0,1,0,147.51
Nakano,20.0,1,10,8.4,1.0,90.0,1,1,0,104.44
Kita,51.19,3,27,8.7,11.8,100.0,1,0,0,123.85
Katsushika,20.0,2,3,9.2,30.0,53.2,0,0,1,38.25
Sumida,102.9,4,25,20.1,2.5,94.9,1,1,1,178.34
Chiyoda,40.67,2,12,20.2,6.2,84.6,0,1,0,187.09
Edogawa,26.97,1,23,27.2,2.7,90.8,1,1,1,77.49
Chiyoda,80.38,3,1,5.1,14.1,86.3,1,1,0,210.87
Chuo,20.0,2,13,8.8,4.7,69.7,0,0,0,136.69
Shinjuku,67.27,3,22,14.9,13.0,59.2,1,1,1,212.71
Ota,51.35,3,3,2.9,3.3,87.1,0,1,0,116.94
Katsushika,60.31,3,27,7.6,14.4,78.0,1,1,0,142.13
Kita,67.04,3,7,13.3,14.8,76.3,0,1,0,83.54
Setagaya,74.74,3,23,8.2,1.7,99.3,1,0,0,195.21
Nerima,110.68,4,10,17.4,1.0,93.0,1,1,0,196.6
Suginami,43.59,2,14,9.5,1.0,91.4,1,0,0,111.13
Taito,74.04,3,28,2.6,1.0,100.0,1,1,0,161.36
Adachi,66.83,3,7,38.5,3.2,91.8,1,0,1,101.52
Setagaya,20.0,2,15,12.9,1.0,100.0,0,0,0,91.47
Toshima,142.21,5,14,6.2,1.0,100.0,1,1,0,294.91
Itabashi,50.05,2,1,47.8,10.3,100.0,1,1,0,59.86
Shinjuku,50.32,2,24,6.1,1.1,100.0,1,1,0,117.4
Itabashi,96.12,3,9,2.6,5.6,92.9,1,0,0,189.54
Kita,54.61,1,2,15.2,15.3,65.0,1,0,0,99.84
Ota,20.0,1,15,9.0,12.6,81.9,1,1,0,103.23
Ota,76.46,4,6,2.9,1.0,84.1,1,0,0,178.6
Shinjuku,117.78,4,23,3.7,2.4,97.0,0,0,0,328.43
Itabashi,65.64,2,24,10.7,9.8,79.6,0,1,0,119.38
Koto,76.02,3,10,15.9,5.3,100.0,1,0,1,124.04
Sumida,64.15,2,7,30.5,4.3,94.4,1,0,0,117.97
Adachi,96.6,3,2,8.8,3.5,100.0,1,0,1,167.27
Shinjuku,102.8,3,26,0.3,1.3,95.9,0,0,0,187.87
Chiyoda,79.88,3,28,3.8,7.6,78.8,1,0,0,213.02
Koto,42.62,2,18,12.1,1.1,95.1,1,1,0,120.09
Adachi,63.77,3,15,41.2,24.9,51.5,0,1,1,50.17
Minato,102.31,5,2,2.1,5.1,91.5,1,1,0,149.37
Chuo,27.2,1,28,8.1,16.0,64.8,0,1,0,110.94
Nakano,33.68,1,10,9.5,15.6,62.4,1,0,1,91.5
Adachi,77.84,3,11,4.7,13.7,66.2,1,1,0,161.57
Taito,65.1,2,9,28.5,24.7,44.9,0,1,1,88.63
Adachi,26.47,1,30,11.3,4.8,71.4,0,0,0,77.21
Arakawa,22.59,2,4,20.8,2.9,82.3,1,1,0,86.38
Shinjuku,20.0,1,25,2.9,11.9,73.3,1,1,0,130.11
Sumida,78.48,3,15,4.3,3.8,78.5,1,1,0,216.38
Shinjuku,90.07,3,11,3.2,5.4,100.0,1,0,0,186.77
Ota,104.28,3,21,24.6,1.9,97.4,0,0,0,163.55
Shinagawa,101.41,5,7,9.4,28.0,44.3,1,1,0,149.82
Nerima,41.48,2,10,50.0,12.6,73.9,1,1,1,50.68
Bunkyo,120.23,5,26,45.8,3.6,88.3,1,0,1,169.43
Nakano,84.93,3,15,10.4,8.5,77.7,1,1,0,180.16
Taito,89.81,2,3,46.3,19.9,67.6,1,0,1,73.53
Shinagawa,120.37,4,1,7.7,5.2,66.1,1,0,0,234.79
Meguro,62.91,3,20,17.7,1.0,97.0,1,0,0,190.63
Shinagawa,116.31,3,29,6.4,4.6,79.0,1,0,0,219.13
Meguro,28.86,1,17,20.1,1.0,84.6,1,1,0,109.53
Shinjuku,62.75,3,7,11.9,3.3,96.8,0,0,0,113.6
Shinagawa,58.36,1,25,8.5,3.5,80.5,0,0,0,122.46
Adachi,59.25,2,19,14.8,4.8,100.0,0,1,0,90.48
Edogawa,74.96,3,14,11.4,5.2,97.2,1,1,0,186.09
Suginami,66.58,3,29,9.6,12.5,74.9,0,1,0,112.61
Arakawa,20.0,2,4,17.7,9.8,82.5,1,1,1,92.94
Setagaya,67.19,3,17,26.2,2.8,91.0,1,1,0,178.99
Shibuya,54.29,2,27,14.6,1.3,93.5,1,0,1,219.03
Ota,35.32,2,1,0.8,6.5,75.9,0,0,0,107.78
Meguro,54.73,2,18,23.5,7.9,75.5,1,0,0,140.79
Shinjuku,57.55,2,3,31.8,1.0,100.0,1,0,1,160.02
Toshima,71.63,2,20,17.9,6.9,95.1,0,0,1,158.21
Minato,20.0,1,10,10.2,6.8,77.7,0,1,0,146.73
Shinjuku,50.22,2,8,25.5,3.7,100.0,1,1,1,144.29
Kita,46.69,2,10,10.7,1.0,99.2,1,1,1,156.1
Arakawa,33.88,1,25,3.2,1.0,92.6,1,1,0,107.26
Shibuya,76.88,3,23,9.2,1.7,83.1,1,1,0,218.34
Katsushika,82.1,3,14,32.6,3.6,80.5,1,1,1,148.48
Edogawa,79.29,3,6,11.3,2.7,100.0,1,0,1,171.61
Adachi,96.44,5,3,23.4,2.1,81.0,1,1,1,147.83
Toshima,83.59,3,7,11.5,7.3,82.8,1,0,0,173.61
Shinagawa,95.57,4,2,4.2,1.5,100.0,1,1,0,199.91
Ota,24.79,2,14,39.6,7.2,87.1,0,0,1,71.06
Edogawa,97.15,4,5,8.8,8.6,76.3,1,0,1,163.41
Chiyoda,77.37,2,4,10.5,4.9,76.1,0,0,0,183.0
Suginami,51.36,2,2,8.3,1.1,100.0,1,1,0,112.42
Itabashi,108.85,3,24,18.4,1.1,100.0,1,1,1,221.47
Taito,108.32,4,6,50.0,6.2,68.7,1,1,1,92.95
Meguro,88.68,3,20,19.0,3.3,100.0,1,1,0,163.41
Shinjuku,68.2,3,19,27.0,11.2,54.1,1,0,0,102.98
Suginami,125.86,4,21,2.3,1.0,100.0,0,1,0,199.54
Bunkyo,95.5,5,12,4.2,3.8,86.0,1,0,0,207.51
Nerima,35.09,1,7,0.9,7.7,85.2,1,0,0,117.49
Chuo,20.0,2,24,25.7,1.0,100.0,1,0,0,140.44
Minato,113.81,3,24,1.3,2.7,97.2,1,1,0,277.11
Itabashi,141.23,3,1,41.9,4.9,97.3,0,0,1,153.64
Shinjuku,110.06,4,30,4.0,17.0,58.2,1,1,0,217.31
Nakano,115.74,3,26,3.0,3.6,87.8,1,1,0,137.09
Chuo,20.0,2,4,18.3,9.1,67.5,1,0,1,98.17
Kita,58.51,2,4,14.4,8.8,92.3,1,0,1,120.18
Kita,83.97,3,5,9.1,1.0,86.7,1,0,0,149.51
Minato,90.38,5,16,12.4,22.9,44.2,1,1,0,202.58
Shinagawa,46.24,2,17,31.7,6.4,75.3,0,1,1,137.15
Chuo,30.58,2,19,4.2,8.4,94.8,0,1,0,166.1
Edogawa,77.75,4,27,13.1,10.5,76.0,1,1,1,176.64
Katsushika,100.4,5,27,4.9,1.8,100.0,1,0,0,151.57
Shinjuku,86.02,3,13,2.8,15.9,50.4,1,0,0,173.81
Kita,94.76,4,13,20.9,1.0,96.0,1,0,0,120.87
Minato,97.58,3,26,12.2,5.5,96.6,1,0,0,252.44
Itabashi,64.46,4,14,23.9,1.0,91.9,0,1,1,146.44
Nakano,84.57,3,8,8.1,9.2,100.0,1,1,1,166.18
Chiyoda,107.23,3,29,6.4,5.4,78.7,0,0,0,221.56
Nakano,121.44,4,2,17.1,17.7,63.6,0,0,0,127.69
Arakawa,43.73,2,29,2.1,21.7,53.0,0,1,0,82.01
Nerima,98.21,4,6,4.6,6.9,68.5,1,1,0,166.67
Bunkyo,68.77,3,25,29.7,3.2,89.7,1,1,0,161.79
Shinagawa,102.94,4,28,8.6,2.6,74.9,1,0,0,159.05
Taito,78.26,4,13,22.2,23.7,49.3,1,0,1,97.83
Katsushika,52.85,1,29,16.5,3.6,100.0,1,1,0,129.93
Nerima,80.45,3,6,10.7,9.7,79.6,1,0,0,154.47
Taito,32.5,2,29,11.2,3.2,86.5,1,0,0,160.45
Suginami,90.68,4,30,12.7,22.2,55.8,1,1,1,156.0
Kita,77.15,3,2,1.3,12.7,92.2,1,1,0,121.7
Katsushika,100.05,3,25,50.0,12.6,94.2,0,1,1,104.61
Arakawa,107.46,3,16,31.3,4.9,100.0,0,1,1,161.15
Toshima,118.37,5,18,13.2,4.0,100.0,1,0,0,160.93
Shinjuku,91.56,3,1,21.5,3.5,90.2,1,1,0,157.63
Meguro,60.01,4,18,0.8,9.3,86.4,1,1,0,151.92
Taito,95.78,4,12,4.3,2.2,93.7,1,1,0,228.96
Adachi,76.05,3,28,5.0,7.2,76.6,1,1,0,182.79
Nerima,143.38,4,30,11.7,1.0,100.0,1,0,0,203.43
Edogawa,36.55,1,16,50.0,14.0,59.3,0,1,1,28.0
Taito,65.13,3,8,32.9,3.8,94.7,1,1,1,82.46
Sumida,43.32,1,1,1.8,4.8,90.6,1,1,0,125.49
Shinagawa,73.79,4,18,12.2,6.7,74.5,0,1,0,162.15
Edogawa,64.45,3,25,11.7,7.4,69.8,1,1,0,160.21
Katsushika,129.18,3,21,4.7,2.0,88.1,1,1,0,184.08
Itabashi,53.06,3,12,23.5,17.2,54.3,0,0,1,93.3
Meguro,52.4,3,9,16.9,18.5,63.8,1,1,0,160.94
Sumida,20.0,1,8,50.0,30.0,50.1,1,1,0,10.0
Koto,73.14,2,6,50.0,13.1,69.2,1,0,1,66.28
Kita,70.69,4,26,35.0,1.0,94.6,0,1,0,129.56
Taito,45.24,2,4,9.0,10.6,73.7,1,1,0,120.87
Katsushika,27.91,1,15,16.7,9.4,79.9,1,0,0,65.19
Kita,34.33,2,19,8.7,12.4,63.8,1,1,0,124.05
Taito,93.24,4,25,40.4,2.5,91.7,1,1,1,164.33
Koto,77.98,3,6,3.0,8.3,88.4,1,1,0,173.47
Setagaya,54.59,2,17,1.5,2.3,100.0,1,1,0,208.04
Sumida,105.99,4,22,1.8,9.2,67.4,1,1,0,170.98
Toshima,95.86,3,21,5.8,1.0,94.8,1,1,0,201.12
Shinjuku,77.29,3,23,8.9,16.0,69.7,1,0,0,175.58
Bunkyo,73.14,3,22,5.4,17.6,58.4,0,0,0,183.45
Shinjuku,119.2,3,10,2.0,1.0,95.8,1,0,0,245.41
Nerima,70.35,3,10,6.4,14.8,57.0,1,0,0,102.89
Chuo,98.18,4,3,0.9,7.1,82.7,1,1,0,223.31
Bunkyo,33.62,1,18,2.0,4.9,90.9,1,1,0,135.73
Ota,45.04,2,1,2.7,1.0,87.1,1,0,0,97.8
Nakano,28.81,2,29,6.2,2.9,95.1,1,0,0,146.42
Suginami,109.44,4,1,10.6,8.4,92.8,1,1,0,114.47
Katsushika,69.46,3,9,4.2,1.0,100.0,1,1,0,162.99
Shibuya,43.68,2,10,19.4,20.8,47.9,0,0,0,135.83
Adachi,69.99,2,13,1.1,4.7,85.9,1,0,0,115.6
Shinjuku,47.08,3,20,21.0,2.3,100.0,1,0,1,175.45
Nakano,43.65,3,8,9.9,1.5,88.0,1,1,0,159.03
Taito,56.12,1,22,33.3,5.3,93.9,1,0,1,132.97
Nakano,48.52,2,12,3.6,1.0,100.0,1,1,1,173.4
Minato,40.34,2,16,5.4,10.0,85.3,1,1,0,226.19
Arakawa,20.0,1,18,1.9,16.9,86.6,1,1,0,70.04
Suginami,25.31,1,13,2.9,12.4,79.9,1,1,0,95.47
Taito,130.56,5,16,48.8,11.1,63.3,0,1,1,175.13
Setagaya,69.2,3,12,0.4,4.8,95.0,1,1,0,194.85
Edogawa,70.26,3,9,11.1,1.0,100.0,1,1,0,133.3
Shinagawa,70.09,2,13,21.6,11.0,76.6,1,1,1,212.0
Minato,85.93,3,29,5.9,1.6,99.6,0,1,0,267.44
Shinagawa,72.73,3,16,11.7,8.8,69.8,1,0,1,158.66
Taito,47.57,2,21,7.2,13.1,65.8,1,0,0,142.8
Itabashi,38.66,1,23,19.2,9.2,91.8,1,0,0,85.31
Taito,27.21,1,17,4.0,1.0,79.5,0,0,0,128.92
Nerima,94.54,3,3,35.0,5.3,82.3,1,1,1,105.15
Chuo,84.49,3,15,0.3,24.6,64.5,0,1,0,160.12
Edogawa,67.31,3,27,50.0,23.5,40.3,1,0,1,46.9
Chuo,65.67,3,7,12.5,1.0,92.0,1,1,0,204.72
Chuo,93.76,4,22,17.1,7.8,87.0,1,1,0,202.45
Chuo,111.05,4,2,2.8,14.2,74.9,1,0,0,207.94
Ota,85.04,3,17,19.0,3.0,100.0,1,0,1,194.43
Chuo,103.7,5,1,5.1,1.8,100.0,0,1,0,132.72
Setagaya,72.15,2,15,6.0,5.4,100.0,1,1,1,167.42
Chiyoda,46.95,2,11,5.7,3.7,100.0,1,1,0,212.96
Chuo,20.0,1,12,4.4,8.1,84.8,1,1,0,170.56
Arakawa,75.11,3,23,35.3,12.5,74.1,1,1,0,95.75
Shinagawa,76.43,3,19,3.2,5.1,92.4,1,1,0,196.57
Shinagawa,98.34,4,6,38.3,1.6,100.0,0,1,1,183.45
Chiyoda,20.0,1,11,15.7,10.3,90.4,1,0,0,124.88
Shinjuku,95.1,4,3,8.6,1.0,57.4,1,0,0,165.41
Minato,71.37,3,16,50.0,9.8,92.0,1,0,0,147.75
Ota,97.53,3,4,23.5,17.1,65.1,1,1,0,131.57
Nerima,88.29,3,9,15.6,4.2,94.5,1,1,1,148.22
Setagaya,64.14,3,30,45.0,4.5,88.4,1,1,1,146.65
Shinagawa,77.64,3,28,5.6,10.8,68.2,0,1,0,155.77
Shibuya,63.76,4,8,32.4,6.0,87.1,1,1,1,195.27
Nakano,41.3,1,25,5.6,2.5,100.0,1,0,0,120.46
Sumida,97.24,4,7,16.6,18.5,86.3,0,1,0,138.05
Suginami,82.58,3,16,8.4,28.8,57.3,1,0,0,120.4
Meguro,141.54,4,17,18.3,8.7,80.7,1,1,0,218.15
Koto,21.28,2,17,50.0,3.6,99.2,0,1,0,50.74
Ota,80.87,2,7,21.8,1.8,100.0,1,1,1,172.88
Arakawa,64.63,3,2,2.7,2.7,93.7,1,1,0,124.95
Chuo,54.87,3,27,2.2,28.8,48.7,0,1,0,134.04
Suginami,80.75,2,21,18.8,5.9,86.9,0,1,0,132.61
Bunkyo,76.03,3,15,20.2,8.7,87.9,1,0,1,199.67
Itabashi,70.46,3,28,15.7,2.2,85.7,1,0,0,126.66
Chuo,105.22,5,14,25.0,3.2,88.7,1,0,1,199.39
Nerima,43.45,2,12,15.8,25.3,50.4,1,0,0,73.23
Chiyoda,99.34,4,7,0.5,8.7,95.8,1,1,0,245.98
Chiyoda,70.32,3,15,5.8,1.0,100.0,1,1,0,215.4
Nerima,20.0,1,1,5.7,15.4,75.0,1,1,0,89.47
Ota,77.8,3,29,13.3,5.7,72.8,1,0,0,147.26
Chiyoda,45.61,1,14,11.2,1.2,89.1,0,0,0,173.19
Chuo,58.68,3,7,1.2,2.0,96.5,1,1,0,210.38
Ota,109.53,5,14,4.4,1.0,100.0,1,0,0,214.35
Minato,80.49,3,9,43.5,7.7,86.6,1,1,1,189.28
Bunkyo,58.99,3,3,46.9,4.4,93.9,1,1,1,99.91
Itabashi,63.28,4,24,2.2,2.7,93.8,0,1,0,156.73
Meguro,48.92,2,11,6.7,6.5,77.5,0,0,0,180.2
Minato,74.47,2,1,2.8,12.4,60.0,1,0,0,231.61
Bunkyo,76.15,3,30,7.0,1.9,97.9,0,0,0,205.61
Katsushika,121.29,5,16,5.2,2.9,100.0,0,0,1,153.04
Itabashi,89.5,3,7,6.8,2.1,98.8,0,0,0,146.99
Meguro,93.71,5,10,2.8,6.7,88.2,1,1,0,250.7
Sumida,67.79,2,13,16.4,13.3,88.1,1,1,0,130.58
Taito,20.0,1,3,5.5,1.8,92.8,0,0,0,87.65
Toshima,38.56,1,26,0.4,17.4,63.1,0,1,0,115.86
Katsushika,122.94,4,4,9.0,1.0,100.0,1,0,0,165.88
Arakawa,93.54,3,4,8.8,2.2,86.9,0,1,0,141.52
Bunkyo,76.08,3,15,35.0,4.1,81.1,1,1,1,181.96
Meguro,120.93,3,13,2.5,1.9,100.0,0,1,0,229.61
Chuo,61.52,2,7,10.6,10.6,63.5,0,0,0,139.04
Suginami,20.0,1,28,15.9,8.6,88.2,0,0,1,118.71
Toshima,104.9,4,10,7.0,1.0,97.8,1,0,1,245.41
Taito,95.32,4,12,4.7,2.4,65.3,1,1,1,174.77
Koto,110.29,3,16,3.3,6.5,84.6,0,0,0,168.22
Shibuya,42.47,2,15,19.4,7.3,83.3,1,0,1,168.92
Taito,122.69,4,7,8.0,6.7,100.0,1,1,0,180.47
Ota,83.31,2,2,10.5,13.0,57.0,1,0,0,128.47
Nerima,109.19,3,6,20.8,1.6,87.8,0,0,1,205.58
Kita,97.62,4,5,16.1,4.6,100.0,0,1,1,213.72
Bunkyo,20.0,1,6,4.9,2.1,73.2,1,1,0,146.46
Meguro,69.51,2,3,50.0,10.4,72.7,1,0,1,109.14
Nakano,28.21,1,29,50.0,2.2,100.0,1,1,1,54.88
Kita,70.44,3,12,9.7,12.1,83.5,1,1,0,116.9
Adachi,35.48,1,8,2.6,30.0,39.6,1,1,0,55.37
Minato,91.69,5,12,9.6,2.2,85.5,0,0,1,238.04
Toshima,79.29,3,28,38.2,1.6,96.5,0,1,1,159.16
Meguro,64.08,3,26,0.5,1.0,72.8,1,1,0,199.82
Kita,89.05,2,24,5.8,12.1,78.8,1,1,0,94.72
Edogawa,96.19,4,1,44.0,4.0,90.4,0,0,1,105.39
Nerima,82.38,3,21,0.3,30.0,32.9,1,1,0,73.04
Minato,54.07,1,3,5.6,7.1,97.6,1,1,0,176.7
Arakawa,57.94,2,22,24.8,1.0,100.0,1,0,0,128.18
Chiyoda,56.11,2,11,11.0,13.7,67.7,1,1,0,179.88
Setagaya,78.64,2,24,14.9,2.4,92.5,0,1,0,153.67
Arakawa,67.24,3,14,13.6,4.2,87.7,1,1,1,161.04
Adachi,71.36,3,28,9.5,18.9,62.8,1,1,0,115.96
Shibuya,20.0,1,22,50.0,4.9,99.4,1,1,1,135.08
Sumida,79.9,3,13,38.1,2.3,100.0,1,0,1,128.15
Meguro,81.2,3,24,11.8,1.3,100.0,1,1,0,249.57
Chiyoda,66.94,3,14,1.5,10.4,69.4,1,1,0,208.92
Suginami,75.17,3,13,30.4,1.4,93.5,1,1,1,172.53
Chiyoda,43.63,1,22,25.2,15.1,75.5,0,1,0,115.25
Chiyoda,93.16,4,12,13.0,8.0,97.7,1,0,0,187.59
Shibuya,118.72,5,16,25.6,2.3,75.9,1,1,0,274.53
Setagaya,38.37,1,20,8.8,1.5,100.0,1,1,0,131.64
Itabashi,109.66,3,27,2.4,2.4,94.7,1,0,0,219.45
Taito,41.16,3,1,12.8,30.0,38.3,0,0,1,59.66
Katsushika,44.0,2,25,2.5,11.5,80.5,1,1,0,132.13
Toshima,80.07,3,30,30.7,1.9,100.0,1,0,0,142.8
Suginami,82.52,2,7,10.7,1.6,97.6,0,0,0,162.99
Katsushika,77.13,3,7,45.9,8.5,71.1,1,0,1,85.58
Adachi,82.08,3,30,13.8,1.7,95.8,0,1,0,147.2
Nerima,107.19,4,3,22.3,17.0,61.7,0,1,0,121.75
Bunkyo,75.73,2,24,15.4,1.5,98.0,0,1,0,170.59
Edogawa,113.43,4,24,9.0,3.2,85.9,0,1,1,150.0
Kita,98.27,3,12,20.1,2.8,100.0,1,1,0,190.75
Katsushika,42.62,2,27,2.7,8.2,78.4,1,0,0,130.82
Taito,64.02,2,29,5.0,1.6,100.0,1,1,0,161.9
Chiyoda,74.88,3,3,0.3,2.2,89.7,1,0,0,208.03
Nakano,20.0,2,22,2.9,1.5,90.0,1,1,0,107.75
Chuo,76.28,3,14,10.1,8.5,72.2,0,1,1,204.43
Kita,66.66,3,13,9.6,7.9,82.1,1,0,1,159.54
Arakawa,36.49,1,17,18.8,2.0,91.3,1,0,0,75.78
Koto,28.85,1,25,23.3,10.1,76.7,1,0,1,83.44
Shinjuku,20.23,1,17,27.7,11.0,69.3,1,1,1,105.37
Nakano,99.26,5,12,23.6,1.0,100.0,0,0,0,152.49
Shinagawa,66.73,3,10,4.9,10.5,64.1,0,1,0,171.52
Koto,92.09,5,11,2.7,3.2,100.0,1,1,0,202.76
Suginami,47.31,2,1,12.8,20.6,75.0,1,1,0,78.8
Shibuya,92.92,4,22,46.9,1.0,97.5,0,1,1,231.88
Arakawa,37.14,2,20,37.4,1.0,90.6,1,0,1,96.81
Suginami,36.54,2,29,12.7,1.1,97.5,1,1,0,152.35
Bunkyo,68.84,2,17,7.0,7.7,65.7,1,1,0,213.34
Chiyoda,96.33,4,2,15.8,6.8,78.5,1,0,1,209.84
Suginami,48.23,1,12,0.8,5.4,81.0,0,1,0,140.13
Meguro,74.13,2,7,6.9,4.8,86.0,0,1,0,200.48
Nerima,51.29,2,6,2.8,1.0,91.9,1,1,0,139.22
Ota,121.53,4,25,4.1,1.7,100.0,1,1,0,220.64
Edogawa,66.98,3,10,6.3,21.4,44.8,1,1,0,108.14
Adachi,88.0,3,24,4.7,10.0,76.8,1,1,0,185.18
Taito,62.11,3,14,10.6,7.9,73.8,1,1,0,160.03
Shinjuku,158.99,3,24,32.0,4.8,86.1,0,1,1,245.79
Toshima,58.6,2,20,16.5,17.6,46.4,1,0,1,85.51
Minato,99.58,4,27,21.9,30.0,49.0,1,1,1,204.93
Chuo,64.16,2,17,7.0,2.7,100.0,0,1,1,205.48
Chiyoda,50.49,1,16,50.0,3.9,78.9,1,1,1,125.81
Itabashi,20.0,1,27,3.4,9.9,89.6,1,0,0,93.3
Chiyoda,35.21,1,2,0.7,5.9,85.5,0,0,0,168.65
Shinagawa,82.72,2,24,50.0,11.5,60.9,0,1,1,140.3
Nerima,80.6,3,3,7.9,5.6,100.0,1,1,1,164.79
Taito,82.2,2,14,5.6,10.4,76.4,1,1,0,153.2
Chuo,96.26,4,6,5.8,4.5,89.8,1,0,0,235.81
Shibuya,103.27,5,5,16.9,8.2,96.6,0,0,0,159.47
Taito,63.13,3,14,1.2,12.7,78.8,1,0,0,138.66
Adachi,73.39,2,3,12.5,4.6,89.7,0,1,1,117.13
Ota,115.19,4,12,50.0,1.1,100.0,0,1,1,127.66
Shinagawa,54.1,2,3,12.0,12.3,66.8,0,1,0,118.52
Shibuya,77.46,3,12,28.7,1.5,85.9,1,1,1,190.21
Toshima,91.22,4,30,0.4,9.4,79.3,0,1,0,185.46
Shinagawa,86.9,4,18,16.2,1.0,91.7,1,0,0,174.99
Edogawa,130.09,4,22,2.3,2.9,86.5,1,0,0,235.48
Bunkyo,113.4,4,20,44.9,15.7,71.0,0,0,1,135.92
Ota,90.66,4,9,17.6,2.2,95.9,0,0,0,127.42
Shinjuku,64.96,4,21,2.1,3.4,94.8,1,1,0,227.57
Chuo,132.97,3,19,6.5,2.2,96.3,1,1,0,224.17
Chuo,98.78,4,8,8.1,11.6,73.2,1,1,0,237.96
Minato,51.39,2,12,3.8,1.8,100.0,0,0,0,215.44
Adachi,93.69,4,17,7.4,25.7,27.4,1,0,0,137.23
Toshima,95.92,5,11,40.1,1.0,100.0,1,0,0,171.36
Sumida,40.09,2,30,6.1,5.3,93.1,1,1,1,134.97
Bunkyo,73.25,4,25,18.9,1.3,98.5,1,0,0,166.75
Minato,122.45,4,12,10.9,1.0,100.0,1,1,0,304.45
Itabashi,49.81,2,27,5.6,20.4,78.1,0,0,0,94.15
Nerima,89.85,3,28,12.7,30.0,58.0,1,0,0,115.16
Nerima,23.67,1,27,44.9,30.0,45.7,1,1,1,10.0
Katsushika,96.83,3,19,13.7,3.7,95.2,1,0,1,188.85
Sumida,95.76,4,25,14.0,4.8,86.5,0,1,0,201.46
Shinagawa,90.09,4,13,3.2,4.8,87.5,0,1,0,187.04
Itabashi,50.84,3,18,10.4,1.1,100.0,0,0,1,169.44
Arakawa,81.72,4,13,8.6,4.5,85.4,1,1,0,175.25
Kita,25.97,1,7,50.0,17.1,68.3,1,0,1,21.61
Nakano,33.71,1,10,33.0,30.0,48.5,0,0,0,10.0
Shinjuku,114.3,4,4,14.8,11.8,94.8,0,1,0,261.46
Kita,68.38,4,20,7.1,10.1,94.0,1,0,0,134.37
Shinjuku,54.05,2,1,5.6,18.6,56.1,1,1,0,122.33
Katsushika,61.36,4,23,27.8,13.6,62.0,1,0,0,81.72
Setagaya,79.39,3,28,17.0,5.0,100.0,0,1,1,180.93
Minato,62.5,4,19,1.8,7.1,78.8,1,1,0,200.7
Adachi,79.43,3,16,32.0,11.1,85.1,1,0,0,106.99
Shibuya,149.23,4,13,5.7,3.1,94.4,1,0,0,253.13
Nerima,87.3,3,12,20.7,1.7,92.0,1,1,1,152.25
Setagaya,68.6,3,12,4.9,3.3,92.8,1,0,0,201.66
Kita,26.64,1,23,40.1,6.1,72.7,1,1,1,88.01
Edogawa,31.47,1,29,0.7,5.3,83.8,1,0,0,101.53
Suginami,81.71,2,27,5.4,10.8,68.3,1,1,0,187.71
Nakano,74.75,2,14,10.0,3.8,100.0,1,1,0,133.32
Chiyoda,70.71,4,22,18.6,10.5,76.4,1,0,0,145.43
Itabashi,65.96,3,11,14.0,3.2,99.7,1,0,1,172.05
Kita,31.76,2,19,50.0,23.5,63.2,0,1,1,23.78
Suginami,98.17,5,19,18.4,9.2,72.7,1,1,0,162.34
Chuo,95.75,4,26,28.2,3.2,92.4,1,0,1,205.97
Shinagawa,82.59,4,28,11.5,1.0,96.7,0,1,1,210.46
Sumida,64.47,4,27,14.4,21.1,67.9,1,0,1,114.57
Shinagawa,118.62,5,17,50.0,1.0,96.0,1,0,1,196.24
Setagaya,50.16,2,19,14.2,1.0,98.7,1,0,1,190.29
Shibuya,57.73,2,17,44.8,1.6,81.4,1,0,0,165.65
Toshima,51.81,2,4,37.3,1.0,96.1,1,0,1,135.46
Adachi,85.31,3,8,41.0,30.0,43.2,1,1,1,59.57
Arakawa,41.26,3,2,4.4,2.6,89.9,0,0,0,117.53
Shinjuku,83.1,3,4,32.1,4.4,92.3,1,0,0,149.31
Nerima,85.25,4,14,16.3,4.9,76.3,0,1,0,131.54
Nakano,88.42,3,1,4.5,10.4,75.6,0,0,0,137.32
Kita,36.38,2,19,12.3,18.5,72.0,0,1,1,110.32
Bunkyo,40.92,3,13,4.8,6.9,94.7,0,0,0,141.18
Ota,49.59,1,19,12.0,4.1,97.5,1,0,0,106.89
Chuo,122.53,4,10,22.2,1.6,84.5,0,0,0,190.31
Taito,65.87,3,23,13.3,3.7,85.1,1,1,0,197.28
Itabashi,94.71,4,25,1.9,23.7,52.3,0,1,0,177.9
Chiyoda,44.56,3,14,17.6,6.3,78.1,1,0,0,165.38
Setagaya,117.22,4,13,6.5,10.8,83.3,1,0,0,220.39
Toshima,65.25,3,18,3.7,11.4,82.1,0,1,0,156.78
Shinjuku,88.87,3,19,3.3,8.2,82.4,1,0,0,152.97
Katsushika,65.05,3,1,8.4,13.5,83.6,1,0,0,104.02
Koto,37.97,1,14,3.6,6.1,80.4,1,1,0,144.1
Katsushika,101.09,4,19,10.4,8.9,84.2,1,0,0,113.2
Shinjuku,97.39,3,13,2.0,5.2,93.4,0,0,0,219.97
Taito,98.4,3,12,15.6,15.0,80.3,1,0,1,105.07
Meguro,120.96,4,7,1.2,17.4,61.1,0,1,0,224.83
Ota,50.89,2,27,1.7,18.1,70.6,1,1,0,121.57
Nerima,20.0,1,15,12.1,20.9,59.3,1,0,0,51.24
Setagaya,122.32,3,24,18.5,3.2,94.0,1,0,0,159.71
Shibuya,98.05,5,29,50.0,9.0,71.7,0,0,1,206.41
Edogawa,81.82,3,8,0.7,1.7,87.1,0,1,0,160.22
Toshima,127.37,5,12,8.6,10.2,70.2,1,0,1,137.76
Bunkyo,45.96,2,6,33.8,12.6,71.0,0,1,0,106.71
Shinjuku,80.08,3,12,38.6,1.4,98.4,1,0,1,139.3
Nakano,29.75,1,7,14.7,5.6,96.5,1,0,0,64.36
Adachi,70.03,2,4,2.5,1.0,100.0,0,1,0,161.86
Sumida,74.68,4,10,5.3,10.3,77.6,1,1,0,167.77
Bunkyo,99.16,4,18,50.0,5.4,100.0,1,1,1,148.03
Suginami,105.18,4,23,47.7,2.5,85.7,0,0,1,132.82
Katsushika,28.85,1,8,23.0,1.0,100.0,1,0,1,100.35
Nakano,78.0,3,22,3.1,3.7,85.9,1,1,0,180.06
Kita,79.18,2,8,11.1,6.6,99.8,1,1,0,101.95
Ota,100.45,4,30,9.3,6.7,86.0,1,1,0,185.29
Bunkyo,49.86,2,19,0.5,11.0,78.5,1,0,0,189.6
Arakawa,25.84,1,25,50.0,11.2,77.7,1,0,1,25.4
Chuo,90.14,5,29,19.4,5.3,93.3,1,0,1,221.48
Sumida,84.57,4,14,50.0,15.6,81.3,1,0,1,93.0
Taito,98.67,4,1,2.5,1.1,96.2,1,1,0,225.8
Toshima,106.98,3,25,50.0,1.0,92.6,1,1,1,126.15
Toshima,34.0,2,27,13.7,8.1,74.1,1,1,0,127.1
Katsushika,59.67,2,9,50.0,13.0,74.0,1,0,1,44.51
Bunkyo,24.9,1,7,19.9,6.4,69.6,1,0,1,145.34
Adachi,80.56,3,25,6.2,3.8,92.2,1,0,0,152.06
Chuo,28.75,2,9,1.2,2.7,100.0,0,1,0,175.92
Sumida,88.72,4,17,15.3,6.9,98.4,1,1,1,172.66
Sumida,35.31,1,27,17.0,30.0,36.9,0,0,0,33.33
Suginami,58.65,2,12,36.3,1.5,95.4,1,1,0,111.2
Chiyoda,53.27,1,27,6.0,10.2,85.8,1,1,0,137.81
Taito,88.87,3,14,26.8,1.0,98.9,1,0,1,167.98
Sumida,58.54,2,24,12.8,1.0,100.0,0,1,0,107.07
Shibuya,81.19,3,1,22.5,2.5,90.4,1,0,1,185.33
Nakano,20.0,1,2,34.1,19.4,62.9,1,1,1,41.21
Adachi,72.66,3,16,9.2,1.0,77.5,1,1,0,127.96
Suginami,38.97,1,25,8.8,1.0,100.0,1,1,0,118.17
Koto,78.49,3,4,8.5,21.1,44.0,0,0,0,104.51
Chiyoda,66.53,3,23,1.2,1.0,94.4,0,0,0,239.27
Edogawa,98.28,4,10,5.0,17.3,49.6,1,0,1,113.54
Ota,68.31,3,25,2.5,1.0,93.1,0,1,0,178.58
Nerima,44.09,2,2,2.5,7.1,89.6,1,1,0,109.07
Chiyoda,44.09,2,26,11.3,1.3,80.7,1,1,0,147.48
Taito,36.34,1,1,9.6,3.5,83.0,0,0,0,122.5
Chuo,104.72,5,27,3.1,23.0,65.5,1,0,0,165.57
Nerima,89.02,3,21,11.0,11.5,71.8,0,0,0,138.11
Meguro,73.8,2,27,1.8,3.8,100.0,0,0,0,253.16
Minato,53.35,1,29,29.0,8.4,82.4,1,1,1,166.88
Chuo,44.99,1,5,9.8,2.4,91.9,0,1,0,177.29
Arakawa,43.39,2,20,16.4,2.5,91.3,0,1,0,105.25
Itabashi,73.02,2,11,3.2,10.1,96.4,1,0,0,144.99
Bunkyo,61.82,2,9,9.6,30.0,56.6,1,0,0,100.78
Shibuya,72.38,3,1,34.0,3.8,100.0,1,1,0,216.06
Kita,48.59,2,26,5.1,12.8,80.7,1,0,0,120.65
Suginami,29.35,2,21,15.9,4.3,89.2,0,1,0,143.07
Chuo,20.0,1,24,5.7,2.9,100.0,1,1,0,112.98
Chuo,56.53,2,3,50.0,7.6,77.0,1,0,0,83.44
Toshima,113.35,5,30,7.0,12.1,86.1,1,0,0,191.4
Nakano,39.5,1,5,13.7,1.8,89.8,1,1,0,113.23
Sumida,90.61,4,16,1.5,5.6,66.0,1,0,0,139.17
Shinjuku,65.47,4,27,17.4,2.4,100.0,1,1,0,215.69
Bunkyo,23.87,1,25,7.5,5.0,91.0,1,0,0,122.25
Shibuya,43.48,1,23,10.4,8.6,80.6,1,1,0,202.35
Adachi,62.32,3,9,2.8,2.2,100.0,1,0,0,135.26
Edogawa,69.78,3,28,13.5,2.3,70.5,0,0,0,152.21
Koto,72.92,3,23,1.3,15.1,56.0,0,1,0,115.42
Kita,73.32,3,21,8.3,3.3,78.5,1,0,0,109.3
Chuo,68.35,3,24,5.8,4.4,87.4,1,0,0,202.24
Ota,101.68,3,30,4.8,1.0,82.9,1,1,0,170.79
Setagaya,77.89,3,16,13.6,8.0,75.4,1,0,0,179.74
Chiyoda,145.81,3,4,6.6,14.5,67.4,1,0,1,260.5
Shibuya,56.13,2,26,16.9,1.1,93.6,1,1,0,216.93
Koto,70.52,3,20,16.2,22.1,63.1,0,1,0,108.46
Ota,91.61,4,19,0.7,2.8,100.0,1,0,0,149.79
Bunkyo,82.94,2,18,8.6,23.8,60.1,1,1,0,143.66
Shinagawa,59.54,1,2,13.8,7.1,88.3,1,1,1,138.32
Itabashi,45.07,2,20,27.6,4.5,100.0,1,1,1,107.8
Chuo,52.91,2,6,10.2,1.0,90.3,1,1,1,210.77
Arakawa,103.77,3,14,0.7,12.9,76.6,1,1,0,165.99
Adachi,37.9,1,22,10.8,1.3,100.0,1,0,0,112.9
Setagaya,79.54,3,27,1.5,2.4,99.3,0,0,0,108.23
Chuo,81.57,4,20,14.8,3.9,100.0,1,1,1,165.9
Bunkyo,45.82,2,26,24.8,18.5,70.9,1,0,1,89.54
Taito,86.71,4,12,3.5,1.0,100.0,0,1,0,163.59
Sumida,73.64,3,17,24.1,7.2,90.8,1,1,1,153.5
Katsushika,41.99,3,21,50.0,6.4,80.8,1,0,1,59.41
Minato,102.28,4,19,39.5,18.5,64.4,0,0,0,204.45
Suginami,76.65,3,29,33.9,4.4,84.5,1,1,1,168.92
Itabashi,70.61,2,20,19.6,1.6,100.0,1,1,0,147.14
Chiyoda,50.68,2,19,7.5,1.0,100.0,1,0,0,175.66
Chiyoda,47.01,2,14,29.9,3.3,81.9,0,1,0,141.81
Koto,52.94,2,24,5.4,6.7,90.2,1,0,0,121.04
Katsushika,94.92,3,1,28.4,2.9,100.0,0,1,0,158.3
Setagaya,94.06,4,27,24.4,8.6,89.1,0,0,0,136.13
Nakano,20.0,1,1,1.7,6.6,80.8,1,1,0,129.16
Edogawa,36.8,1,4,23.1,4.3,92.2,0,1,0,104.24
Koto,43.46,2,12,20.5,10.4,64.9,1,1,0,120.88
Chiyoda,25.63,1,18,22.9,8.1,100.0,1,1,1,152.81
Shinjuku,53.0,3,5,1.9,10.5,99.7,1,0,0,159.93
Shinagawa,89.74,4,20,2.1,17.8,75.9,1,1,0,126.9
Itabashi,57.87,1,24,50.0,30.0,38.2,1,1,1,27.8
Minato,98.22,4,16,15.1,2.0,83.2,1,1,1,291.17
Setagaya,64.58,3,18,18.7,19.4,47.6,1,0,1,135.46
Chuo,20.0,1,25,9.1,15.0,60.3,1,0,0,106.76
Ota,20.0,1,20,50.0,5.5,100.0,0,0,1,46.92
Suginami,53.49,2,24,8.0,15.5,61.5,1,1,0,138.79
Itabashi,34.73,2,3,20.7,2.1,95.3,1,1,1,112.63
Itabashi,52.74,2,12,22.6,2.7,98.0,1,0,0,86.2
Minato,104.8,4,12,15.9,1.6,100.0,1,0,0,268.39
Meguro,55.41,2,19,5.5,11.9,79.2,1,0,0,186.11
Meguro,27.49,1,19,1.9,1.0,100.0,1,0,0,187.89
Shinagawa,83.46,3,6,44.4,6.8,98.8,1,1,1,148.72
Nakano,76.75,3,19,9.4,3.2,100.0,1,1,0,147.47
Itabashi,42.89,2,3,0.4,2.1,98.4,0,0,0,139.02
Shinagawa,84.68,3,2,36.4,3.2,100.0,0,1,1,150.67
Shinagawa,94.14,5,12,14.1,10.1,67.4,1,1,0,170.04
Suginami,91.1,3,11,14.4,4.3,100.0,1,1,0,178.44
Shinjuku,28.57,2,14,6.0,4.6,94.0,1,1,0,165.12
Adachi,84.24,4,26,38.5,1.3,98.0,1,0,1,123.46
Itabashi,61.51,3,10,26.5,1.0,83.9,0,1,0,126.42
Shinjuku,23.57,2,27,42.3,12.2,70.9,0,1,1,76.17
Taito,33.21,1,6,16.8,2.5,100.0,1,0,0,79.08
Taito,20.0,1,20,0.6,2.5,100.0,0,1,0,139.88
Itabashi,20.0,1,8,1.0,2.1,95.0,1,1,0,114.49
Kita,77.92,2,9,18.4,4.3,77.7,0,1,0,175.19
Ota,70.77,2,8,44.4,17.7,55.6,1,1,1,58.33
Koto,20.0,1,22,1.1,1.0,100.0,1,1,0,135.61
Nerima,102.48,3,12,5.5,7.7,64.2,0,1,0,166.31
Chiyoda,43.9,3,18,38.2,15.7,60.6,1,1,1,162.69
Itabashi,113.82,4,14,32.0,8.6,79.6,1,1,1,116.49
Bunkyo,73.16,3,4,7.3,1.0,93.4,0,0,0,195.58
Minato,108.8,3,11,6.3,14.9,82.7,1,0,0,225.47
Setagaya,77.36,2,14,19.2,25.9,50.8,1,0,0,92.24
Setagaya,20.0,1,2,10.0,4.4,100.0,0,0,0,129.44
Bunkyo,20.0,1,30,14.0,4.2,100.0,1,1,1,112.08
Ota,69.14,4,25,21.8,13.7,56.2,1,1,0,118.61
Chuo,62.62,3,24,0.3,11.1,69.3,1,0,0,180.28
Ota,59.99,1,24,35.5,20.1,51.9,0,1,1,101.95
Sumida,87.78,3,10,2.1,1.2,89.3,0,1,0,209.44
Setagaya,127.05,4,27,2.2,6.6,88.2,1,1,0,215.14
Shinagawa,90.05,4,20,50.0,1.2,100.0,1,1,1,150.5
Kita,84.0,2,11,10.9,6.1,87.4,1,0,0,163.29
Bunkyo,27.09,2,17,5.7,26.6,41.9,1,0,0,99.9
Bunkyo,101.41,4,22,35.3,8.0,74.5,0,1,1,176.66
Edogawa,43.84,2,13,0.4,21.4,50.6,1,1,0,98.36
Ota,99.01,4,18,2.2,4.0,91.4,1,0,0,192.45
Katsushika,64.42,4,29,0.6,3.2,91.3,1,1,0,180.44
Chuo,90.19,4,6,0.3,1.5,100.0,1,0,0,253.39
Taito,136.25,4,28,25.3,8.3,76.2,0,1,1,194.8
Meguro,64.01,3,25,12.8,5.1,93.0,1,1,1,211.58
Katsushika,75.23,3,28,20.1,30.0,52.6,1,1,0,88.37
Minato,73.77,2,7,6.0,4.2,93.8,1,1,0,238.98
Minato,67.76,3,13,8.6,5.8,83.6,0,1,0,256.66
Meguro,58.02,2,13,6.3,25.3,53.1,0,1,0,146.92
Shibuya,20.0,2,22,6.1,6.1,91.9,1,0,0,174.89
Katsushika,60.23,3,8,47.1,8.3,79.7,1,1,1,68.61
Shinagawa,29.5,1,15,27.7,7.1,74.1,1,0,1,95.6
Katsushika,108.95,5,1,11.7,5.2,76.2,0,1,1,216.8
Adachi,123.6,5,8,35.4,4.2,87.8,0,1,1,162.48
Minato,58.07,2,22,35.0,2.5,98.3,0,1,1,156.29
Minato,113.31,4,2,7.0,1.2,87.4,1,1,0,129.07
Arakawa,32.47,1,6,1.6,1.8,100.0,1,0,0,104.93
Minato,141.46,4,18,23.3,2.7,96.9,1,0,0,198.95
Chuo,103.21,3,27,28.5,3.1,97.6,1,0,1,144.57
Nerima,75.28,3,15,16.5,4.2,76.5,1,0,1,162.77
Koto,66.53,4,18,6.1,11.4,78.6,1,0,0,146.31
Kita,92.51,4,5,12.4,1.0,91.3,1,0,0,158.51
Shibuya,82.47,3,9,3.9,4.5,94.8,0,1,0,224.07
Katsushika,84.79,2,4,0.4,3.3,100.0,0,1,0,164.94
Sumida,99.58,3,25,2.2,2.8,97.5,1,0,0,189.24
Nakano,86.58,2,10,10.3,7.6,53.9,1,1,0,128.63
Shinjuku,93.28,3,20,32.8,4.2,100.0,1,1,1,148.01
Katsushika,80.34,2,3,1.2,8.2,87.1,1,1,0,176.67
Chuo,95.68,5,6,50.0,5.4,93.2,0,0,1,171.45
Arakawa,65.51,3,4,1.4,28.2,47.2,1,1,0,93.19
Edogawa,96.24,3,24,31.4,1.0,87.2,1,1,1,151.76
Bunkyo,81.84,4,6,6.0,10.4,73.9,1,0,0,191.32
Shinjuku,135.24,4,5,2.5,13.9,67.6,1,1,0,162.13
Shinjuku,75.18,2,19,44.1,1.0,96.8,0,0,1,167.26
Nakano,58.99,1,28,5.4,7.9,76.7,1,0,0,139.51
Kita,101.05,3,5,5.5,14.9,65.9,0,0,0,138.23
Bunkyo,28.4,2,17,4.1,9.8,82.8,1,1,0,149.39
Bunkyo,113.82,5,8,48.3,6.4,100.0,1,0,1,130.56
Nerima,62.86,2,25,13.0,8.1,70.3,1,0,0,97.23
Koto,81.99,3,21,4.2,8.5,74.2,0,1,0,142.62
Shinagawa,99.76,3,11,1.1,30.0,39.0,1,1,0,179.32
Bunkyo,91.85,4,23,9.8,8.1,91.6,1,0,0,177.35
Bunkyo,74.0,3,28,13.2,2.2,100.0,0,0,1,226.38
Shinjuku,62.52,4,28,2.2,1.0,86.7,1,1,0,204.75
Shibuya,48.89,2,27,3.6,10.7,98.4,1,0,1,176.04
Setagaya,63.99,4,26,1.2,1.2,99.2,1,1,0,240.19
Suginami,54.15,2,7,39.6,9.3,70.7,1,1,1,112.43
Shinagawa,74.86,2,23,7.3,1.2,94.7,1,0,1,178.23
Chuo,87.26,2,12,8.0,21.5,64.4,1,1,0,156.28
Nerima,39.59,1,8,8.7,30.0,29.0,1,1,0,57.53
Nakano,75.43,4,20,12.4,1.0,86.2,0,1,0,186.74
Itabashi,78.02,3,28,31.1,1.0,92.5,1,0,0,122.07
Shinagawa,86.82,3,30,35.4,16.4,77.7,1,1,0,116.49
Kita,37.87,1,25,5.6,2.5,93.6,0,1,0,120.57
Ota,109.63,3,4,7.6,14.4,71.0,1,1,0,108.86
Toshima,83.52,2,21,13.5,5.8,83.2,0,1,0,176.19
Nakano,90.05,5,11,40.3,16.8,82.3,0,1,1,107.37
Nakano,102.0,4,19,13.4,8.4,93.7,0,1,0,157.94
Chuo,51.43,1,26,14.0,15.0,75.3,1,0,0,127.99
Kita,37.14,1,9,3.2,13.2,61.1,0,0,0,58.92
Arakawa,25.89,1,16,25.7,12.8,74.9,0,0,1,55.76
Shinjuku,69.16,4,21,21.1,2.1,100.0,0,1,0,165.13
Adachi,46.05,2,20,16.1,13.5,68.9,1,1,0,84.24
Shinjuku,91.33,4,1,11.9,1.4,85.5,0,0,0,172.0
Shinjuku,102.68,4,21,34.9,9.3,91.0,1,0,1,180.05
Koto,50.5,2,29,5.0,1.9,91.8,1,0,0,98.39
Nerima,76.05,3,6,50.0,1.5,91.3,1,0,1,78.43
Katsushika,90.48,4,4,30.5,1.0,90.0,1,1,1,131.07
Shibuya,99.46,3,13,9.7,1.0,88.5,1,1,1,252.96
Minato,27.8,1,7,11.4,10.5,89.0,0,1,0,164.29
Nakano,73.49,3,27,5.9,10.6,93.3,0,1,0,160.55
Taito,78.05,4,2,6.7,3.2,100.0,0,1,0,146.86
Toshima,52.31,1,30,18.1,5.8,69.1,1,0,1,130.12
Shibuya,28.95,1,15,17.2,1.0,99.7,0,1,1,202.9
Edogawa,98.78,5,30,12.8,2.4,100.0,1,0,0,152.99
Itabashi,72.19,4,26,0.3,2.6,94.7,1,0,0,183.21
Bunkyo,79.34,4,26,0.8,10.8,81.6,1,1,0,182.1
Shibuya,58.0,3,26,3.0,18.8,47.5,1,0,0,185.49
Shinagawa,60.01,3,27,6.8,1.0,94.3,1,1,0,198.29
Edogawa,64.24,3,28,11.9,1.9,94.8,1,1,1,162.91
Adachi,102.02,5,28,19.6,3.5,100.0,1,1,0,172.24
Shinagawa,84.26,4,26,22.7,2.5,100.0,1,1,1,212.25
Suginami,62.93,3,10,2.9,4.4,100.0,0,1,0,204.28
Shibuya,52.53,2,17,50.0,7.5,88.0,1,1,1,119.63
Chuo,83.76,4,11,0.3,8.0,94.3,0,1,0,270.53
Meguro,75.39,3,3,28.5,30.0,49.1,1,1,1,136.05
Bunkyo,89.49,2,26,38.7,10.9,62.1,1,1,0,118.86
Bunkyo,80.13,3,23,34.0,19.5,65.2,0,1,0,138.06
Setagaya,105.3,4,14,26.7,9.0,85.8,1,1,1,223.29
Kita,27.18,1,5,5.8,4.0,97.3,0,1,0,88.55
Nerima,20.0,1,17,7.0,17.2,54.7,1,1,0,78.67
Adachi,20.0,2,17,42.8,9.0,86.0,0,0,1,44.95
Toshima,100.4,5,1,33.2,1.0,100.0,0,1,1,173.77
Chiyoda,54.57,2,20,1.8,10.5,68.6,0,1,0,160.2
Sumida,20.0,2,4,7.2,11.3,69.3,1,0,1,88.8
Setagaya,59.77,3,12,7.7,1.0,78.9,0,1,1,180.81
Bunkyo,73.7,3,9,0.1,10.2,99.0,1,1,0,182.95
Koto,77.91,2,14,21.8,3.0,99.1,1,0,0,143.32
Taito,120.43,3,9,7.6,1.0,100.0,1,1,0,206.44
Chuo,42.14,2,9,12.3,11.1,76.4,0,0,0,139.92
Kita,86.54,3,23,46.6,4.0,70.3,1,1,1,129.54
Nerima,30.79,1,21,8.9,1.0,100.0,1,1,0,132.43
Shinjuku,63.13,3,17,19.6,6.5,97.0,1,1,1,239.85
Shinjuku,91.97,5,20,0.3,8.8,77.3,1,1,0,238.3
Chuo,54.56,2,25,1.6,1.0,89.6,0,0,0,172.3
Meguro,72.67,3,30,19.4,5.2,85.8,0,0,1,201.6
Shibuya,85.14,3,19,11.1,8.7,74.4,1,0,0,229.78
Edogawa,128.98,3,18,7.8,4.0,100.0,1,1,0,143.76
Bunkyo,60.5,4,13,4.9,2.4,95.0,0,0,0,204.77
Koto,83.9,2,20,4.9,1.6,99.6,0,0,0,156.79
Bunkyo,89.08,2,13,7.9,2.4,100.0,1,0,0,222.32
Adachi,101.23,5,4,20.2,12.0,82.6,0,1,0,133.09
Shinagawa,65.23,3,7,3.1,5.8,88.7,1,0,0,157.36
Adachi,26.11,2,7,8.9,24.0,54.4,0,0,0,41.66
Edogawa,72.71,3,13,8.7,4.0,92.2,0,1,0,131.0
Toshima,88.78,2,23,9.9,2.6,100.0,1,1,0,212.08
Suginami,92.54,4,5,1.4,11.0,83.6,1,1,0,200.93
Nerima,59.73,3,24,0.9,4.3,81.6,1,1,0,179.87
Nakano,113.55,4,17,11.9,8.6,81.9,1,0,1,206.78
Taito,36.89,1,26,2.0,1.7,100.0,0,1,0,132.07
Minato,20.35,1,7,10.0,6.7,87.6,1,1,0,124.88
Edogawa,100.43,4,7,6.4,2.1,100.0,1,1,0,167.7
Bunkyo,108.39,4,27,14.9,5.1,96.9,1,1,1,245.64
Minato,54.83,2,26,0.1,12.9,75.0,1,1,0,235.36
Taito,46.22,3,7,8.1,2.6,73.2,0,1,0,152.57
Toshima,73.51,3,15,7.3,7.0,88.4,1,1,0,206.92
Setagaya,54.65,3,12,2.7,17.7,62.7,1,1,0,107.41
Meguro,65.92,3,22,9.4,3.7,100.0,0,0,1,256.15
Nerima,59.76,3,30,38.2,2.9,100.0,1,0,1,115.86
Adachi,105.08,4,20,0.3,4.4,89.4,0,0,0,199.76
Chiyoda,53.9,2,16,8.1,12.5,58.9,1,1,0,159.01
Shibuya,80.11,3,22,25.0,1.1,100.0,1,0,0,202.16
Kita,48.11,2,10,7.0,21.3,71.1,1,1,1,103.44
Katsushika,66.03,3,20,8.6,4.7,91.5,0,0,1,137.07
Arakawa,43.36,2,2,7.9,1.1,91.6,0,0,0,136.68
Chuo,111.1,4,24,15.7,19.3,66.4,1,1,0,183.44
Edogawa,65.52,3,7,2.9,1.0,83.5,0,1,0,127.88
Suginami,20.0,1,17,3.3,5.5,92.6,1,1,0,119.88
Nerima,85.48,4,15,6.4,14.9,75.5,0,1,0,149.61
Arakawa,31.86,1,11,4.6,2.1,93.3,1,0,0,83.15
Minato,96.11,3,13,11.0,11.5,75.9,1,1,0,204.83
Bunkyo,100.23,4,23,31.8,23.1,46.7,0,1,1,119.57
Setagaya,108.08,4,13,3.9,5.7,85.1,1,1,0,219.16
Shinjuku,87.82,3,13,25.5,2.6,88.9,1,1,1,198.13
Nakano,45.96,3,17,42.0,1.0,100.0,0,0,1,115.81
Edogawa,77.92,4,15,50.0,1.0,94.1,1,1,1,127.86
Arakawa,80.28,4,11,32.3,10.1,91.9,1,0,1,107.52
Setagaya,110.46,4,3,5.6,15.5,48.4,1,1,0,199.8
Nerima,81.42,2,19,10.3,1.1,100.0,0,1,0,181.75
Itabashi,36.48,1,30,6.4,14.7,56.0,0,1,0,117.01
Koto,38.85,2,1,50.0,2.1,90.8,1,0,1,87.98
Chiyoda,85.58,3,6,1.8,3.8,80.8,1,1,0,203.28
Meguro,20.0,2,6,4.7,4.0,100.0,0,0,0,132.18
Bunkyo,131.82,3,22,0.9,20.0,54.7,0,0,0,193.97
Meguro,83.63,2,14,7.2,4.8,96.6,1,1,0,286.84
Edogawa,58.33,2,23,9.9,3.0,100.0,1,0,0,117.05
Ota,57.45,3,4,4.3,16.7,65.7,1,0,1,143.15
Bunkyo,86.64,3,3,20.3,1.1,87.1,1,0,0,171.24
Chiyoda,81.28,4,26,2.4,1.3,90.9,1,1,0,211.56
Nakano,92.03,4,2,11.2,12.5,66.4,0,1,0,164.64
Itabashi,152.29,5,9,50.0,6.8,97.2,1,1,1,206.36
Meguro,114.54,3,12,0.8,18.4,92.0,1,1,0,229.1
Adachi,98.52,3,1,24.0,1.0,81.5,1,0,1,158.58
Edogawa,31.15,2,11,41.7,8.5,67.4,1,1,1,57.12
Taito,101.44,3,18,22.0,26.9,58.4,1,1,1,105.02
Shinagawa,131.94,5,9,1.0,5.1,87.8,0,1,0,220.66
Sumida,94.98,5,22,21.1,8.5,91.5,1,0,1,136.54
Ota,66.22,3,23,4.4,12.2,78.8,1,0,1,134.74
Meguro,114.08,4,17,27.0,5.2,86.2,1,0,1,244.82
Chuo,95.25,4,1,20.8,1.0,100.0,1,1,1,200.77
Arakawa,86.39,3,12,12.8,30.0,40.0,1,1,0,91.84
Katsushika,78.49,4,9,4.9,12.8,77.5,1,0,1,176.9
Taito,20.0,2,3,0.3,8.0,68.6,1,1,0,75.52
Minato,68.57,3,4,8.6,2.1,100.0,1,1,0,196.43
Chuo,34.86,2,15,9.6,5.8,100.0,0,1,0,167.7
Nakano,123.58,3,20,50.0,5.5,81.4,1,1,1,141.79
Meguro,70.28,2,18,19.4,7.5,94.0,1,1,1,170.56
Chuo,64.37,3,18,22.3,1.0,94.8,1,0,1,197.64
Shinjuku,42.33,2,29,0.4,1.0,85.6,0,0,0,176.09
Meguro,64.55,3,30,50.0,1.0,100.0,1,0,1,158.14
Edogawa,20.0,2,1,19.0,7.3,89.1,1,1,1,91.11
Katsushika,83.35,2,2,2.5,3.7,99.5,0,0,0,132.12
Adachi,76.32,4,22,21.0,17.1,61.1,1,1,0,88.16
Katsushika,72.96,3,5,4.9,9.0,76.4,1,1,0,128.2
Sumida,91.88,5,24,17.7,13.3,77.6,1,1,0,190.89
Toshima,109.86,3,27,7.6,20.4,55.2,0,1,0,184.29
Setagaya,20.0,1,4,4.3,2.0,100.0,1,0,0,128.79
Suginami,47.91,3,11,11.8,3.3,93.6,1,1,0,140.64
Nakano,54.82,2,23,19.4,12.5,76.6,1,1,0,98.13
Edogawa,81.46,2,2,8.1,3.3,100.0,0,1,0,157.43
Minato,61.1,4,20,28.4,12.8,77.8,1,1,1,197.81
Ota,20.0,1,28,9.0,4.1,92.4,1,0,1,116.17
Shinjuku,97.89,5,27,18.5,3.2,90.8,0,0,0,181.26
Koto,20.0,2,30,23.0,10.4,72.2,1,0,1,82.78
Koto,96.83,4,27,5.0,1.0,98.8,1,1,0,242.98
Koto,74.77,2,15,8.9,1.4,84.7,0,1,0,145.7
Kita,133.6,4,18,2.6,9.4,96.2,0,1,0,221.06
Chiyoda,111.79,3,9,7.6,3.9,100.0,1,0,0,213.1
Itabashi,78.55,3,17,14.8,13.7,69.5,1,0,0,126.39
Katsushika,47.96,1,18,24.6,1.5,94.0,0,1,1,108.21
Chuo,55.27,1,11,5.7,1.0,84.0,1,1,0,221.12
Koto,105.74,4,29,6.3,1.0,100.0,1,1,0,206.2
Toshima,91.06,3,18,1.7,17.2,55.7,1,1,0,181.95
Itabashi,44.59,2,1,2.9,1.4,100.0,1,1,0,175.34
Adachi,62.0,3,18,3.7,8.9,79.8,0,0,0,129.27
Shinjuku,93.69,5,30,1.3,1.0,100.0,1,1,0,224.32
Meguro,83.66,3,22,30.3,4.3,100.0,1,1,0,133.74
Nerima,92.4,4,2,29.6,8.0,80.3,0,0,1,144.21
Shinagawa,20.0,1,7,5.2,5.2,82.7,0,0,0,100.35
Arakawa,54.19,2,8,1.7,13.5,70.4,1,0,0,124.41
Taito,74.08,3,28,18.9,30.0,33.8,1,1,1,119.49
Bunkyo,38.07,1,3,23.9,2.3,93.4,0,1,1,152.59
Bunkyo,45.88,2,12,4.9,1.9,97.5,0,0,0,169.0
Katsushika,73.98,3,16,32.0,8.6,64.6,0,1,1,99.24
Nerima,41.12,2,27,50.0,15.4,75.5,0,0,0,22.64
Itabashi,42.8,2,28,6.2,22.8,47.1,1,1,0,99.87
Minato,92.47,4,9,5.6,3.4,78.7,1,1,0,206.15
Chiyoda,94.52,4,6,26.4,4.8,95.2,1,1,1,197.4
Itabashi,57.5,2,16,45.3,17.6,86.1,0,1,1,58.33
Shibuya,48.78,3,27,32.6,3.5,93.8,0,0,1,178.74
Nakano,96.98,4,12,0.1,8.9,78.0,0,0,0,125.31
Taito,36.72,2,8,23.1,8.2,65.8,0,1,0,83.03
Arakawa,62.44,3,30,9.2,8.9,90.8,0,0,0,105.55
Itabashi,121.93,4,6,30.0,15.6,66.6,1,0,1,169.69
Minato,98.16,4,28,6.7,1.6,89.8,1,1,1,270.83
Setagaya,74.19,3,12,50.0,6.4,83.1,0,1,1,116.79
Meguro,83.77,2,14,33.5,16.2,53.2,1,1,1,163.02
Edogawa,67.95,3,25,18.2,15.3,67.7,1,1,0,123.86
Itabashi,51.49,3,22,41.4,7.8,97.3,0,1,1,103.05
Bunkyo,66.42,3,28,13.7,4.3,99.2,0,0,0,199.4
Minato,80.65,2,18,6.3,1.0,100.0,0,1,0,242.97
Arakawa,91.57,3,10,6.8,1.0,100.0,0,0,0,165.09
Nakano,35.76,1,18,19.6,1.0,91.8,0,0,0,106.91
Katsushika,20.0,1,19,3.1,6.7,77.7,0,1,0,81.68
Arakawa,86.29,2,1,21.1,2.8,96.4,1,0,1,163.56
Chiyoda,85.62,3,30,1.3,1.8,96.5,1,1,0,232.97
Toshima,56.48,2,29,5.3,17.2,62.6,0,0,0,123.6
Meguro,30.42,2,3,5.3,6.6,85.3,1,1,1,198.39
Taito,76.4,3,17,11.8,30.0,35.8,1,0,0,86.09
Suginami,75.27,2,14,16.3,10.8,87.1,1,0,1,151.75
Nakano,115.81,4,24,4.9,1.0,88.5,1,1,0,179.95
Itabashi,31.81,1,6,1.6,1.2,100.0,0,1,0,135.46
Nerima,129.49,5,17,7.9,1.3,89.9,0,1,0,224.71
Ota,74.17,4,2,20.2,5.7,79.1,1,1,0,142.71
Adachi,109.23,4,29,12.8,18.5,69.8,0,0,0,141.65
Taito,20.0,1,2,4.7,1.0,100.0,0,1,0,109.86
Setagaya,59.02,2,11,27.7,1.6,99.3,0,0,0,146.9
Chuo,62.17,4,2,9.9,3.9,92.9,1,1,1,204.56
Nerima,62.31,3,21,38.2,19.9,44.2,1,0,1,67.18
Meguro,88.29,2,11,8.0,5.4,100.0,0,1,0,247.02
Nakano,73.93,2,4,16.3,12.8,85.5,0,0,1,101.31
Arakawa,54.38,2,9,10.1,6.6,96.9,1,0,0,122.34
Minato,87.14,4,8,11.2,1.0,98.4,1,1,0,246.9
Edogawa,98.18,5,24,1.0,8.4,66.4,1,1,0,184.32
Arakawa,73.94,4,23,7.8,13.6,84.9,1,0,0,108.64
Meguro,94.31,3,16,2.1,6.1,88.6,1,0,0,213.41
Nakano,102.37,5,5,7.0,16.1,62.6,1,1,0,162.23
Setagaya,86.47,2,17,15.4,11.4,80.1,1,1,0,166.27
Meguro,124.13,5,25,23.0,21.3,66.2,0,0,1,219.82
Bunkyo,67.97,2,2,6.9,5.5,100.0,0,0,0,131.31
Arakawa,84.6,3,29,9.6,15.6,68.3,1,1,0,115.96
Kita,81.24,2,28,4.1,2.1,93.9,1,0,0,171.03
Shinagawa,94.55,5,20,33.6,4.6,95.5,1,1,1,193.33
Setagaya,56.42,2,23,4.8,1.8,91.2,0,0,0,187.44
Ota,55.05,2,6,12.6,3.2,76.6,1,1,0,114.63
Setagaya,91.3,5,6,4.9,17.3,64.6,0,1,0,135.9
Nakano,48.09,2,1,50.0,5.8,66.7,0,0,1,78.47
Taito,20.0,1,10,6.4,6.2,91.6,0,0,0,95.03
Bunkyo,34.89,1,29,0.3,1.9,93.3,1,0,0,116.2
Minato,110.72,5,13,8.9,21.8,54.7,1,0,0,274.48
Minato,104.67,4,29,14.8,21.6,57.8,0,0,1,229.77
Bunkyo,48.46,1,13,26.1,7.1,79.8,1,0,1,118.17
Toshima,104.25,3,8,39.1,10.0,78.6,1,1,1,147.38
Shinjuku,65.3,4,12,14.5,15.5,78.5,1,0,0,141.57
Chuo,135.13,4,2,4.0,5.8,96.8,0,1,0,300.38
Shibuya,20.0,1,13,19.2,5.6,98.5,1,0,1,105.21
Koto,69.17,4,18,1.0,28.6,43.0,1,0,0,90.95
Shibuya,66.69,4,17,49.4,4.7,92.9,0,0,1,166.13
Nakano,72.35,3,28,50.0,4.5,87.4,1,1,0,98.28
Itabashi,85.13,3,20,1.9,4.5,87.9,0,1,0,175.81
Nakano,101.51,4,26,7.1,1.1,99.2,1,1,0,217.32
Taito,60.96,2,5,11.4,26.0,44.6,1,1,0,90.51
Katsushika,126.08,3,24,9.9,6.8,81.9,1,1,0,220.99
Taito,59.42,1,14,1.0,1.0,100.0,1,1,0,202.47
Itabashi,85.37,3,16,26.1,3.6,98.8,1,1,1,167.2
Shibuya,59.55,1,7,7.9,10.2,96.5,0,1,0,222.79
Ota,60.74,4,8,7.3,2.9,77.1,1,1,0,176.94
Minato,71.31,3,10,6.2,7.1,78.1,1,1,0,202.82
Koto,110.53,3,29,0.5,14.1,78.8,1,1,0,215.11
Suginami,77.07,3,6,13.3,3.0,100.0,1,1,0,175.88
Nerima,80.19,2,24,5.5,13.3,68.4,1,0,0,148.96
Meguro,72.9,3,15,50.0,1.6,83.3,0,0,1,122.65
Arakawa,84.48,3,7,2.2,4.4,88.8,1,1,0,155.21
Shinjuku,85.25,3,30,3.3,7.4,100.0,1,0,0,223.08
Koto,36.83,1,25,19.4,5.2,100.0,0,1,1,120.89
Kita,118.81,4,15,17.6,9.0,93.1,0,1,0,174.69
Kita,56.95,2,13,10.4,1.4,100.0,0,0,1,123.58
Suginami,20.0,1,11,21.5,14.2,74.5,0,0,0,73.59
Setagaya,89.48,3,13,4.8,12.8,74.0,0,0,0,165.59
Koto,33.58,1,15,32.6,12.4,74.2,1,0,1,92.44
Edogawa,71.39,3,1,9.1,7.7,80.7,0,1,0,99.66
Adachi,92.92,3,29,50.0,6.1,59.9,0,1,1,94.24
Arakawa,97.83,4,26,27.9,1.0,100.0,1,0,0,129.2
Nerima,22.63,1,5,7.9,1.7,100.0,1,0,1,81.05
Sumida,35.94,1,2,16.0,2.1,96.4,1,1,0,111.91
Adachi,53.76,2,30,0.3,7.0,83.8,1,0,0,110.49
Shinjuku,94.89,3,17,7.5,16.6,53.2,1,1,0,222.84
Shinjuku,39.98,1,21,20.6,1.0,95.2,0,0,1,122.77
Chuo,93.02,5,21,50.0,6.1,73.8,0,1,1,129.53
Shibuya,124.68,5,3,0.9,1.3,90.0,1,1,0,268.38
Kita,75.03,3,7,31.0,4.2,90.9,1,1,0,88.61
Bunkyo,48.23,2,10,2.9,2.4,94.8,1,0,0,178.27
Koto,68.25,2,3,8.4,3.3,99.9,0,0,1,178.18
Bunkyo,65.72,3,14,13.7,3.4,95.8,1,1,0,136.57
Setagaya,83.73,2,6,3.7,18.3,71.5,0,0,0,106.56
Katsushika,88.56,3,29,0.7,12.2,76.5,1,1,0,158.63
Taito,46.36,2,18,39.7,2.6,87.4,1,0,0,85.97
Nerima,111.91,4,29,39.8,5.1,94.6,1,0,1,144.9
Koto,92.14,4,9,14.0,10.3,73.6,0,1,1,153.42
Chiyoda,71.04,2,27,1.4,12.0,72.2,0,1,0,210.38
Nakano,83.36,3,27,3.9,1.0,87.4,1,1,0,123.53
Shinagawa,99.52,5,5,8.5,8.8,73.4,1,0,1,191.3
Arakawa,81.54,4,8,9.6,7.6,86.3,0,1,0,124.79
Meguro,41.94,3,15,14.0,1.5,100.0,1,1,1,189.69
Suginami,80.16,3,20,2.7,8.8,70.9,0,0,0,181.01
Nerima,56.81,3,6,4.9,23.1,41.4,0,1,0,79.04
Edogawa,96.73,4,24,5.0,3.3,82.2,1,0,0,157.34
Toshima,112.08,3,12,15.9,5.3,100.0,0,1,1,189.29
Chuo,67.51,4,23,11.7,4.1,88.3,1,0,0,198.84
Katsushika,61.95,2,19,27.0,6.2,100.0,0,1,0,82.87
Sumida,20.0,1,1,21.6,2.9,100.0,1,1,1,68.73
Bunkyo,81.5,3,15,9.9,3.2,100.0,0,1,0,222.03
Shinjuku,20.0,2,28,16.6,5.4,71.8,1,0,0,108.8
Meguro,119.22,4,4,7.9,12.5,77.2,1,1,0,186.15
Setagaya,92.8,4,29,22.4,8.4,99.1,0,1,1,217.07
Adachi,89.38,3,14,12.9,1.5,100.0,0,1,0,131.04
Meguro,95.32,4,29,27.9,10.5,74.4,1,0,0,191.43
Taito,71.89,4,5,5.3,6.5,83.3,1,1,0,174.29
Edogawa,76.16,3,18,8.4,12.3,58.7,0,0,0,109.75
Kita,88.44,3,29,4.8,1.0,100.0,0,1,0,178.05
Sumida,65.69,3,9,43.6,30.0,39.3,0,1,1,44.9
Minato,88.07,2,18,10.6,6.6,79.9,1,0,1,254.4
Chuo,94.76,4,30,9.1,1.6,89.0,1,1,1,241.18
Itabashi,67.75,3,4,26.6,2.5,85.8,1,1,1,162.41
Nakano,53.36,1,26,9.0,14.1,66.0,1,1,1,162.55
Toshima,100.86,3,22,14.9,3.3,90.5,1,0,0,155.7
Suginami,74.69,3,18,6.9,16.7,63.4,1,1,0,151.5
Adachi,87.43,3,26,3.9,2.4,100.0,1,1,1,200.08
Shinagawa,59.31,2,22,13.6,1.0,100.0,0,1,0,149.81
Setagaya,38.01,1,23,30.0,25.1,62.6,0,0,1,67.04
Itabashi,101.29,4,28,6.6,30.0,41.2,1,1,0,135.65
Koto,103.24,5,15,22.6,2.8,89.3,1,1,0,203.14
Katsushika,78.51,3,14,16.8,2.4,96.5,1,0,0,152.77
Toshima,34.88,2,5,50.0,27.5,55.1,1,1,1,32.33
Ota,52.86,1,17,3.2,4.4,90.4,1,1,0,168.73
Arakawa,78.94,2,5,50.0,30.0,44.6,0,0,1,19.32
Arakawa,20.0,1,23,6.0,15.2,62.5,1,1,0,76.1
Edogawa,75.27,3,10,27.0,4.2,91.8,1,1,1,150.42
Suginami,45.6,2,9,10.2,1.1,94.7,1,1,1,227.61
Chuo,64.76,3,4,4.9,6.1,78.1,1,1,0,165.63
Sumida,20.0,1,17,6.3,19.6,47.1,1,0,0,56.17
Bunkyo,46.4,2,15,13.0,13.3,71.1,0,1,0,143.69
Nakano,71.81,4,6,32.1,1.6,92.6,1,1,0,120.02
Shinagawa,94.9,4,2,13.2,30.0,33.8,1,1,0,133.55
Taito,20.0,1,22,29.9,1.0,100.0,1,0,1,54.79
Adachi,71.55,4,18,3.4,4.7,91.9,1,0,1,154.99
Koto,111.73,4,16,16.4,1.0,99.5,1,1,0,211.79
Bunkyo,59.82,2,3,46.9,17.0,68.9,1,1,1,105.59
Taito,106.82,4,13,1.9,6.6,79.8,0,0,0,144.4
Suginami,68.85,2,21,9.7,4.1,87.3,1,0,0,153.83
Setagaya,30.65,1,18,27.3,1.0,100.0,1,1,0,149.37
Meguro,97.85,4,2,14.1,1.0,90.9,1,1,1,178.65
Itabashi,92.43,4,4,1.2,2.5,98.5,0,0,0,165.92
Toshima,50.96,2,17,50.0,2.8,78.2,0,1,1,76.12
Kita,57.77,1,23,31.3,14.9,75.4,0,1,1,80.51
Nakano,46.53,1,30,8.9,11.9,79.0,1,0,0,121.44
Bunkyo,44.15,2,13,34.6,1.0,100.0,1,0,1,119.83
Nakano,57.06,2,14,4.5,3.5,100.0,1,0,0,115.9
Kita,23.49,1,19,4.8,5.2,72.2,0,1,0,84.78
Chuo,21.25,1,27,0.4,6.2,64.3,1,1,0,164.06
Kita,43.1,2,26,33.5,2.6,100.0,1,0,1,96.22
Bunkyo,107.26,4,10,36.8,18.5,57.1,1,1,1,180.23
Suginami,52.75,2,19,15.1,1.0,100.0,1,0,0,152.03
Taito,50.21,3,24,18.8,14.0,69.6,0,0,0,96.79
Chiyoda,69.05,3,5,0.1,10.0,76.8,1,1,0,198.76
Kita,117.62,4,12,1.5,19.1,68.4,1,0,0,193.98
Koto,40.69,2,17,3.3,5.2,98.2,1,1,0,79.04
Meguro,43.57,1,21,9.1,1.2,100.0,1,0,0,142.27
Meguro,40.8,3,13,11.5,1.0,100.0,0,1,0,144.08
Katsushika,108.44,4,30,30.7,1.5,95.8,0,0,0,156.28
Setagaya,71.01,4,10,0.6,20.9,51.8,1,0,0,121.85
Adachi,61.44,3,4,9.1,17.4,79.2,1,1,0,91.81
Meguro,28.21,1,13,0.8,14.5,72.1,1,1,0,208.61
Taito,20.0,2,13,2.7,13.4,73.5,1,1,0,146.22
Nakano,56.41,1,15,4.9,1.0,100.0,0,0,0,114.01
Itabashi,70.09,2,5,7.9,10.5,84.4,0,0,0,134.91
Setagaya,34.19,1,19,35.9,7.2,92.8,0,1,1,102.33
Ota,20.0,1,29,0.4,3.2,88.8,1,0,0,109.45
Itabashi,77.63,3,21,0.8,1.0,97.3,0,1,0,190.66
Taito,41.89,1,7,7.7,3.3,100.0,1,1,0,97.17
Adachi,63.28,4,19,41.9,3.0,84.1,0,1,1,104.79
Adachi,47.4,3,25,1.0,2.7,79.6,1,1,0,139.83
Nerima,61.28,4,23,0.3,11.1,66.6,1,0,0,124.22
Ota,141.06,4,17,25.3,2.6,92.1,1,1,1,264.07
Edogawa,69.44,3,25,0.4,8.3,94.7,1,1,0,175.74
Itabashi,20.0,1,25,21.0,1.0,94.5,1,1,0,106.52
Shibuya,54.4,3,6,38.0,4.2,86.3,1,1,1,164.68
Chiyoda,120.3,3,9,45.3,3.6,100.0,1,0,1,235.57
Ota,78.72,3,13,3.7,24.0,71.9,1,1,0,173.6
Nerima,58.24,2,15,8.0,9.1,83.9,1,0,0,127.38
Kita,93.58,3,18,0.4,3.2,100.0,1,1,0,151.07
Shinjuku,92.4,4,12,10.1,30.0,44.9,1,1,0,146.65
Chiyoda,38.12,1,6,44.8,2.7,96.7,1,1,1,109.05
Adachi,61.33,3,9,37.8,1.8,96.6,1,1,0,92.12
Edogawa,20.0,1,29,40.7,4.8,82.3,1,1,1,54.52
Koto,80.38,3,6,17.6,3.2,94.3,1,0,0,154.82
Shinjuku,84.45,3,6,4.9,10.6,85.5,0,1,0,213.28
Chiyoda,91.82,3,4,6.7,6.8,64.4,1,0,0,194.95
Nakano,39.24,1,7,4.3,3.8,88.1,0,1,0,108.01
Suginami,63.04,3,15,27.1,1.9,94.1,0,1,1,118.08
Chuo,101.54,3,22,3.4,8.7,73.9,0,1,0,183.65
Shinjuku,87.19,3,8,3.5,3.3,92.1,1,1,0,203.24
Setagaya,77.59,3,19,14.3,16.4,84.7,1,0,0,133.58
Arakawa,109.8,4,27,4.5,1.0,90.3,1,0,0,157.84
Adachi,20.0,1,4,0.7,1.0,96.8,0,1,0,93.12
Chiyoda,90.08,4,28,41.0,4.4,90.3,1,0,1,167.66
Taito,39.83,1,30,5.5,9.1,85.1,1,1,0,140.29
Taito,20.0,1,16,8.9,2.7,100.0,1,0,0,119.08
Chuo,89.23,3,6,2.8,14.7,82.4,1,1,0,172.37
Minato,81.93,2,30,0.7,4.0,99.6,1,0,0,178.31
Minato,35.96,1,2,4.4,9.8,85.3,0,1,1,232.64
Katsushika,81.55,3,16,50.0,1.5,98.2,1,1,1,107.5
Ota,70.7,3,18,2.2,3.3,87.8,1,1,0,184.14
Arakawa,96.79,5,3,16.6,2.7,96.1,1,1,0,141.99
Ota,97.62,4,22,20.5,1.0,100.0,1,1,1,212.49
Sumida,94.52,4,24,1.8,17.2,49.5,1,0,0,146.56
Shinjuku,79.12,3,10,7.8,6.5,91.5,1,0,0,165.65
Adachi,89.01,2,19,15.4,6.7,91.6,1,1,0,150.99
Chuo,39.16,2,9,3.3,7.3,71.9,1,1,0,171.55
Nerima,20.0,1,17,8.6,4.7,100.0,1,0,0,73.74
Nerima,80.49,3,17,2.7,1.0,90.0,1,0,0,153.65
Shinjuku,58.84,3,24,14.0,9.7,82.1,0,0,1,118.46
Taito,112.58,4,6,3.5,4.0,94.9,0,1,0,196.07
Arakawa,88.47,2,8,17.2,9.1,85.9,1,1,0,159.23
Arakawa,100.38,3,11,2.5,1.9,99.4,1,1,0,180.8
Sumida,38.11,1,8,23.9,4.7,78.3,1,1,1,85.31
Taito,35.22,2,6,5.0,4.7,100.0,1,1,0,117.73
Koto,62.24,4,2,1.0,7.4,80.2,1,0,0,152.67
Taito,46.7,2,1,1.8,3.0,92.1,1,1,0,129.25
Itabashi,56.68,1,30,27.3,2.6,96.4,0,0,1,87.76
Toshima,89.63,3,19,38.0,7.0,93.1,0,0,1,150.92
Suginami,67.69,3,14,2.0,5.0,94.9,1,1,0,113.01
Shinjuku,54.65,1,16,9.4,12.5,65.8,1,1,0,155.75
Koto,20.0,1,4,0.5,1.2,100.0,0,0,0,109.32
Shinjuku,137.31,3,29,2.7,15.3,41.1,1,0,0,176.89
Shinjuku,42.83,1,22,4.4,7.8,84.9,1,1,1,144.37
Shinagawa,96.7,4,20,23.8,14.3,79.7,0,1,0,146.41
Bunkyo,62.44,4,16,9.3,10.5,90.0,0,0,0,137.1
Minato,58.44,3,29,16.8,3.6,93.7,1,1,0,211.66
Katsushika,20.0,1,19,38.3,2.1,100.0,1,1,1,66.86
Shibuya,66.43,3,14,5.6,12.4,64.4,0,0,0,187.86
Bunkyo,57.34,2,23,12.1,2.4,100.0,1,1,0,207.79
Adachi,80.34,4,1,18.5,10.2,76.5,1,0,0,107.82
Taito,74.05,4,6,4.7,20.2,69.0,0,1,1,139.28
Arakawa,91.69,4,12,8.8,14.0,65.4,1,0,0,128.59
Kita,133.92,4,11,31.9,1.0,81.8,1,1,1,234.03
Chiyoda,41.38,1,25,29.7,1.0,97.5,1,0,0,105.84
Kita,20.0,1,24,28.1,5.6,88.4,1,0,1,63.75
Shinagawa,31.09,1,12,3.8,3.7,85.7,1,1,0,163.09
Minato,59.75,2,10,17.1,30.0,48.0,0,1,1,146.1
Edogawa,70.3,3,15,21.8,23.2,47.9,1,1,0,74.49
Setagaya,123.67,4,18,28.7,6.1,83.3,1,1,1,224.07
Shibuya,80.92,4,7,4.3,5.3,100.0,1,1,0,243.4
Setagaya,51.43,1,27,50.0,16.5,62.4,1,1,0,66.81
Koto,85.8,2,4,19.7,4.0,74.7,0,0,1,154.68
Nerima,120.22,3,1,33.2,6.4,89.3,0,0,1,111.14
Ota,91.64,3,5,0.5,14.8,78.7,1,0,0,138.97
Nerima,84.37,4,16,1.3,1.0,86.3,1,0,0,175.61
Koto,46.22,3,7,1.5,3.7,100.0,1,0,0,92.86
Taito,70.93,3,19,11.6,1.5,96.8,1,1,1,193.98
Toshima,90.71,3,19,9.4,1.2,100.0,1,1,0,152.39
Kita,45.34,2,11,4.2,1.0,85.5,1,0,0,106.82
Meguro,113.77,3,20,0.2,6.6,68.7,0,0,0,271.11
Nerima,76.57,2,19,7.3,1.7,100.0,1,1,0,137.66
Kita,45.52,2,22,27.8,3.5,100.0,0,0,1,99.67
Meguro,94.19,3,19,9.8,1.0,100.0,1,0,0,274.05
Toshima,88.62,2,2,7.1,9.5,77.6,1,0,0,119.0
Bunkyo,130.26,4,24,2.6,1.2,98.5,0,1,0,269.71
Minato,96.25,4,13,7.4,13.9,77.9,0,0,0,259.19
Setagaya,58.09,2,18,14.8,2.9,88.4,1,0,1,149.17
Taito,40.64,2,10,18.3,4.8,90.8,0,0,0,101.48
Nakano,87.46,4,6,12.4,4.1,78.4,0,1,1,132.01
Itabashi,27.5,2,18,7.2,1.0,92.5,0,1,0,123.58
Chuo,156.76,3,18,47.1,5.2,95.4,1,1,1,177.2
Taito,54.38,2,14,10.3,3.5,82.1,0,0,0,129.12
Itabashi,98.72,4,18,0.9,1.1,99.4,1,0,0,153.39
Katsushika,110.98,4,1,12.9,20.1,67.6,1,1,0,141.2
Minato,53.55,1,23,2.8,4.2,97.8,1,0,0,258.66
Arakawa,93.69,4,6,1.5,2.3,92.2,1,1,0,164.4
Kita,58.99,1,25,33.7,11.9,72.5,0,1,0,66.23
Itabashi,65.27,2,5,37.0,7.0,88.7,1,1,1,106.31
Itabashi,43.02,2,29,8.4,19.8,66.6,1,1,0,104.35
Ota,81.78,3,11,23.7,18.1,57.0,1,1,1,131.92
Setagaya,55.61,3,19,20.8,4.7,92.2,1,1,1,152.15
Bunkyo,83.26,4,15,8.9,3.1,82.3,1,1,0,164.9
Meguro,118.58,4,2,16.3,1.0,87.3,1,0,0,240.09
Minato,114.9,5,18,31.6,6.2,88.8,1,0,1,228.05
Katsushika,56.74,2,15,39.8,3.1,94.9,0,1,0,81.6
Itabashi,68.12,4,18,30.9,21.3,79.9,1,0,0,71.82
Bunkyo,58.76,2,4,11.1,14.1,80.4,1,1,1,175.2
Nerima,50.23,2,19,9.8,1.0,85.7,1,1,0,135.3
Katsushika,93.07,4,26,23.9,11.9,85.0,0,1,1,188.72
Chiyoda,108.0,4,7,16.6,5.1,100.0,0,0,0,212.2
Shinjuku,39.76,1,10,16.3,1.0,100.0,1,1,0,110.72
Edogawa,93.54,4,28,2.8,4.8,78.7,1,1,0,153.92
Adachi,81.24,4,9,7.9,2.8,100.0,0,1,0,145.22
Kita,87.16,3,9,40.4,18.7,56.0,0,0,1,70.91
Ota,106.08,4,20,7.4,8.0,89.1,1,0,0,174.06
Edogawa,60.32,3,4,26.1,9.7,65.6,1,0,1,76.72
Toshima,52.83,1,26,18.3,1.2,78.3,1,1,0,142.46
Minato,54.15,2,19,22.2,2.1,100.0,0,0,1,244.4
Taito,62.16,3,1,5.9,6.2,99.2,1,1,0,150.09
Edogawa,88.05,3,30,2.4,1.0,100.0,0,1,0,135.92
Sumida,114.32,5,14,1.7,1.0,100.0,1,1,0,185.94
Adachi,43.91,2,8,25.3,4.8,93.3,0,1,0,82.66
Itabashi,78.14,4,15,14.9,2.0,100.0,1,1,1,142.37
Adachi,122.38,5,27,1.9,14.1,73.4,1,0,0,131.73
Edogawa,105.02,4,17,9.7,1.0,88.2,1,0,0,160.56
Koto,56.44,2,14,7.8,16.4,53.9,1,1,0,134.37
Edogawa,98.7,3,4,50.0,9.4,72.9,0,0,1,76.89
Shinagawa,20.0,2,20,7.2,1.0,100.0,1,0,0,144.72
Katsushika,76.18,3,8,7.9,5.6,100.0,1,0,0,126.87
Nerima,35.94,2,2,13.5,2.7,86.0,1,1,1,133.72
Chiyoda,80.01,3,22,13.9,1.0,88.8,0,1,1,214.24
Arakawa,66.42,2,23,23.4,5.5,86.6,1,0,0,93.53
Suginami,99.39,4,18,10.8,5.0,96.7,1,1,1,217.76
Itabashi,58.08,1,9,3.1,5.0,98.7,1,1,0,145.94
Shinagawa,126.43,5,10,5.9,16.4,55.5,1,0,0,166.73
Sumida,74.06,4,15,50.0,1.6,94.3,1,1,1,130.18
Bunkyo,74.96,3,2,5.3,9.5,97.3,1,1,0,185.09
Minato,74.21,3,23,0.1,2.0,69.1,1,0,0,226.27
Shinjuku,98.96,4,21,1.7,7.1,78.6,0,0,0,281.72
Ota,105.73,4,24,18.8,1.0,100.0,1,0,1,234.76
Edogawa,46.75,2,18,2.7,1.0,85.0,0,0,0,119.7
Meguro,85.28,4,8,23.2,11.2,77.3,1,1,1,194.33
Koto,92.26,5,18,44.7,7.0,80.8,0,1,0,129.03
Ota,80.42,3,22,5.4,16.8,88.7,1,0,0,164.56
Ota,67.41,3,29,2.0,25.0,44.5,1,1,0,113.79
Itabashi,73.13,3,13,1.5,6.7,95.7,1,1,1,142.51
Bunkyo,20.0,1,2,0.8,1.5,78.8,0,0,0,136.42
Setagaya,50.42,1,12,6.8,20.1,76.0,1,1,0,128.52
Suginami,88.32,3,19,13.9,7.7,86.3,1,1,0,149.31
Shinagawa,47.07,3,29,7.6,1.7,84.7,1,1,0,184.42
Nakano,40.55,2,18,3.2,1.1,100.0,1,0,0,178.71
Bunkyo,54.67,2,21,19.5,8.5,95.1,1,1,0,213.22
Adachi,50.87,2,2,4.5,6.4,100.0,1,0,0,109.64
Minato,85.67,3,23,1.0,11.8,76.0,0,1,0,274.07
Minato,88.2,3,3,13.6,12.5,99.6,0,1,0,197.69
Sumida,20.0,1,8,12.3,8.2,72.0,1,0,0,61.89
Shinagawa,87.24,4,12,0.0,6.4,92.1,1,0,0,216.25
Ota,111.67,3,14,9.3,2.8,89.0,1,0,0,231.18
Meguro,72.76,4,3,3.9,1.2,79.4,1,1,0,206.56
Taito,102.06,5,24,39.0,11.8,79.3,1,1,1,168.72
Shibuya,110.73,4,14,3.5,3.5,82.1,1,1,0,307.69
Arakawa,91.69,3,15,6.1,1.0,90.8,1,1,0,193.01
Edogawa,81.39,4,22,26.2,1.0,84.9,1,1,0,124.08
Shibuya,54.77,1,16,15.1,8.8,87.9,1,0,0,130.37
Chuo,80.44,3,27,1.2,1.0,99.3,1,0,0,195.47
Chuo,85.79,3,2,6.0,7.0,75.2,1,1,0,152.17
Shinjuku,75.37,4,21,23.1,6.4,96.5,0,1,1,170.45
Chiyoda,84.66,3,19,10.6,1.1,85.9,0,1,1,222.23
Chuo,54.87,1,19,2.9,11.2,78.3,1,0,0,203.55
Nerima,53.68,2,27,27.5,9.2,79.0,0,0,1,118.78
Ota,27.62,1,5,21.8,13.5,76.0,0,0,0,57.07
Shinjuku,57.38,2,22,2.9,7.9,66.1,1,1,0,193.85
Shinjuku,119.45,4,18,20.1,2.0,100.0,1,1,1,258.1
Adachi,65.34,3,26,12.4,12.6,82.9,0,0,0,121.67
Ota,83.0,3,21,14.6,7.3,92.1,1,1,0,189.02
Taito,73.88,3,19,2.1,18.6,64.9,1,0,0,134.91
Katsushika,112.55,4,21,18.2,26.0,62.0,0,1,0,103.1
Nerima,100.92,4,1,25.2,1.0,100.0,0,1,0,131.93
Kita,41.87,2,30,37.2,25.0,43.0,1,0,1,38.25
Shibuya,66.9,2,9,4.3,13.0,68.0,1,0,0,212.12
Itabashi,93.28,4,27,44.7,10.5,57.7,1,1,1,111.42
Shibuya,93.44,4,18,2.1,2.3,96.5,0,1,0,280.65
Meguro,85.38,4,30,2.4,24.9,56.1,1,1,0,174.01
Chuo,85.0,3,23,50.0,6.7,83.9,0,1,1,162.35
Ota,65.5,4,16,19.8,30.0,46.8,1,1,0,79.25
Taito,20.0,1,3,18.9,2.7,90.5,1,1,0,86.05
Shibuya,102.32,4,14,5.1,7.2,97.8,1,1,0,214.07
Ota,83.44,3,9,1.1,3.6,94.3,1,0,0,164.4
Shibuya,119.01,4,19,16.7,12.6,64.3,1,0,0,201.85
Sumida,23.47,2,29,13.8,5.4,81.9,1,0,0,89.27
Kita,72.21,3,12,12.0,1.0,90.2,1,1,1,134.52
Suginami,83.38,3,11,7.8,1.6,90.7,1,0,0,188.77
Nakano,47.21,3,9,13.4,10.4,68.8,0,0,0,95.4
Setagaya,83.07,3,6,50.0,10.1,79.6,0,1,1,122.59
Chuo,57.7,1,4,7.5,22.5,54.5,1,1,0,137.6
Katsushika,40.31,2,1,8.3,12.1,74.7,0,1,0,88.63
Katsushika,41.09,2,14,1.9,11.0,51.7,1,0,0,117.7
Nakano,83.91,3,26,3.6,9.2,77.9,1,1,0,167.4
Shinagawa,88.25,4,16,10.8,1.0,97.5,1,0,0,234.39
Adachi,76.37,3,7,10.4,2.3,100.0,1,1,0,135.58
Shibuya,68.62,4,23,3.4,8.5,89.1,1,1,0,204.89
Shinjuku,93.37,3,6,9.6,1.9,84.2,1,0,1,230.84
Shibuya,64.27,3,21,1.1,6.1,78.8,1,1,0,234.21
Shibuya,48.93,3,13,23.9,6.6,86.3,1,1,1,148.02
Ota,41.41,2,11,18.5,10.6,70.2,0,1,1,86.82
Kita,116.59,5,2,2.6,25.3,51.6,1,1,0,195.44
Katsushika,94.71,5,15,1.2,3.9,100.0,1,0,0,184.21
Minato,134.49,5,11,8.1,1.0,89.6,0,0,0,289.41
Katsushika,112.74,5,8,7.8,19.1,73.6,1,1,0,177.5
Shibuya,69.92,3,3,0.5,3.3,88.0,1,1,0,230.12
Suginami,73.72,3,22,50.0,1.4,100.0,1,0,1,106.9
Toshima,73.3,3,29,22.0,1.0,100.0,0,1,0,125.95
Bunkyo,51.57,3,4,11.0,30.0,49.4,1,1,0,106.04
Shinagawa,87.13,4,24,1.7,3.1,98.7,0,1,0,246.16
Ota,69.06,3,26,18.8,8.6,74.6,0,0,1,110.86
Shinjuku,113.14,5,16,3.5,6.9,73.3,1,1,0,218.49
Shibuya,69.06,2,28,11.8,7.0,84.3,1,1,0,235.71
Sumida,71.33,3,3,2.1,13.7,54.9,1,1,1,125.63
Ota,67.71,3,25,7.4,5.7,83.1,0,1,0,116.65
Edogawa,32.45,2,16,0.7,4.7,95.6,0,1,0,113.95
Arakawa,88.24,2,14,36.3,5.6,76.9,1,1,0,97.3
Nerima,120.46,3,22,15.5,10.2,68.3,0,1,0,171.17
Edogawa,92.52,4,5,47.8,7.6,65.1,0,1,1,105.59
Arakawa,55.98,2,2,15.3,8.2,73.3,1,0,0,118.44
Setagaya,140.08,4,16,42.2,2.3,99.0,1,0,1,264.27
Koto,70.87,2,30,49.8,2.4,97.1,1,1,1,73.86
Arakawa,52.95,2,14,24.7,12.9,65.0,0,0,1,93.7
Minato,20.0,1,25,20.4,5.3,83.2,1,1,1,166.54
Adachi,64.83,3,12,25.4,3.0,100.0,1,1,0,155.11
Toshima,67.27,2,7,1.9,10.1,89.9,1,0,0,131.88
Nerima,85.08,3,28,4.8,23.0,31.0,1,1,0,113.29
Shinjuku,54.59,1,1,0.2,14.3,59.1,0,0,0,132.82
Suginami,61.83,2,28,6.0,2.9,95.4,1,1,0,149.18
Itabashi,20.0,1,21,3.3,1.0,83.3,1,1,0,107.47
Taito,90.03,3,11,4.9,8.1,86.2,1,0,0,192.45
Adachi,51.38,2,18,34.6,3.5,84.6,1,0,0,86.02
Shinagawa,83.36,4,13,4.3,2.7,94.2,1,1,0,211.61
Koto,131.78,4,15,17.7,14.6,86.4,0,1,0,146.76
Nakano,22.18,2,17,13.4,12.0,68.6,0,0,0,62.96
Nakano,37.49,1,1,28.3,20.6,60.5,1,1,0,65.59
Chiyoda,77.13,4,23,10.3,1.8,93.9,1,0,0,193.23
Adachi,49.88,1,30,1.2,4.8,77.9,1,1,0,121.94
Setagaya,71.84,3,9,8.6,14.1,50.0,1,0,0,145.46
Itabashi,107.68,4,12,8.3,13.3,75.1,1,0,0,173.15
Katsushika,49.14,2,25,17.6,13.8,71.8,1,1,1,98.61
Edogawa,77.69,3,10,4.0,4.0,80.7,0,0,0,117.12
Arakawa,52.18,3,5,8.1,10.5,86.3,0,0,0,119.77
Suginami,86.71,3,3,31.3,1.0,100.0,1,1,1,173.38
Adachi,108.6,3,26,2.6,4.3,80.2,1,0,1,213.44
Edogawa,36.96,1,24,16.9,11.9,82.7,1,0,0,85.21
Sumida,70.5,2,29,8.2,5.3,90.6,1,0,0,136.38
Nakano,102.9,4,8,2.7,6.5,93.3,1,1,0,159.32
Chuo,55.39,2,23,10.4,9.9,75.2,1,0,0,142.41
Taito,60.7,4,14,15.1,17.2,82.0,0,1,0,111.88
Shinjuku,75.24,3,18,20.0,6.7,76.8,1,1,0,183.21
Chuo,40.16,2,7,50.0,1.9,77.9,1,0,1,90.1
Arakawa,25.69,1,8,25.0,19.4,64.3,0,1,0,36.51
Setagaya,34.43,1,5,0.6,19.1,52.5,1,0,0,114.4
Chuo,26.12,2,24,34.9,7.7,85.4,0,1,1,132.89
Edogawa,79.74,2,14,24.8,6.7,100.0,1,1,1,115.32
Meguro,114.76,5,15,35.4,4.0,100.0,1,1,1,267.72
Edogawa,54.58,2,21,11.8,6.7,84.9,1,0,0,132.3
Koto,100.58,3,3,28.1,2.1,92.5,1,0,1,135.3
Sumida,54.83,2,21,8.9,5.9,86.0,0,1,0,141.39
Taito,58.62,2,20,6.2,4.7,72.7,1,0,0,122.58
Katsushika,35.82,2,16,14.4,18.2,64.4,0,1,1,85.1
Meguro,76.25,4,18,7.9,10.0,78.2,1,0,0,177.44
Minato,57.51,3,29,4.3,6.9,76.8,1,1,0,259.93
Taito,46.81,2,18,8.3,9.1,78.2,1,1,0,137.27
Itabashi,55.09,3,30,5.5,5.7,92.2,1,0,0,151.69
Shinjuku,100.09,4,11,3.5,12.3,100.0,0,1,0,188.96
Chuo,75.89,2,29,2.0,1.4,80.0,0,1,0,220.37
Minato,20.0,2,1,0.1,6.7,93.6,1,0,0,214.77
Adachi,45.49,2,12,12.5,4.0,94.1,1,1,0,109.99
Meguro,63.97,3,6,3.1,9.2,63.2,0,0,0,187.48
Bunkyo,80.3,4,5,33.9,29.2,23.7,1,0,1,119.35
Toshima,60.28,2,1,37.0,7.1,86.9,0,1,1,81.86
Bunkyo,57.77,2,2,2.1,1.0,88.8,0,1,0,206.2
Suginami,93.31,3,20,2.7,18.1,58.7,0,0,0,170.52
Kita,40.24,2,10,4.1,17.5,60.6,0,1,0,103.19
Taito,61.61,3,21,30.9,30.0,36.5,0,1,0,61.47
Minato,91.7,4,10,3.1,1.0,90.7,1,1,0,209.85
Shinjuku,49.57,3,10,4.7,4.9,98.4,1,1,0,181.01
Suginami,77.92,2,1,3.3,1.0,100.0,1,0,0,137.24
Setagaya,38.79,1,2,2.7,1.0,90.1,0,1,0,137.5
Taito,91.61,4,22,9.4,7.3,81.8,1,1,0,174.09
Kita,88.12,2,8,47.5,4.3,100.0,0,1,1,108.07
Meguro,85.82,3,23,5.9,1.0,96.5,1,0,0,225.31
Suginami,55.52,2,28,3.3,4.1,99.6,1,0,0,119.36
Shibuya,32.99,1,7,27.1,5.4,69.1,0,1,0,156.17
Itabashi,97.35,3,12,14.8,23.7,35.9,1,1,0,129.95
Shinagawa,111.3,4,1,24.8,4.1,87.5,1,0,0,188.49
Toshima,38.81,2,15,20.8,4.5,83.8,1,1,0,143.15
Bunkyo,89.91,3,28,1.0,30.0,45.3,0,0,0,151.17
Chiyoda,102.07,4,9,2.0,7.1,100.0,1,1,0,236.02
Nakano,68.17,3,3,37.8,8.2,68.6,1,0,1,95.76
Shinjuku,52.58,2,4,26.9,1.8,100.0,0,0,0,131.6
Setagaya,85.85,3,12,3.9,1.0,100.0,1,0,0,268.32
Ota,31.9,1,24,0.4,1.4,96.8,1,0,0,141.62
Suginami,67.93,3,29,19.0,8.9,79.3,0,1,0,123.21
Taito,51.48,1,26,12.4,2.8,92.7,1,1,0,152.56
Minato,52.25,2,18,50.0,9.5,77.8,0,0,1,99.26
Shinjuku,56.35,2,21,24.3,1.8,100.0,0,0,0,105.67
Bunkyo,67.7,3,30,11.7,3.5,97.7,0,1,0,209.95
Kita,82.37,3,10,4.1,22.3,59.2,1,0,0,142.77
Shinjuku,123.6,3,12,8.5,7.2,73.9,1,1,0,246.88
Shinjuku,20.0,1,8,10.1,4.6,75.3,0,0,0,96.1
Chiyoda,55.47,2,28,23.9,4.7,87.5,1,0,1,192.31
Shinjuku,33.25,2,5,9.0,20.1,48.5,0,1,0,126.81
Katsushika,50.43,2,21,1.6,5.9,80.8,1,0,0,129.7
Katsushika,20.0,1,29,45.1,3.7,100.0,0,0,1,35.68
Nakano,69.66,2,28,22.5,9.9,77.3,1,0,0,112.16
Shibuya,108.39,4,4,0.9,5.7,85.0,1,1,0,169.11
Katsushika,61.41,2,22,5.7,1.0,100.0,1,1,0,145.39
Bunkyo,104.35,5,8,12.8,3.7,92.0,1,1,0,194.19
Shinjuku,88.53,3,1,5.7,1.0,92.3,1,1,0,229.07
Adachi,30.5,2,16,0.1,1.9,95.6,1,1,0,137.01
Arakawa,33.41,1,22,15.6,5.0,76.3,1,1,0,109.73
Nerima,33.34,1,25,18.0,16.0,75.6,1,1,0,72.17
Suginami,49.0,2,9,4.1,11.5,72.5,1,1,0,133.63
Toshima,62.76,2,26,27.2,4.3,90.7,1,1,1,139.48
Koto,109.4,5,30,15.2,9.7,78.6,1,1,0,187.82
Adachi,76.3,3,20,7.2,14.1,77.6,0,1,1,130.21
Toshima,101.93,4,27,27.5,6.1,86.8,1,1,1,185.61
Toshima,127.13,4,17,24.0,5.6,100.0,1,1,1,220.79
Chuo,29.75,1,29,21.6,2.9,94.2,1,0,1,155.71
Nakano,49.68,1,23,15.5,8.7,83.8,0,1,1,104.28
Shinjuku,63.74,3,6,2.0,3.8,84.6,1,1,1,206.39
Nerima,85.93,4,4,11.8,1.6,100.0,1,1,0,155.29
Shinagawa,88.42,3,28,16.5,1.0,96.0,0,1,0,162.32
Kita,90.84,4,27,21.2,12.1,71.1,0,0,0,99.15
Chuo,41.54,3,22,6.5,8.2,66.7,0,1,1,184.74
Chuo,29.64,1,8,12.3,2.9,100.0,1,1,0,121.58
Adachi,90.15,3,30,9.1,12.7,76.4,1,0,0,129.8
Nakano,59.71,2,3,36.9,1.0,100.0,0,0,0,101.79
Koto,102.99,5,28,6.9,3.9,91.2,0,1,0,211.51
Nakano,76.62,4,7,8.4,3.1,100.0,1,0,0,156.66
Katsushika,52.63,2,29,14.1,1.4,100.0,0,1,0,96.1
Sumida,80.58,3,20,5.5,4.8,93.8,1,1,0,180.8
Sumida,76.38,3,27,2.3,1.0,100.0,1,0,0,132.27
Itabashi,72.71,2,25,6.1,10.1,93.5,0,1,0,176.17
Shibuya,116.29,3,10,44.7,6.1,100.0,1,0,1,240.56
Chiyoda,20.0,1,30,0.9,4.4,79.1,1,0,1,207.86
Taito,82.36,3,19,31.3,7.7,74.7,1,1,1,149.9
Suginami,76.46,3,9,19.0,16.7,75.9,1,1,0,122.54
Ota,83.23,2,18,8.7,11.1,67.0,1,1,0,184.71
Toshima,89.34,3,2,11.9,4.1,95.4,1,1,0,170.45
Setagaya,124.39,4,12,6.7,15.1,62.4,0,0,0,122.72
Chuo,134.74,4,28,20.9,11.8,65.8,1,0,1,286.63
Arakawa,30.92,2,17,2.4,1.0,100.0,1,0,0,142.77
Ota,119.67,4,15,25.7,1.0,100.0,1,0,0,198.03
Kita,90.04,5,7,8.8,15.6,74.6,1,1,1,196.57
Taito,89.56,4,16,1.2,1.0,100.0,1,1,0,179.66
Shibuya,68.3,3,22,22.5,13.5,77.8,0,0,1,178.46
Adachi,78.86,2,24,1.3,3.3,92.6,0,1,0,204.8
Minato,66.39,3,14,50.0,13.7,71.7,1,0,1,127.53
Meguro,56.99,2,25,32.5,30.0,36.5,0,1,0,73.6
Itabashi,20.0,1,4,15.9,6.2,97.0,0,1,0,107.01
Chuo,68.06,3,29,3.5,3.3,87.6,0,1,0,186.76
Adachi,43.93,2,12,24.0,1.6,92.3,1,1,0,98.86
Setagaya,20.0,1,23,6.5,22.1,52.4,1,1,0,88.92
Minato,133.82,4,15,14.0,5.1,92.0,1,1,0,289.5
Bunkyo,43.49,2,12,7.9,16.7,62.4,1,1,0,97.06
Kita,53.57,3,23,44.7,5.7,88.1,1,1,1,78.7
Setagaya,144.06,4,20,7.6,1.0,100.0,1,0,0,282.97
Meguro,55.07,2,4,2.0,9.6,86.8,0,0,0,161.49
Nakano,24.87,1,6,16.2,14.0,96.7,0,0,0,72.36
Nerima,94.92,5,3,19.0,30.0,62.0,1,1,0,111.26
Nakano,40.18,2,26,39.5,1.0,82.7,1,1,1,122.46
Nerima,119.65,5,19,23.1,3.1,82.0,1,1,1,237.65
Koto,46.25,1,1,13.9,1.7,89.3,0,1,0,114.57
Taito,38.84,2,7,2.3,8.0,75.2,1,0,0,76.49
Kita,53.17,2,24,3.0,3.5,82.6,0,1,0,137.58
Meguro,49.84,2,26,50.0,4.3,90.5,1,0,1,123.03
Chiyoda,94.4,4,3,11.6,11.1,82.3,0,1,0,274.01
Meguro,29.03,1,25,0.7,2.4,90.9,1,1,0,166.09
Suginami,61.08,3,22,5.7,1.0,100.0,1,0,1,199.28
Sumida,40.23,2,25,4.1,1.0,91.7,1,1,0,159.68
Ota,56.99,2,20,13.7,9.9,55.9,1,1,0,102.33
Edogawa,72.84,3,13,41.4,1.0,100.0,0,1,1,108.96
Taito,71.54,3,27,3.1,1.0,96.5,1,1,0,193.53
Setagaya,20.0,2,24,15.1,15.4,69.7,1,1,0,75.87
Koto,59.55,2,7,10.6,8.5,83.9,1,0,1,100.99
Arakawa,107.88,3,16,11.0,8.7,70.2,0,1,0,119.12
Setagaya,20.0,2,30,6.1,19.0,51.8,0,0,0,102.0
Meguro,120.01,3,6,21.2,1.9,100.0,1,0,0,277.76
Taito,90.63,4,13,0.9,25.8,48.7,0,0,0,111.32
Edogawa,65.23,4,21,31.7,5.4,92.1,1,0,1,129.01
Shibuya,80.0,3,25,18.9,6.2,100.0,1,0,0,230.82
Ota,52.06,2,8,8.4,1.0,100.0,0,1,1,94.51
Nerima,112.07,3,16,4.8,4.8,100.0,0,0,0,188.32
Adachi,118.27,4,12,25.3,1.0,100.0,1,0,1,140.24
Kita,83.39,2,26,3.0,1.0,89.7,0,1,0,176.03
Edogawa,86.69,3,2,9.1,1.0,81.2,1,1,0,114.7
Kita,68.75,3,26,24.4,2.7,92.0,1,0,1,118.34
Sumida,92.75,4,14,9.5,1.5,95.9,0,1,0,167.12
Edogawa,128.6,4,11,6.3,5.5,90.4,1,1,0,223.63
Koto,41.39,1,20,11.9,9.1,86.5,1,1,1,132.3
Bunkyo,64.53,3,22,8.1,2.7,77.3,1,1,0,179.98
Itabashi,80.02,3,19,8.1,1.1,88.2,1,1,1,149.42
Shinagawa,71.95,3,5,28.7,7.3,85.1,1,1,1,138.21
Nerima,90.57,4,9,12.1,22.3,60.9,1,0,0,132.4
Taito,69.54,4,23,18.2,5.5,94.3,1,1,1,133.62
Shinagawa,42.84,3,22,11.8,1.3,92.0,1,0,1,185.08
Sumida,86.1,3,29,4.1,2.9,100.0,0,1,0,176.15
Nakano,91.23,4,19,19.6,1.0,97.1,1,1,0,195.27
Nerima,79.98,3,7,5.3,3.4,94.4,1,1,0,171.02
Nerima,60.17,3,28,38.7,6.9,100.0,1,0,1,125.7
Shinagawa,43.81,1,2,11.1,5.4,85.6,0,0,0,121.6
Ota,118.54,4,19,6.1,21.0,77.2,1,0,0,214.32
Shinjuku,119.2,4,8,7.8,14.5,61.4,0,1,0,161.47
Itabashi,20.0,1,22,30.8,18.1,75.8,1,1,1,60.85
Suginami,53.71,2,8,35.9,4.2,99.4,1,0,1,124.32
Setagaya,69.56,3,29,8.4,1.0,90.5,1,1,0,188.06
Suginami,66.89,2,14,25.9,2.7,100.0,0,1,1,143.66
Shinagawa,89.74,2,6,26.6,2.5,84.0,1,1,1,164.94
Koto,82.05,3,6,15.5,13.4,57.4,1,1,0,150.52
Katsushika,102.19,4,17,4.5,7.0,81.1,1,1,0,199.1
Bunkyo,72.38,3,24,34.7,5.7,74.0,1,1,0,136.86
Kita,82.6,3,25,19.4,8.6,75.6,0,0,1,149.72
Shinagawa,51.88,3,10,24.4,2.2,96.4,1,0,1,183.57
Shinagawa,90.55,3,26,10.0,23.6,38.2,1,1,1,168.51
Koto,98.88,5,11,8.8,1.0,100.0,1,0,0,213.5
Bunkyo,54.49,2,25,7.6,30.0,32.5,0,1,0,96.71
Taito,86.31,3,27,9.6,4.6,91.7,1,1,0,192.49
Shinjuku,46.32,3,6,17.0,6.6,100.0,1,0,0,126.58
Arakawa,50.23,2,9,36.0,2.9,92.3,1,1,1,102.25
Koto,70.95,3,8,20.1,10.9,75.3,0,0,1,122.39
Kita,80.77,2,19,8.0,1.9,100.0,1,1,0,140.35
Arakawa,86.86,2,19,4.1,16.7,54.9,0,0,0,133.22
Shinjuku,98.78,4,17,7.9,4.4,80.5,1,1,0,210.99
Ota,65.98,3,23,2.2,1.8,100.0,1,0,0,149.58
Sumida,42.2,2,19,18.5,4.3,88.8,1,1,0,104.52
Katsushika,46.49,1,13,50.0,14.4,71.4,0,0,1,31.02
Shinjuku,55.58,1,9,50.0,12.3,81.9,1,0,0,76.17
Nakano,68.81,2,2,9.7,12.8,81.4,1,1,0,126.57
Chuo,102.96,4,30,13.7,18.6,72.5,1,1,1,231.05
Shibuya,53.8,2,14,6.5,2.3,87.9,0,1,0,172.3
Suginami,63.58,3,1,12.7,2.6,100.0,1,0,1,169.32
Suginami,84.65,2,19,37.8,4.6,89.3,1,1,1,158.6
Katsushika,42.64,2,30,3.1,4.1,69.7,1,1,0,114.96
Itabashi,68.74,4,3,24.9,10.6,78.4,1,0,0,103.72
Toshima,76.42,3,5,5.1,15.3,75.1,0,0,0,124.68
Bunkyo,90.23,4,14,7.3,1.0,86.7,1,0,0,235.47
Ota,84.35,3,8,50.0,10.8,89.1,1,1,1,107.18
Kita,88.71,3,12,7.1,6.7,93.6,1,0,0,163.01
Shibuya,83.03,3,9,1.2,1.0,84.1,1,1,0,213.26
Arakawa,82.08,3,7,7.6,22.4,43.6,0,1,0,118.28
Kita,103.2,4,16,25.5,1.0,100.0,0,1,0,141.58
Arakawa,82.02,3,16,2.6,1.5,100.0,1,1,0,194.32
Meguro,105.26,3,24,21.3,9.1,67.6,1,1,0,207.59
Shibuya,69.39,3,18,14.8,10.4,82.1,0,0,0,202.37
Taito,57.41,2,16,1.0,7.0,79.2,0,1,0,168.47
Adachi,30.38,1,15,0.3,9.5,80.5,1,1,0,133.42
Setagaya,95.93,5,8,12.9,14.7,58.6,1,1,0,116.76
Chuo,20.0,1,10,50.0,2.8,100.0,1,1,0,103.69
Kita,52.89,2,26,6.4,3.2,77.5,1,0,0,140.48
Setagaya,90.05,4,1,3.0,1.1,100.0,0,1,0,198.19
Bunkyo,103.52,5,5,8.0,1.0,97.9,1,1,0,251.13
Setagaya,89.09,3,19,13.1,15.7,64.2,1,0,0,145.46
Arakawa,62.61,3,25,4.0,1.7,96.5,1,1,0,150.82
Chuo,35.69,2,8,3.7,7.6,69.6,1,1,0,130.38
Suginami,42.72,2,17,6.3,1.6,96.0,0,1,0,133.06
Chuo,113.53,4,12,6.5,12.3,97.9,1,0,0,172.43
Suginami,56.01,1,11,0.6,8.6,89.4,1,0,0,126.55
Arakawa,95.3,4,24,11.0,1.0,89.2,1,1,0,155.87
Itabashi,71.17,3,18,18.5,16.3,63.5,0,1,0,105.25
Sumida,109.36,3,24,0.9,6.0,85.7,1,1,0,193.2
Meguro,70.61,4,27,11.4,9.1,85.5,1,0,0,230.58
Shinagawa,33.68,1,16,37.5,1.0,100.0,0,1,1,103.82
Itabashi,44.47,3,13,13.7,1.0,95.5,1,1,0,155.07
Chuo,39.69,1,23,17.1,1.3,85.0,0,1,0,157.51
Taito,35.46,2,21,37.5,6.5,83.6,0,1,0,85.9
Bunkyo,56.04,2,28,6.8,30.0,32.0,1,1,0,110.73
Meguro,58.03,2,5,24.3,28.5,44.0,0,1,0,119.07
Chiyoda,57.72,2,29,15.5,30.0,35.2,1,0,0,104.19
Sumida,84.27,2,2,18.5,4.9,94.9,1,1,1,172.61
Itabashi,73.27,3,10,6.6,5.9,100.0,0,1,0,156.92
Shibuya,33.77,2,4,1.7,13.8,76.6,0,1,0,142.87
Shinjuku,62.13,3,14,22.0,13.6,70.1,1,1,0,161.63
Nerima,20.0,1,2,2.0,1.0,100.0,0,1,1,100.65
Nakano,41.87,3,22,3.5,20.6,65.9,1,1,0,116.75
Minato,127.96,4,23,16.4,1.0,88.0,0,1,0,243.08
Setagaya,48.59,1,17,5.1,1.9,100.0,1,1,0,175.57
Minato,95.46,4,3,0.9,1.0,100.0,1,0,0,285.15
Meguro,49.6,1,11,14.7,11.5,67.6,0,1,0,177.49
Chuo,34.08,1,9,40.5,6.0,89.8,1,1,1,110.35
Adachi,65.22,3,8,11.2,3.2,92.9,1,1,0,107.22
Nerima,67.6,3,23,0.2,2.5,84.0,0,1,0,108.3
Toshima,20.0,1,9,2.8,4.8,86.4,1,1,0,148.84
Shibuya,115.56,4,17,26.8,10.7,81.2,1,1,1,201.18
Edogawa,40.28,2,13,4.3,11.2,76.3,0,1,0,98.26
Minato,124.96,4,29,24.2,2.3,92.1,0,1,1,248.09
Ota,91.95,4,29,49.4,1.0,95.6,1,0,1,107.19
Sumida,59.28,3,30,50.0,8.3,91.2,1,0,1,89.21
Toshima,54.52,2,18,20.6,1.3,92.1,1,0,0,128.15
Arakawa,28.48,1,10,48.6,1.0,95.4,1,1,1,74.53
Itabashi,98.35,5,26,22.9,1.0,91.3,1,1,1,234.41
Edogawa,64.05,4,27,23.2,1.3,100.0,0,0,1,136.39
Edogawa,111.37,3,8,5.6,1.0,100.0,1,0,0,180.07
Taito,76.01,4,2,2.0,19.3,66.8,0,0,0,99.45
Katsushika,100.95,5,30,13.2,1.3,96.1,1,1,0,191.14
Arakawa,91.39,5,20,14.6,6.4,100.0,1,1,0,158.62
Kita,55.71,1,22,16.8,7.5,73.0,0,1,0,115.49
Meguro,45.7,2,3,5.2,3.0,91.8,0,1,0,158.0
Ota,81.27,2,15,43.1,14.3,77.3,0,0,1,90.05
Minato,77.93,3,18,7.2,2.3,100.0,1,1,0,173.13
Kita,37.77,2,7,48.2,4.3,93.2,0,1,1,75.88
Ota,97.82,4,17,50.0,1.0,95.9,1,1,0,152.77
Meguro,73.88,2,18,50.0,3.1,89.0,1,1,1,164.1
Suginami,33.33,1,8,25.6,25.4,54.6,1,1,1,64.25
Taito,71.0,3,30,4.2,8.7,67.6,0,1,0,161.85
Suginami,46.35,3,19,4.6,7.3,71.5,0,1,0,153.05
Ota,31.06,1,9,1.7,14.9,65.7,1,1,0,67.23
Minato,120.0,5,8,22.4,1.0,85.5,1,1,0,229.73
Minato,48.07,1,26,26.1,6.0,82.8,1,1,0,198.04
Shinagawa,49.35,1,1,1.9,3.8,98.0,1,1,0,176.05
Shibuya,82.52,3,4,19.8,17.8,69.5,1,1,1,168.97
Chiyoda,20.0,1,12,6.3,7.9,83.4,0,1,0,162.79
Itabashi,78.31,4,23,26.9,6.4,96.1,0,0,0,113.17
Shinagawa,67.06,3,30,24.6,1.0,100.0,1,0,1,192.86
Adachi,52.22,1,2,4.8,4.2,86.6,1,0,1,129.42
Ota,40.7,2,8,2.5,8.5,85.0,1,1,0,122.01
Koto,23.26,1,15,0.7,2.4,82.1,0,1,0,94.91
Toshima,35.0,1,7,3.2,6.3,98.9,0,1,0,110.78
Koto,48.66,2,24,50.0,6.3,80.7,1,1,1,81.05
Taito,62.26,4,22,8.0,5.2,86.1,1,1,0,167.01
Nerima,77.43,2,24,35.4,19.4,54.6,1,0,1,91.06
Katsushika,134.25,4,26,12.0,1.0,100.0,1,0,0,200.29
Itabashi,70.77,3,25,28.4,7.5,84.7,1,1,0,140.82
Toshima,64.73,2,29,17.1,1.0,77.0,0,0,0,154.98
Meguro,20.0,2,30,4.2,6.9,99.1,1,1,0,156.63
Minato,104.78,5,25,17.4,1.0,100.0,0,1,0,221.12
Shinjuku,58.32,3,30,4.6,4.8,95.0,1,0,0,154.68
Kita,48.99,2,7,4.0,1.0,100.0,0,0,0,110.76
Meguro,20.0,1,12,24.9,17.1,66.4,1,1,1,112.93
Katsushika,54.73,3,24,12.8,13.5,71.6,0,1,0,121.76
Kita,25.4,1,29,3.4,15.5,67.8,1,1,0,85.86
Itabashi,76.93,3,18,0.5,8.2,85.3,0,1,0,132.16
Setagaya,102.02,4,7,3.1,29.4,47.2,1,0,0,139.81
Shibuya,147.62,3,5,7.3,1.0,100.0,0,1,1,288.53
Shinjuku,20.0,1,5,19.3,1.3,100.0,0,1,0,139.66
Shinagawa,50.91,2,17,12.8,6.3,87.3,0,1,1,157.56
Toshima,124.87,4,26,12.3,30.0,54.8,1,1,0,131.73
Ota,97.28,4,18,8.6,5.9,81.7,1,0,0,165.09
Nakano,56.71,3,30,12.7,2.9,89.9,0,1,0,169.28
Itabashi,84.36,3,25,27.0,5.4,85.4,0,0,1,141.93
Nakano,81.28,3,11,3.1,13.4,65.6,1,0,0,187.15
Toshima,100.34,4,14,11.8,9.1,89.0,0,1,1,207.35
Chiyoda,47.21,1,2,50.0,3.5,96.0,0,1,1,115.8
Chuo,50.33,3,16,14.5,6.6,85.3,0,1,1,198.16
Chuo,54.19,1,23,7.1,5.7,79.5,1,1,0,200.42
Shibuya,102.63,4,11,21.9,10.4,69.4,0,1,0,249.19
Nakano,53.76,3,14,14.0,1.3,100.0,1,1,1,173.04
Taito,88.4,3,6,44.8,5.8,84.6,0,1,1,122.25
Edogawa,33.62,1,1,0.4,9.0,89.3,1,0,0,103.21
Shinagawa,45.52,1,16,21.6,6.1,75.5,0,0,1,106.3
Shinagawa,59.45,2,13,42.1,3.4,92.6,1,0,1,122.42
Kita,66.01,2,3,2.8,8.6,96.0,1,0,0,122.45
Koto,51.15,2,24,8.2,6.2,83.1,0,0,0,100.93
Meguro,59.68,2,28,10.6,4.8,96.5,0,0,0,181.68
Suginami,20.0,1,13,50.0,3.1,85.9,1,1,1,78.75
Toshima,90.78,3,2,29.9,27.3,57.4,1,0,0,65.43
Ota,36.26,2,10,14.3,12.7,62.2,1,1,0,67.98
Koto,22.09,2,7,16.3,1.0,96.1,1,0,0,76.26
Setagaya,41.6,2,14,0.6,18.3,62.5,1,1,0,137.59
Meguro,69.68,4,23,38.4,2.8,89.5,1,0,0,135.29
Minato,87.97,3,27,6.1,2.6,100.0,1,1,0,294.07
Chiyoda,50.65,1,17,3.9,19.4,68.3,1,0,0,150.27
Nerima,69.61,3,27,1.8,2.4,100.0,0,0,0,157.4
Sumida,45.27,2,25,17.7,14.0,69.8,1,1,0,95.7
Toshima,68.82,2,24,18.5,24.2,40.6,1,1,1,111.63
Koto,80.73,3,24,50.0,5.4,89.3,0,1,1,116.8
Taito,106.92,4,15,50.0,1.0,93.3,1,0,1,159.98
Kita,20.0,1,25,17.5,6.0,100.0,1,1,0,81.97
Nakano,97.55,4,28,2.8,5.4,74.1,0,0,0,180.68
Bunkyo,76.93,3,29,11.0,4.7,79.9,1,1,0,195.89
Chiyoda,71.14,2,21,33.8,1.6,100.0,1,0,0,176.85
Shinagawa,110.49,4,28,8.2,1.0,99.0,1,1,0,198.75
Shinjuku,47.79,1,21,2.0,2.2,94.4,0,0,0,168.11
Bunkyo,89.3,2,6,6.0,3.7,100.0,0,0,0,223.42
Sumida,81.7,2,29,49.3,2.5,100.0,1,1,1,108.78
Nerima,33.37,2,10,7.9,15.9,49.8,1,1,0,107.95
Kita,34.09,1,6,1.8,5.0,100.0,1,1,0,133.33
Sumida,62.73,3,21,5.6,1.4,100.0,1,1,0,161.73
Arakawa,55.5,2,12,11.1,4.2,96.3,1,0,0,95.59
Toshima,94.96,3,7,34.5,1.3,97.0,0,1,1,214.85
Adachi,82.8,3,12,50.0,4.9,91.3,1,0,1,96.32
Toshima,81.75,3,6,30.4,1.0,99.3,0,0,0,174.03
Shibuya,77.49,3,5,6.8,6.5,85.2,0,1,0,233.92
Kita,81.14,4,26,22.7,1.7,100.0,1,1,0,163.32
Shibuya,53.2,2,23,2.8,1.0,100.0,1,1,0,245.52
Meguro,34.57,1,17,8.7,1.0,100.0,1,0,0,147.66
Kita,83.84,4,26,1.4,2.0,80.1,1,1,0,215.23
Meguro,59.38,2,16,17.1,13.6,75.9,0,1,0,133.94
Setagaya,55.07,2,30,11.5,30.0,28.3,0,1,1,107.22
Katsushika,59.96,1,22,0.0,1.0,89.9,1,1,0,137.2
Nerima,87.35,4,19,0.8,1.7,83.7,1,1,0,139.25
Setagaya,82.59,2,20,17.0,1.5,88.7,1,0,0,165.5
Chuo,52.48,3,17,4.3,16.1,78.9,1,1,0,143.94
Sumida,65.97,3,9,21.2,1.6,95.7,1,1,0,147.77
Chiyoda,95.81,4,17,13.6,7.6,94.2,1,1,0,264.0
Shibuya,82.01,3,21,6.7,13.1,67.7,1,0,0,220.22
Nakano,103.66,5,8,9.9,1.0,100.0,1,0,0,193.46
Minato,93.99,3,29,20.0,1.0,97.7,0,0,0,212.43
Katsushika,123.26,5,14,3.8,9.8,63.4,1,1,1,176.11
Chiyoda,44.93,2,14,14.1,1.0,90.7,1,1,1,213.06
Meguro,36.86,1,25,1.5,1.7,93.7,1,0,0,229.92
Edogawa,87.27,3,15,21.2,8.6,83.3,1,1,1,147.8
Bunkyo,122.91,5,24,7.5,1.0,89.5,0,1,0,184.46
Nakano,142.14,4,14,5.7,3.7,98.7,1,1,0,238.1
Bunkyo,88.58,2,14,33.2,10.2,74.2,1,0,1,137.35
Bunkyo,57.42,3,15,10.9,9.3,79.5,0,0,0,149.32
Arakawa,134.78,3,11,32.0,10.7,69.6,1,1,0,110.6
Shinagawa,66.59,2,10,1.2,8.7,83.8,1,1,0,178.91
Meguro,73.41,3,28,37.8,1.8,96.8,0,1,1,201.51
Setagaya,35.69,1,1,33.2,4.0,100.0,0,0,0,53.7
Taito,52.26,2,18,11.2,1.0,92.6,1,0,0,140.73
Taito,44.95,2,16,15.5,1.2,92.4,0,1,1,149.99
Nakano,30.69,1,4,14.4,3.9,85.8,1,1,0,112.57
Nerima,61.4,2,26,7.5,1.0,100.0,1,0,0,154.37
Nerima,43.44,3,7,45.0,9.6,72.2,1,1,1,82.54
Sumida,50.94,2,23,5.0,1.0,96.6,1,0,0,171.04
Katsushika,137.7,4,5,25.1,3.0,90.7,1,1,0,101.38
Sumida,85.43,3,8,3.9,23.3,60.0,0,1,0,122.51
Taito,78.5,3,30,32.1,30.0,38.1,1,1,0,90.12
Minato,72.4,3,23,5.6,1.7,100.0,1,1,0,209.56
Ota,29.78,1,5,11.6,2.6,100.0,1,0,1,100.53
Itabashi,77.22,3,6,4.3,1.0,93.0,1,1,0,164.88
Edogawa,104.52,4,5,1.7,2.9,98.5,1,1,0,189.25
Bunkyo,154.41,4,20,23.3,9.0,96.5,1,1,0,254.1
Nakano,77.92,3,2,17.1,4.3,78.6,1,0,0,155.77
Itabashi,115.77,5,26,9.2,8.8,87.5,0,0,0,211.55
Koto,33.4,1,16,11.5,24.5,49.9,1,1,0,47.2
Ota,125.96,3,14,7.2,4.2,81.3,1,1,0,192.12
Kita,107.4,5,22,23.9,1.7,87.4,1,0,1,160.14
Shinjuku,125.89,4,25,13.4,5.1,99.6,0,1,0,268.73
Adachi,66.96,3,18,7.7,5.5,84.5,0,0,0,121.82
Toshima,22.35,1,14,25.6,8.2,64.8,1,0,0,68.6
Koto,68.19,3,12,1.7,6.5,100.0,1,0,0,144.67
Arakawa,98.64,5,22,28.4,7.0,77.4,0,1,1,148.96
Shinagawa,41.54,2,13,50.0,4.2,92.3,1,1,1,82.83
Kita,67.97,3,28,4.4,11.4,76.3,1,1,0,129.34
Nerima,61.73,3,15,7.3,16.4,48.4,1,1,0,117.37
Ota,54.4,2,20,9.3,20.4,46.1,1,1,0,97.49
Adachi,43.11,2,19,7.4,13.7,81.8,0,0,0,80.33
Bunkyo,69.49,4,10,10.7,4.9,92.3,1,1,0,204.46
Edogawa,76.29,4,2,18.0,1.0,100.0,1,1,0,117.12
Kita,60.65,3,7,16.7,1.0,82.9,0,0,0,128.64
Sumida,31.23,1,5,9.7,1.0,100.0,1,0,0,109.0
Itabashi,86.13,4,2,20.1,1.2,88.6,1,1,0,142.28
Edogawa,83.03,3,25,14.2,7.4,100.0,1,1,0,130.07
Kita,20.0,1,10,1.8,3.6,88.3,0,0,0,93.01
Chuo,124.27,4,30,9.6,2.7,100.0,1,1,0,292.7
Sumida,48.01,1,27,36.2,1.6,87.6,1,1,1,93.05
Setagaya,127.61,4,10,14.7,1.5,98.3,0,0,0,211.22
Ota,96.03,3,12,6.4,11.1,68.3,1,0,0,144.22
Shinjuku,55.66,3,1,0.6,2.8,100.0,0,0,0,197.5
Chuo,41.12,2,11,1.4,6.0,97.9,1,1,0,199.02
Taito,76.5,3,25,9.0,21.1,45.5,1,1,0,152.27
Sumida,44.59,2,6,7.6,17.1,58.2,1,1,1,103.91
Taito,65.6,4,25,9.1,7.7,69.8,1,1,1,209.8
Itabashi,126.97,4,12,27.2,10.6,74.6,0,1,1,177.76
Arakawa,94.91,5,6,15.0,8.9,89.7,1,1,0,142.0
Kita,71.31,3,1,5.9,9.3,83.4,0,1,0,113.52
Katsushika,23.74,1,23,16.0,2.5,100.0,1,1,1,117.43
Koto,72.24,3,30,4.9,2.7,78.9,1,1,1,164.47
Setagaya,39.17,1,8,4.0,13.7,68.0,1,1,0,105.19
Taito,50.24,1,6,0.1,12.1,56.1,1,1,0,121.07
Nerima,41.8,2,20,17.1,1.3,89.9,0,0,1,102.19
Shinjuku,66.59,3,15,50.0,6.3,99.9,1,1,0,136.95
Chiyoda,75.75,3,30,12.0,24.1,58.1,1,1,0,159.16
Nakano,75.06,3,10,27.0,2.5,91.0,0,1,1,181.8
Ota,33.77,1,10,3.6,1.1,96.9,1,0,0,137.88
Katsushika,95.7,4,20,3.7,2.7,100.0,1,1,0,164.59
Nerima,37.97,1,5,28.7,3.8,90.7,1,0,1,84.3
Chuo,92.62,5,1,3.5,1.6,100.0,1,0,0,213.91
Edogawa,71.0,2,21,14.7,19.0,39.4,1,0,0,76.55
Ota,60.67,3,4,7.8,1.0,92.4,1,0,0,77.49
Shinjuku,123.12,3,10,9.9,18.5,67.4,0,1,1,233.21
Shibuya,20.0,1,29,2.2,5.6,91.0,0,1,0,178.34
Taito,65.54,3,27,1.9,5.3,92.3,0,0,0,185.3
Katsushika,45.29,2,23,16.8,1.5,100.0,0,1,1,111.61
Nerima,83.82,2,30,5.1,13.7,75.4,1,0,0,133.44
Shibuya,110.92,4,6,5.9,6.9,61.4,0,0,0,297.81
Suginami,75.39,4,25,5.0,16.8,77.2,0,0,1,199.96
Arakawa,52.42,2,28,7.4,17.9,33.7,1,0,0,85.49
Chiyoda,52.8,2,1,16.7,8.3,79.9,1,0,0,167.7
Taito,54.89,3,25,0.1,8.3,70.2,1,1,0,164.0
Katsushika,33.99,2,16,32.5,6.6,89.9,1,1,1,73.78
Arakawa,89.98,3,8,2.2,10.0,91.3,1,1,0,145.0
Meguro,62.18,2,2,23.0,28.7,49.5,0,0,1,140.77
Shibuya,55.0,3,30,14.9,1.0,100.0,1,1,0,214.61
Ota,52.33,1,16,5.1,1.9,88.8,1,1,1,132.18
Sumida,24.79,2,4,0.7,1.9,84.2,1,0,0,79.27
Shinagawa,70.6,4,17,0.8,5.6,87.2,1,0,0,140.05
Chiyoda,46.38,2,15,35.3,11.3,79.6,0,0,0,105.46
Katsushika,20.0,2,26,8.4,4.2,67.4,1,0,0,97.33
Taito,20.0,1,11,7.0,2.6,96.1,1,0,0,85.6
Shinjuku,20.33,1,28,3.2,7.6,97.0,1,1,0,125.58
Adachi,126.32,4,12,30.1,13.7,56.6,0,0,0,118.62
Minato,70.64,3,16,10.0,1.9,99.5,1,1,0,279.03
Shinjuku,44.64,2,28,21.1,2.5,100.0,1,1,1,173.03
Koto,51.95,2,21,11.0,6.0,77.8,0,0,0,135.28
Chuo,65.82,4,19,50.0,4.6,73.5,0,1,1,154.93
Minato,20.0,1,28,1.9,13.6,94.7,0,0,0,171.78
Shibuya,42.69,2,24,9.3,5.1,95.7,0,0,1,216.27
Koto,59.0,2,3,15.8,1.0,78.8,1,0,1,165.49
Edogawa,63.8,2,3,8.5,8.8,93.4,0,1,0,137.51
Setagaya,68.36,3,7,2.7,1.8,97.9,0,0,0,166.71
Chuo,53.0,1,24,2.9,6.1,80.7,1,0,0,135.86
Koto,104.76,5,2,4.4,10.2,71.1,1,1,0,170.71
Kita,111.18,5,21,10.4,7.4,81.4,1,1,1,222.0
Shibuya,99.57,3,10,33.8,9.2,88.0,1,0,1,193.78
Shinjuku,97.36,4,27,20.0,15.5,76.4,0,1,0,192.14
Shinagawa,102.13,4,22,3.7,13.1,60.1,1,0,0,163.11
Chuo,50.04,3,30,29.7,4.4,90.2,0,1,0,147.95
Ota,84.44,3,5,32.8,6.0,87.2,0,1,1,129.9
Shibuya,57.21,3,7,10.6,13.9,57.8,0,0,0,110.26
Chuo,30.12,1,18,14.3,2.4,85.4,1,0,0,96.75
Nerima,92.89,4,9,10.5,24.8,37.7,0,0,0,104.27
Suginami,86.6,3,8,12.5,1.1,90.7,0,0,0,145.15
Koto,86.46,2,7,20.5,3.4,84.7,1,0,0,167.05
Meguro,69.79,3,23,2.3,2.9,100.0,1,1,0,178.83
Chiyoda,92.09,4,5,8.5,7.5,71.2,1,1,0,228.28
Adachi,70.84,2,24,7.3,2.4,100.0,1,1,0,153.64
Kita,53.13,2,20,0.9,2.6,91.4,0,1,0,104.02
Arakawa,86.37,3,21,5.8,7.6,85.3,1,0,0,158.45
Shinjuku,102.62,3,22,9.0,30.0,39.2,1,0,0,125.83
Minato,75.68,3,18,12.3,1.0,100.0,1,1,1,261.63
Toshima,87.43,3,19,4.1,22.1,50.4,1,1,0,161.62
Nerima,95.94,4,30,11.9,7.3,83.6,1,0,0,168.92
Minato,77.4,3,6,5.9,6.6,96.6,1,1,0,339.73
Koto,43.03,2,17,4.1,1.1,100.0,0,1,0,195.14
Bunkyo,40.71,2,3,4.0,2.5,94.0,0,1,0,166.41
Bunkyo,71.38,3,26,7.9,1.1,90.5,1,0,1,245.27
Shinjuku,98.13,4,15,15.6,1.0,79.3,1,1,0,221.12
Arakawa,57.1,2,5,6.2,1.0,93.4,1,0,1,120.49
Shinagawa,66.27,3,13,1.1,2.8,90.2,0,0,0,132.25
Shinjuku,113.21,4,26,18.6,3.9,93.0,1,0,0,232.91
Setagaya,109.87,3,11,2.2,2.7,98.2,1,0,0,206.4
Chuo,64.26,2,5,6.1,12.5,100.0,1,0,1,201.81
Taito,37.35,2,19,37.7,15.0,75.7,1,1,0,69.3
Toshima,75.47,3,9,19.0,2.8,97.7,0,0,0,130.77
Ota,69.98,4,2,1.8,7.0,72.0,1,1,0,197.51
Minato,28.67,2,15,0.5,1.2,100.0,1,0,0,172.29
Nerima,41.54,1,5,7.8,10.3,74.9,1,1,0,80.66
Setagaya,105.89,5,1,0.6,1.0,96.0,0,1,0,211.02
Katsushika,53.19,1,1,1.7,6.6,87.4,1,0,0,81.93
Ota,79.27,3,5,3.7,1.3,83.0,0,0,0,184.61
Arakawa,45.32,2,6,10.1,8.5,84.6,1,1,0,107.11
Koto,86.04,3,16,26.1,15.8,69.9,1,0,0,96.59
Shibuya,91.89,4,2,28.7,16.8,67.3,1,1,1,258.58
Adachi,113.33,3,19,24.6,2.6,88.2,1,1,0,151.84
Nakano,58.11,2,1,1.6,8.3,94.9,1,1,0,135.51
Edogawa,42.4,2,8,4.9,1.0,94.6,1,0,0,138.84
Nakano,46.33,3,20,3.9,1.2,98.9,1,0,1,180.55
Minato,35.36,1,11,11.8,1.2,88.5,1,1,1,168.8
Shibuya,75.23,3,28,1.9,9.1,87.9,1,1,0,201.49
Taito,27.99,1,30,50.0,1.0,93.3,0,0,1,70.44
Taito,116.71,5,8,1.3,1.2,99.8,1,0,0,182.56
Taito,82.38,2,19,0.3,7.9,100.0,1,1,1,180.58
Toshima,58.45,3,8,28.1,30.0,40.5,0,0,1,60.01
Ota,36.65,1,6,16.1,1.0,96.3,1,0,0,72.92
Chiyoda,57.2,1,3,35.4,1.0,90.7,1,0,1,151.86
Bunkyo,77.7,3,19,1.3,6.2,96.5,1,1,0,238.38
Chiyoda,129.55,3,13,33.5,3.3,81.2,0,1,1,224.69
Toshima,43.2,2,14,14.5,6.7,80.4,1,1,0,144.06
Katsushika,135.5,3,2,0.4,2.0,98.7,1,1,0,227.78
Kita,20.0,2,18,11.9,2.3,93.1,0,1,0,104.99
Katsushika,58.8,2,18,50.0,3.5,82.0,1,1,1,111.02
Chuo,123.2,5,9,4.0,2.1,90.7,1,1,0,272.18
Kita,122.24,4,30,5.6,2.4,87.1,0,1,1,242.83
Shinagawa,102.45,4,25,11.0,1.6,97.8,1,0,0,178.86
Shinagawa,38.47,1,27,4.4,1.0,100.0,0,1,0,142.44
Sumida,95.15,5,11,6.7,4.8,100.0,1,1,1,176.72
Taito,25.08,1,6,13.5,24.4,52.9,0,1,1,55.76
Shibuya,50.21,1,12,4.7,2.8,82.7,1,1,0,142.17
Koto,47.63,3,19,3.2,9.7,84.0,1,1,0,161.69
Minato,88.72,4,10,2.5,4.5,100.0,1,0,0,287.35
Taito,70.17,3,14,35.5,4.6,100.0,1,1,1,149.17
Meguro,75.86,2,3,9.2,10.3,88.2,0,1,0,123.82
Meguro,40.26,1,18,14.3,6.0,90.2,1,1,1,185.18
Setagaya,137.9,5,9,3.2,1.0,90.1,1,1,0,271.19
Arakawa,58.79,2,7,1.4,5.8,100.0,0,1,0,119.57
Shinjuku,87.58,3,28,13.3,12.2,71.0,1,0,0,159.79
Suginami,93.36,5,11,0.0,3.1,84.3,1,0,0,202.88
Bunkyo,47.31,2,24,13.3,5.7,79.7,1,1,1,203.25
Bunkyo,80.79,3,25,48.9,6.2,89.1,1,1,0,132.73
Shinjuku,87.77,3,26,6.4,1.2,99.1,0,0,0,141.6
Nakano,66.3,3,8,6.3,9.2,77.1,1,0,0,138.32
Bunkyo,63.77,2,29,19.2,20.3,47.8,1,1,1,145.81
Ota,57.08,1,27,0.1,2.0,100.0,1,0,0,194.22
Koto,116.73,4,29,0.2,5.3,70.5,1,1,0,211.48
Sumida,44.32,3,3,8.1,5.7,100.0,0,1,0,121.19
Shibuya,91.61,4,22,15.5,9.0,75.0,0,1,0,224.08
Nakano,51.22,1,17,10.4,2.5,97.0,1,0,0,133.08
Katsushika,44.11,3,2,0.5,9.9,69.4,0,1,0,108.02
Itabashi,152.15,3,11,3.4,1.0,84.4,1,0,0,180.23
Shibuya,106.97,3,2,23.6,3.0,76.4,1,1,0,239.35
Ota,81.75,3,24,17.8,17.6,59.4,0,1,0,112.29
Chuo,71.64,2,4,6.4,4.0,98.3,0,0,0,167.12
Sumida,87.08,3,19,7.2,3.0,98.9,1,1,0,172.32
Meguro,75.14,3,11,8.2,6.1,85.6,1,1,0,152.93
Ota,84.82,4,25,24.2,20.6,50.2,0,1,1,153.99
Meguro,86.16,3,25,23.3,2.7,94.8,1,1,1,236.75
Katsushika,28.68,1,21,6.9,19.9,50.6,1,1,0,63.99
Chiyoda,20.0,1,23,5.1,1.7,100.0,1,1,1,148.69
Itabashi,64.49,3,18,19.5,2.0,93.7,0,0,1,146.83
Katsushika,73.62,2,6,0.7,4.1,100.0,0,0,0,200.86
Chiyoda,44.49,2,19,47.8,2.4,96.8,1,0,1,140.09
Shibuya,130.22,4,25,24.0,3.3,100.0,1,1,1,234.32
Arakawa,103.67,4,2,2.5,14.8,62.5,0,0,0,121.52
Ota,77.14,2,14,18.9,8.7,85.1,0,0,1,133.01
Sumida,87.5,2,14,5.1,19.9,64.7,0,1,0,115.96
Bunkyo,82.93,2,21,5.0,1.0,89.8,0,1,0,160.77
Edogawa,92.76,4,9,10.0,27.7,50.9,1,1,0,123.32
Chuo,73.08,3,28,28.8,24.6,42.0,1,1,0,114.79
Taito,63.96,4,4,23.3,1.0,88.9,1,1,0,169.35
Nerima,29.52,1,15,7.8,1.4,100.0,1,1,0,114.11
Setagaya,95.18,4,25,6.0,1.4,94.4,1,0,0,205.69
Shinjuku,84.02,2,26,10.1,1.8,97.2,1,0,0,225.59
Toshima,74.16,2,26,7.8,2.1,100.0,1,1,0,147.03
Adachi,92.27,5,24,22.4,30.0,34.2,0,1,0,89.98
Bunkyo,32.31,1,11,9.0,30.0,20.4,1,0,0,52.19
Chuo,91.71,3,1,4.1,11.5,53.8,1,1,0,217.37
Shibuya,66.93,3,14,3.8,7.6,88.1,0,0,0,197.62
Nakano,70.96,4,6,3.9,1.7,100.0,0,1,0,146.2
Arakawa,50.52,3,10,2.7,5.3,91.4,1,0,0,114.83
Shinagawa,72.73,4,16,6.0,5.4,88.8,1,0,0,202.11
Arakawa,27.82,2,22,2.1,21.6,56.8,1,1,0,74.21
Nakano,48.82,3,12,4.1,12.9,69.7,1,1,0,112.19
Shinagawa,42.41,1,28,27.8,1.0,100.0,1,1,0,133.19
Nakano,35.38,1,30,20.4,6.8,84.2,1,0,0,58.36
Minato,25.62,1,7,7.5,3.9,91.6,0,1,0,148.5
Adachi,84.08,3,19,7.7,13.9,66.3,1,0,0,114.35
Toshima,55.2,1,11,0.3,5.4,99.4,1,0,0,111.29
Adachi,71.78,2,22,0.3,4.7,75.9,1,1,0,147.59
Ota,85.01,4,9,26.9,1.0,100.0,0,1,1,166.62
Ota,61.36,3,16,15.4,13.3,82.9,1,1,0,101.89
Koto,70.62,3,2,10.2,11.3,77.6,1,1,0,131.36
Setagaya,31.77,1,11,13.4,1.0,85.1,0,1,0,135.35
Setagaya,99.07,4,26,13.7,8.8,78.0,1,1,0,155.88
Sumida,124.75,4,21,2.8,2.6,89.6,1,1,0,205.27
Chuo,75.94,3,19,9.1,1.0,100.0,0,0,0,218.52
Nakano,52.36,2,12,5.4,7.3,86.8,1,1,0,149.04
Shibuya,59.11,2,1,3.9,4.2,97.5,1,1,0,221.36
Kita,93.52,4,10,28.4,9.5,67.3,1,1,1,173.68
Bunkyo,24.13,2,7,25.3,1.0,95.5,1,0,0,116.75
Minato,58.32,2,6,7.8,11.8,75.1,1,1,0,189.3
Toshima,92.0,5,4,7.4,2.4,100.0,1,0,0,165.69
Shinjuku,20.0,2,13,9.8,30.0,32.4,0,0,0,58.48
Shinagawa,81.53,3,28,35.6,2.4,86.2,1,0,1,166.57
Shinjuku,45.7,2,15,3.0,2.6,97.3,0,0,0,130.13
Edogawa,97.22,5,24,50.0,1.5,100.0,0,1,1,195.59
Ota,59.79,2,11,20.5,8.2,84.8,1,1,0,128.24
Adachi,59.54,2,24,5.5,2.3,96.6,0,0,1,181.03
Arakawa,27.71,1,20,50.0,21.6,50.4,1,0,0,10.0
Shibuya,45.78,2,25,9.0,1.0,100.0,1,1,0,222.26
Sumida,105.48,4,4,10.5,1.0,98.9,0,1,0,230.11
Nerima,52.86,3,5,28.9,14.5,86.9,1,1,1,80.61
Ota,55.68,3,17,24.6,10.3,74.2,0,0,1,127.49
Setagaya,75.5,3,18,3.4,5.8,88.7,0,0,1,163.23
Shibuya,50.12,2,3,12.5,4.8,84.3,1,1,1,174.11
Katsushika,98.94,5,6,3.7,18.6,51.2,1,0,0,121.22
Minato,56.58,2,24,8.4,15.5,54.9,1,0,0,193.38
Arakawa,28.59,1,4,11.9,8.4,74.9,1,0,0,74.75
Chuo,31.5,1,24,7.8,18.7,64.9,0,1,0,122.44
Bunkyo,86.0,4,27,5.6,9.3,74.7,1,1,0,128.16
Nerima,34.75,2,4,5.9,5.2,95.7,1,0,0,114.02
Setagaya,30.05,2,10,27.6,2.4,88.4,1,0,1,144.54
Adachi,75.23,3,1,23.6,2.5,100.0,0,0,1,109.58
Bunkyo,53.99,1,26,0.6,3.7,98.6,0,0,0,206.66
Sumida,44.86,3,25,2.4,1.0,98.3,1,0,0,174.28
Chiyoda,34.16,2,18,8.3,18.2,63.8,1,0,1,176.78
Koto,82.84,4,20,34.2,5.7,100.0,1,1,0,122.2
Taito,84.66,3,7,4.1,1.0,90.9,1,1,0,178.37
Chiyoda,39.39,1,21,14.6,4.6,96.7,0,1,0,189.99
Bunkyo,50.86,2,27,0.8,20.9,65.0,0,1,0,164.55
Adachi,20.0,1,7,18.5,18.9,65.9,0,1,0,33.69
Minato,134.25,4,16,4.8,2.2,97.3,1,0,0,339.35
Arakawa,75.36,3,8,5.7,10.7,61.4,0,1,0,103.58
Shibuya,55.62,1,19,34.7,3.3,79.9,0,1,1,159.54
Shinjuku,56.44,1,20,17.2,2.2,77.1,1,1,1,125.69
Koto,36.82,1,19,1.5,1.9,100.0,0,0,0,109.99
Nakano,34.07,1,19,19.8,3.9,91.7,1,0,0,117.8
Itabashi,20.0,2,21,34.6,8.1,78.8,1,1,1,86.66
Nerima,71.52,2,21,32.4,1.0,94.8,1,1,0,98.33
Toshima,58.36,3,13,24.8,1.9,83.3,0,1,0,126.38
Sumida,56.49,2,25,50.0,1.8,96.9,1,1,0,70.48
Edogawa,39.19,1,30,0.0,8.0,76.5,1,1,0,115.94
Chuo,48.84,1,4,3.7,16.6,72.9,1,1,0,180.54
Sumida,56.91,3,2,36.2,7.6,83.2,1,0,1,117.67
Minato,52.62,1,27,16.2,20.1,55.4,1,0,0,155.47
Koto,24.93,2,24,5.2,14.5,50.6,1,1,1,114.28
Shinjuku,20.0,1,22,6.6,12.9,73.7,1,1,0,92.41
Edogawa,111.41,4,27,30.1,2.7,100.0,1,1,1,187.57
Ota,93.61,4,21,7.9,4.6,98.2,0,0,0,206.49
Meguro,58.06,2,16,5.2,2.4,89.5,1,0,0,191.83
Arakawa,72.04,3,12,19.8,9.5,95.9,1,0,1,108.4
Shibuya,104.86,5,3,39.7,2.9,100.0,1,1,1,234.86
Minato,69.79,3,25,16.7,5.3,100.0,1,0,1,225.79
Kita,128.27,5,25,0.2,4.0,68.2,0,1,0,210.27
Chuo,113.5,5,17,6.6,3.8,86.5,1,0,0,236.08
Meguro,41.62,1,11,12.6,8.5,76.5,0,1,0,152.6
Ota,65.76,4,5,15.5,5.6,79.7,1,1,0,131.78
Shibuya,67.76,2,9,3.4,3.6,75.7,0,1,0,178.1
Meguro,85.37,2,5,5.2,12.1,75.3,0,1,0,231.4
Itabashi,30.12,2,28,9.6,5.3,100.0,1,1,0,114.24
Minato,57.95,1,6,15.8,1.7,100.0,0,1,1,234.41
Chiyoda,56.11,3,13,0.8,11.0,79.6,1,1,0,145.85
Adachi,75.19,2,5,30.3,1.1,82.3,1,1,1,105.11
Chuo,52.28,2,10,18.7,1.0,94.0,1,1,0,160.95
Sumida,53.91,2,13,12.1,7.5,79.4,0,1,0,111.87
Nerima,82.14,3,16,8.9,14.0,77.4,0,0,1,163.44
Taito,87.19,4,6,2.3,26.1,48.9,1,1,0,154.09
Katsushika,91.74,4,12,19.6,11.8,81.6,0,0,1,141.83
Meguro,42.97,2,7,18.0,1.0,77.0,1,1,0,162.49
Shinagawa,47.87,2,22,0.0,10.7,67.2,1,1,0,159.7
Arakawa,95.37,4,25,5.5,4.3,73.3,1,0,0,154.26
Meguro,51.19,2,24,23.7,1.1,93.1,1,1,0,192.01
Taito,30.01,1,24,39.2,5.2,82.8,0,0,1,87.47
Adachi,71.65,3,21,39.5,6.7,59.9,1,1,1,123.27
Chuo,72.07,3,13,21.3,6.6,82.1,1,0,0,140.91
Toshima,106.39,3,22,24.6,8.6,87.2,1,0,0,155.83
Itabashi,107.9,4,21,2.6,1.0,100.0,0,0,0,232.85
Chiyoda,45.63,2,13,8.5,1.0,100.0,1,1,0,199.44
Meguro,149.02,4,12,30.2,14.4,90.1,0,1,1,194.94
Shinjuku,103.7,5,1,2.2,5.3,92.1,1,0,0,175.17
Kita,55.66,2,9,35.6,5.9,83.4,0,1,1,80.7
Bunkyo,45.78,2,22,16.4,1.0,98.4,1,0,0,127.66
Adachi,44.17,2,28,3.7,7.4,88.2,1,1,0,133.65
Chuo,55.24,1,24,3.6,19.5,59.5,0,1,1,166.16
Edogawa,55.51,2,9,42.0,1.0,92.4,1,1,1,120.63
Arakawa,33.48,1,10,14.0,1.7,100.0,1,1,1,117.86
Shibuya,37.15,1,28,1.9,5.6,87.7,1,1,0,214.38
Katsushika,78.85,3,24,7.3,2.0,100.0,1,1,0,158.25
Chiyoda,64.31,3,29,0.0,5.5,100.0,1,1,0,243.05
Suginami,45.14,2,24,24.2,4.3,89.6,1,0,1,122.14
Shibuya,62.53,3,13,10.0,22.5,42.1,0,1,0,180.12
Nakano,87.05,3,4,12.3,7.8,100.0,0,1,0,155.91
Minato,136.61,4,29,50.0,1.3,100.0,1,1,1,255.26
Toshima,85.59,2,17,37.7,23.9,51.3,1,1,1,110.18
Katsushika,43.75,3,7,4.5,6.8,76.3,1,1,0,133.96
Shibuya,81.29,3,20,30.7,12.4,64.7,1,1,0,191.9
Arakawa,109.33,4,20,26.8,21.5,70.6,1,0,1,83.8
Setagaya,43.71,3,3,2.5,1.5,87.9,1,0,0,161.1
Bunkyo,33.31,2,10,9.2,21.7,39.9,1,1,0,108.16
Meguro,40.55,2,17,43.8,11.5,75.6,0,0,1,76.92
Katsushika,80.03,2,29,13.3,8.7,96.1,1,1,0,140.08
Shinagawa,28.08,2,11,10.4,7.0,66.1,1,0,0,128.02
Edogawa,104.78,4,26,48.7,4.3,93.1,1,1,1,137.45
Minato,20.0,2,20,22.9,19.2,45.8,1,0,1,118.07
Arakawa,75.92,2,7,4.9,1.0,100.0,0,1,0,152.56
Itabashi,37.6,2,13,23.1,1.0,86.6,0,1,0,108.64
Shibuya,68.45,3,6,7.3,8.0,77.9,1,1,0,181.05
Shinagawa,104.5,4,11,1.6,4.0,66.8,0,0,0,153.02
Arakawa,106.26,4,26,37.8,1.0,100.0,1,0,1,182.07
Shinjuku,109.4,3,18,5.0,1.4,93.0,0,0,1,217.91
Shibuya,92.44,4,8,0.0,7.3,85.5,0,0,0,258.13
Koto,109.22,5,22,13.5,24.7,45.8,1,0,1,163.91
Koto,63.93,3,30,4.5,1.6,96.8,1,0,0,156.15
Arakawa,64.86,3,11,9.7,1.4,93.5,0,1,0,154.89
Edogawa,91.93,4,7,2.6,12.8,61.8,1,1,0,146.22
Edogawa,76.15,3,10,21.8,11.0,86.6,0,0,0,108.46
Koto,55.65,2,29,14.1,10.8,73.5,0,1,0,78.27
Koto,126.31,4,11,18.4,5.0,79.1,1,0,0,171.22
Ota,63.24,3,5,45.9,2.2,100.0,0,0,1,111.93
Taito,75.2,3,16,5.1,3.2,81.2,1,0,0,132.6
Shinjuku,46.93,2,17,3.6,2.0,100.0,1,1,0,197.68
Chuo,66.17,4,1,0.7,1.0,98.2,0,1,0,197.09
Minato,33.44,1,14,6.9,1.5,100.0,0,0,0,174.92
Minato,48.52,1,3,18.9,6.4,97.0,1,1,1,237.43
Toshima,76.88,2,22,4.6,4.1,91.9,1,1,0,156.75
Ota,102.18,3,28,0.9,13.2,66.4,0,1,0,167.98
Shibuya,85.27,2,22,3.7,7.6,81.5,1,1,0,216.88
Adachi,29.27,1,17,4.7,2.4,100.0,1,0,1,101.19
Minato,33.08,1,30,17.7,7.1,83.6,1,0,1,190.43
Shinagawa,41.66,2,27,0.4,5.6,89.4,1,1,0,146.09
Chiyoda,35.37,1,21,40.3,29.3,48.0,1,0,1,67.51
Chuo,79.15,4,23,2.4,19.0,69.6,1,1,0,207.41
Suginami,74.97,3,8,14.4,4.6,84.6,0,1,0,131.41
Shinjuku,41.99,1,24,7.3,2.0,96.3,0,0,0,146.06
Suginami,49.87,1,25,27.9,19.9,63.7,1,1,0,93.14
Nerima,41.3,1,10,0.6,12.5,55.6,1,1,0,94.23
Edogawa,51.53,3,4,15.0,14.5,63.3,0,1,0,83.48
Minato,111.8,4,11,5.1,9.9,63.3,1,0,0,189.97
Meguro,41.02,2,12,0.6,10.9,79.7,1,1,0,144.05
Shinjuku,95.83,4,15,0.5,15.3,82.0,1,1,0,229.15
Sumida,59.97,1,25,0.7,1.0,100.0,1,0,0,201.14
Chiyoda,80.09,3,29,25.4,2.5,96.1,1,0,0,232.08
Kita,77.88,3,27,22.8,5.5,84.0,1,1,1,131.32
Katsushika,20.0,1,5,43.7,3.0,85.7,1,1,0,52.09
Toshima,82.41,4,26,5.8,2.9,96.0,1,1,0,188.92
Bunkyo,103.28,4,10,0.0,21.6,58.7,0,1,0,155.26
Nakano,41.28,3,25,7.4,14.8,69.2,0,1,0,107.32
Nerima,84.16,3,3,11.7,4.5,93.9,1,1,0,134.55
Shinjuku,113.27,4,12,6.0,30.0,53.2,1,0,0,126.4
Shibuya,78.86,2,20,0.1,4.4,76.5,1,1,0,221.99
Setagaya,20.0,1,19,4.7,1.0,100.0,1,1,0,140.32
Toshima,32.1,1,27,7.5,10.5,89.4,1,1,1,171.8
Adachi,20.0,2,27,2.8,11.2,85.6,1,1,0,92.24
Toshima,33.54,1,20,44.0,3.1,90.5,0,1,1,97.73
Shibuya,66.04,4,18,17.2,1.6,100.0,0,1,1,213.04
Sumida,70.17,3,29,10.8,7.3,84.2,0,1,1,126.75
Arakawa,63.71,3,1,23.0,9.8,76.0,1,1,1,125.97
Shibuya,95.85,3,16,25.8,1.0,90.2,1,0,0,211.99
Chiyoda,69.22,2,5,13.9,2.3,100.0,1,1,0,208.62
Edogawa,98.14,4,3,12.3,1.0,100.0,1,1,1,159.34
Adachi,20.0,2,3,43.0,2.3,85.6,1,0,1,54.57
Suginami,58.33,2,19,22.7,20.1,66.5,0,0,0,63.76
Nerima,54.67,3,2,10.0,3.2,95.2,1,0,0,141.17
Toshima,73.01,3,13,3.5,1.1,87.8,1,1,0,199.3
Katsushika,91.54,4,8,12.1,24.7,35.2,1,0,1,130.58
Chuo,76.22,3,3,43.3,9.4,93.0,1,1,1,164.11
Shinjuku,88.12,4,15,1.7,30.0,43.2,0,0,0,116.97
Itabashi,97.65,4,26,21.8,2.8,100.0,1,0,0,193.09
Chiyoda,65.87,4,20,14.8,7.8,63.8,1,1,0,199.7
Setagaya,105.04,4,12,3.8,1.0,100.0,1,1,0,186.98
Arakawa,30.85,1,1,10.0,14.4,75.4,1,0,1,86.38
Bunkyo,74.35,3,27,4.3,30.0,35.3,0,0,0,101.28
Meguro,48.33,2,4,5.7,7.2,73.0,1,1,0,195.21
Adachi,28.0,1,3,10.5,3.2,97.4,1,0,0,83.18
Nakano,61.22,3,22,18.6,2.4,100.0,1,1,0,141.21
Kita,60.5,2,20,31.1,8.0,70.8,1,1,0,102.94
Shibuya,38.94,2,18,26.2,1.1,94.4,1,0,1,162.15
Suginami,72.42,3,22,10.2,10.9,84.2,1,1,0,200.89
Chuo,73.57,3,26,0.3,3.2,89.8,1,1,0,179.41
Suginami,20.0,1,11,6.4,1.1,81.6,1,0,0,97.35
Adachi,58.24,1,25,14.3,10.9,84.4,1,1,0,119.96
Nakano,118.08,4,10,8.6,1.0,100.0,1,0,0,173.87
Sumida,77.14,3,25,50.0,19.9,76.7,1,0,1,81.08
Chuo,107.32,4,11,10.5,5.2,92.6,1,0,0,209.2
Nerima,59.27,1,8,3.6,10.6,73.3,1,1,0,141.25
Ota,86.41,2,3,50.0,2.9,78.7,1,0,1,128.34
Chuo,63.72,3,20,0.5,2.2,100.0,0,1,0,188.36
Adachi,56.18,2,25,17.8,1.0,83.8,1,1,0,159.89
Minato,66.97,3,10,10.4,21.6,51.0,1,0,1,149.57
Nerima,71.37,3,3,1.9,15.5,76.6,0,1,0,142.02
Shinjuku,28.39,2,15,26.4,4.4,78.0,0,0,1,120.72
Edogawa,59.55,1,23,16.9,8.6,85.3,1,1,0,136.45
Minato,73.63,3,19,5.1,5.3,89.6,1,0,0,217.51
Chiyoda,48.72,2,23,12.6,9.2,76.3,1,1,1,233.61
Taito,98.32,3,17,3.2,4.1,88.0,1,1,0,197.74
Koto,68.45,4,19,3.4,10.6,61.7,1,1,0,149.23
Chuo,56.17,2,20,2.2,13.9,76.1,1,0,0,160.82
Arakawa,96.48,4,9,8.4,23.1,45.6,1,0,0,108.54
Edogawa,46.08,3,13,6.4,1.4,95.6,1,1,0,167.52
Koto,90.22,4,8,18.1,1.0,79.1,1,1,1,127.65
Sumida,73.49,3,15,32.4,3.0,88.6,1,0,0,128.95
Shinagawa,55.54,2,21,7.3,8.2,83.5,1,0,0,144.69
Taito,68.42,2,5,10.7,1.7,100.0,1,1,0,139.86
Itabashi,88.05,4,8,4.0,21.8,57.1,1,0,0,118.34
Arakawa,110.36,3,5,4.6,6.2,70.5,1,0,0,144.16
Minato,58.6,2,17,2.0,1.0,94.4,1,0,0,210.31
Taito,23.58,1,19,11.8,1.0,84.9,0,0,0,99.71
Arakawa,56.23,2,2,10.6,16.3,65.0,1,1,0,79.97
Shinjuku,107.75,5,17,4.7,1.0,100.0,1,1,1,208.9
Katsushika,81.74,4,25,4.6,1.0,88.9,1,1,0,202.08
Koto,62.0,3,12,19.5,2.0,99.7,1,1,0,133.38
Minato,102.56,3,6,6.5,1.2,100.0,1,0,0,175.62
Chuo,33.9,2,29,34.0,1.0,95.6,1,0,1,133.74
Minato,98.4,4,18,18.2,12.1,67.0,1,0,1,227.13
Nerima,36.39,1,7,41.8,1.0,77.6,1,1,1,90.83
Taito,100.54,4,4,1.0,3.1,95.2,1,1,0,212.63
Kita,93.04,4,10,11.5,3.3,93.9,0,1,0,155.84
Suginami,22.96,1,30,3.4,1.8,92.9,1,0,0,108.51
Adachi,63.2,3,7,8.2,3.8,84.4,0,0,0,119.58
Shinagawa,76.11,4,30,2.5,2.8,99.0,1,1,1,223.85
Chuo,95.07,5,10,28.2,2.1,87.1,1,0,1,198.24
Toshima,44.99,3,30,7.7,6.9,85.0,0,1,0,164.02
Shinjuku,20.0,2,11,11.4,8.2,100.0,1,1,0,167.35
Setagaya,67.36,3,24,37.1,17.8,74.1,1,0,1,109.81
Shinjuku,67.42,3,2,15.1,9.4,85.7,0,1,1,204.95
Shinjuku,28.66,1,13,20.3,6.2,96.3,1,0,1,157.85
Kita,55.89,3,16,0.2,27.8,59.7,0,1,0,98.12
Ota,38.12,1,13,0.2,2.9,89.3,1,1,0,135.5
Chiyoda,98.26,4,1,50.0,9.9,83.3,0,0,1,124.16
Shinjuku,45.38,2,9,50.0,5.3,87.3,0,1,1,102.42
Chuo,111.66,3,1,34.5,2.2,86.3,1,0,0,205.89
Shinagawa,85.39,3,6,5.9,9.1,97.8,1,1,0,179.47
Bunkyo,97.87,3,17,10.7,5.8,92.3,1,1,0,250.85
Nerima,74.7,2,25,31.8,1.4,86.7,0,0,0,107.58
Meguro,66.15,3,1,43.9,4.7,92.6,1,0,1,168.74
Bunkyo,34.31,1,28,12.2,2.6,87.9,0,0,1,116.89
Itabashi,42.98,2,2,10.7,12.8,86.1,1,0,0,119.3
Adachi,79.8,3,16,1.1,2.3,98.0,1,0,0,175.83
Edogawa,35.71,1,21,10.9,17.8,57.2,1,0,0,62.5
Setagaya,73.11,2,15,26.2,1.6,97.9,0,1,1,170.54
Kita,41.72,2,21,36.0,7.9,80.7,0,0,0,62.29
Nakano,46.38,3,16,0.7,1.7,95.5,0,1,0,206.69
Shinagawa,32.59,2,20,4.5,13.3,71.0,0,1,1,154.78
Toshima,57.79,1,9,36.9,2.0,59.9,1,0,0,106.7
Bunkyo,27.14,1,19,11.7,4.0,100.0,1,1,1,152.06
Koto,38.13,1,28,50.0,18.8,66.6,1,1,1,58.17
Edogawa,31.62,1,10,18.4,4.6,100.0,1,0,1,74.93
Toshima,110.68,3,17,50.0,1.2,100.0,1,1,1,186.21
Chuo,96.74,5,4,4.2,12.9,84.1,1,0,0,211.5
Toshima,85.99,2,4,5.7,11.6,77.6,1,0,0,109.78
Taito,36.63,1,6,6.7,12.8,91.2,0,0,1,81.29
Suginami,95.42,4,23,27.5,1.1,94.4,1,1,1,213.07
Nerima,107.36,4,2,2.0,6.1,84.8,1,1,0,143.34
Shinjuku,48.95,2,21,10.7,3.0,91.1,1,1,0,178.68
Minato,52.84,1,26,37.1,1.1,84.7,1,1,1,155.64
Ota,93.29,4,1,2.6,1.2,98.3,1,0,0,148.4
Bunkyo,57.35,2,16,9.3,1.8,100.0,0,0,0,137.41
Ota,62.3,4,18,6.4,3.4,70.7,1,0,0,177.59
Nakano,83.57,4,7,8.6,8.9,91.0,0,0,0,160.81
Katsushika,29.31,1,1,16.4,1.0,100.0,1,1,0,109.3
Meguro,20.0,1,24,49.4,6.2,87.4,0,1,1,94.01
Meguro,69.52,2,22,2.6,13.8,87.5,1,1,0,210.59
Arakawa,46.92,2,23,41.2,1.9,100.0,0,1,1,105.33
Toshima,132.35,4,4,36.6,11.2,95.3,1,0,1,167.13
Toshima,25.68,2,11,32.9,2.7,100.0,1,1,1,91.27
Minato,46.53,2,28,14.1,7.2,94.8,1,0,1,251.08
Chuo,61.15,4,10,2.9,1.0,100.0,0,0,0,166.83
Chiyoda,66.08,3,14,12.1,1.0,97.9,1,0,0,182.93
Arakawa,86.62,3,23,10.6,3.4,88.5,1,0,0,142.12
Nerima,22.17,1,4,13.5,25.1,59.2,1,0,0,23.01
Nerima,47.27,1,17,7.9,1.3,74.6,1,1,0,132.05
Nakano,23.36,1,8,20.5,5.7,88.6,1,0,0,80.61
Edogawa,89.99,3,4,30.9,9.4,91.2,1,0,0,103.26
Nakano,47.17,2,20,9.4,14.5,72.1,1,1,0,117.66
Suginami,82.53,4,16,6.8,16.1,58.9,1,0,0,135.25
Chuo,57.71,2,11,25.4,30.0,38.4,1,1,1,66.84
Arakawa,64.03,3,21,20.8,8.8,90.6,1,0,1,142.89
Taito,74.43,3,2,0.6,5.2,90.1,1,0,0,161.34
Koto,20.0,1,26,18.7,1.2,95.5,1,0,0,99.1
Bunkyo,56.38,2,17,21.5,1.1,100.0,1,1,0,167.87
Chuo,42.3,1,13,8.3,2.3,90.3,0,1,0,132.49
Itabashi,80.67,2,9,36.8,19.4,39.9,1,1,1,94.14
Kita,54.82,2,23,11.9,21.5,56.2,1,1,0,90.56
Nakano,73.55,3,12,29.5,14.7,63.4,1,1,0,111.34
Suginami,82.48,3,30,5.7,4.4,100.0,0,1,0,151.55
Itabashi,80.61,3,5,1.4,14.1,50.9,1,0,0,122.89
Toshima,73.67,4,2,9.6,8.9,82.6,1,0,0,161.93
Arakawa,20.0,2,20,50.0,30.0,44.7,0,0,1,10.0
Chuo,58.88,3,28,26.8,4.8,78.9,1,0,1,155.64
Suginami,110.31,5,17,6.7,4.6,88.4,0,1,0,206.38
Itabashi,133.01,4,30,10.6,2.4,95.6,0,0,0,221.1
Suginami,89.84,3,4,2.8,12.6,89.9,1,0,1,190.1
Suginami,105.56,5,17,15.5,30.0,61.6,0,1,0,123.79
Taito,126.07,5,2,8.5,5.2,100.0,1,1,0,254.02
Sumida,70.0,3,14,9.8,1.0,100.0,1,0,0,134.84
Meguro,107.41,4,15,11.1,11.9,64.6,1,1,0,255.32
Kita,100.06,4,30,3.1,3.5,100.0,1,0,0,185.96
Taito,69.54,3,5,21.8,3.8,88.0,1,1,1,148.53
Shibuya,97.72,5,4,32.5,5.1,100.0,1,0,0,203.7
Edogawa,100.4,4,20,3.7,12.4,76.8,1,0,0,175.61
Arakawa,71.1,3,7,0.3,1.1,82.7,1,1,0,188.17
Sumida,75.13,2,5,26.6,5.4,100.0,0,0,0,89.27
Nerima,27.64,1,25,19.3,14.2,58.3,1,1,0,63.73
Ota,92.31,3,8,30.1,16.6,73.2,1,0,0,68.01
Koto,71.11,3,18,50.0,3.4,86.8,0,1,1,133.93
Itabashi,66.9,3,13,9.9,1.0,100.0,1,0,1,161.26
Meguro,57.55,2,9,18.4,10.2,65.9,1,1,0,185.88
Shibuya,20.0,2,4,1.1,3.3,84.7,1,1,0,173.54
Katsushika,85.29,3,19,19.0,1.0,100.0,1,1,0,154.67
Chiyoda,63.42,2,7,2.1,10.6,57.0,1,0,0,186.09
Suginami,49.66,1,11,4.0,17.3,58.1,0,0,0,92.81
Chuo,24.01,1,29,43.3,6.9,100.0,0,0,0,75.9
Suginami,74.08,2,21,2.4,5.4,90.7,1,1,0,221.11
Katsushika,74.74,3,27,13.9,4.2,85.5,0,0,0,130.31
Minato,54.04,3,26,29.0,1.5,93.6,0,1,0,157.43
Meguro,20.0,2,27,38.6,26.6,56.4,1,1,1,89.25
Koto,83.59,3,15,11.9,3.3,100.0,1,1,0,147.52
Ota,130.68,4,24,3.6,1.3,80.0,1,0,0,250.11
Bunkyo,95.54,3,20,10.4,1.5,98.2,0,0,0,194.69
Bunkyo,84.03,2,17,24.1,7.9,87.5,0,1,1,205.35
Chuo,23.42,1,22,10.7,25.7,42.8,1,1,0,80.31
Nakano,51.31,3,15,9.4,4.2,96.1,1,1,0,110.73
Taito,58.55,2,10,2.1,12.9,70.3,1,1,0,140.15
Minato,71.79,3,23,3.7,4.2,88.1,1,1,0,167.29
Nerima,38.35,1,23,38.9,1.0,100.0,1,1,1,95.02
Shinjuku,35.42,1,6,8.3,16.8,62.3,1,1,0,115.54
Shinjuku,121.62,3,4,10.3,1.9,90.8,1,0,0,218.09
Adachi,101.34,3,18,27.8,27.7,20.7,1,1,0,58.39
Nerima,116.05,3,14,15.7,1.8,84.6,1,1,1,188.1
Kita,44.31,1,10,5.1,30.0,41.1,1,0,0,45.5
Setagaya,93.43,4,23,8.0,1.0,88.8,1,1,0,190.77
Nerima,74.53,3,15,8.2,2.3,100.0,0,1,0,161.1
Sumida,29.08,2,2,20.6,8.2,73.3,0,0,1,75.31
Meguro,56.8,2,4,9.6,11.2,75.2,1,1,0,174.36
Ota,20.0,1,1,12.1,1.0,88.8,1,0,0,117.83
Kita,76.83,3,6,10.9,5.2,100.0,1,0,0,169.47
Edogawa,78.87,3,25,22.4,1.0,100.0,1,0,0,143.02
Suginami,62.74,4,7,14.6,16.5,56.8,1,1,1,141.94
Toshima,99.6,4,7,3.5,4.7,99.8,1,1,0,239.07
Edogawa,114.78,4,6,30.4,3.5,77.6,0,1,1,155.91
Arakawa,27.69,1,5,6.2,3.9,99.8,1,0,0,113.93
Katsushika,53.48,2,24,9.8,7.9,93.1,1,1,0,145.76
Suginami,110.05,5,7,24.7,2.7,97.9,1,1,1,234.56
Chiyoda,58.92,3,19,27.4,1.0,100.0,1,1,1,231.28
Sumida,21.25,1,14,5.9,8.1,75.3,0,0,0,98.54
Chiyoda,94.47,4,15,3.6,1.5,100.0,0,1,0,200.32
Adachi,86.63,4,29,9.7,4.4,92.7,0,0,0,154.57
Nakano,33.24,1,19,6.0,4.6,100.0,1,1,0,107.85
Kita,71.38,3,21,2.3,2.7,91.6,1,0,0,144.99
Shibuya,83.1,3,9,1.3,20.5,69.4,1,1,0,271.87
Chuo,60.33,3,17,11.7,15.6,80.8,1,0,0,148.42
Taito,86.65,3,25,21.8,18.3,66.4,1,1,1,159.83
Shibuya,66.25,3,16,0.3,5.8,100.0,1,1,0,207.86
Sumida,98.27,4,11,37.2,29.7,36.1,1,1,1,75.01
Sumida,101.14,4,29,10.1,1.0,98.9,0,0,1,208.92
Shinjuku,39.26,1,23,7.8,9.0,84.0,1,0,0,123.46
Shibuya,95.52,3,22,6.5,17.3,59.8,0,1,0,244.31
Toshima,98.44,3,4,15.1,2.8,87.8,0,0,0,177.63
Ota,92.1,4,13,19.3,14.0,70.2,0,0,0,86.77
Nakano,61.75,2,24,14.3,6.8,86.2,0,1,0,135.34
Bunkyo,101.51,3,7,22.6,1.0,100.0,1,0,1,223.59
Arakawa,44.63,3,13,0.2,7.8,84.5,1,0,0,88.73
Taito,38.58,1,13,5.3,22.5,45.5,1,1,0,80.79
Minato,23.04,1,15,12.2,1.0,96.7,0,0,1,184.23
Chuo,140.94,4,14,39.7,6.7,66.4,1,0,0,191.99
Toshima,99.66,4,10,17.6,23.0,67.1,1,0,1,168.57
Minato,50.6,2,5,5.1,3.5,83.3,1,1,0,223.02
Ota,52.13,2,5,7.4,4.3,84.6,0,0,0,92.2
Shibuya,60.32,3,1,11.3,10.8,96.0,1,1,0,150.2
Shibuya,60.64,3,20,50.0,22.8,55.7,1,1,1,123.41
Shinjuku,70.14,3,12,13.0,1.0,93.0,1,0,1,185.45
Shibuya,68.96,2,18,36.0,3.4,94.5,1,1,1,196.76
Taito,25.2,1,28,3.1,1.0,92.8,0,1,0,149.53
Edogawa,64.58,4,1,0.9,3.1,100.0,0,1,0,124.61
Bunkyo,63.25,4,20,6.3,30.0,41.1,1,1,0,172.25
Edogawa,75.57,2,7,2.3,7.9,88.6,1,1,0,179.1
Meguro,64.67,4,5,47.5,1.7,87.5,0,0,0,119.2
Nakano,66.9,3,20,28.4,14.1,71.5,1,1,0,134.7
Ota,38.26,2,16,33.9,1.0,78.4,1,1,1,113.64
Meguro,20.0,1,24,2.0,3.3,96.4,0,0,0,150.24
Koto,20.0,1,21,3.9,10.7,88.9,1,1,0,90.45
Chiyoda,67.12,2,20,50.0,6.8,73.9,1,1,1,196.26
Meguro,62.44,3,23,25.8,1.7,100.0,1,0,1,164.41
Taito,67.89,3,23,7.9,6.8,100.0,0,1,0,131.79
Itabashi,66.47,3,25,37.8,2.6,83.2,1,0,1,111.17
Chuo,91.97,5,30,33.4,30.0,40.4,0,1,1,160.6
Ota,43.44,2,29,4.1,20.1,61.0,1,0,0,89.95
Setagaya,55.35,2,12,19.8,8.3,77.3,1,0,1,109.54
Chiyoda,65.44,3,28,25.4,30.0,40.2,1,1,0,130.86
Bunkyo,87.25,2,23,42.4,1.0,100.0,1,1,1,161.48
Shinagawa,55.04,2,26,8.0,6.0,96.3,0,0,1,167.27
Shibuya,72.84,3,20,11.5,4.7,100.0,1,1,1,247.99
Setagaya,55.48,2,30,7.2,21.0,69.2,1,1,0,136.0
Shinjuku,83.89,2,11,43.5,17.4,67.6,0,1,1,105.95
Bunkyo,100.14,4,16,3.6,2.8,100.0,0,1,0,198.12
Kita,39.78,1,15,16.2,1.0,94.0,0,1,0,129.67
Setagaya,43.65,2,6,31.9,3.4,92.2,0,1,1,119.61
Katsushika,72.5,3,14,30.9,7.4,100.0,1,0,0,128.39
Arakawa,20.0,1,20,14.3,6.1,77.0,1,0,0,78.46
Taito,69.21,3,2,9.9,3.1,91.1,1,1,0,192.97
Ota,20.0,1,2,6.9,13.1,94.0,1,0,0,61.58
Minato,33.79,1,6,1.6,2.4,86.7,1,0,0,230.78
Chiyoda,74.29,3,12,1.9,19.7,63.7,0,0,0,183.82
Nakano,62.28,3,23,7.4,10.6,70.0,1,0,0,117.45
Suginami,67.62,3,30,50.0,1.0,100.0,0,1,1,160.63
Kita,49.71,2,16,4.4,13.7,90.0,1,1,0,100.79
Meguro,50.21,2,5,1.3,2.4,87.5,1,0,0,195.69
Bunkyo,74.35,4,16,21.3,2.6,86.7,1,0,0,198.43
Katsushika,88.81,4,1,40.5,7.7,93.6,1,1,0,104.85
Edogawa,81.05,3,26,40.4,3.3,100.0,1,1,0,103.4
Arakawa,98.07,3,30,1.9,5.9,100.0,0,0,0,175.59
Bunkyo,111.98,5,13,21.7,9.4,75.4,1,0,0,208.83
Setagaya,113.6,4,3,46.8,2.2,100.0,1,1,1,208.79
Arakawa,105.02,3,5,15.5,7.4,80.2,1,1,1,156.03
Edogawa,95.73,4,10,10.1,1.0,100.0,1,1,1,197.2
Katsushika,96.68,4,11,3.2,1.1,100.0,0,0,0,157.35
Suginami,21.04,1,9,14.5,2.0,99.7,0,0,0,88.76
Toshima,93.64,4,29,5.3,1.7,100.0,1,1,0,228.4
Chuo,77.3,3,24,14.1,4.9,93.8,1,0,1,208.08
Kita,44.51,2,12,1.8,3.4,97.1,0,1,0,151.79
Sumida,44.19,1,1,35.7,6.3,79.4,0,0,1,93.36
Bunkyo,49.95,1,10,0.6,14.6,65.9,1,1,0,162.11
Setagaya,76.08,4,15,14.1,21.2,74.9,1,1,0,144.56
Shibuya,87.04,2,2,19.6,12.3,75.1,0,1,0,172.19
Toshima,58.0,3,10,5.6,2.7,94.1,1,0,0,139.92
Suginami,66.09,3,10,3.4,11.9,83.4,0,0,0,184.29
Shinagawa,99.27,4,17,21.7,5.1,93.7,0,0,0,152.86
Chiyoda,113.19,4,6,38.6,1.0,81.9,0,1,1,166.97
Minato,31.78,1,13,4.7,1.1,100.0,0,0,0,153.8
Nerima,148.38,4,21,3.9,26.7,41.9,1,0,0,135.5
Nerima,80.48,2,5,39.4,21.7,65.5,1,1,1,75.35
Ota,103.69,5,17,5.2,29.9,42.8,1,1,0,99.03
Chuo,20.0,2,9,11.5,1.0,100.0,1,1,0,177.18
Nerima,100.33,3,21,18.8,8.1,77.5,1,0,0,149.47
Suginami,29.86,1,24,50.0,3.6,100.0,0,1,1,82.66
Sumida,45.52,2,14,2.1,22.3,70.8,1,1,0,87.42
Taito,84.7,3,19,14.3,2.6,100.0,1,1,0,167.59
Shinagawa,68.8,3,23,8.9,3.3,89.0,1,1,0,206.59
Shibuya,91.45,3,19,22.7,1.0,93.6,1,1,0,252.1
Shibuya,82.92,4,29,34.0,1.0,95.8,0,1,1,295.84
Shinjuku,57.04,2,14,26.5,1.0,100.0,0,0,0,132.42
Kita,39.09,1,19,5.9,10.9,84.4,1,1,0,99.61
Setagaya,56.27,1,12,3.0,30.0,44.0,0,1,0,84.12
Bunkyo,74.73,3,22,14.9,14.9,78.1,1,1,0,168.56
Adachi,125.33,4,20,31.5,8.8,70.7,1,1,0,156.39
Bunkyo,86.41,3,26,25.6,1.2,95.4,1,1,1,207.99
Edogawa,103.74,5,16,12.4,6.9,66.3,1,0,0,134.09
Minato,25.38,1,23,13.4,19.4,52.4,1,1,1,151.98
Minato,73.92,3,23,7.2,8.5,99.8,1,0,0,172.21
Nerima,112.5,5,29,4.2,9.0,81.8,1,1,0,148.61
Koto,81.22,3,17,7.9,15.1,78.4,1,1,0,140.57
Koto,59.86,2,4,4.9,1.8,87.2,0,0,0,145.73
Shinagawa,132.57,3,15,3.4,1.8,85.0,1,0,0,245.78
Nerima,53.33,1,25,9.6,28.6,46.4,0,0,0,62.04
Taito,77.36,3,15,10.2,14.0,82.0,1,1,0,157.32
Nerima,53.16,3,27,0.1,1.0,100.0,1,0,0,134.64
Chiyoda,79.01,2,16,0.7,7.8,87.1,1,1,0,217.39
Shibuya,80.95,3,1,2.3,3.3,80.5,1,1,0,144.69
Itabashi,103.04,5,17,0.7,1.4,96.6,1,1,0,218.16
Itabashi,72.58,4,13,12.0,2.3,79.1,0,1,0,179.62
Minato,118.97,4,12,28.7,8.6,79.2,0,0,0,222.65
Suginami,123.45,4,15,6.9,17.5,76.3,1,1,0,204.0
Suginami,77.68,3,21,0.4,20.4,49.5,0,1,0,145.02
Taito,68.98,3,24,10.9,8.0,94.1,1,0,0,121.71
Meguro,26.83,2,26,0.2,1.0,98.6,1,0,0,177.27
Katsushika,41.22,2,11,50.0,10.2,69.5,1,0,1,36.35
Shinagawa,49.07,1,23,5.0,21.5,63.3,1,1,0,109.05
Nerima,89.77,3,8,0.4,12.7,90.5,0,0,0,147.86
Sumida,102.8,3,15,27.9,2.1,100.0,1,1,1,154.11
Koto,41.4,1,15,14.1,4.4,100.0,1,1,0,148.65
Edogawa,79.11,3,10,20.6,10.7,85.2,1,0,1,116.36
Setagaya,68.78,3,19,4.5,21.1,69.4,0,0,0,118.75
Itabashi,28.55,1,16,6.8,10.6,89.5,1,0,0,73.77
Shinagawa,90.36,3,18,7.0,21.7,76.7,1,1,0,130.67
Meguro,68.86,3,17,18.3,1.0,100.0,0,1,0,197.7
Meguro,37.25,2,3,1.3,1.4,98.5,1,1,0,189.16
Taito,68.66,2,5,18.1,17.5,64.5,0,0,0,112.22
Kita,24.27,2,10,4.6,7.0,85.9,0,0,0,108.29
Setagaya,92.61,5,20,5.3,1.3,95.3,1,0,0,240.49
Adachi,100.88,5,30,5.7,11.8,60.6,1,1,0,153.21
Arakawa,21.98,1,20,1.1,1.0,100.0,0,1,0,113.47
Chuo,87.27,2,14,9.9,5.0,100.0,1,1,0,173.7
Shinjuku,90.31,4,21,8.1,1.9,91.8,1,1,0,291.98
Arakawa,78.08,3,2,16.3,4.8,87.0,0,0,0,120.97
Nakano,49.63,3,18,28.2,9.8,83.9,0,1,0,86.92
Adachi,91.26,5,1,11.3,5.9,100.0,0,1,0,189.91
Taito,65.01,3,2,34.7,3.7,97.9,1,1,1,119.23
Edogawa,31.49,2,14,15.6,9.3,77.6,1,1,0,79.86
Arakawa,58.7,2,11,14.1,19.5,57.6,1,1,0,65.76
Minato,34.92,1,28,0.9,2.8,99.9,1,0,0,195.57
Chuo,101.25,5,16,10.5,2.4,100.0,1,1,0,224.29
Taito,84.91,2,22,17.2,2.2,59.3,1,1,1,148.69
Chiyoda,50.27,2,4,34.6,30.0,36.5,1,1,1,120.86
Shibuya,80.79,3,27,50.0,17.3,61.2,1,1,1,157.34
Edogawa,20.86,1,21,12.5,7.5,70.9,0,1,0,83.06
Nerima,30.58,1,19,1.1,1.0,87.2,0,1,0,107.84
Shinjuku,61.83,4,22,1.7,1.0,86.8,0,0,0,146.21
Shinagawa,88.57,2,22,6.3,22.7,43.1,1,1,0,159.57
Meguro,153.65,4,16,3.8,3.9,89.3,1,1,0,241.63
Arakawa,116.49,3,29,4.2,27.8,43.7,1,1,0,137.46
Ota,63.04,4,13,14.5,6.2,75.2,0,0,0,114.92
Nakano,103.31,5,6,4.1,15.1,77.7,1,0,0,198.14
Meguro,30.54,1,12,5.1,7.1,85.7,1,1,0,182.12
Sumida,63.58,4,26,14.6,4.3,86.7,1,0,0,120.24
Bunkyo,59.58,2,24,0.6,3.5,90.4,1,1,0,175.87
Adachi,20.0,2,15,40.6,1.1,98.7,1,1,0,54.44
Nerima,33.32,2,30,14.6,12.1,79.1,1,1,0,83.03
Setagaya,105.97,3,15,4.7,1.0,96.3,1,0,0,218.17
Katsushika,60.67,3,17,7.3,7.4,100.0,0,0,0,131.73
Sumida,76.67,2,19,23.4,1.0,100.0,1,0,0,144.31
Bunkyo,87.94,3,10,6.1,4.5,97.9,1,1,0,208.12
Arakawa,62.14,4,21,6.1,4.6,81.1,1,1,1,122.67
Ota,30.58,1,3,19.3,2.9,79.3,1,0,1,98.5
Ota,92.33,5,4,13.7,10.5,77.6,1,1,1,127.68
Toshima,105.29,5,29,50.0,3.5,90.4,1,0,1,145.73
Sumida,65.15,3,23,4.0,20.3,51.4,1,0,1,142.06
Setagaya,41.13,3,28,6.3,24.2,59.8,1,1,0,113.61
Katsushika,101.43,5,7,32.9,19.4,60.8,1,0,0,73.52
Suginami,48.47,2,2,5.5,5.7,97.0,1,0,0,131.75
Edogawa,39.75,2,3,0.9,1.0,90.2,1,0,0,137.28
Chiyoda,83.76,4,22,4.3,2.4,100.0,0,1,0,177.51
Shinagawa,20.0,2,2,2.9,11.5,81.3,1,1,0,117.44
Itabashi,44.18,2,19,23.3,6.0,89.3,1,0,0,100.49
Shibuya,105.34,4,17,4.1,6.3,73.6,1,1,0,338.85
Chuo,68.72,3,4,18.4,17.0,59.3,1,0,1,148.86
Itabashi,40.79,2,5,12.2,2.2,98.7,1,1,1,120.18
Koto,72.46,4,14,31.3,4.6,100.0,1,1,1,116.04
Shinagawa,39.84,1,14,1.9,1.7,93.7,1,0,0,184.24
Bunkyo,86.51,3,29,11.7,1.1,100.0,0,0,0,205.28
Toshima,87.44,3,21,14.3,16.7,69.2,1,1,0,140.57
Katsushika,41.91,2,27,12.6,2.9,95.0,1,1,1,156.28
Sumida,68.62,3,17,1.4,3.0,89.8,1,0,0,170.8
Nerima,37.75,1,17,5.8,18.5,71.3,1,1,0,49.97
Koto,52.02,1,24,8.7,17.2,72.6,1,0,0,112.07
Nerima,81.82,3,23,7.3,6.5,84.7,1,0,0,80.89
Suginami,76.91,3,14,5.1,2.0,97.8,1,1,0,188.7
Setagaya,57.7,2,2,19.9,9.1,88.8,1,1,0,130.87
Shibuya,59.72,2,20,11.0,12.1,56.6,1,0,0,130.78
Kita,89.19,3,20,14.7,1.3,91.7,1,1,0,207.23
Nerima,113.65,4,23,21.9,1.0,100.0,1,1,0,145.08
Bunkyo,94.63,5,5,1.9,5.9,94.7,0,1,0,157.87
Bunkyo,92.66,5,25,50.0,11.8,84.5,1,1,1,194.52
Chiyoda,80.37,3,13,13.0,5.3,83.6,1,1,0,251.4
Arakawa,130.37,3,27,15.7,2.2,99.5,1,1,0,173.61
Meguro,79.91,3,30,14.6,1.0,73.9,1,1,0,222.6
Meguro,41.13,2,25,0.4,19.2,77.1,1,1,0,128.19
Itabashi,20.0,2,25,3.1,6.5,77.8,1,1,0,128.45
Shinjuku,92.22,5,5,8.0,3.6,98.7,0,1,0,226.19
Shinagawa,73.17,3,27,46.7,12.9,85.6,1,1,1,158.3
Kita,88.41,4,4,34.6,9.2,82.6,1,1,1,120.9
Katsushika,93.62,4,7,6.1,11.8,77.6,1,0,0,116.62
Katsushika,57.32,2,14,6.0,7.1,78.1,1,0,0,96.48
Nerima,46.3,2,15,3.2,1.2,100.0,0,0,0,97.96
Shinagawa,53.77,1,6,10.5,1.0,94.8,0,1,1,152.96
Suginami,54.47,2,11,7.9,6.0,83.8,1,1,0,138.44
Itabashi,69.06,4,7,9.1,7.0,92.6,1,0,0,121.3
Sumida,65.21,2,11,21.0,8.5,96.8,0,1,0,118.25
Adachi,37.43,1,22,0.7,3.5,90.1,1,1,0,86.49
Ota,25.37,1,16,8.3,11.3,96.1,0,1,0,83.95
Edogawa,56.92,2,9,19.3,5.2,70.5,0,0,0,85.13
Suginami,67.23,3,29,1.4,23.7,54.7,1,0,0,128.24
Nerima,60.22,4,27,9.2,17.1,58.4,1,1,0,129.2
Itabashi,77.41,3,3,18.5,4.5,100.0,1,1,0,142.06
Chuo,101.56,3,28,27.0,5.1,86.5,1,0,1,133.67
Minato,61.74,4,18,8.0,13.3,77.1,1,1,0,199.92
Itabashi,88.03,3,8,18.2,23.0,56.3,0,1,0,99.22
Koto,59.31,2,17,1.5,1.6,99.9,1,1,0,158.66
Itabashi,57.84,3,2,7.9,13.9,55.3,1,0,0,88.7
Katsushika,73.09,3,11,3.1,1.6,98.0,0,0,0,139.05
Nakano,20.0,1,13,11.6,1.7,97.5,1,1,0,130.14
Shinagawa,84.49,3,29,2.1,1.0,100.0,1,1,0,210.44
Shinjuku,68.74,2,20,3.1,11.6,61.9,1,0,0,175.96
Ota,86.64,3,21,1.2,15.2,74.8,1,0,0,168.16
Chuo,33.51,1,22,22.3,2.8,100.0,1,0,0,122.92
Shibuya,73.21,2,18,9.7,13.4,59.6,1,0,0,126.87
Setagaya,71.25,3,15,24.8,9.1,69.8,1,1,1,118.82
Nakano,25.47,1,15,5.8,21.5,40.0,1,0,0,62.41
Shibuya,54.93,2,7,2.6,5.3,93.4,0,1,0,199.19
Shibuya,110.36,3,30,1.0,3.7,80.4,0,0,0,337.91
Katsushika,36.18,1,9,43.6,7.7,81.0,0,1,1,62.01
Suginami,64.36,3,24,2.4,1.6,100.0,1,0,0,214.9
Shinagawa,64.54,3,5,6.4,11.6,75.9,1,0,0,129.07
Ota,48.75,3,27,10.0,15.1,64.2,1,1,1,120.11
Meguro,127.7,4,22,17.3,12.8,65.3,0,1,1,200.06
Setagaya,56.49,2,23,46.6,16.5,66.8,1,1,1,96.59
Chuo,106.88,5,29,1.9,5.5,95.6,1,0,1,168.9
Minato,38.45,1,7,41.3,4.7,84.5,1,1,0,130.71
Nakano,120.56,5,10,12.2,2.7,86.5,1,0,0,221.44
Bunkyo,61.37,3,4,50.0,12.2,80.4,1,0,1,98.02
Koto,47.95,2,7,6.1,9.7,74.0,0,1,0,125.16
Edogawa,101.21,5,27,45.4,1.0,94.6,0,1,1,102.38
Shinagawa,74.94,4,2,28.3,1.0,84.2,1,1,1,186.59
Adachi,62.11,3,28,4.4,16.8,54.9,0,0,0,88.04
Taito,75.65,3,7,3.1,7.5,84.8,1,0,0,134.26
Shibuya,121.16,5,18,16.0,5.0,95.0,1,0,1,252.38
Toshima,74.69,3,27,8.9,18.2,61.2,1,1,0,133.5
Chuo,70.21,3,25,20.9,13.8,82.2,1,0,1,140.89
Meguro,45.69,2,25,4.6,15.2,77.6,0,1,0,95.5
Nerima,67.57,2,23,47.3,8.2,82.7,0,0,0,77.79
Ota,95.91,3,23,8.8,23.6,56.9,0,1,0,151.44
Bunkyo,20.0,1,3,0.8,18.7,91.2,0,0,0,123.74
Edogawa,37.4,1,30,4.9,1.6,92.8,1,0,0,106.56
Sumida,114.6,3,4,9.3,4.6,100.0,0,1,0,188.68
Chuo,37.01,1,1,11.3,16.2,81.3,1,0,0,90.97
Koto,44.75,2,30,3.0,18.4,61.1,1,1,0,104.67
Bunkyo,46.07,2,1,28.4,4.3,93.8,1,1,0,143.28
Adachi,55.05,2,7,25.9,30.0,41.0,1,1,0,23.04
Nerima,20.0,1,3,4.1,12.9,60.9,0,1,0,77.62
Taito,20.0,1,30,19.9,1.0,91.1,0,1,0,110.41
Koto,37.56,1,1,5.1,3.9,84.7,1,1,0,110.02
Katsushika,93.63,4,26,1.8,1.9,93.4,1,1,0,175.64
Nerima,65.14,3,12,10.7,17.0,56.6,0,1,0,141.59
Minato,48.24,1,20,1.4,13.0,69.9,1,0,0,205.99
Nakano,129.45,3,9,8.3,1.4,100.0,1,1,0,228.38
Arakawa,48.5,1,12,3.0,8.2,79.6,1,0,0,122.07
Ota,135.13,4,15,38.3,3.8,93.1,1,0,1,149.04
Katsushika,55.25,2,30,15.8,2.9,100.0,1,1,0,152.16
Taito,74.88,3,23,23.0,5.7,88.4,0,1,0,188.21
Ota,85.65,3,16,14.3,5.2,96.1,1,1,0,177.12
Arakawa,61.47,3,12,13.3,8.5,79.5,1,1,0,157.75
Taito,58.92,3,8,1.2,7.6,95.3,1,0,0,174.15
Adachi,56.79,1,2,13.1,6.1,89.6,1,1,0,110.85
Ota,63.11,3,6,1.7,1.0,83.1,1,1,1,143.74
Shinjuku,34.81,2,26,1.8,30.0,54.9,1,1,1,107.19
Itabashi,75.55,3,27,23.4,1.0,100.0,1,0,1,150.05
Katsushika,67.15,3,25,17.8,4.1,82.5,0,0,1,138.12
Ota,82.38,3,9,50.0,11.3,83.6,1,1,1,93.03
Nerima,67.41,3,6,5.2,2.8,86.5,0,0,0,110.37
Kita,45.96,2,25,22.6,4.6,80.6,1,0,1,93.85
Arakawa,77.86,4,2,8.9,1.0,100.0,1,1,0,194.14
Minato,49.88,3,28,14.9,1.0,100.0,0,0,0,204.03
Toshima,53.97,1,19,18.5,30.0,34.1,1,1,0,71.17
Shinjuku,61.22,3,5,6.1,1.9,98.7,0,1,0,146.81
Edogawa,91.18,3,13,1.3,11.8,79.4,1,0,0,160.54
Koto,38.41,1,2,33.8,8.5,94.7,1,1,1,87.2
Arakawa,48.01,2,1,1.4,10.0,74.3,1,1,0,97.27
Chuo,58.09,2,27,24.5,23.0,55.6,0,1,0,103.36
Nakano,119.07,4,2,15.5,2.9,83.0,1,1,0,210.62
Arakawa,64.68,2,4,6.4,8.3,87.9,1,0,0,101.51
Sumida,111.35,3,7,18.6,16.8,46.3,1,0,0,121.49
Chiyoda,73.83,3,19,4.2,7.2,81.1,1,0,0,110.36
Nakano,123.87,4,27,14.5,1.0,99.0,1,1,0,279.57
Chiyoda,108.71,4,27,32.8,5.7,97.4,1,1,1,250.97
Shinagawa,85.62,3,7,7.0,13.2,63.5,1,1,0,180.07
Bunkyo,69.03,3,26,8.5,12.9,79.8,1,0,0,156.96
Itabashi,33.23,1,28,32.1,1.0,100.0,1,1,1,91.63
Itabashi,37.36,1,13,17.4,2.4,100.0,1,1,0,75.56
Setagaya,51.94,2,17,36.4,3.6,75.1,1,1,1,135.83
Chiyoda,29.59,1,6,16.1,5.3,86.3,1,1,0,114.16
Chuo,83.25,3,1,7.6,30.0,42.5,0,1,0,146.27
Shibuya,23.61,1,14,8.5,11.9,86.4,1,1,0,157.89
Edogawa,47.16,2,17,8.7,13.1,65.1,1,1,0,121.8
Setagaya,101.04,3,19,6.3,30.0,22.9,1,0,0,127.78
Suginami,85.83,2,6,16.6,7.0,79.6,1,1,1,196.53
Nerima,54.17,2,26,15.4,3.8,100.0,0,1,0,101.3
Kita,88.64,4,1,24.9,10.0,73.7,1,1,0,125.76
Nakano,83.89,4,24,2.2,7.0,85.7,0,1,0,190.79
Katsushika,53.17,1,28,2.2,1.0,100.0,1,1,0,143.71
Adachi,27.84,1,30,2.8,5.8,86.4,0,1,0,84.39
Bunkyo,33.8,1,24,0.9,1.0,91.5,1,1,0,164.5
Shibuya,78.78,3,17,1.9,3.0,79.0,1,0,0,226.76
Bunkyo,44.64,1,23,1.9,2.5,89.3,1,1,0,125.74
Katsushika,55.03,2,10,15.0,15.3,65.2,0,1,0,84.1
Nerima,88.71,3,19,1.2,8.5,82.1,1,0,0,190.65
Edogawa,86.79,3,27,20.2,2.9,80.6,0,1,0,146.65
Nakano,89.53,3,24,30.5,1.0,100.0,0,0,0,156.72
Toshima,108.72,4,3,1.9,3.1,92.8,1,0,0,240.98
Chuo,74.95,2,30,23.6,5.2,90.6,1,1,0,136.16
Koto,66.3,3,24,14.7,1.8,97.7,1,0,0,123.13
Chuo,101.63,5,7,1.8,21.5,53.2,1,0,0,187.09
Suginami,79.05,3,6,5.6,1.0,100.0,1,0,0,189.64
Ota,39.41,2,19,18.5,3.7,77.2,1,1,1,126.79
Toshima,44.73,2,3,8.8,1.0,95.0,1,0,0,139.14
Chuo,46.33,2,10,10.6,2.5,94.8,0,1,0,171.25
Taito,64.83,3,26,15.2,16.9,76.5,1,0,0,99.08
Kita,64.29,3,13,3.4,8.5,63.3,1,1,0,134.59
Nerima,61.05,2,15,36.0,8.2,96.6,0,0,1,82.21
Meguro,88.76,3,14,0.4,2.3,91.4,1,1,0,251.99
Arakawa,84.81,3,4,22.8,11.8,80.0,0,1,0,127.53
Bunkyo,52.9,1,30,12.2,9.6,74.9,1,0,0,165.7
Koto,123.87,5,21,32.4,16.2,75.8,0,1,0,167.4
Koto,99.46,5,29,8.8,4.5,83.2,1,0,1,227.06
Koto,118.59,5,23,19.3,1.6,96.1,1,1,1,220.76
Katsushika,119.13,3,21,3.7,17.6,76.7,0,1,0,129.96
Edogawa,103.24,3,19,10.7,7.4,91.5,1,0,0,157.93
Ota,56.89,2,25,18.6,1.0,99.5,1,1,1,135.71
Sumida,26.25,1,30,0.4,1.0,100.0,0,1,0,136.39
Bunkyo,55.47,3,15,18.0,6.5,71.8,0,1,0,178.72
Nakano,43.5,1,11,1.4,11.7,68.9,1,0,0,105.12
Itabashi,54.31,2,25,4.0,2.2,84.4,1,0,0,150.27
Shinjuku,70.03,3,29,4.2,1.7,100.0,1,1,0,218.14
Shinagawa,109.05,4,21,4.1,9.1,73.3,0,1,0,189.84
Chiyoda,44.21,2,8,32.3,4.6,93.8,1,1,1,170.68
Adachi,44.9,2,15,19.8,12.3,69.7,1,1,0,76.9
Shibuya,70.72,3,6,12.4,1.8,89.1,1,1,0,174.88
Sumida,89.59,3,20,20.3,6.2,96.0,0,0,0,153.79
Nerima,109.0,4,26,37.0,2.9,97.6,0,1,0,132.47
Sumida,129.43,4,8,6.4,19.7,69.5,1,1,0,176.47
Koto,116.08,5,22,41.1,10.8,72.3,0,1,1,192.01
Suginami,82.69,4,27,1.2,19.9,54.2,1,0,0,139.76
Adachi,68.85,3,27,1.8,2.0,89.5,1,1,0,158.42
Shibuya,83.82,3,10,2.9,8.3,95.8,1,0,0,265.88
Shinjuku,92.99,5,29,9.5,12.4,73.0,1,1,1,215.68
Nakano,76.13,3,4,2.3,2.0,91.7,1,1,0,124.36
Shinagawa,88.49,2,26,17.5,1.0,100.0,1,1,0,186.57
Sumida,91.03,4,24,19.6,24.6,43.5,1,1,0,136.81
Nakano,65.46,3,22,22.1,9.0,64.9,1,1,0,142.47
Toshima,40.72,2,10,2.8,10.0,86.8,1,1,0,172.0
Katsushika,105.71,4,29,16.3,14.6,77.3,0,1,0,172.49
Taito,72.86,3,3,1.4,16.9,58.5,1,1,0,122.17
Shinjuku,81.5,3,25,34.3,2.6,100.0,0,0,1,180.52
Meguro,121.27,4,18,15.9,1.0,80.1,0,1,1,339.8
Shinjuku,102.3,3,9,7.0,1.8,99.4,1,1,0,263.7
Ota,69.85,2,5,19.6,2.3,99.1,1,0,1,132.4
Edogawa,136.76,4,4,22.9,1.2,92.2,1,0,1,182.07
Setagaya,87.09,3,11,4.7,3.9,100.0,0,0,0,190.7
Bunkyo,83.5,4,11,23.6,4.9,100.0,1,1,0,170.84
Nakano,60.41,3,27,10.9,4.3,77.8,1,1,0,88.92
Itabashi,83.86,3,28,3.0,21.8,72.9,1,0,0,100.89
Minato,35.03,1,7,13.0,4.9,72.2,1,1,0,109.56
Katsushika,20.0,1,8,13.3,2.4,99.0,1,1,1,99.6
Katsushika,54.18,2,8,11.4,1.0,89.3,1,1,1,126.11
Shibuya,107.4,4,21,16.9,17.0,69.8,1,1,0,192.77
Meguro,51.0,3,10,50.0,21.8,42.4,1,0,1,88.46
Chuo,69.43,2,5,50.0,3.9,87.2,1,0,1,116.65
Nerima,84.86,2,17,1.4,7.7,82.7,0,1,0,151.83
Chiyoda,22.13,2,21,8.4,11.3,82.5,1,0,0,181.1
Shibuya,79.87,3,22,29.9,1.1,100.0,0,0,1,183.55
Nakano,31.13,1,6,4.5,1.0,100.0,1,1,0,131.05
Meguro,84.76,3,5,7.6,3.4,87.7,1,1,0,203.78
Sumida,113.42,4,2,10.9,1.0,79.5,1,1,0,223.8
Edogawa,20.0,1,13,50.0,23.1,54.6,1,0,1,10.0
Katsushika,57.74,2,4,9.6,2.5,94.0,0,0,1,134.57
Chiyoda,68.01,2,29,3.4,21.8,62.0,1,0,0,125.01
Shinagawa,104.57,4,20,22.2,8.2,66.7,1,0,1,190.63
Nerima,79.9,3,17,9.0,1.0,94.5,1,0,1,111.56
Suginami,31.95,2,1,50.0,3.0,95.6,1,1,1,91.73
Ota,82.82,2,22,18.7,23.3,59.2,1,1,1,127.35
Nerima,22.32,1,19,5.5,2.1,82.2,0,1,0,120.73
Shinagawa,64.46,4,14,8.2,14.9,75.7,1,0,0,121.02
Itabashi,67.6,3,26,19.5,3.1,100.0,1,0,0,167.41
Minato,68.85,4,24,30.1,12.2,70.7,1,1,1,192.96
Setagaya,71.06,3,2,9.1,1.1,84.3,1,1,0,167.03
Bunkyo,91.33,4,29,22.1,2.8,95.4,1,0,0,193.81
Arakawa,53.42,2,11,7.5,6.5,87.3,1,0,0,116.54
Katsushika,96.02,4,25,3.9,5.4,80.4,0,1,0,194.9
Suginami,75.55,3,3,10.3,4.4,82.9,1,1,0,175.73
Kita,20.0,2,25,17.5,2.2,91.0,0,0,0,112.97
Taito,87.5,4,29,5.9,16.1,85.7,1,0,0,151.93
Setagaya,64.86,3,30,29.7,14.2,87.4,1,1,0,136.33
Suginami,59.69,3,28,3.0,1.0,84.8,1,1,0,141.47
Katsushika,128.29,4,12,21.7,13.5,63.9,1,0,1,165.75
Shinagawa,93.5,5,5,3.9,1.0,100.0,1,0,1,251.91
Katsushika,20.0,2,6,26.8,5.9,100.0,1,1,0,70.77
Koto,72.59,3,1,0.2,1.9,99.3,0,0,0,124.91
Shinagawa,89.01,3,27,3.8,11.2,76.3,1,1,0,188.09
Shibuya,64.81,3,2,8.5,4.5,90.4,1,1,0,192.28
Edogawa,45.35,2,1,3.4,4.0,90.8,1,1,0,106.41
Meguro,80.64,4,19,15.5,17.3,68.5,0,1,1,163.65
Shinagawa,41.66,2,26,1.9,20.2,63.6,1,0,0,126.88
Meguro,100.56,4,25,9.3,6.9,90.9,0,0,0,181.09
Shibuya,52.09,2,27,5.7,4.5,100.0,1,1,0,234.14
Adachi,87.58,2,17,9.7,10.1,86.6,1,0,0,163.03
Arakawa,94.63,4,13,33.1,8.0,83.1,1,0,0,119.29
Ota,82.86,2,16,5.9,1.6,100.0,1,1,0,197.61
Itabashi,106.13,5,8,9.8,7.5,72.1,1,0,0,134.4
Koto,73.24,3,10,26.7,6.1,91.5,1,0,0,98.47
Minato,50.46,2,24,3.3,1.0,99.3,1,1,0,195.11
Meguro,20.0,2,27,1.4,1.8,96.6,0,0,0,129.12
Minato,45.78,3,10,12.3,4.9,100.0,0,0,0,189.86
Setagaya,84.13,3,2,5.3,1.1,100.0,1,1,0,187.85
Shinagawa,23.3,1,15,1.1,15.3,58.7,1,0,0,100.05
Setagaya,113.93,3,15,20.5,6.8,74.4,0,1,0,186.27
Taito,79.15,2,24,2.4,17.1,77.0,1,1,1,129.23
Sumida,20.0,1,18,0.4,7.4,80.0,1,1,0,95.59
Kita,116.83,4,17,0.7,30.0,33.0,1,1,0,156.01
Bunkyo,20.0,1,1,1.7,19.1,70.6,1,0,0,114.34
Katsushika,54.0,3,13,25.6,3.0,100.0,0,1,0,105.67
Chiyoda,32.08,1,2,15.1,13.7,65.5,1,1,0,140.25
Setagaya,70.19,2,6,14.4,16.3,70.7,0,0,0,121.4
Itabashi,61.14,3,10,2.1,11.2,63.0,1,1,0,134.24
Nerima,37.53,1,4,4.7,2.7,100.0,1,1,0,117.4
Adachi,105.19,4,1,15.9,14.7,76.2,1,0,1,132.12
Nakano,73.44,2,28,49.6,17.4,73.4,1,1,1,78.55
Sumida,84.91,4,24,31.5,8.1,74.0,1,0,0,133.51
Meguro,56.54,2,26,7.3,5.2,79.3,1,1,0,185.95
Meguro,82.3,4,22,10.3,14.7,74.5,1,1,0,164.69
Nerima,67.56,2,7,11.9,3.4,77.4,1,0,0,130.75
Sumida,76.33,3,11,1.1,1.8,97.1,1,1,0,198.71
Koto,86.4,3,25,4.9,8.3,75.0,0,0,0,148.26
Katsushika,47.41,2,28,7.6,1.1,100.0,0,1,0,128.9
Shinagawa,121.01,5,1,31.1,9.3,81.8,0,0,1,192.55
Suginami,48.87,3,5,8.7,23.2,44.5,1,0,0,87.1
Chiyoda,65.82,3,1,50.0,4.2,73.6,0,1,1,157.3
Shinjuku,49.34,3,14,4.9,3.0,82.5,1,0,0,149.88
Minato,48.25,2,23,1.1,18.0,93.7,1,1,0,184.88
Itabashi,98.79,4,30,21.8,21.2,53.5,0,0,0,127.58
Arakawa,56.05,2,25,5.3,15.4,83.6,0,1,0,114.13
Kita,100.49,3,15,6.5,5.6,75.0,1,1,1,144.81
Chuo,20.0,1,1,50.0,25.5,47.5,0,0,0,17.44
Setagaya,100.09,3,13,5.0,1.5,90.5,1,0,0,186.13
Chuo,109.65,5,22,36.0,7.4,58.3,1,1,0,147.42
Meguro,108.23,3,2,3.3,17.4,58.6,1,1,0,201.16
Chuo,134.68,5,17,31.7,12.6,79.4,1,1,0,213.95
Toshima,20.0,2,30,3.0,20.5,60.0,1,0,0,99.12
Arakawa,42.08,2,24,1.2,12.9,80.9,1,1,0,141.97
Itabashi,69.53,2,28,6.5,4.2,100.0,0,1,0,153.74
Suginami,107.55,4,19,11.1,4.8,97.3,0,1,0,186.8
Edogawa,63.11,2,2,4.7,1.3,97.3,1,0,0,94.66
Katsushika,20.0,1,23,4.2,10.2,86.0,1,0,0,79.79
Adachi,115.82,5,21,38.7,15.0,84.0,1,1,1,126.58
Sumida,23.43,2,3,23.7,2.9,100.0,0,1,1,96.61
Arakawa,76.63,3,25,3.9,4.2,97.5,1,1,0,141.4
Nakano,186.74,3,22,37.8,14.4,57.8,1,1,1,208.41
Kita,102.82,4,1,22.2,1.8,93.4,1,0,1,114.77
Adachi,44.03,3,18,2.0,3.4,100.0,0,1,0,153.51
Chiyoda,73.26,3,16,15.8,22.1,45.6,1,0,0,132.94
Shinjuku,59.49,2,27,8.9,3.7,81.8,0,1,0,169.6
Katsushika,80.73,3,8,13.7,15.1,87.2,1,0,1,101.84
Meguro,72.94,3,19,17.6,9.9,69.4,0,1,0,205.07
Arakawa,99.37,3,4,0.0,6.4,85.3,1,0,0,190.53
Nakano,122.42,3,12,10.0,6.2,63.2,1,1,0,186.44
Adachi,125.05,3,5,29.1,12.4,68.2,1,0,1,141.86
Edogawa,81.01,2,15,2.0,8.0,75.2,1,1,0,122.17
Ota,85.44,3,11,16.3,4.3,88.9,0,0,0,147.45
Sumida,79.73,3,17,17.1,18.9,58.9,0,1,1,116.67
Taito,65.91,3,17,0.2,5.2,84.9,1,1,0,147.94
Edogawa,20.0,1,3,17.3,1.0,100.0,0,1,1,102.78
Chiyoda,20.0,1,24,5.6,1.0,95.8,0,1,0,195.37
Taito,47.74,2,9,8.7,1.0,90.7,1,0,0,181.56
Minato,30.79,1,3,7.0,11.1,88.2,1,0,0,165.94
Edogawa,83.13,3,30,16.7,30.0,23.8,1,1,0,72.14
Adachi,32.46,2,24,0.7,1.6,91.7,1,1,0,147.7
Chuo,29.32,1,12,0.0,8.9,81.2,1,0,0,133.5
Katsushika,95.52,3,18,2.0,15.6,77.6,1,0,0,142.23
Minato,86.56,4,22,5.2,6.0,87.7,0,0,0,246.52
Chuo,48.65,3,21,10.2,24.3,58.2,1,0,0,93.04
Shinjuku,104.07,4,29,3.8,10.8,69.2,0,0,0,229.75
Chuo,59.71,2,24,3.0,4.4,100.0,1,1,0,241.39
Ota,75.98,3,25,14.0,8.9,75.6,1,1,0,176.68
Nerima,46.81,1,27,10.4,1.5,96.4,0,1,0,106.87
Shinjuku,50.64,2,22,20.1,5.5,85.7,0,0,1,136.99
Katsushika,74.62,3,10,10.0,1.0,88.4,0,1,1,157.85
Koto,55.39,2,7,31.7,28.0,49.3,1,0,1,53.58
Meguro,122.49,5,30,9.4,2.7,89.5,0,1,0,261.12
Meguro,80.04,3,9,1.4,16.6,65.2,1,1,0,218.04
Minato,59.83,1,2,26.5,19.1,58.4,1,1,1,158.9
Bunkyo,61.42,2,27,44.0,4.1,79.2,1,0,1,121.38
Setagaya,91.91,4,28,0.7,5.0,98.5,1,0,0,203.28
Koto,89.6,3,18,13.2,11.8,92.0,0,1,0,138.22
Meguro,68.69,3,1,4.3,30.0,21.2,1,0,0,97.83
Itabashi,104.47,3,6,0.6,3.0,92.8,1,0,0,145.81
Meguro,90.35,4,14,1.4,9.1,80.2,1,0,0,217.25
Itabashi,79.59,3,23,4.9,7.1,83.8,1,1,0,163.68
Sumida,39.18,2,22,3.8,1.0,100.0,1,1,0,120.01
Sumida,58.44,2,24,6.4,1.7,95.7,1,1,0,148.84
Meguro,46.67,3,15,20.1,6.7,90.6,0,1,0,204.22
Chuo,91.48,3,23,9.2,2.1,83.0,0,1,0,243.57
Suginami,20.0,1,27,7.5,3.8,100.0,1,1,0,133.09
Nakano,118.54,3,1,5.7,7.7,59.8,1,1,0,215.55
Shinjuku,121.57,4,8,4.5,6.6,91.6,1,0,0,247.97
Shinjuku,70.07,3,24,34.7,8.2,68.7,0,0,1,171.24
Itabashi,114.95,3,11,31.0,24.3,49.7,0,1,1,77.98
Taito,20.0,2,16,28.7,1.6,100.0,0,0,1,98.33
Nakano,90.08,5,20,13.0,24.6,32.7,0,1,0,151.87
Chiyoda,52.18,1,21,7.7,1.0,91.7,1,1,0,198.64
Minato,79.17,2,11,5.1,9.6,72.4,1,0,0,212.54
Minato,58.29,2,19,5.5,2.4,98.0,0,0,0,205.24
Arakawa,89.22,2,19,3.1,1.9,89.5,1,1,0,161.75
Suginami,59.57,2,22,17.9,21.1,46.4,1,0,0,90.83
Nakano,86.18,3,18,10.9,6.0,96.3,1,0,0,148.6
Bunkyo,31.52,1,1,15.6,2.5,87.6,1,1,0,177.1
Shinagawa,130.42,3,19,4.2,1.0,90.3,1,1,1,285.17
Itabashi,116.6,3,2,36.9,2.0,100.0,1,1,1,144.35
Shinagawa,62.21,3,14,20.2,3.5,100.0,1,0,1,162.0
Ota,46.92,2,10,4.9,8.5,80.6,1,0,0,146.46
Chuo,33.72,2,10,34.4,2.8,94.1,0,0,1,136.51
Chiyoda,90.2,3,12,20.6,4.3,87.2,1,1,0,221.18
Koto,26.02,2,28,5.7,10.7,83.7,1,0,0,79.75
Suginami,20.0,1,17,14.5,1.0,97.8,0,1,0,124.17
Bunkyo,103.31,3,18,1.6,15.5,62.8,0,1,0,165.94
Chuo,148.1,4,11,32.4,1.0,100.0,1,1,0,181.28
Koto,38.42,1,30,4.6,1.0,96.6,0,0,0,104.55
Shibuya,66.05,4,22,1.2,8.1,100.0,1,0,0,196.91
Taito,105.77,5,13,7.7,17.3,56.8,1,0,0,184.32
Shinjuku,127.13,4,10,12.6,2.8,93.7,1,0,0,208.18
Kita,68.75,3,12,7.4,9.9,72.7,1,1,0,150.77
Kita,91.1,5,4,9.9,4.1,75.6,1,1,0,157.49
Sumida,39.73,1,29,6.2,2.6,85.4,1,1,0,104.89
Ota,90.26,5,2,11.8,12.3,85.3,1,0,0,189.66
Ota,77.12,3,27,18.3,4.1,90.6,1,0,0,139.61
Shinagawa,104.1,4,21,5.2,16.3,67.2,1,0,0,174.65
Arakawa,39.76,2,13,0.7,1.9,100.0,1,0,0,117.06
Bunkyo,72.87,2,22,1.8,9.1,75.6,1,1,0,194.04
Chuo,113.21,5,28,50.0,4.7,98.1,1,1,1,250.13
Chuo,87.25,3,7,50.0,5.4,96.5,1,1,1,105.29
Adachi,33.07,1,14,27.8,3.0,100.0,0,1,0,81.47
Setagaya,94.37,4,30,0.6,1.1,91.9,1,0,0,269.75
Edogawa,47.45,1,17,2.4,3.3,100.0,0,1,0,142.32
Edogawa,96.38,5,14,46.8,1.3,92.5,1,1,0,110.0
Shinagawa,60.51,3,1,33.4,10.1,75.0,1,1,0,108.82
Setagaya,85.29,2,19,6.5,6.5,93.3,1,1,0,197.54
Meguro,102.54,4,29,13.8,2.7,90.7,0,0,0,188.91
Sumida,122.51,4,6,12.5,1.9,100.0,1,1,0,157.94
Koto,60.7,2,21,6.7,8.6,81.0,1,1,0,150.03
Minato,59.54,2,27,3.1,5.0,88.0,1,1,0,136.97
Itabashi,29.86,2,27,21.4,4.1,100.0,1,1,0,88.75
Shinjuku,45.54,2,26,10.7,9.3,70.2,0,1,0,152.04
Adachi,56.66,2,8,1.8,6.0,100.0,0,1,0,155.8
Meguro,62.32,3,29,4.4,1.0,93.6,1,0,0,177.25
Setagaya,98.4,3,5,12.6,1.0,100.0,0,1,0,228.87
Chiyoda,71.34,3,19,32.2,3.9,100.0,1,1,1,195.58
Chiyoda,57.67,1,28,4.5,14.3,64.5,1,1,0,164.38
Minato,29.91,2,26,12.6,26.9,51.1,1,0,0,99.16
Arakawa,32.43,1,14,7.2,17.7,62.0,1,1,1,96.35
Toshima,110.43,5,24,25.9,8.5,82.7,1,0,0,152.16
Ota,88.41,4,17,7.3,30.0,51.2,1,0,0,107.93
Koto,46.12,3,4,6.4,3.1,93.8,0,1,0,151.98
Edogawa,64.87,3,22,2.9,10.2,85.2,1,0,0,132.86
Chuo,80.45,4,4,16.4,12.5,63.6,0,0,0,174.76
Taito,35.58,2,16,12.1,5.3,97.3,0,0,0,106.42
Shinjuku,96.52,3,9,7.2,7.6,74.5,1,1,0,199.58
Minato,50.73,2,17,10.9,30.0,48.5,1,0,0,103.9
Kita,83.49,4,19,5.9,4.7,98.0,0,0,0,169.11
Katsushika,46.83,2,3,17.8,1.1,100.0,1,1,0,153.65
Suginami,83.0,3,17,17.2,17.0,36.9,0,1,1,133.9
Shinjuku,94.95,3,13,0.7,5.2,78.0,1,1,0,209.57
Chuo,59.6,2,9,20.6,8.7,80.5,1,1,1,149.29
Setagaya,90.68,4,9,3.5,10.1,93.9,1,1,0,173.65
Katsushika,54.43,2,14,0.1,8.8,93.6,1,1,0,138.13
Itabashi,57.92,2,3,6.7,1.0,100.0,0,1,0,170.3
Shinagawa,68.24,4,22,6.0,6.5,82.2,0,0,0,163.77
Nakano,118.61,4,10,9.2,3.1,87.6,1,0,0,200.17
Taito,68.82,2,30,17.0,1.7,86.6,0,1,0,137.13
Chuo,59.59,3,22,4.6,6.2,70.0,1,1,0,162.14
Shinjuku,69.37,3,21,20.7,13.0,60.3,1,1,1,166.76
Kita,60.32,4,2,20.5,9.5,89.1,1,1,0,114.8
Minato,91.73,5,6,27.3,12.5,66.2,1,1,1,243.32
Taito,53.01,2,9,1.8,1.2,84.3,1,0,0,130.25
Suginami,30.2,1,8,4.6,4.4,79.1,0,1,0,110.35
Shinjuku,74.95,3,1,3.1,11.4,65.0,0,0,0,189.35
Toshima,96.45,4,18,0.7,19.8,56.1,1,1,0,179.97
Sumida,60.42,3,18,7.9,28.6,39.2,1,1,0,71.08
Sumida,20.67,2,17,3.2,3.5,90.5,0,0,0,94.76
Chuo,70.35,2,7,8.8,1.0,92.9,1,0,1,130.35
Itabashi,120.73,4,26,0.9,9.4,94.5,0,1,0,196.41
Koto,104.21,4,6,16.2,4.0,81.1,1,0,0,162.76
Adachi,74.35,3,21,2.6,9.1,87.0,1,0,0,138.94
Arakawa,67.57,3,22,46.4,6.7,88.6,1,1,1,94.05
Edogawa,53.8,2,28,3.4,13.3,94.0,1,1,0,120.84
Chiyoda,100.76,4,4,6.5,10.1,74.0,0,1,0,214.7
Kita,66.5,2,14,9.5,8.9,80.5,0,1,0,156.98
Chiyoda,21.02,1,10,6.4,1.0,100.0,1,1,0,145.17
Ota,59.44,2,24,4.6,6.9,81.5,1,0,0,169.22
Itabashi,83.46,2,6,0.1,17.3,62.3,0,0,0,124.99
Nerima,109.07,4,8,50.0,5.1,80.3,0,1,1,97.41
Bunkyo,52.2,1,21,0.1,7.3,97.1,0,0,0,180.25
Shinjuku,69.11,2,9,0.3,20.0,50.2,1,1,0,161.99
Bunkyo,26.75,1,17,0.7,19.6,61.8,0,1,0,122.96
Kita,62.91,2,15,2.1,10.3,64.9,0,1,0,119.75
Chuo,62.82,2,17,2.3,6.1,90.6,1,0,0,136.38
Kita,49.98,2,4,25.9,10.6,75.9,1,0,1,95.01
Suginami,61.29,3,15,30.8,11.9,73.1,0,0,1,120.54
Chiyoda,113.27,5,20,12.4,30.0,37.2,0,1,0,155.82
Setagaya,66.15,4,11,44.2,9.5,55.8,1,1,1,105.7
Toshima,87.92,3,2,3.4,7.7,89.4,0,1,0,187.02
Koto,102.66,4,28,12.0,16.9,44.2,1,0,1,155.08
Nakano,73.86,3,21,26.0,6.8,65.7,1,1,1,154.29
Shinjuku,53.2,2,4,7.9,16.3,61.4,0,1,0,135.47
Ota,55.19,2,8,3.3,2.8,89.2,1,1,0,157.69
Bunkyo,112.43,5,4,1.9,30.0,35.7,1,0,0,192.72
Kita,67.7,3,14,20.2,7.5,55.4,0,0,0,93.63
Katsushika,37.0,2,29,25.8,2.4,100.0,0,0,0,111.94
Taito,86.1,4,15,6.6,2.7,98.8,0,1,1,190.15
Shinjuku,31.28,1,23,15.7,5.5,81.0,1,1,0,121.52
Suginami,81.24,3,9,20.2,1.2,100.0,1,1,0,140.67
Shibuya,58.18,2,16,9.6,2.2,100.0,1,1,0,179.41
Koto,65.3,3,12,30.8,4.5,88.7,1,0,1,128.96
Edogawa,114.28,4,14,2.9,6.3,94.5,1,1,0,185.22
Chuo,137.17,4,24,17.2,21.4,41.2,1,0,0,219.86
Chiyoda,92.68,5,22,50.0,1.1,94.6,0,0,1,129.44
Meguro,20.0,1,4,5.9,5.7,84.1,1,0,0,167.28
Shinagawa,32.11,2,27,2.1,4.7,95.8,1,1,0,162.79
Suginami,58.55,3,13,9.3,20.7,59.0,1,0,0,119.43
Shibuya,68.18,3,10,3.8,1.0,100.0,0,0,0,223.39
Nakano,41.44,1,19,39.3,7.2,79.1,0,1,1,58.69
Ota,72.37,4,8,2.6,1.0,100.0,0,1,0,138.13
Edogawa,97.25,3,5,9.3,1.0,97.0,1,1,0,190.68
Suginami,111.17,4,17,32.0,8.3,68.2,0,1,1,206.14
Chiyoda,71.64,3,2,31.8,1.0,94.3,0,1,1,222.56
Itabashi,20.0,1,1,50.0,5.9,88.1,0,0,1,31.65
Nakano,88.53,3,13,4.9,3.6,87.5,0,0,0,168.86
Chuo,42.27,2,24,0.7,5.0,88.1,1,1,0,140.22
Toshima,27.71,1,23,8.7,5.1,78.8,1,0,0,116.78
Toshima,96.44,4,5,17.7,1.3,96.5,1,0,0,181.54
Chuo,54.22,3,27,4.3,1.0,100.0,0,1,0,215.78
Nerima,133.89,3,29,27.6,5.8,72.1,1,1,1,189.73
Koto,72.58,3,11,44.6,1.7,100.0,1,1,1,152.58
Koto,83.21,3,10,1.2,3.1,86.8,1,0,1,164.54
Koto,72.52,3,9,3.2,14.7,65.5,1,1,0,122.56
Minato,84.7,3,13,23.3,7.0,83.7,0,1,1,229.74
Shinjuku,52.2,1,6,18.8,18.3,71.7,0,1,0,111.88
Kita,56.94,3,13,5.0,6.7,82.6,0,1,0,113.78
Katsushika,77.74,3,16,0.9,1.0,94.2,1,1,0,154.79
Adachi,61.34,2,10,6.6,1.0,84.4,1,1,0,151.21
Shinagawa,133.16,3,14,7.7,18.0,90.9,1,0,0,215.92
Arakawa,31.06,2,14,24.1,10.6,84.1,1,1,1,89.92
Nerima,104.55,4,19,0.4,1.5,100.0,1,0,0,195.65
Meguro,29.52,2,29,2.0,6.5,73.1,0,0,0,123.44
Koto,116.08,4,14,14.4,10.0,76.7,1,0,0,138.92
Kita,45.27,2,29,23.7,16.7,47.3,1,1,0,63.08
Ota,20.0,2,17,5.4,4.3,100.0,1,1,0,129.4
Bunkyo,66.07,3,26,50.0,1.0,100.0,0,1,1,158.6
Setagaya,96.22,4,3,24.5,9.4,83.3,1,1,1,143.66
Adachi,78.49,4,13,11.5,2.3,100.0,1,1,0,183.24
Chuo,20.0,1,11,13.2,20.5,57.0,1,0,0,109.49
Meguro,44.82,2,25,33.0,3.3,97.0,1,1,1,139.1
Shibuya,20.0,2,2,32.5,1.2,100.0,0,1,0,137.84
Toshima,34.82,1,10,9.0,8.2,88.8,0,1,1,123.39
Shibuya,129.84,4,25,15.6,1.7,100.0,1,0,1,336.71
Adachi,93.44,4,17,27.5,3.8,90.8,1,1,0,141.16
Bunkyo,98.33,4,22,9.8,11.9,76.7,1,0,0,152.23
Taito,105.08,4,4,8.2,1.0,100.0,1,1,1,176.16
Sumida,43.16,2,11,10.2,3.8,91.8,1,0,0,82.58
Nerima,92.36,5,5,11.9,2.9,79.8,1,1,0,166.23
Kita,40.9,2,13,12.9,10.0,82.5,1,1,0,104.76
Adachi,31.3,1,10,39.1,9.5,100.0,1,1,1,69.24
Katsushika,65.07,3,13,22.3,1.1,85.7,1,0,1,158.8
Setagaya,46.28,2,23,40.4,22.1,50.7,1,1,1,75.0
Kita,65.89,2,12,12.7,1.6,92.6,0,0,1,160.76
Setagaya,43.72,1,22,50.0,2.6,88.6,0,1,1,82.57
Taito,92.05,4,27,27.0,1.9,100.0,1,0,1,157.93
Itabashi,43.74,2,27,0.6,1.0,96.9,1,1,0,156.2
Setagaya,102.94,3,9,2.1,5.4,94.9,1,0,0,208.76
Chuo,55.75,2,18,10.6,6.1,78.2,1,1,0,167.88
Setagaya,40.64,2,19,35.1,4.8,83.7,1,1,0,140.82
Minato,78.64,2,17,21.9,18.3,61.6,1,0,0,165.69
Meguro,94.87,3,11,16.7,13.5,63.7,1,0,0,162.49
Edogawa,111.2,4,6,7.7,1.0,90.4,1,1,0,172.7
Minato,41.28,2,30,7.2,1.9,84.8,0,1,0,189.3
Kita,87.89,2,8,1.4,1.1,100.0,0,0,0,189.86
Katsushika,20.0,1,21,15.0,8.5,82.3,0,0,0,66.12
Chiyoda,80.66,3,9,3.6,6.0,77.3,1,0,0,231.32
Koto,115.62,5,16,1.9,2.4,100.0,0,1,0,233.5
Taito,67.27,3,15,1.6,5.4,100.0,1,0,0,165.49
Shinjuku,98.95,5,19,34.9,10.9,74.1,0,0,1,200.39
Meguro,45.63,2,12,17.8,1.0,100.0,0,0,0,112.15
Sumida,47.51,2,9,4.9,5.2,92.0,1,1,0,137.93
Itabashi,75.82,2,1,4.0,1.9,82.9,1,1,0,184.17
Meguro,84.08,2,9,7.9,7.2,88.4,1,0,0,189.92
Ota,26.55,1,29,33.8,7.1,94.0,0,0,1,75.27
Meguro,134.91,4,14,18.4,1.0,93.5,1,1,1,213.98
Chiyoda,89.84,3,20,13.2,8.0,98.1,1,0,0,153.13
Shibuya,20.0,2,18,8.1,1.0,100.0,1,0,0,165.14
Taito,54.46,2,23,4.7,1.0,100.0,1,0,0,158.95
Shinjuku,71.03,4,3,4.9,1.0,100.0,1,1,0,197.9
Shibuya,46.9,2,2,6.0,10.6,87.8,0,1,0,187.81
Sumida,77.72,3,7,32.4,16.2,64.1,1,1,0,112.12
Meguro,66.41,4,23,6.5,1.9,100.0,1,0,0,154.62
Minato,57.04,3,15,7.2,6.8,85.5,1,1,0,163.93
Sumida,142.83,5,24,5.9,3.8,82.7,1,0,1,188.43
Taito,73.42,3,11,0.3,1.0,100.0,1,1,0,206.51
Sumida,86.67,2,2,40.6,22.3,40.8,1,1,0,59.81
Meguro,28.08,1,12,11.9,1.6,100.0,0,0,0,144.94
Koto,112.41,3,22,0.8,10.1,79.1,1,0,0,153.66
Meguro,87.56,4,26,9.4,13.0,75.0,1,0,0,265.33
Shinjuku,88.87,3,21,1.4,8.4,82.6,1,0,0,184.73
Koto,66.77,3,22,9.0,30.0,41.1,1,0,0,87.36
Nerima,84.19,3,26,13.1,7.5,78.7,1,1,0,125.89
Kita,106.49,4,29,2.3,2.6,89.4,1,1,0,238.2
Shibuya,112.65,5,24,20.9,20.3,47.4,0,0,0,161.13
Meguro,127.19,3,6,4.7,1.1,100.0,1,0,0,260.33
Sumida,23.02,1,18,0.6,11.7,75.8,0,1,0,97.35
Koto,53.28,1,27,4.0,7.6,90.4,1,0,0,133.27
Setagaya,57.89,2,14,4.4,3.9,76.6,1,1,0,163.44
Itabashi,20.0,2,17,9.7,6.0,87.7,1,0,0,84.59
Koto,77.48,2,6,21.6,1.7,96.4,1,1,0,123.52
Adachi,67.87,2,12,10.8,7.7,77.7,1,1,0,137.66
Itabashi,79.38,3,28,9.1,18.1,58.7,1,1,0,159.58
Bunkyo,54.62,1,4,8.0,1.0,100.0,0,0,0,168.92
Itabashi,58.45,3,19,8.9,1.0,77.5,1,1,0,171.82
Toshima,48.55,2,18,8.5,3.8,98.4,1,0,0,122.03
Bunkyo,38.98,2,18,6.3,9.2,77.3,1,1,0,149.22
Toshima,62.88,3,18,13.3,3.7,100.0,0,1,1,165.53
Arakawa,130.48,5,5,36.5,2.0,99.3,0,0,1,184.13
Taito,23.14,1,21,28.1,12.1,79.6,1,1,1,105.68
Meguro,53.8,2,27,34.3,1.2,90.7,0,1,1,195.47
Chiyoda,49.1,3,3,34.5,7.0,82.2,1,0,1,152.82
Katsushika,87.91,3,23,7.4,30.0,36.7,0,1,0,96.7
Kita,104.48,4,6,30.5,10.3,100.0,1,0,1,118.64
Bunkyo,20.0,1,12,8.2,1.0,100.0,1,0,0,133.18
Taito,63.12,3,9,13.0,13.7,66.0,1,1,0,128.98
Bunkyo,119.3,3,20,18.2,9.2,75.1,0,0,0,218.47
Kita,20.0,1,5,6.4,3.8,96.1,1,0,0,103.97
Chuo,67.81,4,26,14.9,15.5,55.6,1,1,0,166.41
Bunkyo,85.52,4,26,7.3,22.5,54.0,1,1,0,133.59
Nerima,81.7,2,20,21.6,15.3,47.2,1,0,0,116.13
Katsushika,75.06,3,13,8.2,27.4,31.1,1,1,1,89.5
Adachi,60.59,3,22,2.9,3.1,87.3,1,1,0,195.23
Nerima,85.03,3,30,9.6,6.9,89.7,0,1,0,150.28
Katsushika,36.72,1,26,5.1,9.7,71.3,1,0,0,126.1
Adachi,135.74,5,27,28.1,13.6,75.7,0,1,1,160.7
Meguro,69.33,2,6,33.5,8.5,81.5,1,0,1,99.89
Bunkyo,83.07,3,22,19.1,1.0,78.7,0,1,1,218.46
Edogawa,98.32,4,16,13.2,4.2,80.5,1,1,0,159.85
Taito,33.37,1,18,3.6,1.3,84.8,0,0,0,134.54
Edogawa,50.8,3,22,17.9,5.9,92.2,0,0,0,92.76
Itabashi,71.05,4,14,3.6,21.4,53.0,1,1,0,138.49
Minato,79.17,3,30,4.1,1.0,91.5,0,0,0,196.02
Sumida,91.87,4,7,50.0,17.5,53.1,1,0,1,58.58
Shinagawa,96.63,4,28,13.3,11.4,80.6,1,1,1,265.91
Adachi,74.45,4,26,3.9,3.3,99.6,0,0,0,125.61
Taito,72.04,3,12,32.1,1.0,96.6,1,1,0,128.57
Nakano,38.62,2,25,22.0,2.7,80.5,1,1,0,110.96
Chuo,61.36,3,29,27.3,13.6,77.4,1,0,0,119.02
Shinagawa,55.63,1,17,0.3,19.1,55.9,1,1,0,157.87
Shibuya,34.1,1,23,27.9,12.4,70.5,1,1,0,127.04
Suginami,57.03,2,19,23.5,4.7,100.0,0,1,0,87.18
Katsushika,97.01,3,30,11.5,1.8,96.2,1,0,0,154.82
Shibuya,80.77,3,14,0.0,2.0,97.1,1,1,0,223.2
Chuo,66.88,2,25,11.6,11.6,80.3,1,1,0,179.01
Shibuya,20.0,1,27,21.4,1.0,100.0,0,1,0,198.24
Shinjuku,89.89,3,1,50.0,11.4,81.7,0,1,1,109.26
Katsushika,68.9,2,5,10.8,30.0,40.6,0,0,0,55.2
Ota,20.0,1,11,17.1,10.4,83.6,1,0,0,72.34
Taito,53.21,2,23,23.4,8.8,84.5,1,1,0,120.72
Kita,78.79,3,20,6.4,1.0,100.0,1,1,0,145.45
Taito,109.59,4,15,3.3,6.6,83.1,1,0,0,243.49
Shinagawa,84.13,3,16,8.8,4.3,79.7,0,1,0,220.34
Katsushika,124.19,4,12,1.9,3.9,90.9,0,1,0,207.2
Toshima,39.02,1,5,7.4,1.0,100.0,0,1,1,175.24
Adachi,65.62,2,15,15.7,1.8,100.0,0,0,0,110.78
Meguro,117.39,3,5,9.5,3.2,89.2,1,0,0,240.67
Meguro,127.08,5,14,5.6,5.7,83.0,1,1,0,240.91
Kita,70.82,3,29,50.0,21.6,50.7,1,1,1,85.67
Katsushika,82.02,3,16,12.6,18.5,53.8,1,1,1,136.1
Setagaya,52.31,2,14,30.3,1.0,97.8,1,0,1,138.37
Taito,88.85,3,30,0.1,1.0,100.0,1,0,0,238.08
Adachi,59.63,2,7,0.5,1.0,100.0,0,1,0,140.59
Suginami,99.79,5,11,10.1,5.0,87.3,0,1,0,167.43
Toshima,61.76,3,18,21.3,18.7,54.9,0,1,1,129.67
Adachi,25.85,1,14,2.3,3.4,100.0,1,1,0,146.78
Edogawa,20.0,1,27,16.4,12.5,96.7,1,0,0,60.95
Adachi,69.57,3,29,6.2,30.0,46.8,1,1,0,66.58
Meguro,23.22,1,22,1.5,1.3,89.0,0,1,0,205.7
Itabashi,78.87,3,19,22.4,10.5,79.6,0,1,0,134.68
Itabashi,39.96,1,1,14.1,1.6,96.4,1,1,1,118.22
Shinjuku,111.68,4,15,1.1,3.2,81.5,1,1,0,242.89
Shinagawa,62.83,4,30,1.7,17.7,78.0,1,0,0,122.2
Bunkyo,80.61,4,3,17.0,1.0,100.0,1,0,0,199.55
Ota,37.53,1,27,15.8,1.6,100.0,1,0,1,138.78
Chiyoda,96.36,4,13,2.7,26.4,49.4,1,0,1,211.74
Koto,50.3,3,10,1.1,2.2,90.8,1,0,0,141.99
Ota,86.67,3,27,8.9,1.9,100.0,1,1,0,158.08
Bunkyo,52.35,2,30,21.2,1.0,100.0,0,0,0,178.2
Shibuya,33.94,2,19,0.1,4.0,86.5,1,1,0,182.76
Taito,93.36,4,27,3.8,8.4,81.8,1,1,1,249.65
Sumida,47.83,1,25,6.5,4.7,97.5,1,1,0,115.3
Edogawa,61.44,2,11,14.4,5.9,92.1,1,0,0,136.7
Meguro,48.25,2,26,0.9,7.1,83.2,0,1,0,182.16
Arakawa,67.97,4,22,4.0,9.6,74.9,0,1,0,166.62
Shinagawa,48.9,2,9,36.9,2.2,100.0,1,1,1,99.88
Bunkyo,72.57,4,5,3.7,5.1,89.3,0,1,0,198.67
Suginami,73.09,3,25,50.0,17.7,49.9,1,0,1,79.26
Edogawa,92.34,4,16,7.9,1.0,97.3,1,1,0,208.91
Shinjuku,76.0,3,2,2.5,8.2,95.0,1,1,0,225.48
Chiyoda,20.0,1,19,29.2,8.7,82.8,1,1,0,102.51
Katsushika,56.91,3,23,40.3,5.6,87.2,0,1,1,104.91
Taito,44.27,3,26,37.5,25.1,46.0,1,0,0,37.89
Nakano,92.91,4,28,19.1,5.1,91.0,1,1,1,182.16
Shinjuku,62.3,3,25,4.7,4.4,86.0,0,1,0,176.42
Arakawa,28.16,1,23,21.4,8.8,94.0,0,0,1,82.21
Chiyoda,59.48,2,2,15.5,4.3,100.0,1,0,0,144.38
Ota,64.81,3,18,11.9,20.6,60.0,1,0,0,101.86
Taito,103.78,5,30,0.7,9.5,99.3,1,1,0,223.88
Setagaya,55.32,2,1,9.1,3.5,100.0,1,0,0,159.9
Chuo,20.0,1,1,1.2,6.4,99.9,1,1,0,143.91
Shinjuku,117.7,4,13,13.0,12.2,61.7,0,1,0,151.4
Katsushika,85.16,3,23,11.6,20.6,49.8,0,1,0,88.0
Itabashi,71.82,3,25,7.6,1.0,94.4,1,1,0,184.72
Minato,90.82,3,21,1.3,9.3,79.6,1,0,0,224.84
Taito,70.6,3,19,1.8,1.9,92.4,0,0,0,206.59
Kita,97.45,3,27,2.9,14.7,56.2,1,1,0,141.92
Taito,61.41,2,28,4.1,8.3,85.8,1,1,1,183.02
Taito,62.68,3,17,15.9,10.6,69.6,0,1,0,122.14
Chiyoda,24.78,1,13,8.6,9.5,100.0,0,0,1,156.82
Shinagawa,51.32,3,9,50.0,2.1,100.0,1,1,1,108.73
Katsushika,59.55,3,22,22.6,23.1,82.4,1,0,0,57.57
Adachi,69.96,2,6,9.5,10.3,79.6,1,0,0,116.28
Ota,94.32,3,18,3.3,3.6,98.7,1,1,0,144.59
Sumida,81.33,3,28,38.7,8.0,84.7,1,1,1,117.01
Shibuya,57.42,3,27,1.8,3.6,95.3,1,0,0,154.67
Sumida,63.6,2,7,27.7,1.8,100.0,0,0,1,129.28
Taito,57.08,2,13,2.7,1.5,95.9,0,1,1,180.15
Ota,88.93,3,5,5.3,3.7,94.8,0,1,0,153.7
Ota,48.04,1,21,5.2,2.1,95.7,1,1,0,121.76
Itabashi,20.0,2,22,0.3,9.5,89.2,1,1,0,128.09
Shinjuku,20.0,1,16,18.8,1.0,100.0,0,1,1,115.71
Nakano,80.62,2,17,28.2,1.0,84.7,1,1,0,142.16
Adachi,39.21,2,9,4.0,24.6,63.8,1,0,0,73.84
Taito,64.03,3,15,25.1,9.0,90.9,0,1,1,135.44
Koto,59.81,1,1,7.6,8.9,68.1,0,1,0,119.64
Nakano,62.99,4,14,1.3,6.3,90.3,1,0,0,154.92
Ota,84.75,4,17,2.2,16.8,69.1,1,1,0,102.93
Suginami,74.43,3,6,12.1,2.8,81.9,1,1,1,234.4
Koto,57.64,2,20,6.9,4.1,87.1,1,0,0,141.85
Kita,106.42,5,6,11.2,7.2,81.7,1,1,1,226.46
Suginami,102.69,5,20,29.7,16.0,50.8,1,1,1,159.55
Ota,111.7,4,12,2.7,13.5,64.1,0,1,0,186.2
Toshima,97.03,3,15,6.5,1.6,83.4,1,1,0,207.53
Adachi,97.82,4,23,13.2,1.2,93.3,1,0,1,213.64
Bunkyo,62.11,3,10,19.2,25.0,27.4,1,1,1,137.24
Arakawa,93.9,4,17,10.9,30.0,34.4,0,1,1,116.02
Edogawa,51.85,2,3,50.0,16.3,76.8,1,1,1,56.76
Chuo,107.69,3,22,6.0,11.3,76.4,1,0,0,191.33
Edogawa,34.5,1,13,0.1,18.6,60.5,1,1,0,74.88
Chiyoda,74.82,2,2,3.9,6.7,69.0,1,1,0,185.19
Suginami,35.29,2,23,20.9,6.8,80.4,1,0,1,112.28
Kita,74.89,3,9,1.9,9.2,76.5,0,1,0,180.49
Chiyoda,43.62,1,7,2.8,2.7,100.0,1,0,0,182.43
Shinjuku,53.51,3,4,4.8,1.6,89.4,1,0,0,153.31
Itabashi,94.99,4,5,6.6,1.4,93.1,0,1,0,176.53
Arakawa,24.6,1,27,4.3,7.3,97.5,0,1,1,124.06
Edogawa,92.57,3,22,4.6,11.3,78.2,1,1,0,166.34
Taito,141.65,4,23,30.1,16.1,52.5,0,0,0,162.35
Chuo,104.82,5,26,40.3,3.5,93.9,1,0,0,126.83
Itabashi,54.55,2,23,2.9,1.0,84.3,1,0,0,166.43
Koto,43.78,2,7,13.7,1.0,98.4,1,1,0,104.74
Bunkyo,162.96,5,27,15.9,19.0,42.7,1,0,0,206.85
Meguro,87.0,4,13,46.5,3.9,100.0,0,1,1,198.88
Ota,109.51,3,1,11.5,1.8,80.4,0,1,0,114.1
Sumida,89.46,3,23,11.7,2.2,93.9,1,0,0,186.1
Ota,40.3,2,25,1.5,7.9,82.0,0,0,0,122.31
Koto,47.08,3,25,2.2,3.7,87.2,1,0,0,144.93
Katsushika,64.0,3,13,19.8,12.1,55.6,0,0,0,86.64
Adachi,44.69,3,18,16.6,4.1,92.5,0,1,0,111.86
Chuo,89.84,4,18,2.0,3.3,95.2,1,1,0,208.96
Adachi,140.79,4,24,0.1,17.1,81.4,1,0,0,191.27
Bunkyo,52.65,1,10,50.0,15.2,86.4,1,1,1,107.95
Arakawa,66.27,3,4,26.0,7.9,86.9,1,0,0,101.81
Koto,70.75,3,11,6.5,2.0,100.0,1,1,0,141.67
Chuo,50.22,1,6,15.1,1.2,84.4,1,0,1,194.27
Sumida,118.01,4,27,25.1,1.0,100.0,1,0,0,164.29
Minato,57.63,2,12,1.7,1.0,100.0,0,0,0,259.74
Arakawa,52.74,2,14,12.1,13.8,73.5,0,0,0,97.2
Arakawa,38.63,1,13,12.5,11.8,74.7,0,1,0,91.28
Bunkyo,139.84,4,19,14.8,1.0,97.0,1,1,0,306.12
Chuo,56.46,2,12,1.0,10.7,87.6,1,0,0,193.57
Koto,29.83,2,21,6.0,9.6,71.6,1,0,0,86.24
Koto,103.82,4,24,11.3,2.1,82.9,0,1,1,198.03
Itabashi,67.8,3,26,24.6,5.1,100.0,1,0,0,99.88
Koto,66.1,3,21,14.3,7.6,92.5,0,1,0,143.59
Bunkyo,60.12,3,21,29.0,1.0,94.8,1,1,0,181.41
Setagaya,39.56,1,13,4.8,8.2,84.2,1,1,0,137.89
Suginami,24.28,1,6,3.2,1.7,77.3,0,0,0,136.34
Minato,20.0,1,2,20.0,2.1,83.2,1,1,0,143.73
Taito,54.36,3,10,0.6,1.0,100.0,1,1,0,236.77
Chuo,103.64,4,15,4.1,16.3,58.3,1,1,0,243.25
Chuo,22.95,1,14,6.1,1.0,92.3,1,1,0,134.32
Suginami,44.25,2,22,5.4,7.9,92.0,1,0,0,112.76
Shinagawa,64.21,3,18,15.7,2.7,100.0,1,1,0,168.17
Setagaya,109.6,3,17,20.3,20.0,55.3,0,1,1,178.66
Chuo,45.8,2,3,29.6,24.0,59.3,1,1,1,120.33
Adachi,129.7,4,28,23.4,25.2,29.7,0,1,1,156.19
Taito,58.51,2,24,20.7,3.0,93.0,1,1,1,167.99
Chuo,76.81,3,9,5.1,1.0,87.5,1,0,0,174.86
Nakano,50.78,2,30,36.2,4.4,95.3,0,0,1,142.69
Shibuya,75.46,3,5,36.3,14.1,80.3,1,1,1,176.89
Shinjuku,67.87,3,16,8.8,9.3,92.2,0,1,0,159.07
Bunkyo,76.55,4,2,5.3,21.7,49.3,0,0,1,141.82
Bunkyo,67.03,3,20,13.7,29.8,35.4,1,0,0,95.33
Meguro,58.36,2,2,24.2,2.4,91.9,1,1,0,191.32
Setagaya,45.62,1,26,2.3,1.1,100.0,1,1,0,148.62
Edogawa,65.42,2,8,24.0,20.8,40.5,1,1,0,78.72
Kita,67.26,2,2,6.2,5.8,74.9,1,1,0,179.59
Setagaya,49.04,2,10,18.9,1.3,97.6,1,0,1,162.14
Nakano,49.06,2,27,6.8,1.4,100.0,1,1,0,158.35
Toshima,81.55,4,5,29.9,10.3,69.9,1,0,1,138.61
Arakawa,90.92,5,3,2.0,1.2,88.1,1,1,0,161.45
Edogawa,38.11,1,29,5.0,3.1,95.1,0,0,0,138.83
Shinjuku,31.89,1,28,3.0,1.0,92.8,0,1,0,156.56
Meguro,69.57,3,9,5.3,13.4,62.4,0,0,0,148.13
Minato,20.0,1,29,17.5,5.1,92.2,1,1,1,157.86
Adachi,62.28,4,9,50.0,7.0,92.4,1,0,1,87.1
Taito,67.77,3,18,1.1,5.3,100.0,0,1,0,190.42
Chiyoda,93.58,4,5,25.5,1.0,97.9,1,1,1,182.87
Shibuya,20.0,1,22,23.2,4.4,100.0,1,1,1,151.29
Katsushika,94.66,4,3,12.8,10.0,63.4,1,0,0,137.86
Taito,59.62,2,4,39.1,10.0,69.8,1,0,0,83.05
Shibuya,20.0,2,30,27.9,5.2,99.8,0,1,0,175.69
Shinjuku,44.65,2,10,48.9,5.9,88.8,1,1,1,93.73
Ota,58.49,1,3,4.9,4.7,100.0,1,1,0,95.5
Koto,110.65,5,4,4.9,20.1,49.0,1,1,0,190.87
Arakawa,80.01,3,5,11.6,5.2,92.6,0,0,0,153.39
Meguro,120.69,4,28,41.6,12.1,71.6,1,1,1,185.53
Kita,52.47,1,4,4.8,8.2,100.0,1,1,0,129.99
Shinagawa,70.56,3,3,2.2,9.1,85.9,0,0,0,186.48
Shibuya,39.61,2,11,5.7,18.6,58.2,0,1,0,127.0
Adachi,95.95,3,11,40.1,5.5,80.2,1,1,1,96.15
Ota,111.69,4,29,34.8,2.5,98.2,1,1,1,217.93
Toshima,61.68,4,16,44.3,18.3,81.5,1,1,0,70.3
Taito,91.21,3,23,4.4,10.9,75.8,1,1,0,126.32
Katsushika,46.69,1,25,46.6,6.1,90.6,1,1,1,39.46
Katsushika,44.1,2,27,6.3,11.0,76.0,0,1,0,114.57
Katsushika,20.0,1,23,10.4,6.3,78.5,1,0,0,80.78
Shinjuku,69.99,4,10,0.6,4.4,75.3,1,0,0,233.99
Koto,38.37,2,6,35.8,1.0,99.6,1,1,0,87.54
Nerima,103.43,3,14,38.1,1.0,100.0,1,0,1,135.22
Adachi,58.22,2,4,16.2,12.0,91.4,1,0,0,96.82
Chiyoda,46.71,2,24,31.1,1.0,100.0,1,0,1,164.75
Nerima,72.06,3,19,0.0,5.8,100.0,0,1,0,124.68
Nerima,73.33,3,8,5.1,1.0,82.2,1,1,0,164.12
Meguro,116.03,4,23,50.0,17.4,66.4,1,0,1,204.63
Shinjuku,34.37,1,2,12.9,2.7,94.2,1,0,1,173.52
Ota,67.22,3,3,4.5,8.6,81.5,0,0,0,95.49
Kita,50.42,2,6,7.0,3.7,92.2,1,1,0,78.12
Edogawa,76.48,3,8,11.2,3.1,86.8,1,1,1,150.08
Setagaya,77.12,3,18,7.5,1.0,100.0,1,1,1,243.42
Meguro,56.04,2,9,15.0,1.5,100.0,1,1,1,192.77
Adachi,48.97,2,13,47.5,10.4,89.2,1,1,1,68.6
Nakano,61.03,2,6,38.6,6.3,100.0,1,1,0,98.49
Sumida,76.69,3,27,4.2,6.5,85.6,1,0,0,214.8
Arakawa,103.01,4,9,11.0,4.4,100.0,1,1,0,194.36
Koto,83.55,3,25,8.2,10.2,77.3,1,0,0,140.34
Nerima,37.9,1,22,2.0,10.4,70.9,1,1,0,127.26
Itabashi,90.13,3,1,8.1,10.2,84.5,1,0,0,156.86
Adachi,41.0,2,28,9.6,9.7,83.3,1,1,0,110.88
Katsushika,21.8,2,17,35.7,5.8,79.1,1,1,1,77.31
Arakawa,96.25,3,7,50.0,1.0,87.5,1,0,1,82.06
Chiyoda,68.34,2,22,1.0,1.0,86.1,1,1,0,222.63
Shinjuku,102.03,5,18,23.4,2.0,100.0,1,0,1,198.04
Toshima,86.39,3,8,6.3,1.2,100.0,0,0,0,211.6
Suginami,56.28,1,12,7.5,17.4,79.9,1,0,0,93.57
Minato,27.69,2,19,15.0,24.8,56.3,1,1,0,86.52
Taito,69.92,3,9,1.1,2.9,81.8,1,1,0,212.99
Chuo,55.27,2,11,2.4,13.1,94.0,1,1,0,209.94
Edogawa,88.64,2,20,21.3,5.7,95.2,1,1,1,169.88
Arakawa,102.96,3,4,1.8,10.1,79.2,0,1,0,185.53
Ota,58.74,3,9,4.2,4.9,83.5,1,1,0,160.83
Chiyoda,67.82,3,18,3.0,9.6,62.5,1,1,0,190.46
Chuo,80.8,3,30,10.4,14.7,64.3,1,0,1,146.6
Shinagawa,52.57,1,14,20.3,6.5,83.5,1,1,1,158.34
Meguro,45.44,1,6,24.8,11.9,71.3,0,0,0,135.31
Arakawa,49.71,2,8,3.5,2.2,100.0,1,1,0,121.65
Taito,61.38,3,5,4.3,1.2,83.1,1,1,0,166.87
Nerima,30.72,1,8,3.4,1.3,92.5,1,1,0,140.13
Shinagawa,114.96,3,5,50.0,1.1,92.5,1,1,1,215.89
Meguro,80.36,2,28,16.9,20.4,55.8,1,0,0,152.88
Shinagawa,29.08,2,10,5.4,5.7,79.0,1,0,0,113.8
Shibuya,46.92,2,20,3.6,8.0,100.0,0,0,0,174.36
Kita,71.32,3,5,3.1,2.7,97.5,0,1,0,212.83
Meguro,59.4,1,23,9.1,18.6,51.6,1,1,1,138.23
Bunkyo,44.09,2,18,0.7,9.8,80.7,1,1,0,179.01
Toshima,20.0,2,3,18.1,8.2,70.5,0,1,0,93.54
Edogawa,123.03,4,19,7.8,5.3,88.6,0,0,0,169.56
Itabashi,112.92,4,20,9.3,16.3,52.5,0,1,1,170.18
Taito,52.44,1,11,39.3,18.2,59.6,1,1,1,64.02
Bunkyo,33.25,1,24,18.0,30.0,52.9,1,1,1,103.84
Adachi,57.28,2,26,4.1,7.6,77.9,1,0,0,107.98
Kita,58.19,2,4,1.0,4.1,94.5,1,1,0,106.87
Chuo,98.19,3,13,23.4,28.3,43.1,1,1,0,139.13
Arakawa,103.28,3,5,20.4,2.0,94.1,1,0,0,182.61
Sumida,87.75,4,28,2.4,1.8,92.2,0,1,0,140.9
Arakawa,60.2,3,30,38.1,5.8,91.2,1,1,1,129.69
Shinjuku,53.61,2,3,13.5,8.3,85.0,1,1,1,139.58
Setagaya,107.78,4,27,50.0,7.8,67.9,1,1,0,117.68
Shinagawa,30.63,1,30,7.3,1.0,100.0,1,0,0,145.38
Nerima,83.67,3,5,41.8,8.9,76.2,1,0,1,99.36
Katsushika,66.51,3,9,20.3,9.9,91.7,1,0,0,102.83
Edogawa,20.0,1,14,18.9,3.2,100.0,0,1,0,89.43
Toshima,114.74,5,16,14.9,26.3,41.2,0,0,0,86.61
Taito,106.7,4,12,6.3,7.2,85.1,1,1,0,186.05
Shibuya,116.07,5,7,25.7,1.0,90.1,1,1,1,275.73
Chuo,44.37,2,24,21.4,2.8,96.5,0,1,1,176.58
Sumida,94.76,5,10,1.9,7.5,90.6,0,0,0,192.76
Arakawa,68.24,3,26,3.0,2.3,100.0,0,1,0,200.28
Suginami,77.21,3,18,15.9,8.8,94.9,0,1,1,189.67
Chiyoda,99.06,4,29,20.9,16.2,67.2,1,0,1,155.08
Shinagawa,52.58,2,4,8.4,16.1,72.6,0,0,1,121.17
Bunkyo,83.2,3,3,9.6,7.6,88.5,1,0,0,156.01
Shinjuku,25.33,1,9,6.6,3.8,79.3,1,1,0,140.27
Katsushika,55.11,2,24,0.2,1.6,96.3,1,1,0,191.5
Shinjuku,88.94,2,12,5.8,2.0,100.0,1,1,0,171.07
Koto,28.8,1,4,1.2,10.3,75.1,1,0,0,94.11
Adachi,43.53,2,10,1.6,15.0,64.9,1,0,0,113.67
Nakano,87.83,3,3,9.7,2.3,93.6,0,0,0,149.15
Toshima,85.81,3,24,16.4,15.9,71.3,1,1,1,168.62
Shinjuku,104.37,5,1,7.2,6.1,83.5,0,1,0,234.17
Sumida,100.14,4,15,16.5,3.7,94.4,0,1,1,238.59
Shibuya,46.88,2,11,10.4,6.4,83.8,1,1,0,231.1
Arakawa,46.37,2,24,7.4,16.3,68.8,0,1,0,95.48
Ota,67.41,3,22,7.9,6.0,91.6,1,1,0,137.31
Chuo,75.47,2,2,21.2,13.8,83.1,0,1,1,166.66
Adachi,57.83,2,25,14.9,1.7,94.7,1,0,0,99.78
Kita,103.02,5,19,1.0,3.0,100.0,1,1,0,209.55
Kita,115.59,4,6,18.0,9.9,61.7,1,0,0,159.22
Itabashi,78.53,4,14,16.4,19.3,82.2,1,0,1,149.67
Ota,86.81,3,7,7.7,3.0,99.2,0,1,0,204.93
Arakawa,136.99,4,9,3.4,2.5,100.0,1,0,0,168.39
Arakawa,63.59,4,19,8.6,4.9,94.3,1,1,0,156.51
Nerima,58.72,1,28,38.3,1.0,93.4,1,0,1,103.74
Sumida,91.56,3,23,18.2,1.6,100.0,1,0,0,106.44
Minato,76.33,3,23,48.2,3.5,100.0,0,1,1,203.17
Shinjuku,20.0,1,2,23.8,1.0,97.6,1,1,0,86.81
Chuo,110.68,4,23,16.2,1.0,80.3,1,1,0,230.68
Chuo,22.51,1,29,17.1,5.5,85.5,1,1,0,126.14
Shibuya,74.23,3,19,6.3,12.4,75.9,1,0,0,260.06
Shibuya,53.96,2,14,9.7,5.7,77.0,1,0,0,151.63
Suginami,20.98,1,10,6.7,7.4,90.7,1,0,0,139.14
Chiyoda,35.67,2,20,4.1,1.4,96.2,0,1,0,203.45
Itabashi,127.43,5,9,11.5,1.0,99.2,1,0,1,210.85
Edogawa,68.52,3,4,14.8,7.8,87.9,1,0,0,100.01
Setagaya,30.59,2,4,11.7,1.6,100.0,1,1,0,136.0
Nakano,30.73,2,13,30.6,4.0,100.0,0,1,0,114.98
Kita,53.7,2,1,22.0,5.4,71.2,1,1,1,127.57
Koto,37.26,2,30,15.7,26.3,56.0,0,1,1,79.58
Taito,96.16,4,12,23.5,5.1,76.8,1,1,0,181.85
Sumida,20.0,1,29,13.2,1.0,82.7,0,1,1,115.72
Koto,113.03,3,22,8.7,1.7,100.0,0,0,0,139.81
Adachi,83.26,2,7,4.8,2.1,85.8,1,1,0,200.7
Shibuya,52.99,2,9,2.5,17.1,56.1,1,1,0,205.87
Chuo,20.47,1,12,15.7,3.7,85.4,0,1,0,146.41
Shinjuku,134.31,5,7,32.4,1.2,99.8,0,1,1,203.26
Shibuya,54.67,2,10,21.3,9.4,76.6,1,0,1,208.83
Shibuya,98.98,3,25,0.2,1.0,99.0,1,0,0,186.36
Meguro,92.59,5,15,4.0,6.7,87.4,0,1,1,288.66
Suginami,99.24,4,4,4.1,1.0,100.0,0,1,0,160.39
Setagaya,131.82,4,20,29.5,3.1,100.0,1,0,0,238.52
Sumida,122.6,3,8,41.4,3.5,81.5,0,1,1,155.49
Chiyoda,54.89,2,20,32.6,2.3,92.8,1,0,1,172.32
Setagaya,70.02,3,19,0.9,1.7,100.0,0,0,0,168.43
Setagaya,86.55,3,19,1.0,19.0,57.4,1,0,0,125.79
Sumida,150.48,4,22,35.9,7.2,90.5,1,0,0,204.48
Katsushika,93.32,4,17,12.4,4.1,96.7,1,1,1,149.95
Arakawa,20.0,2,29,10.1,6.5,88.9,1,1,0,83.96
Taito,58.12,2,10,4.7,9.6,78.9,1,0,0,125.25
Chiyoda,82.97,3,21,2.2,1.0,91.7,1,0,0,191.2
Katsushika,69.74,3,5,3.9,9.3,82.0,0,0,0,115.24
Adachi,138.84,4,11,17.2,3.2,84.1,0,1,1,238.3
Taito,22.56,2,19,19.1,1.7,96.6,0,1,0,100.68
Chuo,60.95,3,18,2.5,15.0,68.5,0,1,0,194.85
Nakano,85.63,3,17,50.0,6.0,89.0,1,1,0,102.46
Nakano,43.04,2,28,6.7,30.0,43.6,0,0,0,80.5
Arakawa,32.28,1,11,10.9,11.4,81.7,1,1,0,103.12
Katsushika,20.0,1,26,10.4,1.0,100.0,1,1,0,101.32
Arakawa,91.84,3,24,13.8,30.0,32.1,1,1,1,138.19
Meguro,90.7,3,26,36.4,15.4,59.1,1,0,1,124.43
Bunkyo,84.17,4,30,4.3,5.6,81.3,0,1,0,258.64
Taito,49.29,2,17,13.9,8.0,85.8,1,1,0,113.38
Kita,20.0,1,4,1.8,9.4,66.7,1,0,0,61.02
Chiyoda,20.0,1,12,0.1,20.6,50.0,0,0,0,108.22
Shinjuku,65.67,2,11,26.9,1.9,92.7,0,0,0,186.59
Shinagawa,51.21,2,2,17.3,1.6,99.7,1,0,0,126.53
Meguro,80.92,3,25,3.4,1.0,88.5,1,1,0,212.03
Suginami,66.78,3,3,8.8,16.6,57.9,1,1,0,132.38
Katsushika,62.09,2,20,50.0,1.0,100.0,1,0,0,69.66
Adachi,80.54,3,1,9.4,17.6,63.9,0,0,0,78.48
Suginami,107.63,3,3,15.3,4.0,100.0,1,0,0,210.68
Adachi,36.77,2,20,7.5,7.0,96.1,0,1,0,117.17
Nerima,92.46,5,25,8.3,14.9,69.5,0,1,0,162.23
Itabashi,54.63,1,4,21.9,1.3,96.3,1,0,1,128.99
Edogawa,68.22,3,18,35.0,2.3,98.3,1,1,1,133.42
Meguro,80.58,4,4,50.0,4.2,90.9,1,1,1,155.95
Chiyoda,108.72,3,11,1.5,8.0,95.1,0,0,0,245.55
Kita,20.0,1,4,8.0,1.6,83.7,1,1,0,122.27
Adachi,127.75,3,8,19.5,9.0,85.0,0,1,1,204.69
Koto,45.59,3,22,7.7,2.2,99.5,1,0,0,166.97
Itabashi,135.75,4,16,3.0,30.0,41.7,1,1,0,133.95
Shibuya,94.49,5,4,5.1,4.1,90.7,1,0,0,260.37
Ota,56.73,3,18,21.9,30.0,48.5,1,0,1,62.68
Bunkyo,95.26,4,24,12.0,1.0,94.3,1,1,1,265.39
Sumida,68.85,2,20,0.3,4.2,78.3,1,1,0,154.64
Arakawa,96.04,4,21,15.3,10.7,85.1,1,0,0,161.66
Koto,94.66,3,27,12.1,1.0,87.7,1,1,0,171.58
Shinjuku,22.07,1,2,19.1,10.3,83.4,0,0,1,126.1
Nakano,115.47,5,8,0.4,5.3,90.4,1,1,0,200.74
Bunkyo,38.11,1,24,6.6,6.0,81.6,1,0,0,136.1
Sumida,111.31,5,23,7.0,1.0,97.6,0,1,0,153.14
Shinjuku,20.0,2,18,50.0,25.5,70.7,1,1,1,47.15
Arakawa,97.71,3,29,1.9,1.0,91.5,1,0,0,168.63
Kita,112.38,5,15,21.4,6.0,86.2,1,1,1,200.84
Toshima,88.93,3,5,50.0,1.9,86.6,0,0,1,77.33
Setagaya,76.58,3,22,3.4,9.9,79.3,1,0,0,166.17
Shibuya,49.19,1,13,16.7,1.4,92.2,1,1,1,186.33
Itabashi,36.37,2,4,4.8,1.0,96.1,1,1,0,154.19
Nakano,40.05,2,2,12.1,6.3,82.7,1,1,0,118.34
Taito,68.96,3,11,8.6,14.6,73.5,0,0,0,140.85
Adachi,20.0,2,15,15.9,4.8,83.3,1,1,1,108.3
Bunkyo,34.7,1,18,18.0,9.4,76.7,1,1,0,129.88
Sumida,52.55,2,27,18.7,1.4,94.0,0,0,0,137.53
Shinjuku,52.59,2,8,4.4,17.6,62.8,1,1,0,169.09
Shibuya,37.36,1,1,20.8,2.0,100.0,0,0,1,178.22
Toshima,75.15,3,20,4.7,9.1,72.3,1,1,0,192.37
Chuo,107.65,4,19,14.7,1.2,79.4,1,0,0,239.16
Suginami,33.31,1,19,5.4,21.0,59.0,1,1,0,70.37
Taito,42.01,2,9,4.9,11.5,78.8,1,0,0,103.47
Taito,105.37,3,18,1.2,30.0,29.4,1,1,0,130.08
Shinjuku,146.23,4,26,6.4,1.0,100.0,1,1,0,283.33
Suginami,127.11,4,23,1.2,1.0,83.6,1,1,0,246.85
Setagaya,128.18,4,27,17.7,1.9,95.6,1,0,1,209.92
Shinjuku,98.62,5,29,9.5,20.7,68.6,0,1,0,168.95
Katsushika,20.0,1,21,4.7,1.4,96.2,1,0,0,84.74
Nakano,54.77,2,4,18.0,6.1,62.9,0,1,1,170.01
Sumida,73.09,2,2,1.9,3.2,83.1,0,0,0,96.87
Shinjuku,115.1,4,4,2.5,2.2,74.8,0,0,0,283.08
Shinjuku,97.6,5,23,17.5,2.7,100.0,0,1,0,255.46
Ota,78.37,3,14,2.2,7.6,89.6,1,1,0,150.71
Nerima,58.95,3,3,13.4,3.5,77.2,1,1,0,131.09
Meguro,54.34,3,23,2.8,1.0,84.9,0,0,0,194.51
Shinjuku,86.13,3,9,8.4,4.9,100.0,1,1,0,199.29
Koto,54.04,2,27,6.5,8.4,86.4,1,1,0,118.84
Itabashi,86.36,3,4,41.1,30.0,21.0,1,1,1,45.67
Nerima,23.34,1,17,17.4,9.8,78.0,0,1,0,83.46
Nakano,107.34,5,5,4.6,2.3,98.6,0,1,1,193.31
Koto,72.05,3,24,40.2,7.9,100.0,0,1,1,121.17
Bunkyo,123.33,4,24,34.3,7.8,90.0,1,0,1,263.18
Chuo,70.89,4,13,15.5,1.4,95.9,1,0,0,162.04
Itabashi,72.86,3,15,34.3,15.6,76.7,1,1,1,106.0
Nerima,89.84,3,25,1.5,11.3,72.3,0,1,0,169.53
Itabashi,35.53,1,15,4.3,2.4,94.2,1,1,0,118.72
Katsushika,42.51,2,2,13.2,1.3,84.7,1,1,0,131.95
Arakawa,72.08,2,6,32.6,3.9,100.0,0,0,1,95.94
Itabashi,36.71,1,24,15.3,19.5,52.5,1,0,0,64.84
Shinagawa,97.08,3,25,6.2,11.7,79.5,1,1,0,210.15
Setagaya,53.1,3,29,8.8,3.7,89.5,0,0,0,156.7
Shinagawa,83.16,2,19,4.3,2.0,95.0,0,1,1,242.09
Shinagawa,83.93,4,1,4.1,21.0,69.9,1,1,0,179.34
Shibuya,80.64,3,30,15.1,1.0,94.7,0,0,1,245.92
Adachi,20.0,1,25,2.0,23.7,43.8,1,1,0,61.61
Adachi,147.08,4,4,1.1,1.2,92.9,1,0,0,198.92
Itabashi,113.67,4,19,9.1,9.5,84.4,0,1,0,176.96
Chuo,59.25,2,27,34.2,6.5,94.1,1,0,0,129.07
Nakano,46.19,1,5,22.8,10.9,72.6,1,1,0,99.5
Nerima,67.48,2,28,4.1,16.9,75.0,0,1,0,101.94
Chiyoda,74.93,3,3,7.5,15.4,75.4,0,0,0,185.93
Adachi,48.79,2,26,9.4,7.4,88.2,1,1,0,116.81
Shibuya,52.08,1,25,8.4,18.5,58.8,1,1,0,151.88
Shibuya,78.52,2,22,30.8,2.6,88.0,0,1,0,226.77
Suginami,20.0,1,20,29.3,4.1,92.6,1,1,1,108.16
Arakawa,71.37,4,15,9.7,23.2,48.5,1,1,0,124.0
Minato,105.27,4,13,38.5,4.8,71.6,1,1,1,247.17
Suginami,92.05,3,25,12.8,4.1,94.8,0,0,0,157.46
Shinagawa,79.01,3,7,48.7,2.5,99.7,1,0,0,92.52
Minato,20.0,2,10,5.8,8.4,75.8,1,0,1,192.83
Nerima,88.3,3,27,32.3,3.5,96.4,0,0,1,157.94
Ota,23.03,1,14,27.3,13.3,64.2,0,1,1,70.33
Shinjuku,89.5,2,14,14.8,3.1,91.8,1,1,0,221.14
Bunkyo,25.78,2,6,3.6,6.8,84.9,1,0,0,171.78
Nakano,71.14,3,5,13.3,17.2,66.3,1,1,0,144.62
Shinagawa,20.0,1,20,4.4,1.0,93.6,1,1,0,152.23
Adachi,71.77,4,4,0.2,23.3,35.2,0,0,0,113.08
Bunkyo,37.66,1,6,3.1,12.2,69.5,1,0,0,139.71
Bunkyo,103.28,4,15,1.5,9.4,70.8,1,1,0,180.89
Setagaya,60.98,3,15,0.6,2.7,87.9,1,1,0,186.54
Shinjuku,91.65,4,23,1.0,16.6,53.9,1,0,0,141.66
Bunkyo,81.02,4,21,1.0,17.8,61.9,1,0,0,171.62
Taito,52.02,3,24,13.3,13.0,87.8,0,1,0,72.29
Chuo,92.52,3,20,35.8,2.3,77.9,1,1,1,197.88
Shinjuku,55.08,2,4,50.0,11.9,72.1,0,1,1,105.14
Taito,92.05,4,22,2.5,18.3,79.1,1,1,0,203.71
Shinagawa,51.5,2,23,25.5,4.9,85.2,0,0,1,141.59
Nerima,52.82,2,12,8.5,19.6,52.3,1,1,0,98.13
Minato,50.08,3,19,12.7,3.9,94.1,1,0,1,201.9
Meguro,130.51,4,15,11.5,30.0,53.4,1,1,1,241.54
Arakawa,64.45,3,4,1.7,24.8,69.0,1,1,0,89.13
Bunkyo,52.28,1,5,50.0,24.8,21.9,1,1,1,59.37
Suginami,20.0,1,26,2.1,1.0,98.5,1,0,0,120.03
Shinjuku,47.49,1,7,34.6,5.7,81.6,1,1,1,136.08
Bunkyo,60.9,2,3,14.2,3.3,100.0,1,1,1,183.3
Toshima,78.23,3,11,22.6,10.7,100.0,1,0,1,147.19
Meguro,75.46,3,2,14.1,16.8,76.0,1,0,0,174.19
Chuo,64.8,3,3,0.0,3.7,100.0,0,1,0,211.16
Shinagawa,46.09,2,22,11.9,2.1,93.7,0,1,0,166.2
Suginami,97.37,5,12,26.9,1.0,97.7,0,0,1,182.55
Meguro,72.66,2,6,3.6,2.7,100.0,0,1,0,235.76
Itabashi,20.0,1,25,7.7,4.5,84.6,1,0,0,85.14
Chuo,95.78,4,1,22.1,1.1,100.0,0,1,1,246.73
Shinagawa,22.59,1,15,14.8,3.4,83.9,0,1,0,112.62
Ota,61.37,3,19,2.6,10.3,96.0,0,0,0,120.45
Toshima,69.77,2,1,4.4,3.4,87.7,0,1,0,131.09
Ota,24.27,1,30,7.2,9.5,73.6,1,1,0,105.85
Kita,76.68,2,20,7.5,8.1,81.4,0,1,0,143.27
Ota,92.59,4,26,23.9,1.7,100.0,1,1,0,172.68
Katsushika,97.84,3,4,7.6,4.6,90.7,0,1,0,200.78
Toshima,47.79,2,17,29.2,5.3,91.8,1,1,1,122.19
Sumida,103.39,5,21,9.4,17.8,58.9,1,1,0,179.67
Suginami,69.47,3,21,16.0,13.4,91.5,1,0,1,150.21
Setagaya,62.43,3,8,29.7,18.5,61.1,0,0,0,50.45
Shibuya,59.85,3,28,6.8,1.9,92.3,1,0,0,246.44
Chuo,40.28,3,6,9.8,10.2,97.1,1,1,0,143.63
Shinagawa,23.48,1,30,27.5,9.5,64.1,1,0,1,96.48
Shinagawa,76.86,2,16,5.2,19.7,63.0,1,1,0,155.14
Setagaya,82.77,3,21,15.1,2.1,93.3,0,0,0,158.08
Chuo,58.16,2,26,8.2,6.6,75.5,0,1,0,191.62
Nerima,67.75,3,3,41.3,15.3,70.0,1,0,0,67.13
Nerima,120.1,5,24,46.5,10.6,82.9,1,1,1,159.17
Sumida,36.7,1,17,5.8,3.9,82.5,1,0,0,113.95
Bunkyo,117.75,4,20,19.8,8.1,78.4,1,1,0,168.09
Minato,95.65,4,3,8.5,7.3,91.1,1,1,1,312.9
Shinagawa,48.23,2,24,19.2,16.5,71.5,0,1,0,102.04
Kita,101.96,5,30,0.2,5.0,99.3,1,0,0,183.19
Suginami,73.47,3,21,5.8,6.0,78.0,0,1,0,160.65
Shinagawa,72.15,3,11,0.2,11.1,81.8,1,1,0,159.97
Shinagawa,75.7,4,16,5.8,14.0,72.4,1,0,0,118.01
Chuo,28.79,1,8,2.1,16.4,47.4,0,1,0,137.92
Itabashi,46.87,2,25,13.7,7.0,83.7,0,1,1,90.04
Minato,70.14,3,18,11.7,1.8,100.0,0,0,0,239.44
Ota,66.03,3,18,1.3,7.0,82.6,1,0,0,96.49
Chiyoda,79.61,3,10,7.8,2.6,94.3,1,1,0,182.0
Chuo,86.42,2,26,14.8,7.7,76.9,1,1,1,183.57
Kita,20.54,2,6,3.7,13.1,85.4,1,1,0,102.57
Adachi,45.6,3,30,6.1,5.4,83.5,0,0,0,98.42
Chuo,54.06,1,25,26.7,17.1,59.8,1,0,1,150.05
Nerima,79.79,3,28,15.4,1.9,91.3,1,1,0,118.41
Katsushika,46.0,1,18,0.5,1.0,100.0,0,1,0,139.24
Adachi,131.23,4,2,14.0,5.7,90.4,0,0,0,147.2
Sumida,86.75,3,8,6.6,8.7,80.6,1,1,0,123.66
Toshima,53.85,2,13,50.0,6.7,84.7,1,1,0,116.87
Nerima,117.56,3,29,9.6,6.3,96.7,1,1,0,175.4
Katsushika,50.9,2,23,20.9,7.8,81.9,0,0,0,104.38
Bunkyo,74.45,3,3,3.9,10.0,82.7,1,0,0,187.5
Sumida,30.31,1,25,10.9,1.0,87.5,1,0,0,124.2
Toshima,75.46,4,20,1.0,19.6,44.6,1,1,0,142.46
Setagaya,75.61,4,30,32.4,6.7,82.8,0,1,1,180.94
Minato,56.34,3,17,37.2,6.8,89.5,1,1,0,163.1
Sumida,101.3,4,1,27.2,20.2,59.1,1,0,0,136.66
Minato,122.8,3,5,15.6,19.8,63.9,1,1,1,211.58
Itabashi,95.09,3,30,0.5,8.6,67.9,0,0,0,118.4
Koto,84.41,2,26,6.6,2.8,84.6,1,0,0,182.56
Ota,41.58,3,14,8.6,2.8,100.0,1,1,0,142.61
Toshima,71.72,3,17,7.6,9.5,71.2,1,1,1,208.21
Itabashi,105.35,4,10,20.2,1.2,78.4,1,0,0,143.56
Edogawa,74.73,3,29,5.6,3.3,90.9,1,1,0,152.68
Nakano,97.48,4,12,50.0,27.4,32.9,0,1,1,80.73
Suginami,28.81,1,9,5.7,1.0,86.5,1,1,0,141.38
Chiyoda,74.06,3,8,9.1,1.0,100.0,1,1,1,223.52
Itabashi,75.33,3,28,1.4,4.1,100.0,1,1,0,147.22
Kita,78.59,2,28,3.4,17.7,67.4,1,1,0,129.19
Itabashi,85.95,2,19,50.0,1.0,77.7,0,1,1,118.78
Koto,124.52,4,3,6.3,3.0,73.4,1,0,0,241.68
Suginami,27.4,2,4,20.6,2.0,100.0,1,1,0,107.26
Edogawa,62.75,3,25,13.2,30.0,36.6,1,1,0,77.87
Edogawa,71.41,2,30,7.2,1.0,88.9,1,1,0,148.82
Nakano,77.66,3,6,30.0,7.9,85.0,0,1,1,116.22
Minato,77.13,3,1,4.0,1.0,100.0,1,1,0,256.37
Suginami,90.37,4,17,44.5,22.6,57.7,1,1,1,87.81
Ota,66.77,4,15,32.1,14.1,60.5,1,1,0,86.34
Itabashi,96.01,4,12,3.5,6.3,95.5,0,0,0,139.69
Meguro,103.04,3,3,13.3,3.7,85.8,0,1,1,274.14
Chiyoda,23.54,1,7,13.2,1.7,100.0,1,1,1,226.6
Chuo,91.64,3,27,36.5,2.5,89.3,0,1,1,192.54
Itabashi,75.27,3,30,3.8,3.4,91.7,0,1,1,174.73
Koto,103.45,5,29,15.2,4.5,74.4,1,1,1,143.24
Taito,79.48,3,30,18.2,11.3,87.9,1,0,0,161.82
Setagaya,75.16,2,17,15.7,5.0,88.8,1,1,0,166.33
Kita,94.95,4,24,29.6,1.0,100.0,1,1,1,175.18
Suginami,95.77,3,29,12.8,1.1,100.0,1,1,1,188.34
Chuo,74.57,3,9,42.6,12.1,55.6,1,1,1,148.04
Nakano,77.77,3,2,4.6,4.6,92.7,1,1,0,194.02
Minato,76.95,3,29,0.3,3.1,100.0,0,1,0,187.24
Suginami,23.36,2,11,8.5,17.9,62.6,1,1,1,94.13
Ota,63.21,3,9,16.7,5.3,97.5,0,1,1,140.92
Adachi,68.98,3,23,38.0,1.5,92.2,0,1,1,116.78
Setagaya,135.04,3,10,19.3,2.2,97.0,0,0,0,196.88
Sumida,43.83,2,7,40.4,12.7,82.4,1,0,1,53.74
Koto,24.3,1,23,20.3,10.6,87.6,0,1,1,90.38
Chiyoda,49.34,1,19,22.9,1.3,85.9,1,1,1,172.81
Bunkyo,75.71,3,19,8.4,6.4,87.9,1,0,0,148.96
Ota,85.27,4,12,12.1,6.5,71.3,1,0,0,143.41
Ota,43.98,3,18,0.3,24.6,56.1,0,0,0,104.45
Chuo,95.21,4,4,4.1,2.2,84.3,0,0,0,223.65
Toshima,20.0,1,4,14.6,1.7,95.3,1,1,0,110.68
Suginami,58.38,2,3,7.1,20.3,54.4,1,0,0,105.48
Nakano,88.53,3,26,10.7,6.3,100.0,1,1,1,190.36
Ota,79.82,3,21,2.0,6.0,73.3,1,0,0,171.0
Chuo,57.74,2,12,19.0,1.0,98.4,1,1,0,212.72
Edogawa,99.01,3,9,32.8,9.6,82.0,0,0,0,119.0
Nerima,49.51,2,26,6.8,6.5,90.2,1,1,0,132.91
Suginami,77.97,2,17,5.9,19.9,65.5,1,0,0,156.47
Nerima,20.0,2,14,11.7,2.1,94.2,1,1,0,63.42
Arakawa,85.96,4,7,23.2,1.0,96.4,1,1,1,130.75
Taito,42.47,1,9,20.5,13.2,79.1,1,1,0,87.22
Itabashi,69.25,2,24,3.5,12.0,94.0,1,0,0,127.78
Arakawa,46.92,3,25,9.1,1.9,100.0,1,1,0,170.03
Edogawa,52.25,3,29,13.4,1.0,100.0,1,0,0,121.96
Sumida,21.62,2,9,16.7,3.6,100.0,1,0,0,79.97
Bunkyo,69.14,3,6,1.4,1.1,100.0,1,1,1,199.68
Kita,76.14,3,23,10.1,8.0,80.0,1,1,0,91.56
Nerima,48.13,3,2,46.6,14.1,64.1,1,1,1,67.53
Suginami,68.07,3,26,22.3,1.3,96.6,1,1,1,148.74
Sumida,81.7,3,13,2.7,15.8,59.1,1,1,1,160.94
Minato,37.46,2,21,4.7,2.7,73.1,1,0,0,236.06
Meguro,105.37,5,5,46.7,11.3,78.8,1,1,1,214.0
Chiyoda,66.7,3,11,37.2,4.2,76.9,0,0,1,143.4
Sumida,24.59,2,4,2.2,2.7,93.8,1,0,0,118.93
Ota,59.03,1,3,16.5,29.0,60.2,0,0,0,53.27
Suginami,74.4,3,12,3.5,1.0,100.0,1,1,0,193.97
Kita,58.7,2,1,19.7,18.5,57.9,0,1,0,88.48
Suginami,57.12,2,11,4.5,11.0,83.8,1,1,0,151.78
Itabashi,75.14,3,13,13.8,1.0,91.0,1,1,0,193.19
Arakawa,115.77,4,29,20.6,6.8,66.0,1,1,1,185.61
Sumida,111.77,4,1,1.7,3.5,94.8,1,1,0,213.77
Koto,46.46,2,19,21.8,1.0,88.7,1,0,0,125.51
Katsushika,63.16,3,17,20.6,4.9,84.0,1,0,0,79.19
Koto,85.1,3,1,0.4,7.3,80.4,0,1,0,186.46
Adachi,23.76,1,17,11.0,7.9,85.2,1,0,0,66.25
Edogawa,105.18,4,24,12.5,7.9,82.7,1,1,0,162.15
Setagaya,59.48,3,27,21.1,1.0,76.8,1,1,0,203.32
Arakawa,33.35,2,18,6.8,8.9,90.2,1,1,0,95.21
Shibuya,107.45,3,30,10.8,1.0,88.5,1,0,0,240.97
Chiyoda,134.88,3,21,8.9,1.0,97.9,1,1,1,246.59
Minato,137.36,4,30,25.4,3.8,100.0,0,1,1,284.1
Setagaya,47.48,3,19,25.7,2.1,93.3,1,1,0,122.45
Meguro,94.76,4,4,10.1,6.1,100.0,0,0,0,185.64
Setagaya,67.05,3,28,2.5,1.3,96.0,1,0,0,239.73
Setagaya,76.85,3,6,12.7,1.0,88.0,0,1,0,164.49
Meguro,56.87,1,13,1.2,30.0,59.5,1,0,0,96.16
Itabashi,26.6,1,22,3.2,1.0,100.0,1,1,1,131.69
Shinagawa,35.47,1,3,3.0,2.6,89.7,1,1,0,164.3
Meguro,44.9,3,6,12.7,30.0,52.5,1,1,0,96.04
Toshima,97.52,5,6,19.0,3.7,84.4,1,1,1,126.43
Arakawa,20.0,2,23,24.8,5.9,80.3,1,1,1,67.6
Shinagawa,120.31,4,30,0.7,25.5,60.8,1,1,0,164.65
Shibuya,52.11,2,26,29.9,1.0,99.3,0,1,1,201.38
Chuo,20.0,2,9,12.5,9.7,90.1,1,1,0,152.57
Setagaya,66.98,3,2,0.2,1.9,100.0,0,1,0,150.63
Chiyoda,82.84,3,3,17.8,4.2,100.0,1,0,1,246.09
Kita,93.76,4,29,32.4,3.8,91.4,1,1,1,136.03
Adachi,80.87,3,12,5.1,5.1,91.9,0,1,0,136.91
Chiyoda,95.29,5,7,11.7,25.1,49.8,1,1,0,201.38
Shinagawa,79.34,2,29,19.4,4.7,100.0,1,1,0,192.43
Shibuya,137.12,4,30,18.7,9.7,85.9,1,0,0,266.09
Setagaya,38.15,2,24,2.9,1.0,100.0,1,1,0,183.83
Toshima,82.41,3,5,0.8,1.0,95.8,0,1,0,143.86
Setagaya,58.58,2,12,13.8,12.8,73.4,1,0,0,112.86
Nerima,113.13,3,27,8.0,3.7,99.1,1,0,0,200.27
Nakano,108.89,5,30,19.5,18.9,64.3,1,1,0,150.93
Bunkyo,60.39,2,24,14.5,7.2,83.4,0,1,1,226.29
Shinjuku,71.88,3,22,13.8,3.5,100.0,1,0,0,193.26
Nakano,60.91,3,23,41.0,8.5,90.7,1,0,0,83.67
Meguro,108.9,5,5,7.3,29.3,39.0,1,0,1,216.04
Shibuya,105.55,4,27,5.9,1.0,100.0,1,1,0,284.75
Shibuya,81.88,3,11,5.8,3.3,98.5,0,1,0,246.75
Kita,71.63,3,7,14.2,4.7,92.5,1,1,0,142.54
Chiyoda,119.56,4,9,7.7,12.9,71.4,0,1,0,176.87
Bunkyo,69.12,4,13,9.5,3.3,85.0,1,1,0,146.18
Setagaya,62.24,3,26,14.2,1.0,100.0,1,1,1,131.64
Chuo,20.0,1,19,36.6,1.8,100.0,1,1,1,149.45
Shinagawa,20.0,2,24,29.4,18.1,68.9,0,1,1,74.29
Edogawa,132.21,3,5,31.6,3.1,100.0,1,1,0,189.48
Nerima,48.35,2,8,2.8,14.4,86.2,0,0,0,98.3
Ota,63.83,3,18,5.4,1.0,96.6,1,0,0,142.48
Ota,21.69,1,25,50.0,7.7,99.5,1,1,1,56.15
Chuo,41.05,1,16,6.7,2.0,100.0,1,0,0,189.67
Edogawa,115.23,4,13,8.7,1.7,100.0,0,1,0,161.92
Kita,48.38,2,15,12.6,10.9,65.9,0,1,0,116.83
Kita,50.66,2,15,8.0,14.8,73.5,1,1,0,102.58
Taito,66.35,3,1,10.6,9.7,98.0,1,0,0,181.68
Arakawa,52.36,2,30,12.9,1.0,93.2,1,1,1,184.45
Chuo,80.67,2,29,12.9,16.6,66.4,1,0,0,187.08
Nerima,89.51,2,14,8.6,8.8,87.9,1,1,0,168.74
Nerima,69.51,3,21,21.2,2.6,100.0,0,1,0,149.52
Arakawa,77.45,3,18,42.8,1.9,98.3,0,1,1,118.63
Arakawa,83.97,2,9,2.7,2.4,81.1,1,1,0,196.74
Koto,62.18,3,5,35.7,2.7,87.7,0,0,1,126.79
Shinagawa,83.22,3,7,29.0,1.4,67.8,1,1,0,145.1
Itabashi,92.8,3,20,39.0,5.7,73.3,1,1,1,94.14
Koto,46.0,2,6,12.7,1.0,100.0,0,0,0,140.37
Toshima,89.64,3,13,12.1,6.3,83.6,0,0,0,155.82
Chuo,35.64,1,20,9.4,1.0,92.1,0,1,0,170.04
Toshima,84.69,3,27,27.7,4.0,90.9,1,0,1,149.2
Chuo,63.48,2,18,3.2,30.0,37.9,0,1,1,163.48
Setagaya,106.82,3,3,4.9,8.2,86.4,1,0,0,215.7
Koto,81.42,2,10,45.8,18.6,55.7,0,1,1,78.38
Shibuya,64.31,3,30,6.3,8.6,80.4,1,1,0,231.5
Nerima,74.16,3,5,38.3,7.0,79.5,0,0,1,118.19
Arakawa,38.73,1,21,2.5,3.7,98.2,1,1,0,88.72
Adachi,108.22,4,22,10.6,7.7,100.0,1,1,1,190.95
Bunkyo,67.15,4,1,9.1,3.7,100.0,0,1,0,204.59
Katsushika,69.19,3,24,22.1,1.0,100.0,1,0,0,155.62
Adachi,103.68,3,16,0.7,1.0,100.0,1,1,0,181.3
Suginami,31.76,2,15,4.7,4.2,82.5,0,0,0,121.0
Chuo,67.63,4,20,26.8,1.7,89.9,0,0,0,178.82
Setagaya,101.34,4,18,5.8,1.0,100.0,1,0,0,285.17
Bunkyo,64.99,3,27,23.6,6.1,91.1,0,1,1,167.51
Toshima,48.15,2,21,32.2,1.6,94.6,0,0,1,134.53
Kita,36.37,2,14,1.1,2.3,100.0,1,0,0,111.78
Shinagawa,94.08,4,2,21.0,1.0,100.0,1,1,0,209.91
Koto,106.02,4,10,21.3,12.8,81.2,1,0,0,116.52
Shinjuku,80.36,2,11,10.3,1.0,87.0,0,1,1,214.65
Toshima,78.67,3,16,4.6,8.2,51.5,0,0,0,146.59
Katsushika,69.28,3,9,4.6,2.4,92.5,0,1,0,119.34
Chiyoda,20.0,2,3,22.7,5.4,87.5,1,0,1,141.57
Sumida,55.73,1,5,11.3,8.6,57.8,1,1,0,110.25
Nakano,95.26,4,16,7.7,10.6,100.0,1,0,1,181.95
Nakano,21.98,2,1,4.3,7.5,98.9,1,0,0,106.58
Edogawa,88.49,4,15,12.4,6.0,87.3,1,1,0,145.97
Minato,82.5,3,22,12.1,1.8,100.0,0,0,1,269.19
Chiyoda,67.92,3,12,2.2,1.3,100.0,1,0,0,178.74
Chuo,55.57,3,12,5.4,1.4,84.0,1,0,0,213.57
Meguro,55.15,1,15,3.3,1.2,89.3,1,1,0,158.43
Suginami,82.14,2,27,4.0,1.0,100.0,1,1,0,150.96
Katsushika,67.64,3,10,8.5,5.0,84.6,0,0,0,119.9
Itabashi,41.02,2,3,11.1,15.1,73.6,1,1,0,106.2
Sumida,145.42,3,16,18.5,3.3,100.0,1,0,1,230.27
Sumida,80.47,3,29,9.0,5.9,91.5,0,1,0,137.19
Chiyoda,108.97,4,24,15.0,2.0,97.4,1,0,0,307.46
Kita,64.42,2,26,5.4,7.9,95.3,1,1,0,170.71
Taito,41.3,2,15,12.9,13.2,73.7,1,1,0,96.09
Bunkyo,96.79,3,1,19.5,1.0,95.2,1,1,0,142.41
Ota,114.31,3,7,24.9,3.6,85.9,1,1,1,138.66
Itabashi,65.27,3,16,3.3,7.8,65.3,0,1,0,150.95
Taito,34.35,1,16,4.1,10.6,87.8,1,0,0,115.05
Nakano,82.28,3,29,35.3,1.8,87.7,1,1,1,167.71
Shinjuku,78.24,3,1,4.5,21.8,49.2,1,1,0,145.29
Shinjuku,64.56,3,27,32.6,15.9,65.2,1,1,0,135.54
Minato,60.54,3,19,10.2,6.1,78.8,1,1,0,175.21
Itabashi,110.78,4,16,17.8,4.9,97.7,1,1,1,208.98
Bunkyo,30.66,1,4,3.8,7.8,67.3,1,0,0,134.21
Setagaya,60.34,3,2,38.2,1.0,100.0,0,1,1,100.67
Katsushika,20.0,2,27,8.8,4.9,86.0,0,1,1,122.36
Chuo,58.69,3,22,11.7,10.6,74.6,1,1,0,237.75
Suginami,44.27,2,26,12.6,1.0,77.5,0,0,0,134.11
Katsushika,51.5,2,13,36.7,16.9,81.0,1,1,0,67.17
Bunkyo,66.51,3,16,1.1,2.7,91.1,1,0,0,198.1
Chiyoda,75.24,2,17,9.2,3.5,88.8,1,0,0,134.53
Chuo,77.36,2,18,1.1,12.0,66.0,1,1,0,209.71
Koto,78.66,3,9,1.6,30.0,41.5,1,1,0,124.3
Toshima,82.59,3,15,7.7,18.3,49.8,1,1,0,136.2
Ota,71.59,4,19,2.0,3.0,71.2,1,1,0,185.23
Shinjuku,64.05,2,12,1.1,7.5,84.8,0,1,0,221.3
Meguro,113.77,4,9,14.3,3.2,91.6,1,1,0,213.98
Shibuya,43.17,2,25,0.9,18.3,59.8,0,1,0,136.4
Ota,133.0,3,29,10.9,8.0,93.3,1,1,1,238.37
Toshima,139.79,4,20,2.7,4.6,97.3,0,0,0,193.69
Chiyoda,73.22,2,29,9.4,10.7,90.6,1,0,1,152.85
Ota,54.15,2,14,19.7,3.5,100.0,0,0,1,107.78
Toshima,76.5,3,11,9.9,11.9,79.5,0,1,0,145.3
Ota,73.5,4,7,14.8,6.9,81.4,1,1,0,132.32
Shibuya,59.71,2,21,3.7,8.9,77.3,0,1,0,158.69
Minato,83.44,4,16,8.5,2.4,97.2,1,0,0,259.74
Katsushika,40.03,2,8,7.4,5.1,89.7,0,1,0,114.53
Taito,107.73,3,16,2.7,6.0,91.7,1,1,0,195.26
Meguro,58.61,2,30,5.6,8.1,93.1,1,0,1,194.09
Nerima,107.51,4,30,39.1,2.2,100.0,1,1,1,149.61
Nerima,74.89,3,4,2.2,15.3,74.4,1,0,0,112.46
Chuo,75.12,2,1,29.0,6.1,69.7,0,0,0,113.6
Shibuya,79.69,2,25,2.4,2.4,85.0,1,1,0,321.64
Bunkyo,74.55,4,27,8.8,16.0,40.0,1,0,0,149.14
Koto,43.26,1,3,3.5,1.0,100.0,1,1,0,137.26
Itabashi,20.0,1,6,9.7,5.2,90.3,0,0,0,74.87
Shinagawa,78.21,4,9,30.1,8.4,99.9,1,1,1,181.25
Nerima,67.33,4,7,23.4,21.7,60.4,1,0,0,89.02
Katsushika,20.0,2,11,9.0,5.0,75.0,1,1,1,96.39
Setagaya,121.95,3,14,3.8,1.0,100.0,0,0,0,254.56
Edogawa,59.72,2,7,4.7,11.3,80.8,1,0,0,85.92
Chuo,117.25,5,27,4.0,16.6,57.3,1,0,0,261.83
Kita,63.96,2,15,12.4,5.2,79.6,1,0,0,130.25
Chuo,79.65,4,15,8.3,9.7,78.2,1,1,0,225.16
Itabashi,35.54,1,5,1.5,1.2,88.3,1,1,0,126.39
Bunkyo,79.55,3,25,12.0,1.9,100.0,0,1,0,202.46
Shinjuku,67.96,3,21,12.6,1.0,95.2,0,1,0,189.63
Nakano,57.19,2,3,3.2,3.1,98.8,1,0,0,132.43
Arakawa,99.39,4,7,22.2,10.8,90.0,1,1,0,161.55
Chiyoda,52.44,1,16,12.2,8.9,85.1,0,1,0,199.47
Nerima,64.02,4,20,24.1,21.3,61.9,1,1,1,103.94
Meguro,66.98,2,30,0.4,26.8,40.7,1,1,0,119.87
Arakawa,85.19,3,5,12.7,1.9,97.0,1,1,0,146.35
Chiyoda,66.13,2,3,23.4,5.3,87.3,1,0,1,174.31
Meguro,95.46,4,8,1.4,27.1,40.2,1,1,0,170.68
Ota,77.78,3,25,3.6,13.1,88.1,1,1,0,162.45
Katsushika,92.87,4,4,12.0,3.4,91.5,0,0,0,115.42
Kita,45.2,2,11,5.4,2.7,100.0,0,1,0,157.28
Taito,131.02,5,27,3.3,7.6,94.0,0,0,0,193.76
Bunkyo,85.01,2,26,8.1,2.7,92.8,1,0,0,156.31
Ota,83.99,2,13,50.0,2.6,100.0,1,1,1,83.18
Koto,90.99,4,12,10.5,8.5,90.6,1,0,0,181.98
Bunkyo,128.58,3,1,7.2,7.9,86.3,1,1,0,232.0
Chiyoda,93.85,3,23,10.1,18.9,59.6,1,1,0,207.61
Itabashi,53.89,2,13,12.8,5.7,72.1,1,0,0,115.9
Katsushika,103.21,4,30,3.3,1.5,100.0,1,0,0,192.21
Shinagawa,85.34,3,29,21.9,3.6,100.0,1,1,1,134.18
Bunkyo,47.72,2,21,10.0,8.1,73.8,1,1,0,166.35
