ward,ward_jp,floor_area_sqm,num_rooms,building_age_years,floor_number,total_floors,distance_to_station_min,building_type,direction,has_parking,has_balcony,has_security,is_corner_unit,transaction_year,transaction_month,price_man_yen,price_per_sqm,area_per_room,relative_floor,station_category,age_category,amenity_score
suginami,杉並区,23.2,1,2.9,14,15,14.3,빌라,남서,0,1,0,1,2022,7,2730,117.67241379310344,23.2,0.9333333333333333,버스권,신축,2
minato,港区,70.5,3,14.3,9,18,14.3,맨션,남서,0,1,1,1,2024,11,18180,257.8723404255319,23.5,0.5,버스권,준신축,4
minato,港区,43.2,1,13.2,8,15,4.9,맨션,남서,1,1,1,0,2023,4,11110,257.1759259259259,43.2,0.5333333333333333,도보권,준신축,5
shibuya,渋谷区,73.8,4,20.1,6,12,5.7,빌라,남서,0,0,1,1,2022,10,11660,157.99457994579947,18.45,0.5,도보권,중고,3
shibuya,渋谷区,73.6,2,46.4,9,14,14.3,맨션,남,0,1,0,0,2023,10,8100,110.05434782608697,36.8,0.6428571428571429,버스권,노후,1
itabashi,板橋区,41.7,2,5.9,8,9,1.8,아파트,북서,0,1,0,0,2023,3,3260,78.17745803357313,20.85,0.8888888888888888,역세권,준신축,1
chiyoda,千代田区,50.7,3,35.0,8,17,16.3,아파트,동,0,1,0,0,2025,3,5400,106.50887573964496,16.900000000000002,0.47058823529411764,원거리,노후,1
nerima,練馬区,49.6,2,7.7,10,10,5.9,빌라,북서,0,1,1,0,2023,10,3450,69.55645161290322,24.8,1.0,도보권,준신축,3
meguro,目黒区,53.6,2,7.1,9,12,3.8,아파트,남동,1,1,0,0,2021,3,8710,162.5,26.8,0.75,도보권,준신축,3
suginami,杉並区,52.7,2,9.7,4,9,1.0,아파트,남,0,1,0,0,2022,9,5990,113.66223908918406,26.35,0.4444444444444444,역세권,준신축,1
shinjuku,新宿区,90.0,4,2.6,10,16,1.7,아파트,남,0,1,1,0,2022,4,16650,185.0,22.5,0.625,역세권,신축,3
setagaya,世田谷区,65.5,3,3.4,13,18,2.9,맨션,서,1,1,0,0,2021,6,10150,154.9618320610687,21.833333333333332,0.7222222222222222,역세권,신축,3
setagaya,世田谷区,39.9,2,0.5,12,16,5.6,맨션,남,0,1,0,0,2020,12,6130,153.6340852130326,19.95,0.75,도보권,신축,1
chuo,中央区,77.1,4,0.0,12,19,1.7,맨션,남동,0,1,1,0,2022,9,20820,270.0389105058366,19.275,0.631578947368421,역세권,,3
taito,台東区,72.2,3,4.3,7,18,23.4,아파트,서,0,0,1,1,2022,5,7270,100.69252077562327,24.066666666666666,0.3888888888888889,원거리,신축,3
minato,港区,64.8,3,0.7,11,15,9.9,아파트,북동,0,1,0,0,2023,10,15780,243.51851851851853,21.599999999999998,0.7333333333333333,버스권,신축,1
minato,港区,69.9,3,4.3,13,19,7.3,맨션,남,0,1,0,0,2020,12,14540,208.01144492131615,23.3,0.6842105263157895,버스권,신축,1
arakawa,荒川区,38.4,1,23.6,3,11,1.0,아파트,남동,0,1,0,0,2022,1,1900,49.47916666666667,38.4,0.2727272727272727,역세권,중고,1
minato,港区,67.0,2,12.1,12,18,21.1,맨션,남,0,1,1,0,2021,4,12320,183.88059701492537,33.5,0.6666666666666666,원거리,준신축,3
arakawa,荒川区,67.1,3,16.8,1,13,8.7,아파트,남서,0,0,1,0,2024,4,4560,67.95827123695977,22.366666666666664,0.07692307692307693,버스권,중고,2
chuo,中央区,125.3,6,12.0,12,14,9.1,맨션,북서,0,0,1,0,2023,2,23050,183.9584996009577,20.883333333333333,0.8571428571428571,버스권,준신축,2
taito,台東区,32.1,1,25.8,13,13,4.6,아파트,동,1,0,0,0,2025,7,2710,84.42367601246106,32.1,1.0,도보권,중고,2
suginami,杉並区,41.9,1,22.4,6,8,15.5,타워맨션,남,0,1,1,0,2024,12,4670,111.45584725536993,41.9,0.75,원거리,중고,3
ota,大田区,47.7,1,22.8,9,14,6.9,아파트,남,0,1,1,0,2022,11,3130,65.61844863731656,47.7,0.6428571428571429,도보권,중고,3
chiyoda,千代田区,86.0,5,17.5,12,12,1.9,아파트,남서,0,1,0,1,2021,10,17770,206.62790697674419,17.2,1.0,역세권,중고,2
shibuya,渋谷区,61.6,3,11.9,5,18,17.3,빌라,동,1,1,0,0,2021,8,7600,123.37662337662337,20.533333333333335,0.2777777777777778,원거리,준신축,3
arakawa,荒川区,77.2,3,19.8,3,11,1.0,아파트,남,0,1,1,0,2025,2,5010,64.89637305699482,25.733333333333334,0.2727272727272727,역세권,중고,3
chuo,中央区,48.5,2,10.9,10,19,1.8,아파트,북동,0,0,1,0,2021,1,10420,214.84536082474227,24.25,0.5263157894736842,역세권,준신축,2
suginami,杉並区,33.9,1,0.5,6,18,3.2,타워맨션,서,0,0,0,0,2023,8,4550,134.21828908554573,33.9,0.3333333333333333,도보권,신축,0
sumida,墨田区,73.5,3,6.4,3,13,1.0,빌라,북서,1,1,1,1,2024,1,6480,88.16326530612245,24.5,0.23076923076923078,역세권,준신축,6
chuo,中央区,91.7,4,17.4,8,10,6.7,맨션,남,1,0,0,0,2022,3,18330,199.89094874591058,22.925,0.8,도보권,중고,2
katsushika,葛飾区,43.3,2,6.6,3,5,18.4,타워맨션,동,1,1,1,0,2023,7,2380,54.96535796766744,21.65,0.6,원거리,준신축,5
minato,港区,63.2,3,11.0,9,10,5.3,타워맨션,북동,1,0,1,0,2021,3,17970,284.3354430379747,21.066666666666666,0.9,도보권,준신축,4
shinagawa,品川区,32.1,1,2.2,9,16,6.1,타워맨션,북동,0,1,0,0,2023,2,7010,218.38006230529595,32.1,0.5625,도보권,신축,1
suginami,杉並区,107.7,5,27.8,11,17,9.6,맨션,서,0,0,1,0,2022,12,8270,76.78737233054781,21.54,0.6470588235294118,버스권,중고,2
nakano,中野区,20.0,1,30.9,5,10,1.0,맨션,남동,1,1,1,0,2024,10,1780,89.0,20.0,0.5,역세권,노후,5
toshima,豊島区,103.2,4,10.6,7,9,15.3,타워맨션,서,0,0,0,0,2022,10,10680,103.48837209302326,25.8,0.7777777777777778,원거리,준신축,0
shinjuku,新宿区,26.8,1,35.3,2,14,1.0,맨션,남,0,1,0,0,2023,6,3240,120.8955223880597,26.8,0.14285714285714285,역세권,노후,1
suginami,杉並区,61.2,3,0.4,11,15,2.2,아파트,동,0,1,1,0,2023,12,8570,140.03267973856208,20.400000000000002,0.7333333333333333,역세권,신축,3
suginami,杉並区,63.9,2,2.9,14,15,5.9,아파트,남,0,0,1,0,2021,10,8180,128.01251956181534,31.95,0.9333333333333333,도보권,신축,2
sumida,墨田区,84.1,4,3.0,1,17,3.5,아파트,남동,0,1,1,0,2021,10,8310,98.81093935790726,21.025,0.058823529411764705,도보권,신축,3
setagaya,世田谷区,49.7,2,14.7,3,16,2.0,타워맨션,남서,1,1,0,0,2023,11,8640,173.8430583501006,24.85,0.1875,역세권,준신축,3
shinjuku,新宿区,97.5,4,26.8,5,5,5.5,아파트,남서,0,1,0,0,2021,5,10490,107.58974358974359,24.375,1.0,도보권,중고,1
taito,台東区,79.9,4,60.0,4,7,1.0,맨션,서,0,0,1,0,2021,9,5290,66.20775969962453,19.975,0.5714285714285714,역세권,노후,2
nakano,中野区,78.4,4,13.4,5,15,1.6,타워맨션,남서,0,1,0,0,2023,7,9800,124.99999999999999,19.6,0.3333333333333333,역세권,준신축,1
minato,港区,20.0,1,1.6,1,13,4.0,아파트,동,1,1,1,0,2021,11,5760,288.0,20.0,0.07692307692307693,도보권,신축,5
toshima,豊島区,49.0,2,27.5,7,7,1.8,맨션,남,1,1,1,1,2023,8,5710,116.53061224489795,24.5,1.0,역세권,중고,6
suginami,杉並区,40.2,1,25.7,8,18,1.5,아파트,서,0,1,1,0,2024,12,3020,75.12437810945273,40.2,0.4444444444444444,역세권,중고,3
suginami,杉並区,119.8,6,41.6,6,18,4.9,빌라,북동,1,0,0,0,2025,5,6150,51.335559265442406,19.966666666666665,0.3333333333333333,도보권,노후,2
chiyoda,千代田区,52.3,1,22.7,13,17,11.2,아파트,남,0,1,1,0,2021,6,9080,173.61376673040155,52.3,0.7647058823529411,버스권,중고,3
bunkyo,文京区,85.8,4,8.1,4,5,7.5,아파트,남,0,1,0,0,2023,2,11210,130.65268065268066,21.45,0.8,버스권,준신축,1
itabashi,板橋区,72.5,4,9.8,12,13,8.1,맨션,남,1,1,0,0,2024,6,6480,89.37931034482759,18.125,0.9230769230769231,버스권,준신축,3
ota,大田区,83.1,4,5.8,5,10,10.6,맨션,남서,1,1,1,0,2021,6,7390,88.92900120336944,20.775,0.5,버스권,준신축,5
arakawa,荒川区,61.6,2,22.9,11,14,2.5,맨션,남,0,0,0,0,2024,4,4960,80.51948051948052,30.8,0.7857142857142857,역세권,중고,0
setagaya,世田谷区,51.3,2,1.2,12,14,6.8,아파트,서,0,1,1,0,2024,8,7850,153.0214424951267,25.65,0.8571428571428571,도보권,신축,3
taito,台東区,82.7,4,5.7,10,16,3.5,타워맨션,남서,1,1,1,0,2024,3,16200,195.8887545344619,20.675,0.625,도보권,준신축,5
edogawa,江戸川区,66.7,3,2.4,14,19,4.0,맨션,동,1,1,0,0,2024,9,4640,69.56521739130434,22.233333333333334,0.7368421052631579,도보권,신축,3
setagaya,世田谷区,91.4,5,60.0,3,16,1.9,타워맨션,남서,0,1,1,0,2021,5,8950,97.92122538293216,18.28,0.1875,역세권,노후,3
suginami,杉並区,103.7,5,15.6,12,14,6.8,아파트,동,1,1,1,0,2021,4,11440,110.3182256509161,20.740000000000002,0.8571428571428571,도보권,중고,5
itabashi,板橋区,20.0,1,38.5,3,17,4.9,타워맨션,북서,1,1,1,0,2021,1,980,49.0,20.0,0.17647058823529413,도보권,노후,5
taito,台東区,74.3,3,5.0,13,16,1.9,아파트,동,0,0,1,0,2021,11,6930,93.27052489905788,24.766666666666666,0.8125,역세권,신축,2
koto,江東区,45.1,2,5.6,13,14,8.3,아파트,동,1,1,1,1,2024,7,5910,131.0421286031042,22.55,0.9285714285714286,버스권,준신축,6
minato,港区,75.2,4,0.4,13,17,1.5,아파트,남,1,0,1,0,2022,6,31320,416.48936170212767,18.8,0.7647058823529411,역세권,신축,4
minato,港区,30.6,1,0.3,12,18,10.0,아파트,남서,0,1,1,0,2022,2,7380,241.17647058823528,30.6,0.6666666666666666,버스권,신축,3
chiyoda,千代田区,43.0,2,2.7,1,16,2.2,아파트,남,1,0,1,0,2022,6,10410,242.09302325581396,21.5,0.0625,역세권,신축,4
meguro,目黒区,75.2,3,11.2,13,19,1.6,맨션,남,0,1,1,0,2024,2,16220,215.6914893617021,25.066666666666666,0.6842105263157895,역세권,준신축,3
meguro,目黒区,106.5,5,7.9,2,9,10.4,아파트,북서,1,1,0,0,2023,7,14810,139.06103286384976,21.3,0.2222222222222222,버스권,준신축,3
toshima,豊島区,56.6,2,31.8,5,7,27.6,맨션,남서,0,1,1,0,2024,3,4000,70.6713780918728,28.3,0.7142857142857143,원거리,노후,3
suginami,杉並区,48.7,1,22.5,9,13,1.0,아파트,남,0,0,1,0,2024,5,4800,98.56262833675564,48.7,0.6923076923076923,역세권,중고,2
chuo,中央区,61.3,2,1.1,3,14,1.2,맨션,남,0,1,1,1,2021,3,17930,292.4959216965742,30.65,0.21428571428571427,역세권,신축,4
adachi,足立区,62.8,3,2.7,5,16,6.7,아파트,북동,0,0,0,0,2021,4,3170,50.47770700636943,20.933333333333334,0.3125,도보권,신축,0
taito,台東区,65.7,2,5.2,5,14,1.2,아파트,남동,0,1,1,0,2024,7,8740,133.0289193302892,32.85,0.35714285714285715,역세권,준신축,3
toshima,豊島区,34.8,1,6.8,6,10,7.4,아파트,남,0,1,1,0,2025,6,4050,116.3793103448276,34.8,0.6,버스권,준신축,3
koto,江東区,67.5,3,60.0,6,19,4.9,아파트,북서,0,1,0,0,2022,1,3170,46.96296296296296,22.5,0.3157894736842105,도보권,노후,1
arakawa,荒川区,46.5,3,33.3,8,12,6.6,맨션,남동,1,0,0,0,2021,4,2290,49.24731182795699,15.5,0.6666666666666666,도보권,노후,2
kita,北区,74.6,3,39.0,11,15,2.8,아파트,북서,0,1,1,0,2021,3,4090,54.825737265415555,24.866666666666664,0.7333333333333333,역세권,노후,3
shinjuku,新宿区,87.4,4,12.7,2,16,3.1,아파트,동,0,0,1,0,2024,10,11600,132.72311212814645,21.85,0.125,도보권,준신축,2
shibuya,渋谷区,57.8,3,34.7,11,12,9.6,타워맨션,동,1,1,0,0,2023,2,9190,158.99653979238755,19.266666666666666,0.9166666666666666,버스권,노후,3
shibuya,渋谷区,38.5,1,4.8,10,12,11.0,아파트,북서,1,0,1,0,2023,8,6630,172.2077922077922,38.5,0.8333333333333334,버스권,신축,4
nakano,中野区,46.1,3,13.5,14,15,18.0,아파트,남,0,0,0,0,2024,10,3820,82.86334056399131,15.366666666666667,0.9333333333333333,원거리,준신축,0
chiyoda,千代田区,89.5,5,14.8,9,9,6.7,맨션,동,1,1,1,0,2025,7,21020,234.86033519553072,17.9,1.0,도보권,준신축,5
shinjuku,新宿区,52.5,2,9.9,5,5,1.0,타워맨션,남서,0,1,1,0,2024,2,10850,206.66666666666666,26.25,1.0,역세권,준신축,3
setagaya,世田谷区,58.8,2,17.1,6,11,1.0,아파트,동,0,1,0,0,2021,12,5570,94.72789115646259,29.4,0.5454545454545454,역세권,중고,1
meguro,目黒区,59.8,2,21.7,13,18,3.4,맨션,북동,1,0,0,0,2022,8,8410,140.63545150501673,29.9,0.7222222222222222,도보권,중고,2
chiyoda,千代田区,32.8,1,44.6,8,9,1.0,아파트,북동,0,1,0,0,2022,8,4230,128.96341463414635,32.8,0.8888888888888888,역세권,노후,1
chiyoda,千代田区,79.3,4,17.2,4,5,11.4,맨션,북서,0,1,1,0,2024,3,14870,187.515762925599,19.825,0.8,버스권,중고,3
bunkyo,文京区,62.1,3,60.0,4,13,11.6,맨션,동,0,1,0,0,2024,12,4680,75.3623188405797,20.7,0.3076923076923077,버스권,노후,1
koto,江東区,20.0,1,18.1,2,14,8.6,아파트,북동,0,0,1,0,2021,7,1590,79.5,20.0,0.14285714285714285,버스권,중고,2
shinagawa,品川区,72.8,3,1.1,7,13,1.9,맨션,남동,1,0,1,1,2021,7,15540,213.46153846153848,24.266666666666666,0.5384615384615384,역세권,신축,5
arakawa,荒川区,95.9,4,36.3,9,18,1.0,아파트,남,0,1,1,0,2021,9,4270,44.52554744525547,23.975,0.5,역세권,노후,3
shinagawa,品川区,79.6,4,15.1,14,19,3.3,맨션,북서,0,1,1,0,2023,9,12530,157.41206030150755,19.9,0.7368421052631579,도보권,중고,3
chiyoda,千代田区,63.3,3,2.3,5,7,1.0,아파트,남서,0,1,1,0,2022,11,15240,240.75829383886256,21.099999999999998,0.7142857142857143,역세권,신축,3
sumida,墨田区,76.9,4,9.9,10,13,2.6,아파트,남서,0,0,0,0,2024,11,7650,99.47984395318595,19.225,0.7692307692307693,역세권,준신축,0
sumida,墨田区,89.1,4,60.0,6,19,18.8,맨션,남서,1,1,0,0,2023,11,4320,48.484848484848484,22.275,0.3157894736842105,원거리,노후,3
meguro,目黒区,71.9,3,4.7,13,13,7.0,맨션,남,0,1,0,1,2024,3,15300,212.79554937413073,23.96666666666667,1.0,도보권,신축,2
katsushika,葛飾区,65.8,2,20.3,8,19,1.3,아파트,남서,0,1,1,0,2023,4,3220,48.93617021276596,32.9,0.42105263157894735,역세권,중고,3
chiyoda,千代田区,74.8,3,7.9,10,14,1.0,아파트,북동,0,1,1,0,2022,2,17500,233.9572192513369,24.933333333333334,0.7142857142857143,역세권,준신축,3
meguro,目黒区,93.7,4,6.2,4,10,10.3,아파트,남동,0,1,0,0,2021,1,12750,136.07257203842047,23.425,0.4,버스권,준신축,1
shinagawa,品川区,34.8,1,5.5,11,15,9.3,맨션,동,0,1,0,0,2024,11,5300,152.29885057471265,34.8,0.7333333333333333,버스권,준신축,1
nerima,練馬区,106.9,5,14.1,3,10,5.5,아파트,동,1,1,1,0,2021,11,8250,77.17492984097287,21.380000000000003,0.3,도보권,준신축,5
bunkyo,文京区,73.2,3,9.9,4,7,7.1,맨션,서,0,1,1,0,2024,1,8770,119.80874316939891,24.400000000000002,0.5714285714285714,버스권,준신축,3
koto,江東区,20.0,1,1.6,7,18,8.1,맨션,동,0,1,0,0,2025,4,2880,144.0,20.0,0.3888888888888889,버스권,신축,1
nerima,練馬区,32.8,1,50.1,4,19,3.6,아파트,남,1,1,0,1,2022,10,1520,46.34146341463415,32.8,0.21052631578947367,도보권,노후,4
setagaya,世田谷区,76.3,3,2.5,3,4,1.1,빌라,남,1,0,0,0,2024,12,11430,149.80340760157276,25.433333333333334,0.75,역세권,신축,2
meguro,目黒区,58.0,2,1.3,2,3,1.0,타워맨션,북,0,0,0,0,2025,6,12740,219.6551724137931,29.0,0.6666666666666666,역세권,신축,0
arakawa,荒川区,68.2,3,54.5,7,19,1.0,맨션,남동,0,1,0,0,2022,5,2990,43.841642228739,22.733333333333334,0.3684210526315789,역세권,노후,1
toshima,豊島区,62.8,2,9.1,10,18,1.6,맨션,동,1,1,1,0,2022,4,9890,157.48407643312103,31.4,0.5555555555555556,역세권,준신축,5
minato,港区,64.1,2,3.1,1,11,2.2,맨션,북서,1,1,1,0,2022,7,22280,347.5819032761311,32.05,0.09090909090909091,역세권,신축,5
koto,江東区,95.8,5,4.6,4,17,2.5,아파트,북동,0,1,1,0,2021,5,9090,94.88517745302714,19.16,0.23529411764705882,역세권,신축,3
meguro,目黒区,82.5,4,9.6,12,15,1.0,아파트,서,1,0,0,0,2024,5,14390,174.42424242424244,20.625,0.8,역세권,준신축,2
toshima,豊島区,37.8,2,17.0,11,11,1.2,맨션,남동,1,1,0,0,2021,12,5200,137.56613756613757,18.9,1.0,역세권,중고,3
taito,台東区,76.7,4,1.6,8,16,4.9,아파트,남서,0,1,0,0,2021,5,7890,102.86831812255541,19.175,0.5,도보권,신축,1
suginami,杉並区,29.6,1,11.7,12,12,15.9,맨션,북동,0,0,0,0,2024,4,2830,95.6081081081081,29.6,1.0,원거리,준신축,0
chiyoda,千代田区,88.5,3,3.4,13,13,3.3,맨션,남서,0,0,1,0,2024,12,25750,290.96045197740114,29.5,1.0,도보권,신축,2
nerima,練馬区,76.8,3,6.9,3,3,1.0,아파트,남동,0,1,1,0,2024,5,7120,92.70833333333334,25.599999999999998,1.0,역세권,준신축,3
chuo,中央区,76.8,2,7.1,11,12,7.8,아파트,북서,0,1,1,0,2024,8,15430,200.91145833333334,38.4,0.9166666666666666,버스권,준신축,3
ota,大田区,56.6,3,7.8,1,5,1.5,맨션,남동,0,0,1,1,2025,6,5840,103.18021201413427,18.866666666666667,0.2,역세권,준신축,3
bunkyo,文京区,105.5,5,9.9,8,12,3.7,맨션,동,0,1,0,0,2023,7,16130,152.89099526066352,21.1,0.6666666666666666,도보권,준신축,1
arakawa,荒川区,65.1,3,4.5,10,19,30.0,맨션,남서,1,1,1,0,2022,9,5470,84.02457757296467,21.7,0.5263157894736842,원거리,신축,5
setagaya,世田谷区,79.0,3,4.2,1,15,1.0,맨션,남서,1,1,0,0,2022,11,12480,157.9746835443038,26.333333333333332,0.06666666666666667,역세권,신축,3
minato,港区,51.4,2,25.9,2,9,1.0,맨션,남서,1,1,0,0,2021,4,11250,218.8715953307393,25.7,0.2222222222222222,역세권,중고,3
arakawa,荒川区,34.9,1,59.4,1,15,4.4,아파트,북서,0,1,0,0,2024,12,1410,40.401146131805156,34.9,0.06666666666666667,도보권,노후,1
koto,江東区,96.1,5,35.6,5,19,2.8,타워맨션,동,1,1,1,0,2021,7,8030,83.55879292403746,19.22,0.2631578947368421,역세권,노후,5
meguro,目黒区,93.7,4,22.2,12,13,30.0,아파트,남동,0,1,0,1,2025,10,10310,110.03201707577374,23.425,0.9230769230769231,원거리,중고,2
chuo,中央区,45.3,2,1.3,2,2,1.0,아파트,남동,0,1,0,0,2025,11,11440,252.53863134657837,22.65,1.0,역세권,신축,1
shibuya,渋谷区,131.1,6,40.6,7,12,4.7,아파트,북동,1,1,0,0,2024,8,13990,106.7124332570557,21.849999999999998,0.5833333333333334,도보권,노후,3
shinagawa,品川区,47.8,2,1.2,7,11,4.7,맨션,서,1,1,1,0,2024,12,11270,235.77405857740587,23.9,0.6363636363636364,도보권,신축,5
suginami,杉並区,47.1,1,17.6,7,15,3.1,아파트,남동,1,1,1,1,2024,8,5670,120.38216560509554,47.1,0.4666666666666667,도보권,중고,6
bunkyo,文京区,51.3,2,32.8,11,13,2.6,맨션,남서,1,1,1,0,2021,7,5870,114.42495126705654,25.65,0.8461538461538461,역세권,노후,5
nerima,練馬区,29.7,1,22.8,8,18,7.0,맨션,남동,1,0,0,1,2024,6,2140,72.05387205387206,29.7,0.4444444444444444,도보권,중고,3
toshima,豊島区,50.7,2,2.1,1,2,1.1,타워맨션,동,0,1,0,0,2024,11,8320,164.1025641025641,25.35,0.5,역세권,신축,1
adachi,足立区,47.5,2,25.6,5,13,11.9,아파트,서,0,1,0,0,2024,1,2370,49.89473684210526,23.75,0.38461538461538464,버스권,중고,1
taito,台東区,46.8,2,5.0,6,9,1.9,타워맨션,서,0,1,1,0,2021,1,7190,153.63247863247864,23.4,0.6666666666666666,역세권,신축,3
minato,港区,65.5,2,17.6,4,4,1.5,맨션,동,0,1,1,0,2024,10,19340,295.2671755725191,32.75,1.0,역세권,중고,3
suginami,杉並区,43.1,2,6.3,11,15,11.8,아파트,동,0,0,1,0,2021,6,4280,99.30394431554524,21.55,0.7333333333333333,버스권,준신축,2
nakano,中野区,95.9,3,26.9,3,4,4.2,빌라,남서,1,1,1,0,2025,8,7660,79.87486965589154,31.96666666666667,0.75,도보권,중고,5
koto,江東区,82.7,4,9.5,14,19,1.0,아파트,남,0,1,1,0,2025,4,10030,121.28174123337364,20.675,0.7368421052631579,역세권,준신축,3
chiyoda,千代田区,20.0,1,39.2,9,11,12.3,맨션,남,1,1,1,0,2022,11,2570,128.5,20.0,0.8181818181818182,버스권,노후,5
ota,大田区,112.7,5,3.8,4,15,2.8,아파트,남동,0,0,0,0,2024,4,10270,91.12688553682342,22.54,0.26666666666666666,역세권,신축,0
minato,港区,67.0,3,25.2,10,18,1.0,타워맨션,남서,0,1,0,0,2021,4,18380,274.32835820895525,22.333333333333332,0.5555555555555556,역세권,중고,1
chuo,中央区,95.6,4,24.3,12,18,22.8,타워맨션,남,0,0,0,0,2024,2,16270,170.18828451882845,23.9,0.6666666666666666,원거리,중고,0
shinagawa,品川区,76.5,4,32.0,11,11,1.0,아파트,남,0,1,1,1,2024,12,9610,125.62091503267973,19.125,1.0,역세권,노후,4
chiyoda,千代田区,45.3,2,6.2,4,13,4.1,아파트,남동,1,1,1,1,2022,7,12250,270.41942604856513,22.65,0.3076923076923077,도보권,준신축,6
shinagawa,品川区,99.0,5,7.1,7,19,5.1,아파트,남,0,0,0,0,2021,7,15850,160.1010101010101,19.8,0.3684210526315789,도보권,준신축,0
bunkyo,文京区,96.6,5,24.6,13,13,4.4,아파트,북동,1,0,0,0,2023,4,9600,99.37888198757764,19.32,1.0,도보권,중고,2
sumida,墨田区,69.1,3,14.3,6,18,9.0,타워맨션,남서,1,0,1,0,2021,10,7180,103.90738060781477,23.03333333333333,0.3333333333333333,버스권,준신축,4
chiyoda,千代田区,84.0,4,6.3,9,16,3.4,아파트,동,1,1,1,0,2021,10,18470,219.88095238095238,21.0,0.5625,도보권,준신축,5
koto,江東区,20.0,1,2.4,12,15,1.5,맨션,남,0,1,0,0,2023,5,2720,136.0,20.0,0.8,역세권,신축,1
toshima,豊島区,71.6,2,21.6,14,16,8.4,아파트,남,1,1,0,0,2025,1,8190,114.38547486033521,35.8,0.875,버스권,중고,3
meguro,目黒区,47.3,2,20.3,8,10,6.8,아파트,서,0,0,0,0,2024,6,6880,145.45454545454547,23.65,0.8,도보권,중고,0
chuo,中央区,80.8,4,40.8,6,16,2.6,아파트,북서,0,1,0,0,2023,3,11250,139.23267326732673,20.2,0.375,역세권,노후,1
minato,港区,57.8,2,5.1,9,9,1.6,맨션,북동,0,0,1,1,2021,9,19610,339.2733564013841,28.9,1.0,역세권,준신축,3
chiyoda,千代田区,88.8,3,5.9,3,18,7.1,아파트,서,1,1,0,0,2023,7,17560,197.74774774774775,29.599999999999998,0.16666666666666666,버스권,준신축,3
chiyoda,千代田区,73.8,3,4.9,14,15,18.7,아파트,동,1,1,1,1,2025,10,17330,234.82384823848238,24.599999999999998,0.9333333333333333,원거리,신축,6
taito,台東区,100.5,4,1.1,12,15,15.6,아파트,남서,0,0,1,0,2024,2,10370,103.18407960199005,25.125,0.8,원거리,신축,2
shibuya,渋谷区,68.5,3,14.6,13,14,3.2,타워맨션,북서,0,1,1,0,2021,7,14010,204.52554744525548,22.833333333333332,0.9285714285714286,도보권,준신축,3
shinagawa,品川区,62.1,3,2.3,3,18,18.2,아파트,남,1,0,1,0,2023,7,8200,132.0450885668277,20.7,0.16666666666666666,원거리,신축,4
minato,港区,53.9,3,3.2,5,15,21.5,맨션,남,0,0,0,0,2023,4,11600,215.21335807050093,17.966666666666665,0.3333333333333333,원거리,신축,0
kita,北区,60.9,3,60.0,4,9,6.5,아파트,북,0,1,0,0,2021,1,2240,36.7816091954023,20.3,0.4444444444444444,도보권,노후,1
chuo,中央区,50.2,2,17.7,3,11,1.0,아파트,남,0,1,1,0,2022,12,8760,174.5019920318725,25.1,0.2727272727272727,역세권,중고,3
sumida,墨田区,31.8,1,0.4,9,11,4.2,아파트,동,0,1,1,0,2022,7,3130,98.42767295597484,31.8,0.8181818181818182,도보권,신축,3
arakawa,荒川区,45.3,3,3.4,7,11,10.7,맨션,동,1,0,0,0,2024,9,3680,81.23620309050773,15.1,0.6363636363636364,버스권,신축,2
nerima,練馬区,45.7,1,1.1,13,18,3.0,아파트,북동,0,0,1,0,2025,8,4100,89.71553610503281,45.7,0.7222222222222222,역세권,신축,2
nakano,中野区,42.4,2,27.1,4,15,1.9,빌라,남동,0,0,1,0,2025,1,2960,69.81132075471699,21.2,0.26666666666666666,역세권,중고,2
meguro,目黒区,42.4,1,14.2,5,16,11.5,아파트,남동,1,1,0,1,2021,9,5870,138.4433962264151,42.4,0.3125,버스권,준신축,4
shinagawa,品川区,60.9,2,35.6,5,15,2.5,빌라,남동,0,0,0,0,2023,10,5980,98.19376026272579,30.45,0.3333333333333333,역세권,노후,0
kita,北区,29.5,1,14.2,11,18,4.9,맨션,서,0,1,1,0,2024,9,2400,81.35593220338983,29.5,0.6111111111111112,도보권,준신축,3
katsushika,葛飾区,54.4,2,6.6,2,9,4.6,타워맨션,남,1,1,1,0,2023,4,5130,94.30147058823529,27.2,0.2222222222222222,도보권,준신축,5
koto,江東区,55.8,2,18.1,1,14,2.1,아파트,동,0,1,0,0,2021,3,4750,85.12544802867384,27.9,0.07142857142857142,역세권,중고,1
shinjuku,新宿区,104.0,5,8.4,9,18,2.2,맨션,남동,1,0,0,1,2021,4,20480,196.92307692307693,20.8,0.5,역세권,준신축,3
katsushika,葛飾区,57.6,2,2.1,10,14,1.8,아파트,북,0,0,1,0,2025,2,3710,64.40972222222221,28.8,0.7142857142857143,역세권,신축,2
itabashi,板橋区,34.9,2,0.4,1,3,2.1,타워맨션,남,0,1,1,0,2021,5,4350,124.64183381088826,17.45,0.3333333333333333,역세권,신축,3
bunkyo,文京区,41.1,2,1.7,8,13,7.7,아파트,남서,0,0,0,0,2021,4,5210,126.7639902676399,20.55,0.6153846153846154,버스권,신축,0
suginami,杉並区,59.3,3,4.2,1,19,1.0,아파트,남,0,0,1,0,2023,1,7700,129.84822934232716,19.766666666666666,0.05263157894736842,역세권,신축,2
taito,台東区,59.0,3,10.2,2,10,3.0,빌라,남동,0,0,1,0,2023,12,5110,86.61016949152543,19.666666666666668,0.2,역세권,준신축,2
bunkyo,文京区,80.4,3,19.9,10,18,1.8,아파트,남,0,1,0,0,2021,10,10650,132.46268656716418,26.8,0.5555555555555556,역세권,중고,1
chuo,中央区,50.6,2,5.5,4,14,5.6,아파트,남,0,1,1,0,2022,12,11060,218.57707509881422,25.3,0.2857142857142857,도보권,준신축,3
chuo,中央区,70.5,4,9.1,10,13,3.2,맨션,남서,1,0,0,0,2021,10,13810,195.88652482269504,17.625,0.7692307692307693,도보권,준신축,2
suginami,杉並区,42.1,2,24.9,2,11,3.1,맨션,남서,0,1,0,0,2024,4,3840,91.21140142517814,21.05,0.18181818181818182,도보권,중고,1
minato,港区,96.7,4,9.6,5,6,7.9,아파트,서,0,1,1,0,2022,1,19750,204.23991726990693,24.175,0.8333333333333334,버스권,준신축,3
ota,大田区,59.3,3,27.0,10,13,3.2,아파트,북서,0,1,0,0,2025,7,4030,67.95952782462058,19.766666666666666,0.7692307692307693,도보권,중고,1
setagaya,世田谷区,26.4,1,0.7,9,17,15.7,맨션,남,1,1,1,0,2022,11,4190,158.71212121212122,26.4,0.5294117647058824,원거리,신축,5
meguro,目黒区,30.4,1,1.1,9,10,4.3,타워맨션,서,0,1,0,1,2024,12,7250,238.48684210526318,30.4,0.9,도보권,신축,2
koto,江東区,46.4,1,54.8,3,8,3.4,타워맨션,서,0,1,1,0,2021,6,2950,63.577586206896555,46.4,0.375,도보권,노후,3
kita,北区,28.9,2,12.7,8,8,5.5,맨션,동,0,0,1,0,2021,5,2510,86.85121107266437,14.45,1.0,도보권,준신축,2
minato,港区,87.3,5,2.7,12,13,3.7,맨션,서,0,0,1,0,2024,10,27130,310.76746849942725,17.46,0.9230769230769231,도보권,신축,2
shinjuku,新宿区,20.0,1,60.0,14,19,22.7,맨션,남서,1,1,0,1,2022,8,1920,96.0,20.0,0.7368421052631579,원거리,노후,4
chuo,中央区,50.9,2,42.4,5,5,5.2,빌라,북,0,0,0,0,2025,9,4670,91.74852652259332,25.45,1.0,도보권,노후,0
itabashi,板橋区,103.5,5,20.0,3,5,4.0,타워맨션,남동,0,0,0,0,2022,5,7480,72.27053140096618,20.7,0.6,도보권,중고,0
shinagawa,品川区,70.6,2,9.6,1,4,12.9,아파트,북동,0,1,0,0,2020,12,6960,98.58356940509915,35.3,0.25,버스권,준신축,1
chiyoda,千代田区,117.0,6,6.4,5,14,1.3,아파트,서,1,0,0,1,2024,3,31380,268.20512820512823,19.5,0.35714285714285715,역세권,준신축,3
meguro,目黒区,82.9,4,6.7,13,14,28.5,아파트,남,0,0,0,0,2021,3,9690,116.88781664656211,20.725,0.9285714285714286,원거리,준신축,0
edogawa,江戸川区,137.9,5,9.2,1,5,18.4,아파트,동,0,0,1,0,2022,5,6940,50.32632342277012,27.580000000000002,0.2,원거리,준신축,2
minato,港区,96.4,4,22.2,2,13,19.8,아파트,북서,0,1,0,0,2022,10,11860,123.02904564315352,24.1,0.15384615384615385,원거리,중고,1
chiyoda,千代田区,96.0,5,15.1,14,14,8.3,아파트,남서,0,1,0,0,2025,9,17580,183.125,19.2,1.0,버스권,중고,1
toshima,豊島区,65.4,3,6.7,4,19,1.0,타워맨션,남,1,1,1,0,2021,11,9410,143.88379204892965,21.8,0.21052631578947367,역세권,준신축,5
shinjuku,新宿区,52.8,2,5.0,7,19,1.5,맨션,남서,1,1,0,0,2024,8,9630,182.38636363636365,26.4,0.3684210526315789,역세권,신축,3
chiyoda,千代田区,52.7,2,7.9,1,16,1.1,아파트,북동,0,0,0,1,2023,10,11110,210.81593927893738,26.35,0.0625,역세권,준신축,1
shibuya,渋谷区,33.8,1,7.2,6,9,18.2,맨션,서,0,0,1,0,2025,12,5090,150.5917159763314,33.8,0.6666666666666666,원거리,준신축,2
suginami,杉並区,106.2,6,9.8,3,5,3.0,맨션,서,1,1,1,0,2021,2,12450,117.23163841807909,17.7,0.6,역세권,준신축,5
shibuya,渋谷区,48.1,2,0.2,1,17,14.5,맨션,서,0,1,0,0,2023,1,8590,178.58627858627858,24.05,0.058823529411764705,버스권,신축,1
suginami,杉並区,51.7,3,35.7,5,19,4.1,타워맨션,동,0,0,0,0,2024,5,4530,87.62088974854932,17.233333333333334,0.2631578947368421,도보권,노후,0
minato,港区,85.3,4,10.3,4,6,21.7,아파트,북서,1,1,0,1,2025,9,17160,201.1723329425557,21.325,0.6666666666666666,원거리,준신축,4
sumida,墨田区,59.7,3,44.5,5,18,1.9,맨션,북서,0,1,1,0,2023,4,3340,55.9463986599665,19.900000000000002,0.2777777777777778,역세권,노후,3
minato,港区,71.7,3,7.3,3,6,11.3,맨션,남동,1,1,1,0,2023,7,15920,222.03626220362622,23.900000000000002,0.5,버스권,준신축,5
nakano,中野区,70.2,2,5.9,4,19,1.0,맨션,남서,1,0,0,1,2025,8,10260,146.15384615384616,35.1,0.21052631578947367,역세권,준신축,3
toshima,豊島区,37.0,1,6.0,10,10,5.6,아파트,북동,0,1,1,0,2024,8,5270,142.43243243243242,37.0,1.0,도보권,준신축,3
shinagawa,品川区,52.8,2,15.3,11,12,2.7,아파트,남서,0,1,1,0,2021,6,7730,146.40151515151516,26.4,0.9166666666666666,역세권,중고,3
adachi,足立区,87.1,4,0.0,2,12,1.7,타워맨션,남동,0,0,0,1,2023,9,7810,89.66704936854191,21.775,0.16666666666666666,역세권,,1
katsushika,葛飾区,50.0,2,60.0,6,7,7.6,아파트,서,0,1,0,1,2025,7,1570,31.4,25.0,0.8571428571428571,버스권,노후,2
shinagawa,品川区,110.1,5,27.0,3,10,13.8,아파트,남,0,1,1,1,2023,5,11090,100.72661217075387,22.02,0.3,버스권,중고,4
taito,台東区,29.1,2,3.6,13,14,11.0,아파트,남서,0,1,1,0,2024,10,3750,128.86597938144328,14.55,0.9285714285714286,버스권,신축,3
meguro,目黒区,31.5,1,42.6,5,7,6.4,아파트,남,0,1,0,0,2025,8,3440,109.2063492063492,31.5,0.7142857142857143,도보권,노후,1
shinjuku,新宿区,20.0,1,17.6,10,16,5.2,빌라,남서,0,1,0,0,2021,11,2060,103.0,20.0,0.625,도보권,중고,1
bunkyo,文京区,68.2,3,7.8,1,8,5.6,맨션,남,0,1,0,0,2021,1,8770,128.59237536656892,22.733333333333334,0.125,도보권,준신축,1
katsushika,葛飾区,64.3,3,6.1,9,18,2.1,맨션,남,1,0,0,0,2021,10,4630,72.00622083981338,21.433333333333334,0.5,역세권,준신축,2
minato,港区,25.9,1,26.8,14,17,2.3,빌라,동,0,1,1,0,2022,10,5180,200.0,25.9,0.8235294117647058,역세권,중고,3
chuo,中央区,36.3,2,8.9,9,16,1.0,빌라,남,0,0,1,0,2024,4,7210,198.62258953168046,18.15,0.5625,역세권,준신축,2
itabashi,板橋区,77.5,3,22.9,7,10,8.5,아파트,북,1,1,1,0,2024,3,5140,66.3225806451613,25.833333333333332,0.7,버스권,중고,5
adachi,足立区,23.9,1,60.0,13,15,6.3,맨션,남동,0,1,0,0,2022,6,980,41.00418410041841,23.9,0.8666666666666667,도보권,노후,1
meguro,目黒区,41.3,2,39.9,3,11,7.7,맨션,북동,0,1,1,1,2023,10,3740,90.55690072639226,20.65,0.2727272727272727,버스권,노후,4
chuo,中央区,64.2,3,20.4,10,16,5.2,맨션,북서,0,1,1,0,2023,10,12310,191.74454828660436,21.400000000000002,0.625,도보권,중고,3
meguro,目黒区,53.6,2,10.6,8,17,5.0,맨션,동,1,1,0,0,2025,2,10010,186.7537313432836,26.8,0.47058823529411764,도보권,준신축,3
minato,港区,57.6,2,1.8,2,16,2.1,타워맨션,북,0,1,1,0,2021,1,20000,347.22222222222223,28.8,0.125,역세권,신축,3
arakawa,荒川区,75.2,3,9.1,5,8,30.0,빌라,동,0,1,1,0,2022,4,4150,55.18617021276596,25.066666666666666,0.625,원거리,준신축,3
chuo,中央区,57.5,2,8.7,9,16,7.3,빌라,남동,0,1,1,0,2023,7,8980,156.17391304347825,28.75,0.5625,버스권,준신축,3
shinagawa,品川区,86.3,4,29.5,3,19,10.1,타워맨션,북서,1,0,1,0,2024,8,12130,140.55619930475086,21.575,0.15789473684210525,버스권,중고,4
minato,港区,46.8,2,9.2,3,4,10.9,아파트,서,0,1,0,1,2023,8,10100,215.81196581196582,23.4,0.75,버스권,준신축,2
koto,江東区,67.4,2,17.1,9,15,1.4,아파트,남,0,1,1,0,2022,6,7710,114.39169139465875,33.7,0.6,역세권,중고,3
arakawa,荒川区,68.6,3,8.8,2,18,12.5,아파트,남,1,0,0,0,2024,3,5850,85.27696793002916,22.866666666666664,0.1111111111111111,버스권,준신축,2
koto,江東区,67.5,2,11.5,13,15,14.1,맨션,남,0,1,1,0,2021,12,6380,94.51851851851852,33.75,0.8666666666666667,버스권,준신축,3
toshima,豊島区,99.0,4,10.6,1,10,6.3,아파트,남서,0,1,1,0,2025,1,11450,115.65656565656566,24.75,0.1,도보권,준신축,3
itabashi,板橋区,65.9,2,7.9,10,11,1.0,맨션,북,1,1,1,0,2021,6,5110,77.54172989377845,32.95,0.9090909090909091,역세권,준신축,5
chiyoda,千代田区,105.2,5,10.0,12,16,13.9,아파트,동,0,1,1,0,2020,12,18910,179.7528517110266,21.04,0.75,버스권,준신축,3
minato,港区,108.5,5,32.2,6,10,4.0,맨션,남,0,0,1,1,2021,3,20070,184.97695852534562,21.7,0.6,도보권,노후,3
nakano,中野区,63.7,3,8.7,13,16,1.1,맨션,서,0,1,0,0,2023,1,7680,120.5651491365777,21.233333333333334,0.8125,역세권,준신축,1
chiyoda,千代田区,20.0,1,7.6,3,8,30.0,아파트,남,0,1,1,0,2025,2,3810,190.5,20.0,0.375,원거리,준신축,3
ota,大田区,20.0,1,17.2,4,7,24.3,아파트,남동,1,1,0,0,2023,5,1380,69.0,20.0,0.5714285714285714,원거리,중고,3
koto,江東区,46.6,2,21.0,12,13,11.5,맨션,남,0,1,1,0,2021,6,4200,90.12875536480686,23.3,0.9230769230769231,버스권,중고,3
shinagawa,品川区,77.4,2,0.0,13,15,1.1,아파트,남서,0,0,1,0,2021,5,12220,157.8811369509044,38.7,0.8666666666666667,역세권,,2
katsushika,葛飾区,92.4,4,23.2,14,17,12.3,타워맨션,남,1,1,0,0,2022,1,6670,72.18614718614718,23.1,0.8235294117647058,버스권,중고,3
nerima,練馬区,55.2,1,1.9,3,11,5.7,빌라,남서,1,1,1,0,2022,9,4540,82.2463768115942,55.2,0.2727272727272727,도보권,신축,5
minato,港区,40.0,1,30.2,10,11,4.1,타워맨션,동,0,1,1,0,2021,10,9170,229.25,40.0,0.9090909090909091,도보권,노후,3
ota,大田区,95.1,4,3.4,7,8,3.4,아파트,남동,1,0,0,0,2022,4,8380,88.11777076761304,23.775,0.875,도보권,신축,2
shinagawa,品川区,103.0,5,11.1,12,13,1.5,맨션,남서,1,0,1,0,2022,3,20360,197.66990291262135,20.6,0.9230769230769231,역세권,준신축,4
nerima,練馬区,109.3,5,2.2,2,9,1.8,아파트,남동,0,1,1,0,2023,3,10410,95.24245196706313,21.86,0.2222222222222222,역세권,신축,3
sumida,墨田区,72.2,3,24.7,10,14,5.4,맨션,북서,1,1,1,0,2021,8,6200,85.87257617728531,24.066666666666666,0.7142857142857143,도보권,중고,5
chiyoda,千代田区,20.0,1,0.6,6,16,1.0,아파트,남,0,1,1,0,2022,6,5730,286.5,20.0,0.375,역세권,신축,3
koto,江東区,47.5,3,5.4,10,14,22.9,아파트,남서,0,0,0,0,2025,12,4020,84.63157894736842,15.833333333333334,0.7142857142857143,원거리,준신축,0
toshima,豊島区,127.8,5,44.2,11,16,4.8,타워맨션,남,0,1,1,0,2021,12,11010,86.15023474178403,25.56,0.6875,도보권,노후,3
shibuya,渋谷区,57.2,3,30.5,8,12,4.2,맨션,남서,0,0,1,0,2023,7,7620,133.2167832167832,19.066666666666666,0.6666666666666666,도보권,노후,2
chuo,中央区,144.1,6,13.4,4,5,1.0,빌라,서,1,1,0,0,2025,10,30480,211.51977793199168,24.016666666666666,0.8,역세권,준신축,3
meguro,目黒区,70.4,2,19.0,3,18,6.2,빌라,남,0,1,1,1,2024,4,8890,126.27840909090908,35.2,0.16666666666666666,도보권,중고,4
minato,港区,63.7,2,11.2,6,17,3.0,맨션,남,0,1,0,0,2025,3,17320,271.8995290423862,31.85,0.35294117647058826,역세권,준신축,1
itabashi,板橋区,85.8,3,30.1,9,10,30.0,타워맨션,남,1,1,0,0,2024,4,7260,84.61538461538461,28.599999999999998,0.9,원거리,노후,3
shibuya,渋谷区,109.0,5,14.0,12,17,25.9,아파트,서,0,1,0,1,2021,2,14620,134.12844036697248,21.8,0.7058823529411765,원거리,준신축,2
itabashi,板橋区,56.5,2,3.3,9,11,1.6,빌라,서,1,1,0,0,2024,12,4760,84.24778761061947,28.25,0.8181818181818182,역세권,신축,3
edogawa,江戸川区,59.7,3,15.6,6,19,30.0,맨션,남서,1,1,1,0,2025,1,3910,65.49413735343383,19.900000000000002,0.3157894736842105,원거리,중고,5
koto,江東区,107.8,5,6.3,10,12,4.8,맨션,동,0,0,0,1,2025,4,12770,118.46011131725417,21.56,0.8333333333333334,도보권,준신축,1
chuo,中央区,49.6,2,15.5,13,18,2.5,맨션,북,1,0,1,0,2021,9,10780,217.33870967741936,24.8,0.7222222222222222,역세권,중고,4
kita,北区,85.2,4,18.3,4,19,4.4,맨션,북동,0,1,1,0,2021,11,6210,72.88732394366197,21.3,0.21052631578947367,도보권,중고,3
arakawa,荒川区,75.1,3,6.2,14,18,3.1,타워맨션,남,1,1,0,0,2023,2,7870,104.79360852197071,25.03333333333333,0.7777777777777778,도보권,준신축,3
koto,江東区,62.0,2,3.4,13,18,5.0,아파트,남서,0,1,1,0,2022,12,6140,99.03225806451613,31.0,0.7222222222222222,도보권,신축,3
nakano,中野区,49.7,3,7.0,10,14,8.0,맨션,남,0,1,1,0,2024,12,6140,123.54124748490945,16.566666666666666,0.7142857142857143,버스권,준신축,3
shibuya,渋谷区,61.7,4,0.7,2,8,1.9,아파트,남,0,1,0,0,2023,5,13930,225.76985413290112,15.425,0.25,역세권,신축,1
toshima,豊島区,87.6,4,1.9,3,8,7.7,맨션,남서,0,1,0,1,2023,11,10980,125.34246575342466,21.9,0.375,버스권,신축,2
shibuya,渋谷区,56.3,2,30.6,13,19,2.6,아파트,남서,1,0,0,0,2024,4,10280,182.59325044404974,28.15,0.6842105263157895,역세권,노후,2
katsushika,葛飾区,66.1,3,8.9,8,19,13.7,타워맨션,남,0,0,0,0,2025,3,5580,84.41754916792739,22.03333333333333,0.42105263157894735,버스권,준신축,0
minato,港区,91.3,3,6.2,13,13,3.2,맨션,남,0,1,0,0,2022,1,29470,322.7820372398686,30.433333333333334,1.0,도보권,준신축,1
chuo,中央区,60.2,3,30.6,2,13,8.3,아파트,동,0,1,1,0,2023,11,7180,119.26910299003322,20.066666666666666,0.15384615384615385,버스권,노후,3
ota,大田区,22.8,1,3.3,10,18,14.2,타워맨션,남,0,1,1,0,2022,3,2960,129.82456140350877,22.8,0.5555555555555556,버스권,신축,3
shinagawa,品川区,60.8,3,4.8,4,10,15.3,맨션,남,0,0,0,1,2023,9,8720,143.42105263157896,20.266666666666666,0.4,원거리,신축,1
shibuya,渋谷区,120.7,5,14.5,14,17,9.8,타워맨션,동,0,1,0,0,2021,11,24400,202.15410107705054,24.14,0.8235294117647058,버스권,준신축,1
nakano,中野区,24.7,1,16.2,6,18,3.8,아파트,남,1,1,0,1,2023,3,2980,120.64777327935224,24.7,0.3333333333333333,도보권,중고,4
nakano,中野区,101.0,5,16.7,2,7,4.2,맨션,남,0,1,0,0,2021,8,9690,95.94059405940594,20.2,0.2857142857142857,도보권,중고,1
chiyoda,千代田区,45.0,3,15.0,2,17,8.3,타워맨션,남,0,1,1,1,2023,9,11990,266.44444444444446,15.0,0.11764705882352941,버스권,준신축,4
meguro,目黒区,92.9,4,12.8,9,18,5.1,아파트,남,1,0,1,0,2021,5,15900,171.1517761033369,23.225,0.5,도보권,준신축,4
setagaya,世田谷区,120.9,6,4.4,5,10,1.4,아파트,남,0,1,0,0,2022,6,18130,149.9586435070306,20.150000000000002,0.5,역세권,신축,1
arakawa,荒川区,93.6,4,13.2,2,8,15.4,맨션,남,1,1,0,0,2024,11,6070,64.85042735042735,23.4,0.25,원거리,준신축,3
shinagawa,品川区,57.5,3,28.5,5,6,11.1,맨션,북,0,1,0,0,2023,10,5550,96.52173913043478,19.166666666666668,0.8333333333333334,버스권,중고,1
arakawa,荒川区,37.8,1,10.6,1,4,2.6,아파트,남,1,0,0,0,2024,8,2860,75.66137566137567,37.8,0.25,역세권,준신축,2
shinagawa,品川区,70.5,3,22.9,13,13,3.0,아파트,북동,0,0,1,0,2023,5,9050,128.36879432624113,23.5,1.0,역세권,중고,2
taito,台東区,30.4,1,10.8,7,15,3.6,빌라,북동,0,1,1,1,2024,3,2890,95.06578947368422,30.4,0.4666666666666667,도보권,준신축,4
suginami,杉並区,52.7,2,31.6,1,10,3.9,빌라,남,1,1,0,1,2021,4,3350,63.5673624288425,26.35,0.1,도보권,노후,4
setagaya,世田谷区,92.2,4,18.1,13,18,11.8,아파트,서,0,0,1,0,2021,1,9060,98.2646420824295,23.05,0.7222222222222222,버스권,중고,2
kita,北区,87.2,3,4.0,12,18,8.4,맨션,남동,0,1,1,1,2023,3,8950,102.63761467889908,29.066666666666666,0.6666666666666666,버스권,신축,4
toshima,豊島区,100.7,5,4.3,3,6,1.1,아파트,서,0,0,1,0,2025,1,12480,123.93247269116186,20.14,0.5,역세권,신축,2
shibuya,渋谷区,53.8,3,42.3,10,15,2.3,맨션,북동,0,1,0,0,2025,2,6350,118.02973977695167,17.933333333333334,0.6666666666666666,역세권,노후,1
chiyoda,千代田区,69.6,3,6.0,4,9,1.1,아파트,남,1,1,1,0,2023,5,20060,288.21839080459773,23.2,0.4444444444444444,역세권,준신축,5
suginami,杉並区,54.3,2,27.8,2,6,4.3,타워맨션,동,1,1,1,0,2023,5,6020,110.86556169429099,27.15,0.3333333333333333,도보권,중고,5
minato,港区,101.0,5,29.7,7,15,18.2,타워맨션,북동,1,0,0,0,2023,8,19510,193.16831683168317,20.2,0.4666666666666667,원거리,중고,2
shinagawa,品川区,66.8,2,2.2,3,19,13.3,아파트,동,0,0,1,0,2021,9,9360,140.11976047904193,33.4,0.15789473684210525,버스권,신축,2
meguro,目黒区,67.3,3,5.5,7,18,1.6,맨션,동,1,1,0,0,2021,11,12830,190.63893016344727,22.433333333333334,0.3888888888888889,역세권,준신축,3
bunkyo,文京区,96.8,5,10.7,3,3,14.4,맨션,서,0,1,1,0,2022,11,11040,114.04958677685951,19.36,1.0,버스권,준신축,3
ota,大田区,70.4,3,13.6,13,18,8.4,아파트,서,1,0,1,0,2021,4,4870,69.17613636363636,23.46666666666667,0.7222222222222222,버스권,준신축,4
suginami,杉並区,86.5,3,4.6,6,7,6.1,아파트,남동,0,1,1,0,2025,7,10510,121.5028901734104,28.833333333333332,0.8571428571428571,도보권,신축,3
kita,北区,53.3,2,0.8,12,19,2.7,타워맨션,남,1,1,1,1,2023,5,8930,167.5422138836773,26.65,0.631578947368421,역세권,신축,6
shibuya,渋谷区,117.9,5,4.2,2,11,7.6,빌라,남동,0,0,1,0,2022,7,16230,137.6590330788804,23.580000000000002,0.18181818181818182,버스권,신축,2
sumida,墨田区,36.5,1,3.2,8,16,1.1,빌라,서,0,0,1,0,2024,1,3100,84.93150684931507,36.5,0.5,역세권,신축,2
sumida,墨田区,57.7,3,11.4,1,11,19.4,빌라,남,0,1,0,0,2024,1,4090,70.88388214904678,19.233333333333334,0.09090909090909091,원거리,준신축,1
setagaya,世田谷区,87.3,3,26.2,5,15,8.1,아파트,남서,0,1,1,0,2024,3,7880,90.26345933562429,29.099999999999998,0.3333333333333333,버스권,중고,3
kita,北区,38.8,2,30.4,9,17,6.7,맨션,북동,1,1,1,0,2021,6,2470,63.659793814432994,19.4,0.5294117647058824,도보권,노후,5
koto,江東区,99.3,5,7.7,4,15,6.0,타워맨션,남,0,1,0,0,2021,1,12080,121.6515609264854,19.86,0.26666666666666666,도보권,준신축,1
setagaya,世田谷区,50.9,2,0.3,12,18,5.6,아파트,동,0,1,0,1,2025,3,8080,158.74263261296662,25.45,0.6666666666666666,도보권,신축,2
kita,北区,96.7,4,24.3,8,10,16.5,아파트,서,1,0,1,0,2025,5,5130,53.0506721820062,24.175,0.8,원거리,중고,4
bunkyo,文京区,52.9,2,26.9,10,12,2.3,타워맨션,남서,0,0,1,0,2021,8,7370,139.31947069943288,26.45,0.8333333333333334,역세권,중고,2
toshima,豊島区,96.9,4,5.6,6,9,4.6,타워맨션,남동,1,1,1,0,2022,3,19290,199.07120743034054,24.225,0.6666666666666666,도보권,준신축,5
chuo,中央区,63.6,2,4.1,7,8,8.0,아파트,서,1,1,1,1,2022,3,14850,233.49056603773585,31.8,0.875,버스권,신축,6
chiyoda,千代田区,89.6,3,1.4,8,14,3.9,아파트,남서,0,1,0,0,2021,8,19350,215.95982142857144,29.866666666666664,0.5714285714285714,도보권,신축,1
minato,港区,71.1,3,3.8,5,16,5.9,아파트,북동,0,0,1,0,2023,8,18340,257.94655414908584,23.7,0.3125,도보권,신축,2
edogawa,江戸川区,50.8,3,9.6,14,14,12.8,맨션,남,1,0,0,0,2025,1,3390,66.73228346456693,16.933333333333334,1.0,버스권,준신축,2
chuo,中央区,63.3,3,3.9,1,2,4.9,아파트,남,0,1,0,0,2022,2,12930,204.26540284360192,21.099999999999998,0.5,도보권,신축,1
taito,台東区,75.5,2,34.2,9,18,3.2,아파트,북,0,0,1,0,2025,5,4970,65.82781456953643,37.75,0.5,도보권,노후,2
shinagawa,品川区,104.0,3,14.7,4,6,12.0,빌라,남,0,1,0,1,2025,7,13400,128.84615384615384,34.666666666666664,0.6666666666666666,버스권,준신축,2
shinagawa,品川区,85.5,5,23.2,4,6,13.3,맨션,남,0,1,1,0,2024,7,11410,133.45029239766083,17.1,0.6666666666666666,버스권,중고,3
minato,港区,45.9,1,9.2,13,19,5.0,맨션,남동,0,1,0,1,2022,12,13960,304.1394335511983,45.9,0.6842105263157895,도보권,준신축,2
adachi,足立区,75.3,3,1.1,14,15,1.7,아파트,남동,0,0,0,0,2024,1,4910,65.20584329349269,25.099999999999998,0.9333333333333333,역세권,신축,0
shibuya,渋谷区,54.9,1,50.2,10,19,13.4,맨션,북서,1,0,0,0,2025,7,5970,108.74316939890711,54.9,0.5263157894736842,버스권,노후,2
chiyoda,千代田区,48.1,2,13.6,2,6,6.8,맨션,북서,0,1,0,0,2024,4,9940,206.65280665280665,24.05,0.3333333333333333,도보권,준신축,1
shinagawa,品川区,56.7,3,0.5,1,5,9.9,아파트,동,1,1,1,0,2022,6,9510,167.72486772486772,18.900000000000002,0.2,버스권,신축,5
chuo,中央区,47.7,3,9.3,2,9,8.3,맨션,남서,0,0,0,0,2024,3,9290,194.75890985324946,15.9,0.2222222222222222,버스권,준신축,0
setagaya,世田谷区,37.1,1,6.9,13,18,12.6,아파트,남,0,1,0,0,2022,6,4270,115.0943396226415,37.1,0.7222222222222222,버스권,준신축,1
meguro,目黒区,44.7,1,20.6,5,13,4.7,맨션,남서,0,0,0,0,2021,12,5820,130.2013422818792,44.7,0.38461538461538464,도보권,중고,0
taito,台東区,46.3,2,5.4,7,16,3.3,맨션,북,0,1,0,0,2021,1,4700,101.51187904967603,23.15,0.4375,도보권,준신축,1
katsushika,葛飾区,72.5,3,29.5,14,15,15.5,아파트,남,0,1,1,0,2023,6,3140,43.310344827586206,24.166666666666668,0.9333333333333333,원거리,중고,3
adachi,足立区,65.9,2,0.6,13,15,1.2,아파트,북서,0,0,1,0,2022,2,4250,64.4916540212443,32.95,0.8666666666666667,역세권,신축,2
shibuya,渋谷区,66.7,3,2.4,10,10,10.4,빌라,남동,0,1,0,0,2022,7,9940,149.0254872563718,22.233333333333334,1.0,버스권,신축,1
taito,台東区,54.6,3,17.6,7,18,7.2,빌라,남,0,1,0,0,2024,2,4540,83.15018315018315,18.2,0.3888888888888889,버스권,중고,1
kita,北区,60.0,2,30.1,4,16,4.3,아파트,남동,1,0,1,0,2021,10,3130,52.166666666666664,30.0,0.25,도보권,노후,4
kita,北区,64.6,3,11.6,11,15,2.6,맨션,남,0,1,1,0,2022,4,7090,109.75232198142416,21.53333333333333,0.7333333333333333,역세권,준신축,3
ota,大田区,94.7,3,30.8,7,19,1.6,빌라,동,0,1,0,1,2021,4,5720,60.401267159450896,31.566666666666666,0.3684210526315789,역세권,노후,2
taito,台東区,77.1,3,14.2,4,8,8.9,아파트,서,0,1,0,0,2024,3,7880,102.20492866407264,25.7,0.5,버스권,준신축,1
bunkyo,文京区,87.3,4,36.9,9,11,3.4,아파트,서,0,1,1,0,2023,3,7000,80.18327605956472,21.825,0.8181818181818182,도보권,노후,3
bunkyo,文京区,48.8,2,17.5,11,19,9.7,맨션,남동,0,1,0,0,2021,1,6360,130.32786885245903,24.4,0.5789473684210527,버스권,중고,1
koto,江東区,72.6,3,11.2,10,14,1.0,아파트,서,0,1,1,0,2023,1,7110,97.93388429752066,24.2,0.7142857142857143,역세권,준신축,3
suginami,杉並区,100.9,4,6.4,10,14,5.2,아파트,남,0,1,0,0,2025,4,12660,125.47076313181367,25.225,0.7142857142857143,도보권,준신축,1
koto,江東区,95.4,4,1.9,9,9,2.5,아파트,서,1,1,0,0,2023,7,11390,119.39203354297693,23.85,1.0,역세권,신축,3
bunkyo,文京区,37.1,3,1.6,5,16,6.4,맨션,동,1,1,0,0,2024,2,6400,172.5067385444744,12.366666666666667,0.3125,도보권,신축,3
nerima,練馬区,32.9,1,5.0,3,19,1.0,타워맨션,남동,0,1,1,0,2024,10,3460,105.16717325227964,32.9,0.15789473684210525,역세권,신축,3
meguro,目黒区,67.7,4,0.8,14,19,15.8,빌라,서,0,0,1,0,2024,6,8800,129.98522895125552,16.925,0.7368421052631579,원거리,신축,2
chiyoda,千代田区,73.2,4,13.0,8,14,1.0,아파트,남서,0,0,1,0,2025,9,18910,258.3333333333333,18.3,0.5714285714285714,역세권,준신축,2
setagaya,世田谷区,27.8,1,14.7,6,11,2.4,아파트,남동,1,1,1,1,2025,6,4470,160.79136690647482,27.8,0.5454545454545454,역세권,준신축,6
toshima,豊島区,58.4,3,7.0,14,17,2.2,타워맨션,남동,1,1,0,0,2023,12,10750,184.07534246575344,19.466666666666665,0.8235294117647058,역세권,준신축,3
meguro,目黒区,50.0,2,17.8,9,10,1.7,맨션,남,1,0,0,0,2022,2,9300,186.0,25.0,0.9,역세권,중고,2
minato,港区,64.0,3,11.8,14,14,1.0,아파트,서,0,1,1,0,2024,8,19150,299.21875,21.333333333333332,1.0,역세권,준신축,3
shinagawa,品川区,39.1,2,21.8,7,18,30.0,아파트,남동,0,1,0,0,2022,8,3930,100.51150895140664,19.55,0.3888888888888889,원거리,중고,1
chiyoda,千代田区,54.6,2,13.6,10,13,1.0,맨션,남동,0,1,0,0,2020,12,13210,241.94139194139194,27.3,0.7692307692307693,역세권,준신축,1
shinagawa,品川区,20.0,1,10.9,8,8,2.6,아파트,서,0,0,1,1,2023,9,3740,187.0,20.0,1.0,역세권,준신축,3
arakawa,荒川区,93.4,4,10.7,3,16,11.6,빌라,남서,1,1,1,1,2025,5,6530,69.91434689507494,23.35,0.1875,버스권,준신축,6
shinagawa,品川区,20.0,1,1.4,7,11,8.1,아파트,남동,1,0,0,0,2025,8,3500,175.0,20.0,0.6363636363636364,버스권,신축,2
nakano,中野区,72.7,4,19.4,5,15,3.2,맨션,서,1,0,1,0,2021,7,7210,99.17469050894086,18.175,0.3333333333333333,도보권,중고,4
nerima,練馬区,55.1,2,32.5,14,19,6.0,아파트,남,0,0,0,1,2021,3,2870,52.08711433756805,27.55,0.7368421052631579,도보권,노후,1
arakawa,荒川区,70.7,4,9.2,1,6,6.1,맨션,남동,0,1,0,0,2022,5,6030,85.28995756718528,17.675,0.16666666666666666,도보권,준신축,1
chuo,中央区,82.7,3,31.2,10,19,5.7,아파트,북서,0,1,0,0,2024,8,12280,148.48851269649333,27.566666666666666,0.5263157894736842,도보권,노후,1
chuo,中央区,81.6,4,25.0,14,15,2.2,아파트,남동,0,1,0,0,2022,9,16050,196.69117647058826,20.4,0.9333333333333333,역세권,중고,1
chiyoda,千代田区,78.2,3,4.7,5,11,10.1,빌라,북동,1,0,0,0,2022,4,11710,149.74424552429667,26.066666666666666,0.45454545454545453,버스권,신축,2
shinjuku,新宿区,42.2,2,0.5,11,18,21.0,타워맨션,북동,1,1,0,0,2023,4,6620,156.87203791469193,21.1,0.6111111111111112,원거리,신축,3
kita,北区,91.1,4,27.6,9,18,4.5,아파트,남,0,1,0,0,2023,1,5540,60.81229418221735,22.775,0.5,도보권,중고,1
chuo,中央区,78.0,4,30.6,3,17,10.7,맨션,남서,0,1,1,0,2023,4,11200,143.5897435897436,19.5,0.17647058823529413,버스권,노후,3
shinagawa,品川区,37.3,1,6.3,11,12,16.0,아파트,서,1,1,0,0,2022,10,4570,122.5201072386059,37.3,0.9166666666666666,원거리,준신축,3
shibuya,渋谷区,26.1,1,1.0,1,4,1.8,타워맨션,북동,0,1,1,1,2021,1,7410,283.90804597701145,26.1,0.25,역세권,신축,4
bunkyo,文京区,41.9,2,0.5,11,19,6.0,타워맨션,남,0,0,1,0,2022,11,10120,241.527446300716,20.95,0.5789473684210527,도보권,신축,2
setagaya,世田谷区,71.7,4,11.7,13,19,10.0,아파트,남,0,1,0,0,2021,2,7450,103.90516039051603,17.925,0.6842105263157895,버스권,준신축,1
chiyoda,千代田区,36.2,2,11.7,1,15,14.5,아파트,남서,1,0,1,0,2022,11,7040,194.47513812154693,18.1,0.06666666666666667,버스권,준신축,4
chiyoda,千代田区,99.6,5,17.6,8,19,11.1,아파트,남,0,1,0,0,2024,12,17070,171.3855421686747,19.919999999999998,0.42105263157894735,버스권,중고,1
chuo,中央区,41.2,2,35.6,3,10,2.8,아파트,동,1,1,0,0,2020,12,5750,139.5631067961165,20.6,0.3,역세권,노후,3
itabashi,板橋区,70.4,3,38.9,4,17,24.3,빌라,북,1,1,0,0,2022,10,2060,29.261363636363633,23.46666666666667,0.23529411764705882,원거리,노후,3
minato,港区,93.1,4,4.2,6,18,28.3,타워맨션,북동,1,1,0,0,2023,12,26030,279.5918367346939,23.275,0.3333333333333333,원거리,신축,3
toshima,豊島区,73.6,2,6.6,14,15,8.4,맨션,북서,0,0,0,1,2023,5,8380,113.85869565217392,36.8,0.9333333333333333,버스권,준신축,1
toshima,豊島区,44.0,1,8.5,5,8,30.0,맨션,남서,0,1,1,1,2021,10,3870,87.95454545454545,44.0,0.625,원거리,준신축,4
ota,大田区,119.9,6,13.7,10,17,7.7,맨션,남,0,1,0,0,2025,10,11830,98.66555462885738,19.983333333333334,0.5882352941176471,버스권,준신축,1
shinagawa,品川区,88.4,4,23.9,13,13,9.2,아파트,남,1,1,1,0,2022,12,12440,140.7239819004525,22.1,1.0,버스권,중고,5
adachi,足立区,81.6,3,9.2,3,16,10.7,타워맨션,남동,0,0,1,0,2024,10,4790,58.700980392156865,27.2,0.1875,버스권,준신축,2
shinjuku,新宿区,47.4,2,6.2,7,12,3.8,빌라,동,0,0,0,0,2024,8,6870,144.9367088607595,23.7,0.5833333333333334,도보권,준신축,0
chiyoda,千代田区,56.5,3,28.7,8,8,4.0,아파트,남서,0,0,0,1,2023,9,7660,135.57522123893804,18.833333333333332,1.0,도보권,중고,1
chuo,中央区,35.1,2,0.3,11,15,6.3,맨션,남,0,1,0,0,2022,10,8530,243.019943019943,17.55,0.7333333333333333,도보권,신축,1
toshima,豊島区,76.6,4,2.0,12,13,11.4,맨션,남,0,0,1,0,2025,12,11420,149.08616187989557,19.15,0.9230769230769231,버스권,신축,2
taito,台東区,96.1,4,0.9,4,12,6.4,타워맨션,남,0,1,1,1,2023,8,17620,183.35067637877214,24.025,0.3333333333333333,도보권,신축,4
minato,港区,74.9,3,15.5,6,12,1.9,아파트,서,0,1,1,1,2025,1,22070,294.6595460614152,24.96666666666667,0.5,역세권,중고,4
katsushika,葛飾区,70.9,3,3.1,9,16,2.9,빌라,북동,0,1,0,0,2025,9,4530,63.89280677009872,23.633333333333336,0.5625,역세권,신축,1
koto,江東区,71.3,3,20.9,10,18,2.7,아파트,서,0,1,0,1,2025,6,7010,98.31697054698458,23.766666666666666,0.5555555555555556,역세권,중고,2
adachi,足立区,103.4,5,0.2,3,17,3.2,타워맨션,남,0,1,0,0,2022,6,9320,90.13539651837523,20.68,0.17647058823529413,도보권,신축,1
setagaya,世田谷区,105.2,5,17.9,2,6,3.3,아파트,서,0,1,0,1,2021,5,9790,93.06083650190114,21.04,0.3333333333333333,도보권,중고,2
ota,大田区,64.3,3,34.6,6,16,1.1,맨션,동,0,0,0,0,2022,6,3350,52.099533437013996,21.433333333333334,0.375,역세권,노후,0
ota,大田区,77.0,3,0.4,12,14,5.9,맨션,남,1,1,1,0,2021,7,8550,111.03896103896103,25.666666666666668,0.8571428571428571,도보권,신축,5
itabashi,板橋区,52.1,2,15.9,6,19,1.0,맨션,북,0,0,0,0,2021,9,2940,56.4299424184261,26.05,0.3157894736842105,역세권,중고,0
chuo,中央区,43.4,2,1.3,1,15,7.3,아파트,남,1,1,0,0,2023,6,8130,187.32718894009219,21.7,0.06666666666666667,버스권,신축,3
itabashi,板橋区,24.9,1,38.0,4,15,4.6,아파트,남서,0,1,0,1,2020,12,1140,45.78313253012048,24.9,0.26666666666666666,도보권,노후,2
toshima,豊島区,20.0,2,6.7,13,13,2.9,맨션,서,1,1,1,1,2021,5,3190,159.5,10.0,1.0,역세권,준신축,6
meguro,目黒区,84.0,4,4.0,8,14,19.6,아파트,남서,0,1,0,0,2021,8,10630,126.54761904761905,21.0,0.5714285714285714,원거리,신축,1
sumida,墨田区,93.5,3,6.3,8,9,7.9,빌라,남동,0,0,0,0,2022,4,7540,80.64171122994652,31.166666666666668,0.8888888888888888,버스권,준신축,0
meguro,目黒区,92.2,4,8.8,7,17,7.2,아파트,동,0,0,1,0,2022,8,11980,129.93492407809111,23.05,0.4117647058823529,버스권,준신축,2
shinagawa,品川区,63.4,2,17.0,4,9,13.7,아파트,동,1,1,1,1,2023,12,8530,134.54258675078864,31.7,0.4444444444444444,버스권,중고,6
kita,北区,84.7,3,25.7,11,12,7.7,맨션,남,0,1,0,0,2025,5,6500,76.74144037780401,28.233333333333334,0.9166666666666666,버스권,중고,1
suginami,杉並区,27.7,1,16.2,2,18,8.6,아파트,북서,1,0,1,1,2025,5,2670,96.38989169675091,27.7,0.1111111111111111,버스권,중고,5
nerima,練馬区,92.5,4,37.3,10,11,6.5,맨션,북서,1,1,0,0,2024,10,5130,55.45945945945946,23.125,0.9090909090909091,도보권,노후,3
shinjuku,新宿区,117.7,5,5.6,3,9,2.2,아파트,남서,0,0,0,0,2021,10,18230,154.88530161427357,23.54,0.3333333333333333,역세권,준신축,0
toshima,豊島区,67.6,3,7.2,4,12,7.5,맨션,북동,0,0,0,0,2021,3,6460,95.5621301775148,22.53333333333333,0.3333333333333333,버스권,준신축,0
shibuya,渋谷区,69.0,3,25.7,4,19,16.5,맨션,서,1,1,1,1,2022,7,9250,134.05797101449275,23.0,0.21052631578947367,원거리,중고,6
shinjuku,新宿区,20.0,2,24.1,8,8,2.0,맨션,동,0,1,1,0,2024,5,3270,163.5,10.0,1.0,역세권,중고,3
sumida,墨田区,58.6,3,35.2,2,5,7.3,타워맨션,남,0,1,0,1,2022,9,5360,91.46757679180887,19.533333333333335,0.4,버스권,노후,2
minato,港区,90.1,4,20.3,8,17,5.4,아파트,서,1,1,0,0,2023,12,19360,214.8723640399556,22.525,0.47058823529411764,도보권,중고,3
shinjuku,新宿区,73.4,3,5.0,14,14,6.6,타워맨션,남동,1,1,0,0,2022,8,16580,225.88555858310625,24.46666666666667,1.0,도보권,신축,3
sumida,墨田区,44.5,2,3.3,2,8,1.0,맨션,동,1,1,0,0,2021,3,4410,99.10112359550561,22.25,0.25,역세권,신축,3
chuo,中央区,47.1,2,12.1,5,6,21.8,맨션,동,0,1,1,0,2022,8,6240,132.484076433121,23.55,0.8333333333333334,원거리,준신축,3
arakawa,荒川区,76.0,3,7.9,13,13,1.0,아파트,북,1,1,1,0,2024,6,7220,95.0,25.333333333333332,1.0,역세권,준신축,5
bunkyo,文京区,108.7,5,33.3,11,12,1.3,아파트,동,0,1,0,0,2021,6,9910,91.16835326586936,21.740000000000002,0.9166666666666666,역세권,노후,1
bunkyo,文京区,22.6,1,5.8,11,15,1.7,맨션,서,0,0,1,0,2024,4,3480,153.98230088495575,22.6,0.7333333333333333,역세권,준신축,2
chuo,中央区,67.3,4,0.5,11,17,8.8,맨션,동,1,1,0,0,2021,10,12870,191.23328380386332,16.825,0.6470588235294118,버스권,신축,3
chuo,中央区,54.1,2,2.4,6,11,6.8,빌라,남동,0,1,0,0,2025,3,9630,178.00369685767097,27.05,0.5454545454545454,도보권,신축,1
chiyoda,千代田区,90.6,4,4.1,10,15,3.4,타워맨션,북서,0,1,0,0,2022,6,24870,274.5033112582782,22.65,0.6666666666666666,도보권,신축,1
kita,北区,37.7,1,31.6,5,9,1.8,아파트,남서,1,0,0,0,2023,7,2210,58.62068965517241,37.7,0.5555555555555556,역세권,노후,2
shinjuku,新宿区,70.1,3,6.6,2,8,2.2,맨션,남동,0,1,0,0,2022,2,13670,195.0071326676177,23.366666666666664,0.25,역세권,준신축,1
minato,港区,87.2,3,1.7,3,6,12.2,타워맨션,남동,1,1,0,0,2024,12,29400,337.1559633027523,29.066666666666666,0.5,버스권,신축,3
minato,港区,93.6,4,10.2,4,17,9.1,아파트,서,0,1,1,0,2024,4,18050,192.84188034188034,23.4,0.23529411764705882,버스권,준신축,3
setagaya,世田谷区,41.5,2,0.5,13,19,1.0,맨션,남동,1,0,0,0,2025,7,7470,180.0,20.75,0.6842105263157895,역세권,신축,2
chuo,中央区,42.9,2,5.1,12,13,2.9,타워맨션,남서,0,1,0,1,2025,1,15200,354.31235431235433,21.45,0.9230769230769231,역세권,준신축,2
minato,港区,89.6,4,8.0,12,14,9.8,아파트,남서,0,1,1,0,2022,4,18440,205.80357142857144,22.4,0.8571428571428571,버스권,준신축,3
nerima,練馬区,22.3,1,21.2,9,11,5.6,맨션,남,1,1,0,1,2022,2,1490,66.81614349775785,22.3,0.8181818181818182,도보권,중고,4
edogawa,江戸川区,72.9,3,6.2,7,12,1.0,아파트,동,0,1,1,0,2021,9,4370,59.945130315500684,24.3,0.5833333333333334,역세권,준신축,3
shinagawa,品川区,25.6,2,60.0,8,11,6.0,아파트,남,0,1,0,0,2024,5,2670,104.296875,12.8,0.7272727272727273,도보권,노후,1
toshima,豊島区,87.5,3,1.1,10,15,5.0,맨션,남서,1,1,1,0,2023,2,13280,151.77142857142857,29.166666666666668,0.6666666666666666,도보권,신축,5
ota,大田区,106.4,5,26.6,7,19,5.2,아파트,남,1,0,1,0,2024,2,7550,70.95864661654134,21.28,0.3684210526315789,도보권,중고,4
chuo,中央区,55.4,1,5.6,2,3,1.9,맨션,동,1,0,1,0,2021,8,14220,256.67870036101084,55.4,0.6666666666666666,역세권,준신축,4
shibuya,渋谷区,45.4,1,3.9,5,19,2.4,아파트,남,0,1,1,1,2022,4,9510,209.4713656387665,45.4,0.2631578947368421,역세권,신축,4
toshima,豊島区,87.3,4,25.5,12,17,26.7,아파트,남,0,1,1,0,2022,6,6380,73.08132875143184,21.825,0.7058823529411765,원거리,중고,3
edogawa,江戸川区,81.7,5,21.6,6,7,8.5,맨션,동,0,1,0,1,2024,2,5600,68.54345165238678,16.34,0.8571428571428571,버스권,중고,2
arakawa,荒川区,92.1,4,6.4,3,18,1.2,맨션,남서,0,1,0,0,2025,6,8450,91.74809989142237,23.025,0.16666666666666666,역세권,준신축,1
toshima,豊島区,21.0,1,4.6,14,17,1.0,아파트,남,0,1,1,1,2024,1,3580,170.47619047619048,21.0,0.8235294117647058,역세권,신축,4
shibuya,渋谷区,86.9,4,25.7,12,12,9.6,맨션,동,0,0,1,0,2024,10,13160,151.43843498273878,21.725,1.0,버스권,중고,2
minato,港区,52.1,3,44.9,7,11,7.7,맨션,남동,1,0,0,0,2023,8,7470,143.37811900191937,17.366666666666667,0.6363636363636364,버스권,노후,2
shinagawa,品川区,65.7,2,60.0,11,19,3.0,아파트,남서,1,1,1,0,2023,4,6440,98.02130898021309,32.85,0.5789473684210527,역세권,노후,5
shibuya,渋谷区,98.2,4,40.2,14,18,5.6,맨션,동,1,1,0,0,2021,12,10990,111.91446028513238,24.55,0.7777777777777778,도보권,노후,3
chuo,中央区,47.5,1,58.2,10,16,11.1,아파트,동,0,1,0,0,2024,9,5460,114.94736842105263,47.5,0.625,버스권,노후,1
suginami,杉並区,37.9,3,13.1,3,15,3.4,맨션,동,0,1,0,0,2025,7,4110,108.44327176781003,12.633333333333333,0.2,도보권,준신축,1
shibuya,渋谷区,77.8,2,3.5,6,16,4.5,아파트,남,0,0,0,0,2025,9,15880,204.11311053984576,38.9,0.375,도보권,신축,0
toshima,豊島区,58.3,2,13.1,4,8,1.8,맨션,남서,0,1,0,0,2022,8,6500,111.49228130360207,29.15,0.5,역세권,준신축,1
minato,港区,20.0,1,11.6,4,16,2.8,아파트,북동,0,1,0,0,2022,4,4810,240.5,20.0,0.25,역세권,준신축,1
setagaya,世田谷区,96.9,5,11.4,6,8,1.0,아파트,남동,0,1,0,0,2025,6,11410,117.750257997936,19.380000000000003,0.75,역세권,준신축,1
nerima,練馬区,84.3,4,33.9,3,4,1.2,맨션,남,0,0,1,0,2022,1,4820,57.176749703440095,21.075,0.75,역세권,노후,2
shinagawa,品川区,36.7,1,6.2,12,14,2.3,맨션,남서,0,1,1,1,2023,10,7250,197.5476839237057,36.7,0.8571428571428571,역세권,준신축,4
chiyoda,千代田区,86.2,4,8.6,8,9,2.2,타워맨션,남서,0,1,1,0,2022,8,29930,347.21577726218095,21.55,0.8888888888888888,역세권,준신축,3
shinjuku,新宿区,93.9,3,15.8,6,18,2.0,아파트,남동,0,1,0,0,2024,2,15120,161.02236421725237,31.3,0.3333333333333333,역세권,중고,1
nakano,中野区,43.4,1,5.5,8,17,16.8,빌라,동,1,1,1,0,2022,2,3360,77.41935483870968,43.4,0.47058823529411764,원거리,준신축,5
chiyoda,千代田区,36.9,1,35.8,4,15,4.2,타워맨션,남서,0,0,1,1,2024,8,6680,181.029810298103,36.9,0.26666666666666666,도보권,노후,3
minato,港区,94.5,5,5.2,2,12,2.2,맨션,북,0,1,0,1,2022,7,30730,325.18518518518516,18.9,0.16666666666666666,역세권,준신축,2
setagaya,世田谷区,76.0,4,60.0,9,9,1.0,맨션,남,0,1,0,1,2022,3,6140,80.78947368421052,19.0,1.0,역세권,노후,2
chiyoda,千代田区,20.0,1,13.5,10,18,15.6,아파트,남동,1,0,1,0,2024,8,3610,180.5,20.0,0.5555555555555556,원거리,준신축,4
katsushika,葛飾区,41.4,2,1.4,10,11,1.0,맨션,남,0,0,1,0,2025,7,3260,78.74396135265701,20.7,0.9090909090909091,역세권,신축,2
shibuya,渋谷区,65.0,3,15.2,14,14,30.0,맨션,남,0,1,1,0,2021,11,10390,159.84615384615384,21.666666666666668,1.0,원거리,중고,3
nerima,練馬区,71.0,3,9.4,4,16,1.3,맨션,남,0,1,0,0,2023,10,5900,83.09859154929578,23.666666666666668,0.25,역세권,준신축,1
bunkyo,文京区,77.6,4,17.5,10,11,9.8,맨션,남서,1,1,0,0,2024,12,11920,153.60824742268042,19.4,0.9090909090909091,버스권,중고,3
nakano,中野区,39.4,1,7.0,4,13,1.9,맨션,남서,0,1,0,0,2025,10,4930,125.1269035532995,39.4,0.3076923076923077,역세권,준신축,1
meguro,目黒区,98.6,4,41.0,7,12,1.0,아파트,북동,0,1,1,0,2022,8,9050,91.78498985801218,24.65,0.5833333333333334,역세권,노후,3
nerima,練馬区,27.2,2,7.9,11,14,6.0,아파트,남동,0,1,0,0,2022,4,2030,74.63235294117648,13.6,0.7857142857142857,도보권,준신축,1
shibuya,渋谷区,59.4,2,10.7,1,13,3.8,빌라,남동,0,1,1,0,2025,3,11260,189.56228956228958,29.7,0.07692307692307693,도보권,준신축,3
chuo,中央区,79.1,4,3.3,7,15,8.0,맨션,남,1,0,0,0,2023,4,18420,232.86978508217447,19.775,0.4666666666666667,버스권,신축,2
kita,北区,82.3,4,8.2,13,16,3.3,빌라,남,1,0,1,1,2022,11,7230,87.84933171324423,20.575,0.8125,도보권,준신축,5
minato,港区,63.4,3,8.9,1,9,6.1,맨션,서,1,1,0,0,2023,8,18020,284.22712933753945,21.133333333333333,0.1111111111111111,도보권,준신축,3
ota,大田区,53.2,2,18.7,3,15,12.6,타워맨션,남동,0,1,0,1,2025,7,4560,85.71428571428571,26.6,0.2,버스권,중고,2
shibuya,渋谷区,89.4,4,0.4,14,17,6.0,맨션,남,0,1,1,0,2025,6,21150,236.57718120805367,22.35,0.8235294117647058,도보권,신축,3
chuo,中央区,29.6,1,1.9,1,15,4.9,타워맨션,남,0,0,1,1,2025,11,9490,320.60810810810807,29.6,0.06666666666666667,도보권,신축,3
nakano,中野区,78.2,3,5.1,12,14,24.5,아파트,북서,0,0,0,0,2022,5,6140,78.51662404092072,26.066666666666666,0.8571428571428571,원거리,준신축,0
toshima,豊島区,85.0,4,5.9,9,10,1.0,타워맨션,동,1,1,0,0,2024,1,18140,213.41176470588235,21.25,0.9,역세권,준신축,3
sumida,墨田区,63.8,3,3.3,9,11,6.6,맨션,남,0,1,1,0,2025,8,7630,119.59247648902821,21.266666666666666,0.8181818181818182,도보권,신축,3
minato,港区,91.3,4,3.1,2,17,7.4,아파트,남서,0,1,1,0,2023,1,20360,223.00109529025193,22.825,0.11764705882352941,버스권,신축,3
suginami,杉並区,66.1,3,34.8,9,14,1.1,아파트,남서,0,1,1,0,2022,9,5270,79.72768532526476,22.03333333333333,0.6428571428571429,역세권,노후,3
shinagawa,品川区,64.9,3,14.9,9,19,3.3,맨션,북서,0,1,0,0,2023,10,9330,143.75963020030815,21.633333333333336,0.47368421052631576,도보권,준신축,1
katsushika,葛飾区,60.7,3,3.1,7,11,1.2,아파트,남서,0,1,1,0,2024,12,3530,58.15485996705107,20.233333333333334,0.6363636363636364,역세권,신축,3
edogawa,江戸川区,59.0,3,4.7,10,14,14.8,타워맨션,남서,0,0,1,1,2024,3,5840,98.98305084745763,19.666666666666668,0.7142857142857143,버스권,신축,3
shinagawa,品川区,86.8,4,8.9,14,16,5.0,아파트,남동,0,1,1,0,2022,3,14130,162.78801843317973,21.7,0.875,도보권,준신축,3
chuo,中央区,83.3,3,11.1,4,14,2.9,맨션,남동,0,0,1,0,2025,1,20280,243.45738295318128,27.766666666666666,0.2857142857142857,역세권,준신축,2
taito,台東区,63.4,3,5.2,2,11,1.0,빌라,북동,1,1,1,0,2025,3,7590,119.71608832807571,21.133333333333333,0.18181818181818182,역세권,준신축,5
shibuya,渋谷区,82.2,3,21.2,14,16,2.7,맨션,남,0,0,0,0,2023,8,17360,211.19221411192214,27.400000000000002,0.875,역세권,중고,0
suginami,杉並区,89.9,3,15.5,10,16,1.0,타워맨션,서,1,1,0,0,2024,12,14250,158.50945494994437,29.96666666666667,0.625,역세권,중고,3
katsushika,葛飾区,89.5,4,23.4,2,7,1.0,빌라,남,0,1,1,0,2024,8,4170,46.59217877094972,22.375,0.2857142857142857,역세권,중고,3
taito,台東区,52.1,2,27.0,6,6,2.3,맨션,남동,0,1,0,0,2021,12,4730,90.7869481765835,26.05,1.0,역세권,중고,1
minato,港区,63.9,3,53.1,3,6,6.2,맨션,남,0,1,0,1,2024,1,10070,157.58998435054772,21.3,0.5,도보권,노후,2
shibuya,渋谷区,53.1,2,5.1,11,13,2.3,타워맨션,북,1,1,0,1,2021,1,16300,306.96798493408664,26.55,0.8461538461538461,역세권,준신축,4
nakano,中野区,77.0,2,16.2,5,14,9.4,타워맨션,남,0,1,0,0,2022,8,8350,108.44155844155844,38.5,0.35714285714285715,버스권,중고,1
shibuya,渋谷区,20.4,1,10.6,1,6,10.6,아파트,남서,0,0,1,0,2023,12,3450,169.11764705882354,20.4,0.16666666666666666,버스권,준신축,2
chuo,中央区,71.5,2,20.1,1,7,1.0,아파트,동,0,1,1,0,2022,9,12810,179.16083916083917,35.75,0.14285714285714285,역세권,중고,3
nakano,中野区,88.6,4,3.1,4,9,9.8,맨션,남,1,0,0,0,2022,12,10030,113.20541760722348,22.15,0.4444444444444444,버스권,신축,2
koto,江東区,66.8,3,8.1,2,4,4.6,아파트,북,0,1,0,0,2024,4,6490,97.1556886227545,22.266666666666666,0.5,도보권,준신축,1
suginami,杉並区,61.5,3,26.2,10,13,4.4,맨션,서,0,1,0,0,2022,7,6060,98.53658536585365,20.5,0.7692307692307693,도보권,중고,1
shinagawa,品川区,84.2,4,7.6,10,10,11.8,맨션,서,0,1,1,0,2021,12,13880,164.84560570071258,21.05,1.0,버스권,준신축,3
suginami,杉並区,84.8,4,10.5,4,12,3.1,아파트,남서,0,1,0,0,2025,6,10070,118.75,21.2,0.3333333333333333,도보권,준신축,1
minato,港区,20.0,1,45.0,9,10,1.3,아파트,남,0,1,0,0,2024,8,3300,165.0,20.0,0.9,역세권,노후,1
arakawa,荒川区,74.9,3,0.4,12,16,16.4,아파트,남동,0,0,1,0,2025,9,5360,71.56208277703604,24.96666666666667,0.75,원거리,신축,2
taito,台東区,132.6,6,15.7,14,15,8.7,아파트,서,1,1,0,0,2025,12,14500,109.35143288084465,22.099999999999998,0.9333333333333333,버스권,중고,3
shinagawa,品川区,87.0,4,9.1,14,19,6.0,타워맨션,남,0,1,0,0,2022,10,19060,219.08045977011494,21.75,0.7368421052631579,도보권,준신축,1
suginami,杉並区,49.8,2,1.6,11,11,1.1,아파트,북,0,0,0,0,2025,10,6520,130.92369477911646,24.9,1.0,역세권,신축,0
minato,港区,53.1,1,2.6,8,14,6.9,맨션,동,0,1,0,0,2021,5,14930,281.16760828625235,53.1,0.5714285714285714,도보권,신축,1
koto,江東区,94.4,5,13.6,9,19,7.0,맨션,남서,0,1,0,0,2023,6,8570,90.78389830508473,18.880000000000003,0.47368421052631576,도보권,준신축,1
chiyoda,千代田区,75.4,4,29.2,10,11,21.9,아파트,서,0,1,1,0,2025,3,9850,130.6366047745358,18.85,0.9090909090909091,원거리,중고,3
taito,台東区,72.4,3,19.4,6,8,1.0,맨션,동,0,1,1,0,2022,5,8190,113.12154696132596,24.133333333333336,0.75,역세권,중고,3
edogawa,江戸川区,87.2,5,3.1,8,8,10.9,맨션,남서,1,1,0,0,2021,9,6640,76.14678899082568,17.44,1.0,버스권,신축,3
sumida,墨田区,78.5,3,15.4,1,11,25.7,맨션,북서,0,1,1,1,2021,7,5440,69.29936305732484,26.166666666666668,0.09090909090909091,원거리,중고,4
koto,江東区,37.8,1,5.6,1,17,8.5,빌라,동,0,1,1,0,2023,5,2940,77.77777777777779,37.8,0.058823529411764705,버스권,준신축,3
arakawa,荒川区,100.9,5,1.8,3,12,8.1,아파트,남,0,1,0,0,2023,8,7910,78.39444995044599,20.18,0.25,버스권,신축,1
shinjuku,新宿区,52.7,3,1.4,10,16,6.5,아파트,북,0,1,0,1,2025,2,9530,180.83491461100567,17.566666666666666,0.625,도보권,신축,2
kita,北区,76.9,4,16.6,8,14,9.1,아파트,북,1,1,0,0,2024,11,5370,69.83094928478543,19.225,0.5714285714285714,버스권,중고,3
koto,江東区,37.9,1,10.6,2,11,11.9,아파트,남,0,1,0,0,2022,9,3450,91.02902374670185,37.9,0.18181818181818182,버스권,준신축,1
chiyoda,千代田区,72.8,3,3.6,6,11,3.7,아파트,남,0,1,0,0,2023,11,16790,230.63186813186815,24.266666666666666,0.5454545454545454,도보권,신축,1
bunkyo,文京区,85.7,4,28.8,8,13,3.7,아파트,남동,0,1,1,0,2024,5,8830,103.03383897316219,21.425,0.6153846153846154,도보권,중고,3
shibuya,渋谷区,20.0,1,7.4,2,5,3.8,빌라,서,1,1,1,0,2024,3,3510,175.5,20.0,0.4,도보권,준신축,5
suginami,杉並区,53.6,2,6.5,10,12,2.3,아파트,남,0,0,1,0,2022,4,6890,128.54477611940297,26.8,0.8333333333333334,역세권,준신축,2
meguro,目黒区,34.0,1,1.6,1,18,10.5,맨션,남,0,1,0,0,2023,5,5730,168.52941176470588,34.0,0.05555555555555555,버스권,신축,1
toshima,豊島区,20.0,1,2.7,8,12,9.1,빌라,동,0,1,0,0,2022,9,2420,121.0,20.0,0.6666666666666666,버스권,신축,1
adachi,足立区,35.1,2,19.4,7,11,1.2,아파트,북동,0,1,0,0,2025,1,1790,50.997150997150996,17.55,0.6363636363636364,역세권,중고,1
sumida,墨田区,95.8,4,23.0,13,17,5.8,맨션,남서,0,1,1,0,2024,7,8840,92.27557411273487,23.95,0.7647058823529411,도보권,중고,3
bunkyo,文京区,57.1,3,50.6,7,7,1.1,맨션,북동,1,0,0,0,2023,12,4710,82.48686514886164,19.033333333333335,1.0,역세권,노후,2
chuo,中央区,82.6,4,2.1,5,19,5.4,빌라,북동,0,0,0,0,2025,5,15430,186.8038740920097,20.65,0.2631578947368421,도보권,신축,0
kita,北区,76.4,3,60.0,13,17,12.7,맨션,북,0,1,1,1,2024,9,3940,51.57068062827225,25.46666666666667,0.7647058823529411,버스권,노후,4
meguro,目黒区,61.0,2,8.6,4,9,1.0,타워맨션,북동,1,1,0,1,2024,9,14550,238.52459016393442,30.5,0.4444444444444444,역세권,준신축,4
edogawa,江戸川区,76.5,4,10.7,10,19,2.1,아파트,남서,0,0,1,0,2021,11,4880,63.790849673202615,19.125,0.5263157894736842,역세권,준신축,2
meguro,目黒区,73.3,3,60.0,14,16,15.4,아파트,남서,0,1,0,0,2022,2,4990,68.07639836289222,24.433333333333334,0.875,원거리,노후,1
nakano,中野区,61.1,2,30.3,7,8,10.9,타워맨션,동,0,1,1,0,2024,1,6040,98.8543371522095,30.55,0.875,버스권,노후,3
shinjuku,新宿区,69.1,2,27.2,3,18,12.2,맨션,남,0,1,1,0,2021,10,7340,106.22286541244574,34.55,0.16666666666666666,버스권,중고,3
minato,港区,86.4,4,2.7,8,8,17.8,빌라,남,1,0,1,0,2021,6,16400,189.8148148148148,21.6,1.0,원거리,신축,4
setagaya,世田谷区,51.8,1,0.7,6,16,9.7,아파트,동,0,0,0,0,2022,3,5700,110.03861003861005,51.8,0.375,버스권,신축,0
katsushika,葛飾区,29.0,1,8.3,7,10,1.0,맨션,남서,0,0,1,0,2022,2,1610,55.51724137931034,29.0,0.7,역세권,준신축,2
meguro,目黒区,57.1,3,2.6,14,15,10.6,맨션,남서,0,1,0,0,2022,12,9590,167.95096322241682,19.033333333333335,0.9333333333333333,버스권,신축,1
edogawa,江戸川区,40.9,2,0.1,5,18,1.5,타워맨션,북서,0,1,1,0,2020,12,3920,95.8435207823961,20.45,0.2777777777777778,역세권,신축,3
meguro,目黒区,91.6,5,2.3,5,6,6.3,아파트,북서,0,0,1,0,2024,3,14650,159.9344978165939,18.32,0.8333333333333334,도보권,신축,2
chiyoda,千代田区,63.6,2,13.7,3,15,1.0,맨션,북,1,1,1,0,2023,5,17170,269.9685534591195,31.8,0.2,역세권,준신축,5
sumida,墨田区,26.2,2,12.4,5,8,1.0,타워맨션,남동,0,1,1,0,2025,10,2980,113.74045801526718,13.1,0.625,역세권,준신축,3
bunkyo,文京区,72.3,3,1.2,9,14,2.3,타워맨션,남,0,1,1,0,2022,1,14930,206.50069156293225,24.099999999999998,0.6428571428571429,역세권,신축,3
shibuya,渋谷区,63.6,3,9.3,8,16,1.3,타워맨션,남동,0,1,0,0,2025,1,20800,327.0440251572327,21.2,0.5,역세권,준신축,1
shibuya,渋谷区,70.8,3,53.4,8,18,1.0,타워맨션,남서,0,1,1,0,2022,2,13710,193.6440677966102,23.599999999999998,0.4444444444444444,역세권,노후,3
minato,港区,67.1,3,9.2,1,4,3.8,아파트,남서,0,1,1,0,2025,3,16200,241.4307004470939,22.366666666666664,0.25,도보권,준신축,3
chiyoda,千代田区,58.8,3,5.4,5,9,12.3,아파트,북,0,1,0,0,2024,9,11430,194.3877551020408,19.599999999999998,0.5555555555555556,버스권,준신축,1
meguro,目黒区,118.0,6,13.3,3,17,1.0,맨션,남서,1,0,1,0,2021,2,21680,183.72881355932202,19.666666666666668,0.17647058823529413,역세권,준신축,4
shinagawa,品川区,30.4,2,33.5,2,19,1.0,맨션,남,0,0,0,1,2024,9,3790,124.67105263157896,15.2,0.10526315789473684,역세권,노후,1
ota,大田区,61.8,3,1.1,5,9,30.0,맨션,동,1,1,1,0,2023,7,6620,107.11974110032362,20.599999999999998,0.5555555555555556,원거리,신축,5
chuo,中央区,59.4,2,25.9,4,9,4.2,맨션,서,0,1,1,0,2022,11,9830,165.4882154882155,29.7,0.4444444444444444,도보권,중고,3
setagaya,世田谷区,61.2,2,2.9,9,13,7.7,맨션,남동,0,0,1,0,2023,10,10770,175.98039215686273,30.6,0.6923076923076923,버스권,신축,2
ota,大田区,40.9,1,4.3,14,18,9.3,아파트,서,0,1,0,1,2023,5,3760,91.93154034229829,40.9,0.7777777777777778,버스권,신축,2
bunkyo,文京区,85.3,4,0.2,2,8,15.3,맨션,남동,1,1,0,0,2021,10,11350,133.05978898007035,21.325,0.25,원거리,신축,3
setagaya,世田谷区,99.1,4,11.6,9,13,1.5,아파트,남,0,1,0,0,2024,8,11570,116.75075681130173,24.775,0.6923076923076923,역세권,준신축,1
edogawa,江戸川区,78.5,4,7.4,4,14,5.4,맨션,동,1,1,1,0,2025,4,6750,85.98726114649682,19.625,0.2857142857142857,도보권,준신축,5
sumida,墨田区,94.8,4,2.9,5,7,2.0,아파트,북,0,1,0,1,2024,7,10080,106.32911392405063,23.7,0.7142857142857143,역세권,신축,2
minato,港区,92.6,4,6.7,11,11,10.6,맨션,남동,0,0,0,0,2024,10,21860,236.06911447084235,23.15,1.0,버스권,준신축,0
arakawa,荒川区,97.4,4,9.1,4,4,28.6,맨션,서,0,1,1,0,2024,9,6800,69.81519507186857,24.35,1.0,원거리,준신축,3
kita,北区,95.7,4,3.5,4,18,4.3,맨션,북서,0,1,0,1,2022,4,7780,81.2957157784744,23.925,0.2222222222222222,도보권,신축,2
minato,港区,42.6,2,3.1,7,12,1.8,아파트,남,1,1,1,1,2024,2,19030,446.7136150234742,21.3,0.5833333333333334,역세권,신축,6
shinagawa,品川区,75.2,3,3.2,7,8,10.6,아파트,북동,0,1,0,0,2023,7,9020,119.94680851063829,25.066666666666666,0.875,버스권,신축,1
shibuya,渋谷区,110.2,5,32.9,11,15,3.6,빌라,남동,0,1,1,0,2025,4,16300,147.91288566243193,22.04,0.7333333333333333,도보권,노후,3
kita,北区,71.1,4,6.4,13,15,2.5,아파트,남동,1,1,0,0,2024,6,7600,106.8917018284107,17.775,0.8666666666666667,역세권,준신축,3
sumida,墨田区,58.4,2,8.1,9,14,2.2,아파트,남,0,0,0,0,2025,9,5460,93.4931506849315,29.2,0.6428571428571429,역세권,준신축,0
kita,北区,77.7,4,9.5,9,9,17.5,타워맨션,남동,0,1,0,0,2021,8,6480,83.3976833976834,19.425,1.0,원거리,준신축,1
nerima,練馬区,79.8,3,20.4,3,7,8.0,맨션,남,0,1,1,0,2025,2,7080,88.7218045112782,26.599999999999998,0.42857142857142855,버스권,중고,3
shibuya,渋谷区,20.0,1,9.9,14,16,2.3,맨션,남동,1,1,0,0,2022,8,5330,266.5,20.0,0.875,역세권,준신축,3
arakawa,荒川区,28.2,1,9.1,9,17,4.2,아파트,남,1,1,1,0,2021,6,2100,74.46808510638299,28.2,0.5294117647058824,도보권,준신축,5
chiyoda,千代田区,115.7,5,22.0,9,15,2.5,빌라,서,0,1,1,0,2022,3,21560,186.34399308556613,23.14,0.6,역세권,중고,3
nerima,練馬区,89.6,4,6.3,4,18,3.5,맨션,남서,1,1,1,0,2024,11,7670,85.60267857142858,22.4,0.2222222222222222,도보권,준신축,5
meguro,目黒区,89.4,4,18.5,6,15,3.3,아파트,서,1,0,0,0,2021,3,11060,123.71364653243847,22.35,0.4,도보권,중고,2
chiyoda,千代田区,41.5,2,5.0,6,16,9.1,아파트,남동,0,1,0,1,2021,12,7830,188.67469879518072,20.75,0.375,버스권,신축,2
sumida,墨田区,70.4,3,5.4,13,19,9.9,아파트,남동,0,1,0,0,2024,1,6100,86.64772727272727,23.46666666666667,0.6842105263157895,버스권,준신축,1
setagaya,世田谷区,33.8,1,20.6,6,12,9.9,아파트,남,0,1,1,0,2022,10,3210,94.97041420118344,33.8,0.5,버스권,중고,3
chuo,中央区,39.0,2,2.5,14,17,9.8,빌라,북서,1,1,0,0,2022,11,7580,194.35897435897436,19.5,0.8235294117647058,버스권,신축,3
sumida,墨田区,23.4,1,7.7,9,14,5.2,타워맨션,북동,0,0,1,0,2021,3,2580,110.25641025641026,23.4,0.6428571428571429,도보권,준신축,2
koto,江東区,56.1,3,4.6,11,16,27.7,아파트,북서,0,1,1,0,2022,11,5250,93.58288770053476,18.7,0.6875,원거리,신축,3
setagaya,世田谷区,28.6,1,13.0,8,18,6.6,아파트,남,1,1,1,1,2024,2,4520,158.04195804195803,28.6,0.4444444444444444,도보권,준신축,6
katsushika,葛飾区,71.5,3,9.4,7,13,7.6,아파트,서,1,0,0,0,2021,6,4290,60.0,23.833333333333332,0.5384615384615384,버스권,준신축,2
shinagawa,品川区,79.6,3,3.0,7,17,3.0,빌라,동,1,0,1,0,2024,11,11050,138.81909547738695,26.53333333333333,0.4117647058823529,역세권,신축,4
shinagawa,品川区,52.0,2,13.4,6,12,17.5,아파트,남동,0,1,0,0,2023,1,6480,124.61538461538461,26.0,0.5,원거리,준신축,1
shibuya,渋谷区,64.9,2,7.7,7,18,15.5,맨션,서,0,1,1,0,2021,12,10010,154.23728813559322,32.45,0.3888888888888889,원거리,준신축,3
toshima,豊島区,46.1,2,9.0,1,14,1.0,아파트,서,0,1,1,1,2022,9,5920,128.4164859002169,23.05,0.07142857142857142,역세권,준신축,4
adachi,足立区,46.9,2,19.1,9,15,9.3,맨션,남동,0,1,0,0,2025,9,2350,50.10660980810235,23.45,0.6,버스권,중고,1
suginami,杉並区,114.1,5,23.9,10,19,15.4,아파트,남,0,1,0,0,2023,4,7950,69.67572304995618,22.82,0.5263157894736842,원거리,중고,1
suginami,杉並区,79.3,4,0.5,4,5,9.4,맨션,남,0,1,0,0,2025,4,10420,131.39974779319041,19.825,0.8,버스권,신축,1
chuo,中央区,114.1,6,27.4,5,15,2.8,맨션,서,0,0,1,0,2023,2,20980,183.8737949167397,19.016666666666666,0.3333333333333333,역세권,중고,2
chiyoda,千代田区,36.1,2,4.7,9,14,6.1,아파트,남동,0,1,0,0,2025,7,9250,256.2326869806094,18.05,0.6428571428571429,도보권,신축,1
taito,台東区,63.9,3,14.3,12,12,2.8,맨션,북,0,1,1,0,2022,4,8210,128.48200312989044,21.3,1.0,역세권,준신축,3
bunkyo,文京区,55.3,3,12.8,1,18,6.9,타워맨션,동,0,0,0,0,2025,10,10420,188.42676311030743,18.433333333333334,0.05555555555555555,도보권,준신축,0
minato,港区,54.7,3,31.2,4,14,13.3,아파트,북서,0,1,1,0,2023,2,6480,118.46435100548446,18.233333333333334,0.2857142857142857,버스권,노후,3
ota,大田区,109.6,4,11.8,6,8,1.1,타워맨션,북서,1,1,1,0,2024,11,13720,125.18248175182482,27.4,0.75,역세권,준신축,5
meguro,目黒区,37.0,1,41.5,11,16,2.7,아파트,북동,1,0,0,1,2025,2,3810,102.97297297297297,37.0,0.6875,역세권,노후,3
meguro,目黒区,61.8,2,0.5,6,17,1.0,빌라,남동,1,1,0,1,2023,7,11520,186.40776699029126,30.9,0.35294117647058826,역세권,신축,4
shinagawa,品川区,87.1,4,8.6,11,13,1.0,아파트,남,0,1,0,0,2021,4,13560,155.68312284730197,21.775,0.8461538461538461,역세권,준신축,1
toshima,豊島区,41.1,1,6.6,12,14,22.3,맨션,서,0,0,1,0,2022,4,3740,90.99756690997566,41.1,0.8571428571428571,원거리,준신축,2
minato,港区,54.9,2,25.3,13,17,9.2,맨션,남,1,1,0,1,2024,1,12770,232.6047358834244,27.45,0.7647058823529411,버스권,중고,4
chuo,中央区,82.2,3,4.0,4,17,1.0,빌라,남서,0,1,1,0,2021,9,17520,213.13868613138686,27.400000000000002,0.23529411764705882,역세권,신축,3
arakawa,荒川区,70.8,3,25.4,13,15,2.3,타워맨션,북서,0,1,1,0,2025,8,6440,90.96045197740114,23.599999999999998,0.8666666666666667,역세권,중고,3
kita,北区,44.0,1,30.2,7,18,1.4,맨션,남동,1,1,1,0,2023,12,3140,71.36363636363636,44.0,0.3888888888888889,역세권,노후,5
chiyoda,千代田区,55.4,2,5.1,13,19,2.0,타워맨션,남서,1,0,0,0,2023,5,19210,346.7509025270758,27.7,0.6842105263157895,역세권,준신축,2
chuo,中央区,35.7,1,37.3,10,10,18.9,아파트,남,0,0,0,0,2022,7,3110,87.11484593837534,35.7,1.0,원거리,노후,0
bunkyo,文京区,62.6,2,26.4,3,4,30.0,아파트,남서,0,0,1,0,2022,10,4550,72.68370607028754,31.3,0.75,원거리,중고,2
taito,台東区,37.9,2,19.1,1,19,2.5,맨션,남동,1,1,0,0,2023,3,4600,121.37203166226914,18.95,0.05263157894736842,역세권,중고,3
suginami,杉並区,83.5,3,7.4,7,19,1.4,맨션,북동,1,1,1,0,2022,2,12170,145.74850299401197,27.833333333333332,0.3684210526315789,역세권,준신축,5
arakawa,荒川区,56.1,2,12.6,7,7,8.7,아파트,서,1,0,1,0,2025,8,3960,70.58823529411765,28.05,1.0,버스권,준신축,4
shibuya,渋谷区,90.0,4,3.4,13,19,7.3,빌라,남,0,1,0,0,2022,5,16870,187.44444444444446,22.5,0.6842105263157895,버스권,신축,1
bunkyo,文京区,68.4,2,4.7,5,10,4.9,맨션,북,0,1,1,0,2025,7,11170,163.30409356725144,34.2,0.5,도보권,신축,3
chuo,中央区,71.5,4,50.8,2,14,4.5,아파트,남,0,1,1,0,2021,6,8330,116.5034965034965,17.875,0.14285714285714285,도보권,노후,3
arakawa,荒川区,30.3,1,13.6,13,18,1.0,아파트,북동,1,1,1,0,2022,12,2010,66.33663366336633,30.3,0.7222222222222222,역세권,준신축,5
minato,港区,61.4,3,14.9,2,5,4.4,아파트,동,0,1,1,0,2024,6,12510,203.7459283387622,20.466666666666665,0.4,도보권,준신축,3
toshima,豊島区,23.9,1,18.2,2,7,9.0,타워맨션,남서,0,1,0,0,2022,12,2720,113.80753138075315,23.9,0.2857142857142857,버스권,중고,1
setagaya,世田谷区,79.6,3,0.2,13,15,6.3,아파트,남서,1,1,1,0,2021,7,11130,139.82412060301507,26.53333333333333,0.8666666666666667,도보권,신축,5
adachi,足立区,50.7,2,1.6,7,16,1.0,맨션,남서,1,1,0,0,2024,9,4310,85.00986193293885,25.35,0.4375,역세권,신축,3
bunkyo,文京区,75.5,4,15.3,14,17,5.9,타워맨션,북동,1,1,0,0,2024,11,14050,186.09271523178808,18.875,0.8235294117647058,도보권,중고,3
toshima,豊島区,20.0,1,13.9,8,9,4.8,타워맨션,동,1,1,0,1,2020,12,3190,159.5,20.0,0.8888888888888888,도보권,준신축,4
bunkyo,文京区,90.7,3,0.3,8,15,11.4,맨션,북,0,1,0,0,2021,6,11270,124.25578831312018,30.233333333333334,0.5333333333333333,버스권,신축,1
meguro,目黒区,72.0,3,43.0,4,14,6.1,맨션,동,0,1,0,0,2020,12,6430,89.30555555555556,24.0,0.2857142857142857,도보권,노후,1
shibuya,渋谷区,97.3,5,23.7,2,15,1.0,타워맨션,남서,1,1,1,0,2022,2,23210,238.54059609455294,19.46,0.13333333333333333,역세권,중고,5
koto,江東区,67.1,3,8.2,4,10,1.0,아파트,남,1,1,0,0,2024,1,6650,99.10581222056632,22.366666666666664,0.4,역세권,준신축,3
bunkyo,文京区,102.9,5,4.9,6,6,3.2,빌라,서,0,0,1,0,2024,1,13290,129.1545189504373,20.580000000000002,1.0,도보권,신축,2
adachi,足立区,69.4,3,6.5,4,18,4.7,아파트,남서,0,1,1,0,2023,5,4200,60.51873198847262,23.133333333333336,0.2222222222222222,도보권,준신축,3
kita,北区,80.0,3,13.7,2,5,1.0,맨션,남서,0,0,1,0,2022,4,6300,78.75,26.666666666666668,0.4,역세권,준신축,2
ota,大田区,47.7,3,2.7,7,11,2.1,맨션,남서,0,1,1,1,2022,4,4690,98.32285115303982,15.9,0.6363636363636364,역세권,신축,4
minato,港区,120.1,5,33.5,6,9,5.4,맨션,서,1,0,0,0,2022,12,18300,152.37302248126562,24.02,0.6666666666666666,도보권,노후,2
toshima,豊島区,57.7,2,15.2,9,16,1.0,아파트,남서,1,1,1,1,2023,10,7350,127.38301559792028,28.85,0.5625,역세권,중고,6
shibuya,渋谷区,100.7,4,19.1,14,18,5.1,타워맨션,서,0,0,0,0,2024,6,21750,215.9880834160874,25.175,0.7777777777777778,도보권,중고,0
chuo,中央区,76.9,3,35.8,10,18,5.8,타워맨션,남,0,1,0,1,2024,12,13000,169.05071521456435,25.633333333333336,0.5555555555555556,도보권,노후,2
kita,北区,75.6,2,26.4,8,11,7.8,맨션,남서,0,1,0,0,2023,10,5170,68.3862433862434,37.8,0.7272727272727273,버스권,중고,1
sumida,墨田区,93.2,4,12.6,11,18,13.4,아파트,서,0,1,0,0,2022,6,6830,73.28326180257511,23.3,0.6111111111111112,버스권,준신축,1
bunkyo,文京区,56.5,2,5.2,4,10,10.2,아파트,남,0,1,0,0,2025,2,7580,134.15929203539824,28.25,0.4,버스권,준신축,1
bunkyo,文京区,38.2,2,39.9,13,18,2.4,타워맨션,동,0,0,0,0,2025,6,4010,104.97382198952879,19.1,0.7222222222222222,역세권,노후,0
kita,北区,81.8,4,1.3,1,18,25.9,아파트,남서,0,0,0,1,2025,6,6430,78.60635696821517,20.45,0.05555555555555555,원거리,신축,1
kita,北区,48.5,2,4.2,7,14,11.2,맨션,남,0,1,0,1,2022,1,4740,97.73195876288659,24.25,0.5,버스권,신축,2
koto,江東区,50.0,1,7.3,6,9,9.2,맨션,남,0,1,0,0,2022,9,4540,90.8,50.0,0.6666666666666666,버스권,준신축,1
meguro,目黒区,50.5,2,30.4,14,18,6.4,맨션,남동,1,1,1,0,2022,5,7470,147.92079207920793,25.25,0.7777777777777778,도보권,노후,5
chiyoda,千代田区,77.3,3,7.0,1,17,1.0,빌라,북동,1,1,0,1,2022,2,14880,192.496765847348,25.766666666666666,0.058823529411764705,역세권,준신축,4
meguro,目黒区,26.3,1,2.5,10,19,4.2,맨션,북서,0,1,1,0,2024,11,5130,195.0570342205323,26.3,0.5263157894736842,도보권,신축,3
chiyoda,千代田区,101.7,5,5.5,1,19,7.2,맨션,동,0,1,0,0,2023,2,20540,201.96656833824974,20.34,0.05263157894736842,버스권,준신축,1
shibuya,渋谷区,64.4,3,28.8,5,7,1.0,맨션,남,0,1,1,1,2022,8,10460,162.42236024844718,21.46666666666667,0.7142857142857143,역세권,중고,4
minato,港区,84.7,3,0.7,12,19,9.8,아파트,남,1,1,1,0,2022,9,22540,266.11570247933884,28.233333333333334,0.631578947368421,버스권,신축,5
chiyoda,千代田区,40.8,1,40.7,9,10,1.0,빌라,남동,1,0,1,0,2024,5,5590,137.00980392156865,40.8,0.9,역세권,노후,4
setagaya,世田谷区,70.4,3,17.4,9,11,5.6,맨션,남,0,1,1,0,2025,6,9570,135.9375,23.46666666666667,0.8181818181818182,도보권,중고,3
meguro,目黒区,61.8,2,2.3,1,15,4.1,아파트,북동,0,0,1,0,2022,12,9190,148.70550161812298,30.9,0.06666666666666667,도보권,신축,2
shibuya,渋谷区,20.0,1,3.0,1,10,5.9,맨션,남서,0,1,1,0,2021,5,4070,203.5,20.0,0.1,도보권,신축,3
toshima,豊島区,75.8,3,1.7,10,16,8.0,빌라,남,0,0,1,0,2021,9,6800,89.70976253298153,25.266666666666666,0.625,버스권,신축,2
shinagawa,品川区,34.7,1,17.4,12,14,5.9,맨션,남동,0,0,0,1,2023,10,5290,152.44956772334294,34.7,0.8571428571428571,도보권,중고,1
koto,江東区,45.2,1,13.0,8,10,21.0,맨션,동,1,0,1,0,2024,9,4060,89.82300884955751,45.2,0.8,원거리,준신축,4
chuo,中央区,53.5,3,29.8,3,17,6.1,맨션,남동,1,1,0,0,2022,7,9190,171.77570093457945,17.833333333333332,0.17647058823529413,도보권,중고,3
koto,江東区,46.3,1,14.2,2,16,4.3,타워맨션,남동,0,1,0,0,2023,2,5520,119.22246220302377,46.3,0.125,도보권,준신축,1
edogawa,江戸川区,58.6,3,12.6,12,18,16.8,타워맨션,남,0,1,1,0,2023,1,4420,75.42662116040955,19.533333333333335,0.6666666666666666,원거리,준신축,3
adachi,足立区,71.7,3,12.7,10,14,4.5,아파트,북서,0,1,1,0,2024,12,3980,55.509065550906556,23.900000000000002,0.7142857142857143,도보권,준신축,3
nakano,中野区,109.4,5,19.2,9,16,16.0,맨션,서,0,0,1,0,2023,2,8990,82.17550274223035,21.880000000000003,0.5625,원거리,중고,2
chiyoda,千代田区,55.6,2,5.1,6,19,2.1,맨션,남,0,1,1,1,2023,7,16570,298.0215827338129,27.8,0.3157894736842105,역세권,준신축,4
chuo,中央区,44.5,1,43.5,3,8,7.3,맨션,동,0,0,0,0,2022,1,4590,103.14606741573034,44.5,0.375,버스권,노후,0
koto,江東区,98.2,5,6.6,5,17,1.0,맨션,북서,1,0,0,0,2023,12,11410,116.19144602851324,19.64,0.29411764705882354,역세권,준신축,2
minato,港区,74.0,3,10.3,12,12,10.2,타워맨션,북서,1,1,1,0,2021,11,20710,279.86486486486484,24.666666666666668,1.0,버스권,준신축,5
chiyoda,千代田区,62.4,3,10.6,11,16,18.2,맨션,남,0,1,1,1,2025,8,13590,217.78846153846155,20.8,0.6875,원거리,준신축,4
shinagawa,品川区,52.6,2,56.3,6,11,1.0,타워맨션,남동,0,1,0,0,2021,1,5750,109.31558935361217,26.3,0.5454545454545454,역세권,노후,1
chuo,中央区,90.9,4,35.6,4,13,1.0,아파트,남동,0,1,1,1,2021,6,15560,171.17711771177116,22.725,0.3076923076923077,역세권,노후,4
chuo,中央区,67.3,3,46.6,12,13,1.0,아파트,남동,1,1,1,0,2023,3,9630,143.09063893016346,22.433333333333334,0.9230769230769231,역세권,노후,5
setagaya,世田谷区,65.7,3,22.8,7,10,8.8,아파트,동,1,1,0,0,2021,7,6340,96.49923896499239,21.900000000000002,0.7,버스권,중고,3
arakawa,荒川区,31.7,1,20.1,8,15,1.0,아파트,남,0,1,1,0,2022,5,1980,62.46056782334385,31.7,0.5333333333333333,역세권,중고,3
shinjuku,新宿区,68.1,3,4.5,8,13,7.8,맨션,서,0,1,0,1,2021,6,10430,153.15712187958886,22.7,0.6153846153846154,버스권,신축,2
nerima,練馬区,38.3,1,27.6,9,13,5.9,타워맨션,북서,1,1,0,0,2023,7,2920,76.2402088772846,38.3,0.6923076923076923,도보권,중고,3
koto,江東区,70.0,2,14.9,4,12,4.8,아파트,남동,0,1,1,1,2021,11,5790,82.71428571428571,35.0,0.3333333333333333,도보권,준신축,4
kita,北区,108.0,4,16.5,8,9,26.1,빌라,남,0,1,0,0,2024,1,5480,50.74074074074074,27.0,0.8888888888888888,원거리,중고,1
kita,北区,73.8,4,3.1,1,15,1.7,빌라,서,0,1,0,0,2025,11,4640,62.87262872628727,18.45,0.06666666666666667,역세권,신축,1
chuo,中央区,92.4,3,29.2,5,11,14.9,맨션,북서,0,1,1,0,2020,12,11540,124.89177489177489,30.8,0.45454545454545453,버스권,중고,3
shinagawa,品川区,96.1,4,48.9,3,10,22.6,아파트,북,0,0,0,0,2022,5,4850,50.46826222684704,24.025,0.3,원거리,노후,0
meguro,目黒区,59.8,3,5.5,9,18,4.7,아파트,남동,1,0,0,0,2025,10,10950,183.1103678929766,19.933333333333334,0.5,도보권,준신축,2
nakano,中野区,54.1,1,7.1,5,12,9.2,빌라,남서,0,1,0,0,2022,9,4760,87.98521256931608,54.1,0.4166666666666667,버스권,준신축,1
edogawa,江戸川区,71.0,4,1.1,9,14,7.0,아파트,동,0,0,0,0,2023,7,4570,64.36619718309859,17.75,0.6428571428571429,도보권,신축,0
minato,港区,91.1,4,1.4,11,18,11.1,맨션,서,0,1,0,0,2024,5,24090,264.43468715697037,22.775,0.6111111111111112,버스권,신축,1
setagaya,世田谷区,39.9,2,13.8,13,13,3.8,맨션,남,0,1,1,1,2022,5,5540,138.84711779448622,19.95,1.0,도보권,준신축,4
minato,港区,58.3,2,10.7,11,11,15.5,타워맨션,남,0,1,1,0,2021,10,12600,216.12349914236708,29.15,1.0,원거리,준신축,3
edogawa,江戸川区,68.8,4,21.5,4,16,3.7,맨션,북서,0,0,0,0,2022,2,3380,49.127906976744185,17.2,0.25,도보권,중고,0
ota,大田区,88.4,3,10.4,10,15,1.1,빌라,북동,0,1,0,0,2023,5,7140,80.76923076923076,29.46666666666667,0.6666666666666666,역세권,준신축,1
minato,港区,44.4,1,12.7,6,16,10.7,아파트,서,1,1,1,0,2023,5,9100,204.95495495495496,44.4,0.375,버스권,준신축,5
koto,江東区,56.1,3,3.4,3,4,2.6,타워맨션,서,0,1,1,0,2021,4,7820,139.39393939393938,18.7,0.75,역세권,신축,3
chiyoda,千代田区,88.6,5,6.5,10,17,2.0,아파트,남서,0,1,1,0,2025,10,26800,302.4830699774267,17.72,0.5882352941176471,역세권,준신축,3
arakawa,荒川区,76.6,3,34.5,13,18,12.3,타워맨션,북동,1,1,0,1,2021,2,5370,70.10443864229765,25.53333333333333,0.7222222222222222,버스권,노후,4
itabashi,板橋区,78.1,3,3.7,7,9,1.2,맨션,남,1,1,1,0,2023,11,7660,98.07938540332907,26.03333333333333,0.7777777777777778,역세권,신축,5
suginami,杉並区,79.4,4,6.7,3,13,10.8,빌라,남,1,1,1,0,2025,6,8280,104.28211586901763,19.85,0.23076923076923078,버스권,준신축,5
toshima,豊島区,43.4,1,25.0,5,7,7.2,타워맨션,북서,1,1,1,0,2024,4,5280,121.65898617511522,43.4,0.7142857142857143,버스권,중고,5
sumida,墨田区,78.1,3,7.6,14,14,23.2,아파트,남서,1,0,1,0,2023,1,6330,81.04993597951345,26.03333333333333,1.0,원거리,준신축,4
shinjuku,新宿区,70.3,2,0.3,3,4,1.0,빌라,남서,1,1,1,0,2022,3,12850,182.78805120910386,35.15,0.75,역세권,신축,5
koto,江東区,38.7,1,26.5,11,11,12.2,빌라,북동,0,1,1,1,2021,10,2470,63.82428940568475,38.7,1.0,버스권,중고,4
ota,大田区,72.2,4,3.2,13,17,16.3,타워맨션,남,1,1,0,0,2022,9,9200,127.42382271468144,18.05,0.7647058823529411,원거리,신축,3
shibuya,渋谷区,40.4,2,7.8,10,10,8.6,맨션,북동,1,1,0,1,2024,10,9410,232.92079207920793,20.2,1.0,버스권,준신축,4
shinagawa,品川区,57.5,3,12.6,9,11,4.3,아파트,동,1,1,0,1,2025,7,10090,175.47826086956522,19.166666666666668,0.8181818181818182,도보권,준신축,4
chuo,中央区,95.4,4,2.6,3,18,1.0,맨션,동,0,1,1,0,2021,4,24830,260.27253668763103,23.85,0.16666666666666666,역세권,신축,3
shinjuku,新宿区,107.2,5,31.5,1,8,9.4,맨션,남,0,1,0,1,2022,4,11270,105.13059701492537,21.44,0.125,버스권,노후,2
kita,北区,69.1,3,0.4,11,11,8.9,아파트,남동,0,0,0,0,2024,7,6350,91.89580318379161,23.03333333333333,1.0,버스권,신축,0
meguro,目黒区,33.4,1,23.4,4,16,16.7,맨션,남서,0,1,0,0,2021,6,3350,100.2994011976048,33.4,0.25,원거리,중고,1
meguro,目黒区,100.5,4,48.9,9,18,18.6,아파트,남서,0,1,1,0,2023,1,8250,82.08955223880596,25.125,0.5,원거리,노후,3
meguro,目黒区,31.6,1,2.2,14,18,2.7,맨션,북,1,1,0,0,2023,1,6130,193.9873417721519,31.6,0.7777777777777778,역세권,신축,3
kita,北区,20.0,1,16.0,10,13,1.0,빌라,북,0,1,1,0,2022,3,1370,68.5,20.0,0.7692307692307693,역세권,중고,3
setagaya,世田谷区,96.1,4,1.9,11,16,7.2,아파트,북동,0,1,0,0,2022,9,11120,115.71279916753383,24.025,0.6875,버스권,신축,1
shinjuku,新宿区,107.3,5,0.3,6,6,14.1,타워맨션,남,1,0,0,0,2021,11,23770,221.52842497670085,21.46,1.0,버스권,신축,2
chuo,中央区,72.8,4,6.3,8,18,3.6,아파트,남동,1,1,0,0,2022,5,15990,219.64285714285714,18.2,0.4444444444444444,도보권,준신축,3
adachi,足立区,27.9,1,2.2,13,15,4.1,맨션,남동,0,1,1,0,2023,9,2130,76.34408602150538,27.9,0.8666666666666667,도보권,신축,3
shibuya,渋谷区,59.3,3,0.5,13,13,3.6,아파트,남,0,1,1,0,2024,8,13960,235.41315345699832,19.766666666666666,1.0,도보권,신축,3
shinagawa,品川区,86.5,3,4.6,11,14,11.9,빌라,북동,0,1,0,0,2025,1,10880,125.78034682080924,28.833333333333332,0.7857142857142857,버스권,신축,1
kita,北区,55.7,2,9.4,2,12,3.2,맨션,동,0,1,0,1,2023,3,4550,81.68761220825853,27.85,0.16666666666666666,도보권,준신축,2
edogawa,江戸川区,73.9,3,7.5,13,19,10.5,맨션,서,1,1,0,0,2024,10,6550,88.63328822733423,24.633333333333336,0.6842105263157895,버스권,준신축,3
shinagawa,品川区,95.9,4,1.2,3,18,1.6,타워맨션,남서,1,1,1,0,2022,12,24210,252.4504692387904,23.975,0.16666666666666666,역세권,신축,5
taito,台東区,53.4,2,6.6,8,9,22.1,맨션,북동,0,1,0,0,2022,4,4530,84.8314606741573,26.7,0.8888888888888888,원거리,준신축,1
toshima,豊島区,61.7,3,14.7,5,17,1.9,맨션,남,1,1,1,0,2024,5,9410,152.5121555915721,20.566666666666666,0.29411764705882354,역세권,준신축,5
adachi,足立区,48.4,1,26.8,9,15,12.5,맨션,북서,0,0,1,1,2021,10,2300,47.5206611570248,48.4,0.6,버스권,중고,3
minato,港区,46.3,2,3.0,4,17,3.3,맨션,북,0,0,0,0,2023,10,10850,234.34125269978404,23.15,0.23529411764705882,도보권,신축,0
chuo,中央区,45.2,1,58.1,2,5,2.8,맨션,동,1,1,0,0,2024,6,6770,149.77876106194688,45.2,0.4,역세권,노후,3
kita,北区,89.2,4,2.2,11,16,7.0,맨션,남동,1,1,1,1,2020,12,8700,97.53363228699551,22.3,0.6875,도보권,신축,6
shibuya,渋谷区,67.6,3,0.0,13,16,1.0,아파트,남,0,1,1,0,2025,9,21150,312.8698224852071,22.53333333333333,0.8125,역세권,,3
koto,江東区,50.5,2,11.2,13,19,10.2,아파트,서,0,1,1,0,2023,7,4570,90.4950495049505,25.25,0.6842105263157895,버스권,준신축,3
chiyoda,千代田区,49.6,2,19.6,14,19,6.7,아파트,북,0,1,1,0,2024,11,9900,199.59677419354838,24.8,0.7368421052631579,도보권,중고,3
chiyoda,千代田区,123.7,6,7.3,11,19,1.0,맨션,동,0,1,0,0,2022,11,33280,269.03799514955534,20.616666666666667,0.5789473684210527,역세권,준신축,1
setagaya,世田谷区,116.8,6,9.8,14,14,6.6,타워맨션,남,0,1,0,1,2022,6,20210,173.03082191780823,19.466666666666665,1.0,도보권,준신축,2
meguro,目黒区,62.6,2,27.6,12,17,4.2,맨션,북,1,0,1,0,2022,4,7590,121.24600638977635,31.3,0.7058823529411765,도보권,중고,4
ota,大田区,113.8,5,4.3,1,18,1.0,아파트,남,1,1,1,1,2023,6,11890,104.48154657293497,22.759999999999998,0.05555555555555555,역세권,신축,6
shibuya,渋谷区,52.4,1,31.3,1,4,1.0,아파트,남동,1,1,1,0,2025,4,9220,175.95419847328245,52.4,0.25,역세권,노후,5
minato,港区,103.0,4,2.2,9,16,14.1,아파트,남,0,1,0,0,2021,8,22060,214.1747572815534,25.75,0.5625,버스권,신축,1
nakano,中野区,35.0,2,37.3,5,10,1.0,맨션,남서,1,1,0,0,2021,9,2800,80.0,17.5,0.5,역세권,노후,3
minato,港区,98.9,4,9.1,1,5,10.5,빌라,동,1,1,0,0,2024,9,19240,194.53993933265923,24.725,0.2,버스권,준신축,3
shibuya,渋谷区,83.6,5,38.3,2,13,8.2,빌라,남서,1,1,0,0,2022,3,7570,90.55023923444976,16.72,0.15384615384615385,버스권,노후,3
bunkyo,文京区,42.2,2,6.0,13,17,8.2,맨션,서,0,0,0,0,2024,3,5510,130.56872037914692,21.1,0.7647058823529411,버스권,준신축,0
shinjuku,新宿区,84.3,4,2.5,6,9,26.4,맨션,남,0,1,1,0,2022,10,12530,148.63582443653618,21.075,0.6666666666666666,원거리,신축,3
shinagawa,品川区,60.8,2,0.7,11,12,3.2,맨션,남,0,1,0,0,2024,8,13170,216.61184210526318,30.4,0.9166666666666666,도보권,신축,1
adachi,足立区,55.2,2,5.7,1,17,4.6,아파트,북서,0,0,1,0,2021,4,3170,57.427536231884055,27.6,0.058823529411764705,도보권,준신축,2
koto,江東区,62.9,2,24.2,5,18,6.7,아파트,남서,0,1,1,0,2023,5,4690,74.56279809220986,31.45,0.2777777777777778,도보권,중고,3
shinagawa,品川区,42.9,1,0.4,11,17,30.0,타워맨션,남,0,1,0,0,2024,3,8690,202.56410256410257,42.9,0.6470588235294118,원거리,신축,1
chuo,中央区,20.0,1,10.1,6,17,4.0,맨션,남서,0,1,1,0,2022,4,4110,205.5,20.0,0.35294117647058826,도보권,준신축,3
setagaya,世田谷区,60.1,3,6.6,14,14,8.7,아파트,남서,0,1,0,0,2025,8,8270,137.60399334442596,20.033333333333335,1.0,버스권,준신축,1
minato,港区,100.3,4,11.4,12,18,14.6,빌라,북동,0,1,0,0,2024,9,17760,177.06879361914258,25.075,0.6666666666666666,버스권,준신축,1
minato,港区,20.0,1,33.0,9,12,2.4,빌라,남서,0,1,1,0,2025,7,3410,170.5,20.0,0.75,역세권,노후,3
meguro,目黒区,77.6,4,6.1,5,5,3.5,타워맨션,남서,0,1,1,0,2023,12,19060,245.61855670103094,19.4,1.0,도보권,준신축,3
katsushika,葛飾区,73.0,2,8.9,3,8,1.0,아파트,북서,0,1,1,0,2022,6,4000,54.794520547945204,36.5,0.375,역세권,준신축,3
nakano,中野区,54.1,1,6.4,1,5,1.0,맨션,동,0,1,0,0,2025,8,6160,113.86321626617375,54.1,0.2,역세권,준신축,1
bunkyo,文京区,73.7,3,9.7,1,8,6.9,맨션,남,1,0,0,0,2023,9,10320,140.0271370420624,24.566666666666666,0.125,도보권,준신축,2
chuo,中央区,53.1,3,1.5,2,16,3.7,타워맨션,동,0,1,1,0,2021,8,13600,256.120527306968,17.7,0.125,도보권,신축,3
adachi,足立区,39.4,1,6.1,5,8,7.1,맨션,남동,1,1,1,0,2022,4,2620,66.49746192893402,39.4,0.625,버스권,준신축,5
itabashi,板橋区,84.3,4,39.8,4,18,5.0,맨션,북동,0,1,1,0,2023,2,3470,41.16251482799526,21.075,0.2222222222222222,도보권,노후,3
ota,大田区,73.6,2,2.4,4,5,22.4,아파트,서,0,1,1,0,2021,1,5710,77.58152173913044,36.8,0.8,원거리,신축,3
sumida,墨田区,77.6,3,8.0,5,8,3.9,타워맨션,북동,0,1,0,0,2022,9,8610,110.9536082474227,25.866666666666664,0.625,도보권,준신축,1
chiyoda,千代田区,59.4,3,32.5,3,5,29.3,맨션,서,1,1,0,0,2021,6,5650,95.11784511784512,19.8,0.6,원거리,노후,3
chuo,中央区,69.1,4,19.3,11,13,6.7,타워맨션,남,1,0,1,1,2023,3,18360,265.7018813314038,17.275,0.8461538461538461,도보권,중고,5
shibuya,渋谷区,93.9,3,17.2,3,18,2.1,아파트,남서,0,1,0,0,2025,1,16370,174.33439829605962,31.3,0.16666666666666666,역세권,중고,1
koto,江東区,39.4,2,9.3,10,16,1.0,맨션,남서,1,1,1,1,2021,1,5410,137.30964467005077,19.7,0.625,역세권,준신축,6
chiyoda,千代田区,20.0,1,3.5,14,14,6.9,아파트,북서,0,1,0,0,2024,2,4640,232.0,20.0,1.0,도보권,신축,1
chiyoda,千代田区,69.6,3,9.5,11,17,1.0,아파트,남서,0,1,1,0,2021,8,16520,237.35632183908046,23.2,0.6470588235294118,역세권,준신축,3
kita,北区,84.5,4,14.7,3,14,2.9,아파트,북,0,1,0,0,2025,6,5720,67.6923076923077,21.125,0.21428571428571427,역세권,준신축,1
nerima,練馬区,110.6,5,48.5,2,17,1.0,아파트,동,0,1,0,0,2022,4,4320,39.05967450271248,22.119999999999997,0.11764705882352941,역세권,노후,1
setagaya,世田谷区,27.5,1,22.2,8,15,5.8,맨션,남,0,0,0,0,2021,3,2660,96.72727272727273,27.5,0.5333333333333333,도보권,중고,0
toshima,豊島区,27.3,1,12.3,3,16,8.0,맨션,남,0,1,0,0,2024,3,3140,115.01831501831502,27.3,0.1875,버스권,준신축,1
nakano,中野区,84.9,4,6.3,5,15,4.2,맨션,북,0,0,1,0,2022,7,9320,109.77620730270907,21.225,0.3333333333333333,도보권,준신축,2
shibuya,渋谷区,41.2,1,8.9,14,19,4.7,빌라,남,0,1,0,0,2022,12,6980,169.41747572815532,41.2,0.7368421052631579,도보권,준신축,1
toshima,豊島区,25.3,1,0.6,6,13,9.6,맨션,남서,1,1,0,0,2024,1,3540,139.92094861660078,25.3,0.46153846153846156,버스권,신축,3
shinagawa,品川区,49.9,2,8.7,10,11,1.9,맨션,남,0,1,1,0,2022,1,9060,181.56312625250501,24.95,0.9090909090909091,역세권,준신축,3
chuo,中央区,62.3,3,20.2,7,19,1.1,맨션,남동,0,0,1,0,2023,2,11720,188.1219903691814,20.766666666666666,0.3684210526315789,역세권,중고,2
sumida,墨田区,86.7,4,6.4,6,19,21.8,빌라,남서,0,1,0,1,2022,7,6170,71.16493656286043,21.675,0.3157894736842105,원거리,준신축,2
nakano,中野区,32.6,1,12.5,10,15,4.6,빌라,북동,0,1,0,0,2022,7,2680,82.20858895705521,32.6,0.6666666666666666,도보권,준신축,1
edogawa,江戸川区,68.2,3,4.8,5,15,12.6,맨션,남,0,1,1,0,2023,12,5220,76.53958944281524,22.733333333333334,0.3333333333333333,버스권,신축,3
shibuya,渋谷区,87.3,4,9.7,10,18,1.2,맨션,남,0,0,0,0,2023,12,20670,236.76975945017182,21.825,0.5555555555555556,역세권,준신축,0
kita,北区,48.4,2,10.9,12,15,1.3,아파트,남,0,1,0,0,2022,6,3950,81.61157024793388,24.2,0.8,역세권,준신축,1
chiyoda,千代田区,90.5,5,6.8,5,15,1.0,아파트,남서,0,1,0,0,2024,2,25500,281.76795580110496,18.1,0.3333333333333333,역세권,준신축,1
adachi,足立区,34.3,1,8.8,9,9,8.3,아파트,남,0,0,0,1,2021,9,1940,56.5597667638484,34.3,1.0,버스권,준신축,1
arakawa,荒川区,45.1,1,22.2,14,14,2.0,아파트,남동,0,1,1,0,2023,5,3330,73.83592017738358,45.1,1.0,역세권,중고,3
shinagawa,品川区,87.4,3,4.9,3,18,3.3,아파트,북,0,1,1,0,2022,6,13390,153.20366132723112,29.133333333333336,0.16666666666666666,도보권,신축,3
koto,江東区,88.0,4,2.3,6,6,1.7,타워맨션,북서,0,1,1,0,2024,4,13300,151.13636363636363,22.0,1.0,역세권,신축,3
chiyoda,千代田区,76.9,3,14.5,2,8,8.9,맨션,동,0,0,0,1,2021,3,14700,191.15734720416123,25.633333333333336,0.25,버스권,준신축,1
shinagawa,品川区,44.1,1,7.0,6,12,1.6,아파트,남,0,0,0,0,2021,8,7230,163.9455782312925,44.1,0.5,역세권,준신축,0
shibuya,渋谷区,54.0,2,25.7,9,10,5.2,타워맨션,남,0,0,0,0,2024,3,11610,215.0,27.0,0.9,도보권,중고,0
setagaya,世田谷区,57.2,2,42.6,2,2,1.0,맨션,북동,1,1,0,0,2023,1,4730,82.6923076923077,28.6,1.0,역세권,노후,3
nerima,練馬区,40.3,1,35.7,5,14,7.3,맨션,동,0,1,0,0,2023,7,2320,57.56823821339951,40.3,0.35714285714285715,버스권,노후,1
suginami,杉並区,52.3,2,31.7,10,11,5.5,아파트,남,1,1,0,0,2025,8,4560,87.18929254302104,26.15,0.9090909090909091,도보권,노후,3
meguro,目黒区,98.1,4,0.1,13,16,5.5,아파트,남,1,0,0,0,2021,11,14970,152.5993883792049,24.525,0.8125,도보권,신축,2
shibuya,渋谷区,116.3,6,42.5,3,6,30.0,맨션,남동,0,0,1,0,2023,11,11260,96.81857265692176,19.383333333333333,0.5,원거리,노후,2
meguro,目黒区,20.0,1,17.6,6,14,2.1,맨션,북서,0,1,0,1,2023,1,3140,157.0,20.0,0.42857142857142855,역세권,중고,2
shinagawa,品川区,69.6,3,60.0,10,14,5.6,맨션,북서,0,1,1,1,2021,5,6810,97.8448275862069,23.2,0.7142857142857143,도보권,노후,4
bunkyo,文京区,57.4,3,26.2,2,7,4.1,아파트,남서,0,0,1,0,2021,12,5380,93.72822299651568,19.133333333333333,0.2857142857142857,도보권,중고,2
shinagawa,品川区,75.0,3,6.0,2,8,1.9,맨션,동,0,1,0,0,2025,8,12420,165.6,25.0,0.25,역세권,준신축,1
chuo,中央区,61.2,3,15.2,11,17,15.5,맨션,남동,0,0,1,0,2024,11,10170,166.17647058823528,20.400000000000002,0.6470588235294118,원거리,중고,2
bunkyo,文京区,59.2,2,4.9,13,14,6.6,타워맨션,북,0,1,0,1,2024,6,12720,214.86486486486484,29.6,0.9285714285714286,도보권,신축,2
nerima,練馬区,41.8,2,60.0,3,12,10.8,맨션,남동,1,1,1,0,2023,6,2060,49.282296650717704,20.9,0.25,버스권,노후,5
shinagawa,品川区,20.0,1,10.2,13,15,1.5,맨션,남동,0,0,1,1,2024,3,3850,192.5,20.0,0.8666666666666667,역세권,준신축,3
shibuya,渋谷区,75.0,3,52.0,7,19,3.0,아파트,서,0,1,0,0,2023,4,6850,91.33333333333333,25.0,0.3684210526315789,역세권,노후,1
chiyoda,千代田区,42.6,2,7.8,8,11,13.1,빌라,남동,1,1,0,0,2024,9,9070,212.91079812206573,21.3,0.7272727272727273,버스권,준신축,3
shinagawa,品川区,66.2,3,10.1,14,19,16.1,타워맨션,남,0,0,0,0,2022,8,10050,151.81268882175226,22.066666666666666,0.7368421052631579,원거리,준신축,0
shinagawa,品川区,40.7,2,9.3,4,19,10.6,맨션,남,1,1,1,0,2023,1,7040,172.97297297297297,20.35,0.21052631578947367,버스권,준신축,5
bunkyo,文京区,90.2,4,12.5,12,12,4.7,아파트,남동,0,1,0,0,2022,11,11230,124.50110864745011,22.55,1.0,도보권,준신축,1
arakawa,荒川区,36.5,2,20.9,7,11,7.6,아파트,남서,1,1,0,0,2023,11,2320,63.56164383561644,18.25,0.6363636363636364,버스권,중고,3
setagaya,世田谷区,100.8,4,3.8,3,8,4.5,타워맨션,동,1,0,0,1,2022,7,16270,161.40873015873015,25.2,0.375,도보권,신축,3
setagaya,世田谷区,31.5,1,0.7,2,9,10.4,맨션,남,1,1,0,0,2022,6,4880,154.9206349206349,31.5,0.2222222222222222,버스권,신축,3
katsushika,葛飾区,130.6,6,1.0,2,12,2.7,아파트,북,0,0,0,0,2024,11,7530,57.65696784073507,21.766666666666666,0.16666666666666666,역세권,신축,0
setagaya,世田谷区,56.0,2,19.4,4,13,7.1,아파트,남,0,1,1,0,2025,4,6250,111.60714285714286,28.0,0.3076923076923077,버스권,중고,3
koto,江東区,69.9,3,2.5,1,18,18.5,맨션,동,1,1,1,0,2022,11,7270,104.00572246065808,23.3,0.05555555555555555,원거리,신축,5
suginami,杉並区,71.7,3,4.4,5,12,1.0,아파트,남,1,1,1,0,2025,10,9710,135.42538354253836,23.900000000000002,0.4166666666666667,역세권,신축,5
shinjuku,新宿区,79.6,4,1.0,13,14,8.9,맨션,남,1,0,1,0,2022,8,14690,184.54773869346735,19.9,0.9285714285714286,버스권,신축,4
chuo,中央区,77.8,3,6.3,10,15,1.0,아파트,남동,0,0,1,0,2024,7,17960,230.8483290488432,25.933333333333334,0.6666666666666666,역세권,준신축,2
edogawa,江戸川区,29.9,1,11.4,11,14,4.0,아파트,남,1,1,1,0,2024,1,2390,79.93311036789298,29.9,0.7857142857142857,도보권,준신축,5
minato,港区,55.8,3,42.0,6,7,4.5,타워맨션,남서,1,1,0,0,2023,4,11000,197.1326164874552,18.599999999999998,0.8571428571428571,도보권,노후,3
meguro,目黒区,65.8,3,29.4,10,11,5.8,아파트,서,0,1,0,1,2025,6,6930,105.31914893617022,21.933333333333334,0.9090909090909091,도보권,중고,2
toshima,豊島区,36.9,1,16.1,10,10,12.6,아파트,남,0,1,0,1,2021,2,3680,99.72899728997291,36.9,1.0,버스권,중고,2
shinjuku,新宿区,89.9,4,42.7,13,18,17.0,아파트,남,1,1,1,0,2021,10,6190,68.85428253615127,22.475,0.7222222222222222,원거리,노후,5
shinagawa,品川区,105.4,5,18.8,2,19,2.7,맨션,북서,0,0,1,0,2024,3,14920,141.55597722960152,21.080000000000002,0.10526315789473684,역세권,중고,2
chuo,中央区,100.9,4,21.9,9,18,7.6,타워맨션,남서,0,0,1,0,2022,3,19840,196.63032705649155,25.225,0.5,버스권,중고,2
chiyoda,千代田区,27.0,1,1.5,4,9,1.0,맨션,남,1,1,1,1,2024,1,8210,304.0740740740741,27.0,0.4444444444444444,역세권,신축,6
chuo,中央区,103.3,5,17.3,13,15,30.0,타워맨션,남,0,1,0,1,2021,9,22190,214.811229428848,20.66,0.8666666666666667,원거리,중고,2
shibuya,渋谷区,69.5,3,6.8,13,14,1.8,아파트,동,0,0,0,1,2025,3,15500,223.02158273381295,23.166666666666668,0.9285714285714286,역세권,준신축,1
setagaya,世田谷区,41.2,1,8.9,5,9,12.5,맨션,동,0,0,1,0,2024,2,4800,116.50485436893203,41.2,0.5555555555555556,버스권,준신축,2
shibuya,渋谷区,70.1,3,3.8,9,14,3.9,타워맨션,북동,0,1,0,0,2021,3,18980,270.75606276747504,23.366666666666664,0.6428571428571429,도보권,신축,1
meguro,目黒区,29.3,1,6.8,1,7,6.3,맨션,남동,1,1,1,0,2021,1,4800,163.82252559726962,29.3,0.14285714285714285,도보권,준신축,5
adachi,足立区,128.6,6,10.7,10,17,1.0,아파트,남,0,0,0,0,2025,9,7720,60.031104199066874,21.433333333333334,0.5882352941176471,역세권,준신축,0
nakano,中野区,34.9,2,55.5,3,5,3.6,맨션,남서,1,0,0,0,2021,3,2110,60.458452722063036,17.45,0.6,도보권,노후,2
chiyoda,千代田区,56.2,2,19.1,13,14,28.6,아파트,서,0,1,0,0,2024,9,7010,124.73309608540924,28.1,0.9285714285714286,원거리,중고,1
itabashi,板橋区,71.6,3,23.4,1,11,10.0,맨션,서,1,1,1,0,2022,10,4160,58.10055865921788,23.866666666666664,0.09090909090909091,버스권,중고,5
meguro,目黒区,24.5,1,23.8,14,15,6.1,맨션,남동,1,0,1,0,2022,5,3590,146.53061224489795,24.5,0.9333333333333333,도보권,중고,4
chuo,中央区,29.4,1,17.0,10,18,1.0,맨션,남동,1,1,0,0,2022,1,7390,251.36054421768708,29.4,0.5555555555555556,역세권,중고,3
kita,北区,69.3,4,2.1,6,19,1.3,아파트,남,0,1,1,0,2024,6,6620,95.52669552669553,17.325,0.3157894736842105,역세권,신축,3
toshima,豊島区,64.4,2,6.7,5,17,19.9,맨션,동,1,1,0,0,2025,3,7000,108.69565217391303,32.2,0.29411764705882354,원거리,준신축,3
setagaya,世田谷区,68.3,3,10.1,6,13,1.9,아파트,남서,0,1,1,0,2021,7,7700,112.73792093704246,22.766666666666666,0.46153846153846156,역세권,준신축,3
suginami,杉並区,97.2,4,8.7,2,13,2.3,아파트,동,1,0,1,0,2023,3,9890,101.74897119341564,24.3,0.15384615384615385,역세권,준신축,4
arakawa,荒川区,75.6,3,9.8,8,19,2.5,타워맨션,남서,0,1,1,0,2024,10,7710,101.98412698412699,25.2,0.42105263157894735,역세권,준신축,3
toshima,豊島区,61.2,3,0.3,5,10,22.3,맨션,남서,0,0,1,0,2022,5,6090,99.50980392156862,20.400000000000002,0.5,원거리,신축,2
itabashi,板橋区,26.8,2,7.6,13,17,14.1,아파트,서,0,1,0,0,2024,10,2000,74.6268656716418,13.4,0.7647058823529411,버스권,준신축,1
minato,港区,57.7,3,1.2,3,13,4.3,아파트,남,0,1,1,0,2025,10,17450,302.42634315424607,19.233333333333334,0.23076923076923078,도보권,신축,3
arakawa,荒川区,53.3,2,2.1,6,9,2.8,타워맨션,남서,1,1,0,0,2024,1,6390,119.88742964352721,26.65,0.6666666666666666,역세권,신축,3
sumida,墨田区,64.7,3,15.7,2,14,5.7,맨션,북동,0,1,1,0,2021,6,5190,80.21638330757341,21.566666666666666,0.14285714285714285,도보권,중고,3
shinagawa,品川区,20.0,1,5.1,2,3,5.8,아파트,남서,0,1,1,0,2024,5,3230,161.5,20.0,0.6666666666666666,도보권,준신축,3
meguro,目黒区,55.8,2,15.0,2,11,1.0,아파트,동,0,0,0,0,2025,3,8720,156.27240143369175,27.9,0.18181818181818182,역세권,준신축,0
minato,港区,101.7,5,17.1,13,13,4.0,타워맨션,북동,0,0,0,0,2021,5,30900,303.834808259587,20.34,1.0,도보권,중고,0
adachi,足立区,45.3,2,2.9,9,15,6.8,맨션,남동,0,1,1,0,2025,11,3830,84.54746136865343,22.65,0.6,도보권,신축,3
chiyoda,千代田区,39.3,2,4.7,13,13,6.3,아파트,남동,0,1,1,0,2022,1,9940,252.92620865139952,19.65,1.0,도보권,신축,3
nakano,中野区,82.9,4,1.2,4,9,1.0,맨션,남동,0,0,0,0,2021,12,9090,109.65018094089264,20.725,0.4444444444444444,역세권,신축,0
shibuya,渋谷区,72.4,2,6.5,2,13,3.6,아파트,남동,1,0,1,0,2025,9,16210,223.89502762430936,36.2,0.15384615384615385,도보권,준신축,4
itabashi,板橋区,56.2,2,26.3,5,8,1.5,아파트,남동,0,1,1,1,2021,11,3260,58.007117437722414,28.1,0.625,역세권,중고,4
setagaya,世田谷区,30.5,1,34.3,9,15,13.7,아파트,북동,0,1,0,0,2024,11,2450,80.32786885245902,30.5,0.6,버스권,노후,1
chiyoda,千代田区,83.0,4,24.0,12,14,8.2,맨션,북서,0,1,0,0,2023,4,12130,146.14457831325302,20.75,0.8571428571428571,버스권,중고,1
shinagawa,品川区,58.6,3,2.2,11,14,2.8,맨션,동,1,1,1,0,2021,7,12360,210.92150170648463,19.533333333333335,0.7857142857142857,역세권,신축,5
chuo,中央区,71.3,2,16.5,5,5,10.1,아파트,남,1,1,0,0,2021,10,12320,172.79102384291727,35.65,1.0,버스권,중고,3
toshima,豊島区,49.4,2,3.0,6,14,4.4,맨션,남,1,1,0,1,2025,8,9230,186.8421052631579,24.7,0.42857142857142855,도보권,신축,4
ota,大田区,51.4,2,13.3,9,19,18.4,맨션,남,0,0,1,1,2024,4,4710,91.6342412451362,25.7,0.47368421052631576,원거리,준신축,3
chiyoda,千代田区,65.0,2,2.8,3,19,12.3,맨션,남동,0,1,0,1,2021,12,13370,205.69230769230768,32.5,0.15789473684210525,버스권,신축,2
taito,台東区,56.0,1,19.9,9,18,5.5,아파트,남서,0,1,0,0,2023,4,5610,100.17857142857143,56.0,0.5,도보권,중고,1
nakano,中野区,50.3,1,3.7,6,10,1.2,아파트,남서,0,1,0,0,2022,4,5370,106.75944333996024,50.3,0.6,역세권,신축,1
chiyoda,千代田区,103.8,5,14.2,4,15,15.5,맨션,북동,0,0,1,1,2024,2,18770,180.82851637764932,20.759999999999998,0.26666666666666666,원거리,준신축,3
bunkyo,文京区,73.2,3,8.5,1,1,5.3,아파트,남동,0,0,1,1,2022,1,10490,143.30601092896174,24.400000000000002,1.0,도보권,준신축,3
suginami,杉並区,43.3,1,13.9,8,12,1.0,빌라,남,1,1,1,0,2022,8,4860,112.24018475750579,43.3,0.6666666666666666,역세권,준신축,5
chiyoda,千代田区,35.1,1,35.3,1,19,5.2,아파트,남,1,0,0,0,2024,1,4710,134.18803418803418,35.1,0.05263157894736842,도보권,노후,2
kita,北区,58.5,2,17.0,14,19,1.0,아파트,북,0,1,1,1,2025,10,5300,90.5982905982906,29.25,0.7368421052631579,역세권,중고,4
toshima,豊島区,71.6,2,42.2,4,18,6.1,아파트,남동,0,0,0,0,2021,11,3520,49.16201117318436,35.8,0.2222222222222222,도보권,노후,0
koto,江東区,43.4,2,2.1,4,9,1.0,아파트,북동,1,0,1,0,2024,10,4670,107.6036866359447,21.7,0.4444444444444444,역세권,신축,4
chiyoda,千代田区,56.9,3,19.8,14,16,6.9,맨션,서,0,1,0,0,2024,1,11200,196.8365553602812,18.966666666666665,0.875,도보권,중고,1
itabashi,板橋区,39.1,1,16.6,11,18,5.7,타워맨션,남,0,1,1,0,2023,2,4070,104.09207161125319,39.1,0.6111111111111112,도보권,중고,3
meguro,目黒区,55.3,3,16.8,9,16,25.0,타워맨션,남,0,1,1,1,2025,8,12020,217.35985533453888,18.433333333333334,0.5625,원거리,중고,4
chuo,中央区,24.5,1,2.3,14,14,1.2,아파트,남,1,1,1,0,2025,5,7490,305.7142857142857,24.5,1.0,역세권,신축,5
arakawa,荒川区,121.7,6,60.0,1,11,9.2,맨션,남,1,1,0,0,2022,12,4940,40.59161873459326,20.283333333333335,0.09090909090909091,버스권,노후,3
koto,江東区,56.9,2,0.3,14,16,12.6,맨션,남동,0,1,0,0,2025,3,7110,124.95606326889279,28.45,0.875,버스권,신축,1
taito,台東区,80.1,3,1.2,2,13,1.0,아파트,북서,1,0,0,0,2024,11,10150,126.71660424469414,26.7,0.15384615384615385,역세권,신축,2
meguro,目黒区,38.3,2,19.9,11,17,19.5,맨션,남서,0,1,1,1,2024,9,4640,121.14882506527417,19.15,0.6470588235294118,원거리,중고,4
shinagawa,品川区,59.0,2,1.7,8,18,11.8,타워맨션,남,0,1,1,0,2025,6,13010,220.5084745762712,29.5,0.4444444444444444,버스권,신축,3
bunkyo,文京区,94.1,4,4.6,4,13,6.5,아파트,남서,0,0,0,1,2024,4,12790,135.9192348565356,23.525,0.3076923076923077,도보권,신축,1
setagaya,世田谷区,69.0,3,1.0,3,19,1.0,맨션,남서,0,1,1,0,2023,3,11450,165.94202898550725,23.0,0.15789473684210525,역세권,신축,3
nerima,練馬区,70.6,3,24.2,14,19,9.9,빌라,북,0,1,1,0,2023,6,3860,54.67422096317281,23.53333333333333,0.7368421052631579,버스권,중고,3
toshima,豊島区,65.9,3,17.7,2,7,1.6,맨션,동,0,1,1,0,2024,8,7580,115.02276176024279,21.96666666666667,0.2857142857142857,역세권,중고,3
shibuya,渋谷区,62.9,4,0.2,1,5,1.3,타워맨션,북서,1,0,0,0,2025,8,22310,354.6899841017488,15.725,0.2,역세권,신축,2
chuo,中央区,82.5,3,3.4,10,18,1.0,맨션,남,0,1,0,0,2025,12,22840,276.8484848484849,27.5,0.5555555555555556,역세권,신축,1
sumida,墨田区,60.6,2,8.9,12,14,1.0,타워맨션,동,1,1,0,0,2021,4,7530,124.25742574257426,30.3,0.8571428571428571,역세권,준신축,3
nakano,中野区,40.1,2,15.2,5,6,1.0,아파트,북서,0,1,0,1,2024,7,3740,93.26683291770573,20.05,0.8333333333333334,역세권,중고,2
minato,港区,57.0,3,3.9,1,13,1.0,맨션,서,0,0,0,0,2021,4,15730,275.96491228070175,19.0,0.07692307692307693,역세권,신축,0
chiyoda,千代田区,20.0,1,15.0,4,19,9.7,타워맨션,북,0,0,0,0,2022,1,3730,186.5,20.0,0.21052631578947367,버스권,준신축,0
bunkyo,文京区,55.6,3,60.0,11,11,6.8,맨션,서,0,0,1,1,2021,11,4120,74.10071942446044,18.533333333333335,1.0,도보권,노후,3
minato,港区,100.1,4,31.5,10,13,2.0,아파트,북동,1,0,0,0,2025,3,22130,221.0789210789211,25.025,0.7692307692307693,역세권,노후,2
sumida,墨田区,89.6,5,3.1,7,13,1.0,아파트,남동,1,0,0,0,2025,6,9090,101.45089285714286,17.919999999999998,0.5384615384615384,역세권,신축,2
adachi,足立区,95.2,4,35.7,13,17,1.0,아파트,남,0,1,0,0,2024,2,4270,44.85294117647059,23.8,0.7647058823529411,역세권,노후,1
adachi,足立区,48.2,1,0.8,10,10,5.7,아파트,북동,1,1,1,0,2023,10,3030,62.863070539419084,48.2,1.0,도보권,신축,5
itabashi,板橋区,66.4,2,2.7,6,13,1.7,아파트,북동,0,0,1,0,2022,3,4690,70.63253012048192,33.2,0.46153846153846156,역세권,신축,2
sumida,墨田区,77.9,3,12.1,3,4,6.1,아파트,남,0,0,0,0,2024,1,6720,86.26444159178433,25.96666666666667,0.75,도보권,준신축,0
shibuya,渋谷区,103.6,6,5.6,9,15,4.0,맨션,남,0,0,1,1,2023,6,23820,229.92277992277994,17.266666666666666,0.6,도보권,준신축,3
ota,大田区,126.5,6,49.8,11,13,19.8,아파트,남동,0,0,1,0,2022,9,5430,42.92490118577075,21.083333333333332,0.8461538461538461,원거리,노후,2
taito,台東区,87.0,4,3.6,2,17,2.2,맨션,남,0,1,0,1,2023,3,12620,145.05747126436782,21.75,0.11764705882352941,역세권,신축,2
itabashi,板橋区,47.1,3,15.5,8,16,14.0,아파트,남,1,1,1,1,2023,11,3790,80.46709129511677,15.700000000000001,0.5,버스권,중고,6
shinjuku,新宿区,42.6,2,46.1,14,18,1.8,타워맨션,동,1,0,1,0,2023,9,6700,157.27699530516432,21.3,0.7777777777777778,역세권,노후,4
chuo,中央区,28.1,1,0.6,2,8,1.0,아파트,남동,0,1,1,0,2022,4,7270,258.7188612099644,28.1,0.25,역세권,신축,3
kita,北区,30.1,1,5.2,1,12,9.8,아파트,남동,1,1,1,0,2024,6,2490,82.72425249169434,30.1,0.08333333333333333,버스권,준신축,5
chuo,中央区,20.0,1,0.0,11,19,4.7,맨션,서,1,1,0,0,2023,10,5240,262.0,20.0,0.5789473684210527,도보권,,3
shibuya,渋谷区,115.7,5,5.5,5,11,1.0,맨션,남서,0,1,1,0,2021,1,29890,258.34053586862575,23.14,0.45454545454545453,역세권,준신축,3
katsushika,葛飾区,51.3,2,4.5,5,8,1.0,아파트,북동,0,1,0,0,2023,8,3180,61.98830409356726,25.65,0.625,역세권,신축,1
bunkyo,文京区,56.9,3,28.4,11,14,19.0,타워맨션,남서,1,1,0,0,2023,1,6630,116.52021089630932,18.966666666666665,0.7857142857142857,원거리,중고,3
arakawa,荒川区,62.2,3,50.6,5,7,3.0,맨션,서,0,1,0,0,2023,10,2580,41.47909967845659,20.733333333333334,0.7142857142857143,역세권,노후,1
shinagawa,品川区,56.4,2,15.8,14,18,6.5,아파트,남동,1,0,0,0,2023,12,7280,129.07801418439718,28.2,0.7777777777777778,도보권,중고,2
minato,港区,35.0,1,23.6,12,16,16.3,타워맨션,남동,0,1,1,0,2024,12,7150,204.28571428571428,35.0,0.75,원거리,중고,3
setagaya,世田谷区,23.4,1,37.2,5,6,2.3,타워맨션,남,0,1,0,0,2024,4,2750,117.52136752136752,23.4,0.8333333333333334,역세권,노후,1
bunkyo,文京区,50.3,3,13.5,6,17,8.7,타워맨션,남,0,0,1,0,2023,2,8510,169.18489065606363,16.766666666666666,0.35294117647058826,버스권,준신축,2
adachi,足立区,39.9,2,2.0,4,10,25.2,타워맨션,동,0,0,1,0,2025,11,2980,74.68671679197995,19.95,0.4,원거리,신축,2
koto,江東区,20.0,1,8.5,6,12,9.0,맨션,남동,0,1,0,0,2024,10,2120,106.0,20.0,0.5,버스권,준신축,1
chuo,中央区,20.0,1,27.9,12,12,1.0,아파트,북,0,0,1,1,2021,2,3080,154.0,20.0,1.0,역세권,중고,3
shinagawa,品川区,31.9,2,8.2,9,16,8.5,빌라,남,1,1,0,0,2023,4,3510,110.03134796238245,15.95,0.5625,버스권,준신축,3
nakano,中野区,81.5,4,0.4,9,15,2.6,맨션,북서,0,1,1,0,2025,11,12000,147.23926380368098,20.375,0.6,역세권,신축,3
ota,大田区,66.4,4,6.6,11,15,7.8,맨션,서,0,1,1,0,2021,8,6310,95.0301204819277,16.6,0.7333333333333333,버스권,준신축,3
chiyoda,千代田区,60.3,3,17.8,3,19,10.7,빌라,남동,0,0,0,0,2024,1,8690,144.1127694859038,20.099999999999998,0.15789473684210525,버스권,중고,0
chiyoda,千代田区,51.3,2,3.2,2,4,5.0,타워맨션,남동,1,1,0,0,2021,2,12890,251.26705653021443,25.65,0.5,도보권,신축,3
sumida,墨田区,88.3,5,25.0,6,8,9.0,맨션,남동,0,1,0,0,2021,10,6000,67.95016987542469,17.66,0.75,버스권,중고,1
edogawa,江戸川区,61.5,3,3.7,6,15,6.3,타워맨션,남동,0,1,0,1,2025,7,5030,81.78861788617886,20.5,0.4,도보권,신축,2
shinagawa,品川区,75.1,4,10.6,1,13,5.2,빌라,북서,0,1,1,0,2021,12,7890,105.05992010652464,18.775,0.07692307692307693,도보권,준신축,3
toshima,豊島区,76.9,4,2.1,4,18,8.9,맨션,북,1,1,1,1,2022,5,10820,140.70221066319894,19.225,0.2222222222222222,버스권,신축,6
suginami,杉並区,77.2,3,5.6,10,16,9.8,타워맨션,남서,0,1,0,0,2024,9,10250,132.7720207253886,25.733333333333334,0.625,버스권,준신축,1
itabashi,板橋区,72.0,3,5.4,1,6,8.2,타워맨션,남,1,1,0,0,2021,6,7800,108.33333333333333,24.0,0.16666666666666666,버스권,준신축,3
chiyoda,千代田区,123.0,6,41.6,8,10,1.0,타워맨션,남,0,0,1,0,2023,7,21860,177.72357723577235,20.5,0.8,역세권,노후,2
chiyoda,千代田区,22.4,1,41.5,11,14,3.6,맨션,북동,0,0,0,0,2023,9,2570,114.73214285714286,22.4,0.7857142857142857,도보권,노후,0
chiyoda,千代田区,49.4,3,4.6,2,14,13.0,아파트,남서,1,0,0,0,2022,12,8640,174.8987854251012,16.466666666666665,0.14285714285714285,버스권,신축,2
shinagawa,品川区,100.0,5,14.0,9,14,10.3,아파트,남서,0,1,0,1,2022,12,13520,135.2,20.0,0.6428571428571429,버스권,준신축,2
meguro,目黒区,72.4,3,23.6,7,18,2.1,맨션,남서,0,1,0,1,2025,6,11380,157.18232044198894,24.133333333333336,0.3888888888888889,역세권,중고,2
nakano,中野区,52.3,2,1.9,3,15,14.1,아파트,남,0,0,0,0,2021,6,4380,83.74760994263863,26.15,0.2,버스권,신축,0
kita,北区,37.6,1,10.5,13,14,15.8,맨션,남,0,1,0,0,2024,11,2970,78.98936170212765,37.6,0.9285714285714286,원거리,준신축,1
shibuya,渋谷区,46.4,3,21.8,12,16,1.0,타워맨션,남,0,1,1,0,2024,9,12070,260.1293103448276,15.466666666666667,0.75,역세권,중고,3
itabashi,板橋区,48.6,2,11.6,3,15,5.6,맨션,동,0,1,1,0,2021,3,3620,74.48559670781893,24.3,0.2,도보권,준신축,3
shibuya,渋谷区,34.0,1,14.0,2,5,3.6,아파트,남,0,1,0,1,2024,4,5690,167.35294117647058,34.0,0.4,도보권,준신축,2
shibuya,渋谷区,81.4,4,20.2,10,12,1.1,맨션,서,0,1,1,0,2025,9,19180,235.6265356265356,20.35,0.8333333333333334,역세권,중고,3
chiyoda,千代田区,33.1,1,55.8,6,19,9.8,아파트,남동,0,1,1,0,2022,8,3300,99.69788519637461,33.1,0.3157894736842105,버스권,노후,3
shinagawa,品川区,106.4,4,18.0,12,16,5.2,아파트,남서,1,0,1,0,2021,5,14400,135.33834586466165,26.6,0.75,도보권,중고,4
chuo,中央区,50.7,3,28.0,8,9,3.0,빌라,남,0,1,1,0,2023,11,6580,129.78303747534517,16.900000000000002,0.8888888888888888,역세권,중고,3
chiyoda,千代田区,87.1,3,18.0,4,12,1.6,맨션,북서,1,1,0,0,2023,11,20420,234.44316877152698,29.03333333333333,0.3333333333333333,역세권,중고,3
suginami,杉並区,52.0,3,16.6,6,11,3.6,맨션,남,1,1,0,0,2025,4,7160,137.69230769230768,17.333333333333332,0.5454545454545454,도보권,중고,3
minato,港区,105.0,5,0.8,9,14,5.4,빌라,남서,0,1,0,1,2022,1,24400,232.38095238095238,21.0,0.6428571428571429,도보권,신축,2
bunkyo,文京区,139.6,6,5.8,7,11,6.7,맨션,남,0,1,1,0,2022,10,18380,131.66189111747852,23.266666666666666,0.6363636363636364,도보권,준신축,3
shinjuku,新宿区,55.9,2,2.3,4,13,3.3,맨션,남서,0,0,1,1,2023,8,9190,164.40071556350625,27.95,0.3076923076923077,도보권,신축,3
chuo,中央区,75.3,3,12.5,10,11,1.0,빌라,북서,0,1,0,0,2023,4,12370,164.27622841965473,25.099999999999998,0.9090909090909091,역세권,준신축,1
shibuya,渋谷区,45.7,2,17.4,11,11,5.0,아파트,서,1,1,0,0,2025,10,7580,165.86433260393872,22.85,1.0,도보권,중고,3
shinjuku,新宿区,46.0,2,6.0,13,13,1.6,맨션,남,0,0,1,0,2023,2,9100,197.82608695652175,23.0,1.0,역세권,준신축,2
minato,港区,40.1,2,4.6,11,14,2.5,맨션,남,1,1,1,0,2025,9,17700,441.3965087281795,20.05,0.7857142857142857,역세권,신축,5
chuo,中央区,63.3,3,23.9,3,13,4.9,타워맨션,남서,0,0,0,0,2023,4,12730,201.10584518167457,21.099999999999998,0.23076923076923078,도보권,중고,0
taito,台東区,64.2,2,9.9,2,8,1.0,맨션,동,0,0,1,0,2024,2,7950,123.83177570093457,32.1,0.25,역세권,준신축,2
chiyoda,千代田区,78.2,3,25.1,14,15,1.0,맨션,남,0,1,1,1,2021,2,18080,231.2020460358056,26.066666666666666,0.9333333333333333,역세권,중고,4
meguro,目黒区,74.6,3,21.5,12,13,1.0,아파트,서,1,1,0,0,2025,7,11510,154.28954423592495,24.866666666666664,0.9230769230769231,역세권,중고,3
shinagawa,品川区,41.3,2,17.9,11,15,7.7,빌라,남,0,0,0,0,2021,5,4020,97.3365617433414,20.65,0.7333333333333333,버스권,중고,0
taito,台東区,57.6,2,0.7,9,14,18.0,아파트,남서,0,1,0,0,2024,8,5550,96.35416666666666,28.8,0.6428571428571429,원거리,신축,1
setagaya,世田谷区,68.1,3,14.6,8,18,2.6,맨션,북동,1,0,1,0,2022,3,9340,137.15124816446402,22.7,0.4444444444444444,역세권,준신축,4
kita,北区,71.3,3,12.1,2,8,14.4,맨션,북서,0,1,1,0,2024,5,5410,75.8765778401122,23.766666666666666,0.25,버스권,준신축,3
chiyoda,千代田区,93.1,4,53.1,9,18,1.0,맨션,북서,0,1,0,1,2023,12,16400,176.1546723952739,23.275,0.5,역세권,노후,2
kita,北区,86.1,3,12.6,12,15,13.9,맨션,북동,1,1,0,0,2024,12,7660,88.96631823461092,28.7,0.8,버스권,준신축,3
kita,北区,94.4,5,4.4,1,13,15.8,맨션,동,0,0,0,0,2022,5,6200,65.6779661016949,18.880000000000003,0.07692307692307693,원거리,신축,0
shibuya,渋谷区,64.5,2,9.1,6,6,10.5,맨션,남동,0,1,1,1,2024,10,11840,183.56589147286823,32.25,1.0,버스권,준신축,4
sumida,墨田区,20.0,1,13.6,11,13,8.6,아파트,남동,0,1,1,1,2023,7,1940,97.0,20.0,0.8461538461538461,버스권,준신축,4
itabashi,板橋区,50.2,2,17.8,12,19,30.0,아파트,동,0,1,1,0,2025,9,2830,56.37450199203187,25.1,0.631578947368421,원거리,중고,3
shinagawa,品川区,69.1,3,1.8,7,10,11.7,타워맨션,남,0,1,1,0,2024,7,15950,230.8248914616498,23.03333333333333,0.7,버스권,신축,3
toshima,豊島区,42.2,2,23.5,3,19,1.0,타워맨션,서,0,0,0,0,2022,1,5150,122.03791469194312,21.1,0.15789473684210525,역세권,중고,0
suginami,杉並区,37.7,1,30.3,2,19,2.7,아파트,남동,1,1,1,0,2025,6,3860,102.38726790450927,37.7,0.10526315789473684,역세권,노후,5
shibuya,渋谷区,92.5,3,23.9,10,14,2.9,타워맨션,북,0,0,0,0,2024,3,20330,219.78378378378378,30.833333333333332,0.7142857142857143,역세권,중고,0
chuo,中央区,39.3,2,13.8,5,8,2.5,맨션,남동,0,1,0,0,2023,11,8100,206.10687022900765,19.65,0.625,역세권,준신축,1
arakawa,荒川区,27.8,1,9.5,6,17,30.0,빌라,남동,0,1,0,0,2023,5,1300,46.76258992805755,27.8,0.35294117647058826,원거리,준신축,1
chiyoda,千代田区,83.6,4,1.5,6,18,10.5,맨션,남서,0,1,1,1,2022,2,20290,242.70334928229667,20.9,0.3333333333333333,버스권,신축,4
toshima,豊島区,91.0,4,5.6,6,16,8.3,아파트,동,0,0,0,1,2023,10,10590,116.37362637362638,22.75,0.375,버스권,준신축,1
toshima,豊島区,46.7,1,15.2,1,15,4.6,아파트,동,0,1,1,0,2022,4,4530,97.00214132762312,46.7,0.06666666666666667,도보권,중고,3
minato,港区,57.4,2,19.6,10,16,1.0,아파트,남동,1,1,1,0,2025,6,17060,297.21254355400697,28.7,0.625,역세권,중고,5
shibuya,渋谷区,77.4,3,9.2,11,16,1.0,빌라,남서,1,1,1,0,2022,9,18210,235.27131782945736,25.8,0.6875,역세권,준신축,5
sumida,墨田区,87.0,4,13.3,5,9,3.9,아파트,북서,0,0,0,0,2025,3,6720,77.24137931034483,21.75,0.5555555555555556,도보권,준신축,0
chuo,中央区,66.4,2,58.5,10,11,9.8,맨션,남동,0,1,0,0,2025,2,6780,102.10843373493975,33.2,0.9090909090909091,버스권,노후,1
toshima,豊島区,63.2,3,12.5,13,14,11.3,맨션,북동,1,0,1,1,2023,7,8450,133.70253164556962,21.066666666666666,0.9285714285714286,버스권,준신축,5
sumida,墨田区,53.1,2,3.4,7,13,2.3,아파트,북동,0,0,0,0,2025,3,5410,101.88323917137477,26.55,0.5384615384615384,역세권,신축,0
minato,港区,103.9,5,8.6,10,11,16.8,아파트,동,0,1,1,0,2025,2,22750,218.96053897978825,20.78,0.9090909090909091,원거리,준신축,3
chuo,中央区,95.1,4,10.4,2,15,8.8,맨션,남,0,0,0,0,2020,12,14540,152.89169295478445,23.775,0.13333333333333333,버스권,준신축,0
minato,港区,50.8,2,1.3,10,10,6.1,타워맨션,북서,1,1,1,1,2023,7,24050,473.4251968503937,25.4,1.0,도보권,신축,6
minato,港区,70.3,3,2.4,10,17,2.4,아파트,남동,0,0,1,0,2023,6,23060,328.022759601707,23.433333333333334,0.5882352941176471,역세권,신축,2
meguro,目黒区,106.7,5,10.0,9,9,10.4,타워맨션,북,1,1,0,1,2021,12,21920,205.43580131208998,21.34,1.0,버스권,준신축,4
shinjuku,新宿区,33.0,2,8.1,13,16,11.1,타워맨션,북,1,1,1,0,2025,11,7460,226.06060606060606,16.5,0.8125,버스권,준신축,5
arakawa,荒川区,20.0,1,19.6,1,1,2.2,아파트,서,0,1,1,0,2021,2,1230,61.5,20.0,1.0,역세권,중고,3
meguro,目黒区,36.2,2,18.4,7,9,1.0,아파트,동,1,1,0,0,2022,9,5260,145.3038674033149,18.1,0.7777777777777778,역세권,중고,3
koto,江東区,40.7,1,18.2,7,15,12.0,타워맨션,남,0,1,0,0,2022,4,3870,95.08599508599508,40.7,0.4666666666666667,버스권,중고,1
minato,港区,59.6,3,4.3,6,14,9.7,맨션,남서,0,1,1,0,2021,5,14030,235.40268456375838,19.866666666666667,0.42857142857142855,버스권,신축,3
nakano,中野区,50.2,2,0.2,8,12,1.0,아파트,남서,0,1,0,0,2021,4,6220,123.90438247011951,25.1,0.6666666666666666,역세권,신축,1
meguro,目黒区,90.3,3,25.2,10,13,20.0,아파트,남,0,1,0,0,2021,5,8810,97.56367663344408,30.099999999999998,0.7692307692307693,원거리,중고,1
shinagawa,品川区,67.4,3,39.0,7,10,2.1,맨션,동,0,0,1,1,2024,7,7460,110.68249258160236,22.46666666666667,0.7,역세권,노후,3
shinagawa,品川区,60.6,2,8.2,13,15,1.1,아파트,서,0,1,0,0,2023,12,8380,138.2838283828383,30.3,0.8666666666666667,역세권,준신축,1
chiyoda,千代田区,32.3,1,17.9,11,18,15.5,타워맨션,남동,0,0,0,1,2021,4,6070,187.92569659442725,32.3,0.6111111111111112,원거리,중고,1
minato,港区,28.0,1,1.6,1,9,1.0,아파트,남동,0,1,1,0,2022,8,8590,306.7857142857143,28.0,0.1111111111111111,역세권,신축,3
nakano,中野区,50.9,2,52.2,11,14,3.7,맨션,남,0,1,1,0,2022,3,3160,62.082514734774065,25.45,0.7857142857142857,도보권,노후,3
minato,港区,63.3,3,14.2,9,13,7.4,맨션,서,1,1,0,0,2021,12,12740,201.26382306477095,21.099999999999998,0.6923076923076923,버스권,준신축,3
nakano,中野区,103.5,5,1.0,1,10,3.8,아파트,북서,0,0,1,0,2024,1,10370,100.19323671497584,20.7,0.1,도보권,신축,2
nakano,中野区,53.6,2,29.7,4,9,28.7,아파트,북서,0,1,0,0,2024,12,2900,54.1044776119403,26.8,0.4444444444444444,원거리,중고,1
nakano,中野区,50.8,2,3.2,3,5,5.4,빌라,남,1,0,1,0,2025,5,5290,104.13385826771655,25.4,0.6,도보권,신축,4
sumida,墨田区,55.3,3,27.0,11,18,1.0,타워맨션,남,0,1,0,0,2021,8,5660,102.35081374321881,18.433333333333334,0.6111111111111112,역세권,중고,1
sumida,墨田区,134.1,6,34.7,10,15,10.7,아파트,동,1,1,0,0,2025,8,9030,67.33780760626398,22.349999999999998,0.6666666666666666,버스권,노후,3
shinagawa,品川区,48.5,3,52.2,2,15,9.9,아파트,북동,1,0,0,0,2024,1,3580,73.81443298969072,16.166666666666668,0.13333333333333333,버스권,노후,2
shibuya,渋谷区,83.4,3,38.0,5,17,1.0,맨션,남,0,1,1,0,2025,7,13400,160.6714628297362,27.8,0.29411764705882354,역세권,노후,3
shinjuku,新宿区,41.7,2,3.2,13,15,30.0,맨션,남,0,1,1,0,2023,12,6790,162.82973621103116,20.85,0.8666666666666667,원거리,신축,3
chiyoda,千代田区,71.1,3,42.0,9,16,1.0,맨션,북,0,1,1,0,2024,6,10390,146.13220815752462,23.7,0.5625,역세권,노후,3
ota,大田区,56.0,3,1.6,3,9,5.7,맨션,서,0,1,0,1,2023,10,5400,96.42857142857143,18.666666666666668,0.3333333333333333,도보권,신축,2
shibuya,渋谷区,96.7,4,2.0,5,5,8.6,맨션,동,0,0,0,0,2024,1,17970,185.8324715615305,24.175,1.0,버스권,신축,0
ota,大田区,59.0,4,8.5,10,14,4.3,아파트,남동,0,1,1,0,2021,2,5090,86.27118644067797,14.75,0.7142857142857143,도보권,준신축,3
toshima,豊島区,49.9,2,20.4,2,13,11.0,아파트,북서,0,1,0,0,2021,10,3990,79.95991983967936,24.95,0.15384615384615385,버스권,중고,1
arakawa,荒川区,48.3,2,11.3,5,12,23.4,타워맨션,남서,1,1,1,0,2022,7,4390,90.89026915113872,24.15,0.4166666666666667,원거리,준신축,5
bunkyo,文京区,115.2,5,15.3,13,14,2.1,아파트,동,0,1,0,0,2022,10,12050,104.60069444444444,23.04,0.9285714285714286,역세권,중고,1
shibuya,渋谷区,42.3,1,16.4,2,10,1.8,아파트,서,0,1,0,0,2023,8,6960,164.5390070921986,42.3,0.2,역세권,중고,1
nakano,中野区,51.8,1,34.5,11,16,3.8,맨션,동,0,1,1,0,2023,8,3520,67.95366795366796,51.8,0.6875,도보권,노후,3
chuo,中央区,81.5,4,7.3,9,13,23.1,아파트,서,0,0,1,0,2022,10,11780,144.53987730061348,20.375,0.6923076923076923,원거리,준신축,2
ota,大田区,20.0,1,4.8,10,16,3.2,타워맨션,남,1,0,1,0,2021,1,2510,125.5,20.0,0.625,도보권,신축,4
adachi,足立区,60.0,3,0.7,12,14,2.3,빌라,남,0,0,0,0,2022,3,3340,55.666666666666664,20.0,0.8571428571428571,역세권,신축,0
shinagawa,品川区,62.0,3,21.0,1,2,2.4,타워맨션,동,0,1,0,0,2021,9,11030,177.90322580645162,20.666666666666668,0.5,역세권,중고,1
shibuya,渋谷区,86.0,3,0.9,6,10,10.6,아파트,남,0,1,0,0,2022,6,14770,171.74418604651163,28.666666666666668,0.6,버스권,신축,1
minato,港区,101.5,5,2.0,14,17,5.6,아파트,북동,0,1,1,0,2024,6,28320,279.01477832512313,20.3,0.8235294117647058,도보권,신축,3
koto,江東区,102.0,5,34.3,4,5,1.7,아파트,남,0,1,0,0,2024,8,8170,80.09803921568627,20.4,0.8,역세권,노후,1
itabashi,板橋区,77.9,3,27.9,13,18,14.0,아파트,남동,0,1,0,1,2021,3,4090,52.50320924261874,25.96666666666667,0.7222222222222222,버스권,중고,2
nakano,中野区,38.1,2,5.0,6,9,1.0,아파트,북동,1,1,1,0,2021,10,4370,114.69816272965879,19.05,0.6666666666666666,역세권,신축,5
nakano,中野区,79.5,3,29.1,8,11,6.2,아파트,동,1,1,1,0,2023,8,6710,84.40251572327044,26.5,0.7272727272727273,도보권,중고,5
ota,大田区,67.1,2,7.2,6,19,11.0,아파트,남,0,1,0,0,2024,2,6230,92.84649776453055,33.55,0.3157894736842105,버스권,준신축,1
chuo,中央区,72.4,2,7.7,13,13,28.5,타워맨션,남,0,0,0,0,2024,12,14140,195.3038674033149,36.2,1.0,원거리,준신축,0
chuo,中央区,44.0,2,11.4,1,10,1.0,아파트,남동,1,0,0,0,2024,11,10500,238.63636363636363,22.0,0.1,역세권,준신축,2
shinagawa,品川区,81.0,3,9.6,8,13,10.9,빌라,서,0,0,1,0,2022,2,9330,115.18518518518519,27.0,0.6153846153846154,버스권,준신축,2
ota,大田区,61.1,2,1.7,1,7,7.0,맨션,남,0,0,1,0,2023,3,6290,102.94599018003274,30.55,0.14285714285714285,도보권,신축,2
meguro,目黒区,76.3,4,4.0,9,19,9.4,빌라,서,0,1,0,0,2021,5,10200,133.68283093053736,19.075,0.47368421052631576,버스권,신축,1
arakawa,荒川区,72.8,3,3.8,8,19,5.0,빌라,남동,0,1,1,1,2022,8,5830,80.08241758241759,24.266666666666666,0.42105263157894735,도보권,신축,4
sumida,墨田区,54.0,2,3.5,12,19,10.8,타워맨션,남서,1,0,1,1,2024,7,9100,168.5185185185185,27.0,0.631578947368421,버스권,신축,5
shibuya,渋谷区,46.4,2,6.4,10,18,11.8,아파트,남,1,1,0,0,2025,8,10370,223.49137931034483,23.2,0.5555555555555556,버스권,준신축,3
katsushika,葛飾区,69.8,3,6.7,7,8,5.0,맨션,남동,0,1,1,0,2022,3,4970,71.20343839541547,23.266666666666666,0.875,도보권,준신축,3
ota,大田区,78.0,4,7.3,4,12,17.5,맨션,남동,0,1,1,0,2021,3,6000,76.92307692307692,19.5,0.3333333333333333,원거리,준신축,3
bunkyo,文京区,63.2,3,5.2,4,9,1.5,타워맨션,북동,1,1,0,0,2025,5,13310,210.6012658227848,21.066666666666666,0.4444444444444444,역세권,준신축,3
minato,港区,76.3,3,2.1,14,15,1.0,빌라,남서,0,1,0,0,2024,1,23980,314.2857142857143,25.433333333333334,0.9333333333333333,역세권,신축,1
sumida,墨田区,108.5,5,15.0,1,6,4.7,타워맨션,남서,0,0,0,0,2024,1,11450,105.52995391705069,21.7,0.16666666666666666,도보권,준신축,0
meguro,目黒区,67.0,3,5.7,7,14,14.3,맨션,남,1,1,0,0,2023,3,12730,190.0,22.333333333333332,0.5,버스권,준신축,3
nakano,中野区,64.6,3,3.5,14,19,1.7,맨션,남서,1,1,1,0,2024,1,9960,154.17956656346752,21.53333333333333,0.7368421052631579,역세권,신축,5
setagaya,世田谷区,51.7,2,2.5,10,16,2.2,아파트,남,0,0,1,0,2025,5,8030,155.3191489361702,25.85,0.625,역세권,신축,2
arakawa,荒川区,57.7,2,12.5,13,14,7.1,아파트,남동,1,0,1,0,2021,4,4600,79.72270363951473,28.85,0.9285714285714286,버스권,준신축,4
shibuya,渋谷区,34.5,1,7.8,11,15,3.4,빌라,남동,0,1,0,0,2024,9,6550,189.85507246376812,34.5,0.7333333333333333,도보권,준신축,1
edogawa,江戸川区,69.2,3,5.5,13,15,1.0,타워맨션,남,0,1,1,0,2021,8,5950,85.98265895953757,23.066666666666666,0.8666666666666667,역세권,준신축,3
suginami,杉並区,63.3,3,12.8,9,19,2.9,맨션,남동,1,0,1,0,2021,10,8010,126.54028436018957,21.099999999999998,0.47368421052631576,역세권,준신축,4
kita,北区,60.1,2,16.4,6,9,14.3,맨션,북동,0,1,0,0,2022,3,4470,74.37603993344426,30.05,0.6666666666666666,버스권,중고,1
suginami,杉並区,32.6,2,11.1,13,18,7.8,아파트,북,0,1,0,0,2021,7,2800,85.88957055214723,16.3,0.7222222222222222,버스권,준신축,1
meguro,目黒区,41.0,1,2.6,8,10,1.0,아파트,남서,0,1,0,0,2025,4,7260,177.0731707317073,41.0,0.8,역세권,신축,1
shibuya,渋谷区,100.1,4,0.7,5,12,11.1,아파트,북,0,1,1,0,2021,10,17170,171.52847152847153,25.025,0.4166666666666667,버스권,신축,3
sumida,墨田区,94.1,4,32.2,5,13,2.3,아파트,남동,0,1,1,1,2022,2,6210,65.99362380446334,23.525,0.38461538461538464,역세권,노후,4
sumida,墨田区,66.2,2,44.6,12,16,4.2,빌라,북,0,0,0,0,2023,2,2880,43.50453172205438,33.1,0.75,도보권,노후,0
toshima,豊島区,60.1,2,20.1,7,18,2.5,맨션,남동,0,0,1,0,2023,1,6940,115.47420965058237,30.05,0.3888888888888889,역세권,중고,2
shibuya,渋谷区,55.1,3,3.8,7,10,13.5,타워맨션,남,0,1,1,0,2022,2,14830,269.1470054446461,18.366666666666667,0.7,버스권,신축,3
kita,北区,45.6,1,5.6,4,14,24.1,맨션,북동,0,0,0,1,2021,4,2960,64.91228070175438,45.6,0.2857142857142857,원거리,준신축,1
ota,大田区,111.4,5,3.6,14,14,6.5,아파트,남서,0,1,1,1,2023,2,10860,97.48653500897666,22.28,1.0,도보권,신축,4
toshima,豊島区,61.8,2,4.0,12,17,9.0,맨션,남동,0,0,0,0,2021,9,6880,111.32686084142395,30.9,0.7058823529411765,버스권,신축,0
minato,港区,88.8,3,60.0,10,12,2.4,맨션,남서,1,1,0,0,2023,11,17910,201.6891891891892,29.599999999999998,0.8333333333333334,역세권,노후,3
ota,大田区,70.0,3,8.6,4,10,10.4,빌라,남서,0,0,1,0,2023,7,4690,67.0,23.333333333333332,0.4,버스권,준신축,2
toshima,豊島区,66.9,4,10.4,7,19,2.9,맨션,남,0,1,0,0,2023,10,10560,157.84753363228697,16.725,0.3684210526315789,역세권,준신축,1
ota,大田区,71.4,3,37.1,14,16,21.1,아파트,남서,0,0,0,0,2023,2,3120,43.69747899159663,23.8,0.875,원거리,노후,0
edogawa,江戸川区,75.0,3,15.7,12,15,1.6,아파트,남,0,1,1,0,2022,6,4850,64.66666666666667,25.0,0.8,역세권,중고,3
ota,大田区,56.4,3,6.2,11,14,17.9,맨션,남동,0,0,0,0,2022,7,3940,69.8581560283688,18.8,0.7857142857142857,원거리,준신축,0
itabashi,板橋区,87.7,3,1.0,13,13,8.1,아파트,북서,0,1,0,0,2022,4,5860,66.81870011402508,29.233333333333334,1.0,버스권,신축,1
shibuya,渋谷区,112.0,6,29.1,2,19,11.4,아파트,남,0,0,1,1,2022,5,14320,127.85714285714286,18.666666666666668,0.10526315789473684,버스권,중고,3
edogawa,江戸川区,20.0,1,0.2,4,12,15.2,맨션,남,0,0,0,0,2022,12,1260,63.0,20.0,0.3333333333333333,원거리,신축,0
nakano,中野区,52.0,2,60.0,8,14,17.6,빌라,동,0,1,0,0,2024,11,1900,36.53846153846154,26.0,0.5714285714285714,원거리,노후,1
suginami,杉並区,43.7,2,1.3,3,16,6.8,타워맨션,남,0,1,1,0,2024,3,7370,168.64988558352402,21.85,0.1875,도보권,신축,3
nerima,練馬区,43.1,2,8.5,4,19,1.0,타워맨션,동,1,1,1,0,2022,3,4570,106.03248259860788,21.55,0.21052631578947367,역세권,준신축,5
katsushika,葛飾区,43.4,2,9.6,14,17,3.8,아파트,서,1,1,1,0,2021,11,2640,60.82949308755761,21.7,0.8235294117647058,도보권,준신축,5
kita,北区,97.4,4,9.2,5,17,4.5,아파트,북,1,1,0,1,2023,10,7040,72.27926078028747,24.35,0.29411764705882354,도보권,준신축,4
chuo,中央区,99.5,4,21.3,11,12,1.3,맨션,서,0,1,0,1,2022,1,20810,209.14572864321607,24.875,0.9166666666666666,역세권,중고,2
shibuya,渋谷区,63.9,3,3.1,14,18,4.9,타워맨션,북동,0,1,1,0,2024,11,18020,282.00312989045386,21.3,0.7777777777777778,도보권,신축,3
meguro,目黒区,80.6,3,42.4,12,13,12.1,아파트,동,0,1,0,1,2021,4,7080,87.84119106699752,26.866666666666664,0.9230769230769231,버스권,노후,2
minato,港区,28.1,1,39.4,11,18,13.0,아파트,남서,0,0,0,0,2024,10,3520,125.26690391459074,28.1,0.6111111111111112,버스권,노후,0
chuo,中央区,88.4,4,7.8,8,17,2.2,아파트,남동,0,1,1,0,2022,7,22840,258.3710407239819,22.1,0.47058823529411764,역세권,준신축,3
ota,大田区,23.0,1,4.1,14,16,15.4,맨션,남서,0,1,0,0,2025,6,2130,92.6086956521739,23.0,0.875,원거리,신축,1
bunkyo,文京区,65.1,2,17.0,8,8,1.6,맨션,서,0,0,1,0,2023,12,8840,135.79109062980032,32.55,1.0,역세권,중고,2
shibuya,渋谷区,60.1,3,4.4,10,18,7.7,맨션,남동,0,1,0,0,2025,11,11900,198.00332778702162,20.033333333333335,0.5555555555555556,버스권,신축,1
shinagawa,品川区,40.7,1,15.3,12,18,1.1,맨션,남서,0,0,0,0,2023,7,5810,142.75184275184273,40.7,0.6666666666666666,역세권,중고,0
koto,江東区,25.5,1,26.6,6,14,9.6,맨션,남,0,0,0,1,2022,12,1850,72.54901960784314,25.5,0.42857142857142855,버스권,중고,1
arakawa,荒川区,47.7,1,8.1,11,12,5.5,타워맨션,남서,0,1,0,0,2021,1,3720,77.9874213836478,47.7,0.9166666666666666,도보권,준신축,1
chiyoda,千代田区,61.8,3,12.7,14,17,6.1,타워맨션,동,1,1,0,0,2024,4,16830,272.33009708737865,20.599999999999998,0.8235294117647058,도보권,준신축,3
setagaya,世田谷区,78.9,4,9.3,7,16,3.9,아파트,남,1,1,1,0,2023,1,11620,147.27503168567807,19.725,0.4375,도보권,준신축,5
setagaya,世田谷区,68.4,3,3.9,4,19,5.1,아파트,남동,0,1,0,0,2025,8,10190,148.9766081871345,22.8,0.21052631578947367,도보권,신축,1
shinjuku,新宿区,72.0,2,40.2,8,18,2.1,맨션,남동,1,1,1,0,2024,3,8610,119.58333333333333,36.0,0.4444444444444444,역세권,노후,5
bunkyo,文京区,66.4,3,2.0,11,12,30.0,아파트,남동,0,0,1,0,2021,4,7140,107.5301204819277,22.133333333333336,0.9166666666666666,원거리,신축,2
shibuya,渋谷区,60.8,3,17.0,10,11,1.0,맨션,남서,1,1,1,0,2024,11,13150,216.2828947368421,20.266666666666666,0.9090909090909091,역세권,중고,5
koto,江東区,32.7,1,0.1,4,7,12.7,아파트,남서,0,1,0,0,2023,12,2940,89.90825688073394,32.7,0.5714285714285714,버스권,신축,1
chuo,中央区,77.1,4,17.4,12,16,25.4,타워맨션,남동,0,0,0,1,2025,12,15700,203.63164721141376,19.275,0.75,원거리,중고,1
meguro,目黒区,41.4,2,5.0,11,11,9.0,아파트,남동,0,1,1,0,2021,8,6780,163.768115942029,20.7,1.0,버스권,신축,3
setagaya,世田谷区,75.1,3,2.7,13,19,16.8,아파트,북동,0,1,0,0,2025,7,7390,98.40213049267643,25.03333333333333,0.6842105263157895,원거리,신축,1
chiyoda,千代田区,64.1,2,40.4,3,18,2.8,아파트,동,1,1,1,0,2022,12,9490,148.0499219968799,32.05,0.16666666666666666,역세권,노후,5
adachi,足立区,74.6,4,19.2,4,18,5.1,맨션,남서,1,0,1,0,2024,4,5050,67.69436997319035,18.65,0.2222222222222222,도보권,중고,4
toshima,豊島区,64.2,3,16.7,13,14,1.8,아파트,동,1,1,0,0,2022,7,7020,109.34579439252336,21.400000000000002,0.9285714285714286,역세권,중고,3
katsushika,葛飾区,43.2,2,14.2,14,16,7.7,아파트,남동,0,1,1,1,2021,8,2490,57.638888888888886,21.6,0.875,버스권,준신축,4
shinjuku,新宿区,94.0,4,6.0,12,18,9.2,타워맨션,동,0,1,1,0,2023,4,17920,190.63829787234042,23.5,0.6666666666666666,버스권,준신축,3
shinjuku,新宿区,86.4,4,60.0,1,11,25.9,빌라,서,0,0,0,0,2022,2,4090,47.33796296296296,21.6,0.09090909090909091,원거리,노후,0
minato,港区,62.4,3,4.2,11,18,1.0,아파트,남서,0,1,1,0,2020,12,17660,283.0128205128205,20.8,0.6111111111111112,역세권,신축,3
adachi,足立区,104.1,5,7.4,10,18,17.0,맨션,동,1,0,0,0,2024,6,6290,60.422670509125844,20.82,0.5555555555555556,원거리,준신축,2
sumida,墨田区,38.9,1,3.3,4,4,22.1,타워맨션,남동,1,1,0,0,2024,12,4140,106.426735218509,38.9,1.0,원거리,신축,3
minato,港区,109.1,5,2.9,11,12,1.0,맨션,남서,1,0,1,0,2021,6,38840,356.0036663611366,21.82,0.9166666666666666,역세권,신축,4
shinagawa,品川区,105.9,5,2.5,10,10,4.0,맨션,남,0,1,1,1,2021,6,18500,174.69310670443815,21.18,1.0,도보권,신축,4
chiyoda,千代田区,89.5,3,10.4,4,8,2.3,타워맨션,동,0,1,0,0,2021,3,28420,317.5418994413408,29.833333333333332,0.5,역세권,준신축,1
shinjuku,新宿区,95.2,5,11.0,10,18,4.6,아파트,남서,0,1,1,0,2023,8,15110,158.71848739495798,19.04,0.5555555555555556,도보권,준신축,3
suginami,杉並区,90.5,4,4.1,3,15,1.1,맨션,남서,0,1,1,0,2023,10,12670,140.0,22.625,0.2,역세권,신축,3
bunkyo,文京区,95.1,4,26.9,8,16,6.9,빌라,북,0,1,0,1,2025,7,8550,89.90536277602524,23.775,0.5,도보권,중고,2
shinjuku,新宿区,74.7,3,6.1,14,18,7.7,아파트,남동,1,1,0,0,2024,6,13740,183.93574297188755,24.900000000000002,0.7777777777777778,버스권,준신축,3
meguro,目黒区,81.9,3,18.9,1,10,2.1,빌라,남,0,1,1,0,2021,9,12180,148.7179487179487,27.3,0.1,역세권,중고,3
koto,江東区,109.6,5,17.1,11,17,12.3,맨션,남서,1,0,0,0,2022,6,9900,90.32846715328468,21.919999999999998,0.6470588235294118,버스권,중고,2
taito,台東区,112.3,5,20.7,8,8,2.0,맨션,남,0,1,0,1,2025,4,13500,120.21371326803207,22.46,1.0,역세권,중고,2
chiyoda,千代田区,48.7,2,0.5,3,10,1.5,빌라,남,0,1,1,0,2025,2,11610,238.3983572895277,24.35,0.3,역세권,신축,3
chiyoda,千代田区,40.7,1,4.8,5,17,5.1,맨션,동,0,1,0,0,2023,9,10570,259.7051597051597,40.7,0.29411764705882354,도보권,신축,1
chiyoda,千代田区,46.6,2,13.0,6,7,11.5,아파트,남동,1,1,0,0,2025,3,8910,191.20171673819743,23.3,0.8571428571428571,버스권,준신축,3
arakawa,荒川区,20.0,1,15.1,8,19,1.0,맨션,남동,0,1,0,0,2024,4,1540,77.0,20.0,0.42105263157894735,역세권,중고,1
nerima,練馬区,76.1,3,12.7,11,15,1.0,맨션,북,0,1,0,0,2021,1,5780,75.95269382391591,25.366666666666664,0.7333333333333333,역세권,준신축,1
shinjuku,新宿区,27.7,1,4.7,1,2,6.0,맨션,북동,1,1,0,0,2022,3,4250,153.42960288808663,27.7,0.5,도보권,신축,3
koto,江東区,100.8,5,1.9,14,19,3.8,맨션,남,0,1,1,1,2023,3,13050,129.46428571428572,20.16,0.7368421052631579,도보권,신축,4
shinjuku,新宿区,36.1,2,4.1,6,6,1.0,맨션,남동,0,1,0,0,2021,7,6270,173.68421052631578,18.05,1.0,역세권,신축,1
meguro,目黒区,50.6,2,15.6,14,19,9.4,아파트,남동,0,1,1,0,2024,12,8130,160.67193675889328,25.3,0.7368421052631579,버스권,중고,3
shinagawa,品川区,79.5,4,8.8,13,17,3.9,빌라,남서,0,1,1,0,2022,7,10700,134.59119496855345,19.875,0.7647058823529411,도보권,준신축,3
adachi,足立区,63.9,3,60.0,13,14,6.4,맨션,북,0,0,0,0,2024,6,2240,35.0547730829421,21.3,0.9285714285714286,도보권,노후,0
chuo,中央区,75.5,4,6.6,8,17,3.9,타워맨션,북,0,1,1,0,2022,10,22210,294.17218543046357,18.875,0.47058823529411764,도보권,준신축,3
suginami,杉並区,64.3,3,3.7,1,4,1.8,아파트,동,1,0,0,0,2025,4,9250,143.8569206842924,21.433333333333334,0.25,역세권,신축,2
sumida,墨田区,73.3,4,2.3,5,12,19.2,맨션,북,0,1,1,0,2021,6,5740,78.30832196452934,18.325,0.4166666666666667,원거리,신축,3
toshima,豊島区,36.9,2,44.3,4,18,1.9,맨션,동,1,1,0,1,2022,5,2530,68.56368563685638,18.45,0.2222222222222222,역세권,노후,4
nerima,練馬区,90.0,4,10.3,2,11,4.3,맨션,북동,0,1,1,1,2022,3,7300,81.11111111111111,22.5,0.18181818181818182,도보권,준신축,4
bunkyo,文京区,39.7,1,27.1,12,19,20.8,타워맨션,동,1,1,0,0,2020,12,4630,116.62468513853904,39.7,0.631578947368421,원거리,중고,3
nerima,練馬区,56.3,1,26.2,4,14,3.3,아파트,남서,1,0,0,1,2024,12,3470,61.634103019538195,56.3,0.2857142857142857,도보권,중고,3
meguro,目黒区,32.3,1,9.2,13,15,4.5,맨션,남서,0,1,0,0,2021,3,5420,167.80185758513935,32.3,0.8666666666666667,도보권,준신축,1
suginami,杉並区,101.0,4,10.4,2,9,2.8,빌라,남동,1,1,0,0,2023,1,10340,102.37623762376238,25.25,0.2222222222222222,역세권,준신축,3
arakawa,荒川区,70.6,4,5.9,6,15,4.4,타워맨션,남,1,1,0,0,2024,3,8420,119.26345609065157,17.65,0.4,도보권,준신축,3
nakano,中野区,97.0,4,2.1,10,13,2.7,맨션,서,0,0,0,0,2021,3,10700,110.30927835051547,24.25,0.7692307692307693,역세권,신축,0
suginami,杉並区,50.7,2,5.6,1,7,1.8,빌라,북동,0,1,0,0,2024,11,5160,101.77514792899407,25.35,0.14285714285714285,역세권,준신축,1
setagaya,世田谷区,23.4,1,4.1,9,13,8.3,맨션,남서,0,1,0,1,2024,2,3290,140.59829059829062,23.4,0.6923076923076923,버스권,신축,2
meguro,目黒区,30.6,1,35.4,8,9,29.6,빌라,동,0,1,0,0,2021,9,2080,67.97385620915033,30.6,0.8888888888888888,원거리,노후,1
taito,台東区,91.5,3,14.0,7,19,17.1,맨션,동,1,1,1,0,2025,7,10180,111.2568306010929,30.5,0.3684210526315789,원거리,준신축,5
kita,北区,70.0,3,6.3,10,12,12.3,맨션,동,1,1,1,0,2022,1,6630,94.71428571428571,23.333333333333332,0.8333333333333334,버스권,준신축,5
suginami,杉並区,90.5,3,6.1,3,19,5.4,빌라,동,1,0,1,0,2022,3,9270,102.43093922651934,30.166666666666668,0.15789473684210525,도보권,준신축,4
shibuya,渋谷区,78.8,4,0.2,5,11,8.3,타워맨션,남동,0,0,1,0,2024,1,17280,219.28934010152284,19.7,0.45454545454545453,버스권,신축,2
taito,台東区,39.1,2,16.5,12,17,6.0,빌라,남동,1,1,1,0,2024,10,4380,112.02046035805627,19.55,0.7058823529411765,도보권,중고,5
shibuya,渋谷区,72.8,3,4.5,6,10,6.6,아파트,동,1,1,0,0,2022,8,14220,195.32967032967034,24.266666666666666,0.6,도보권,신축,3
shinagawa,品川区,54.8,3,8.0,1,8,6.8,아파트,서,0,1,1,0,2024,5,8300,151.45985401459853,18.266666666666666,0.125,도보권,준신축,3
shibuya,渋谷区,59.7,2,7.0,10,15,30.0,타워맨션,남동,1,1,1,0,2021,4,11380,190.61976549413734,29.85,0.6666666666666666,원거리,준신축,5
sumida,墨田区,72.0,3,32.7,1,4,2.6,아파트,북,1,1,1,0,2025,1,5410,75.13888888888889,24.0,0.25,역세권,노후,5
chuo,中央区,76.0,3,53.9,10,14,6.0,아파트,남,0,1,1,0,2021,2,8930,117.5,25.333333333333332,0.7142857142857143,도보권,노후,3
shinagawa,品川区,69.7,3,23.0,9,10,6.2,아파트,북서,0,1,0,0,2024,4,9380,134.5767575322812,23.233333333333334,0.9,도보권,중고,1
shinjuku,新宿区,55.3,2,31.4,9,19,18.1,타워맨션,남,0,1,1,0,2021,8,7270,131.46473779385173,27.65,0.47368421052631576,원거리,노후,3
ota,大田区,59.0,2,0.4,1,18,2.3,아파트,남,0,0,1,0,2025,6,6090,103.22033898305085,29.5,0.05555555555555555,역세권,신축,2
minato,港区,95.4,5,10.8,5,19,7.7,아파트,북동,0,1,0,1,2025,7,23160,242.76729559748426,19.080000000000002,0.2631578947368421,버스권,준신축,2
minato,港区,85.7,4,27.9,5,16,1.1,맨션,남서,0,0,1,0,2023,5,20650,240.9568261376896,21.425,0.3125,역세권,중고,2
kita,北区,20.0,1,17.5,13,15,8.0,타워맨션,남동,0,1,1,0,2022,8,2270,113.5,20.0,0.8666666666666667,버스권,중고,3
taito,台東区,100.2,5,9.5,12,17,1.2,아파트,남동,0,1,0,0,2023,10,13040,130.13972055888223,20.04,0.7058823529411765,역세권,준신축,1
sumida,墨田区,98.8,5,2.1,12,14,6.1,맨션,남서,0,1,1,1,2023,7,11510,116.49797570850203,19.759999999999998,0.8571428571428571,도보권,신축,4
setagaya,世田谷区,90.1,4,14.7,2,17,15.1,맨션,남서,1,1,0,0,2025,4,8350,92.67480577136516,22.525,0.11764705882352941,원거리,준신축,3
minato,港区,61.6,2,6.4,3,8,1.0,아파트,북서,1,1,1,0,2021,12,16000,259.7402597402597,30.8,0.375,역세권,준신축,5
chiyoda,千代田区,60.6,2,3.6,14,16,17.8,맨션,남,1,0,1,0,2022,9,12720,209.9009900990099,30.3,0.875,원거리,신축,4
shinagawa,品川区,53.6,3,26.9,6,15,3.0,맨션,남동,0,1,0,1,2021,6,6400,119.40298507462687,17.866666666666667,0.4,역세권,중고,2
nakano,中野区,68.2,3,4.0,13,16,9.1,아파트,서,1,0,0,0,2022,5,7700,112.9032258064516,22.733333333333334,0.8125,버스권,신축,2
adachi,足立区,41.9,2,10.4,2,10,8.0,타워맨션,동,1,0,0,0,2021,11,3050,72.79236276849642,20.95,0.2,버스권,준신축,2
minato,港区,61.2,2,27.3,11,14,4.1,타워맨션,북서,0,1,0,0,2024,6,15370,251.1437908496732,30.6,0.7857142857142857,도보권,중고,1
shinagawa,品川区,98.4,5,14.9,14,16,2.9,타워맨션,북동,0,1,1,0,2024,6,21480,218.29268292682926,19.68,0.875,역세권,준신축,3
nerima,練馬区,20.0,1,33.1,13,13,5.0,맨션,남동,0,1,0,0,2022,8,1340,67.0,20.0,1.0,도보권,노후,1
chuo,中央区,64.9,2,26.6,9,19,11.8,빌라,북,0,0,1,0,2023,1,7260,111.86440677966101,32.45,0.47368421052631576,버스권,중고,2
suginami,杉並区,20.0,1,13.1,14,14,7.9,맨션,북서,1,1,1,0,2025,8,2590,129.5,20.0,1.0,버스권,준신축,5
arakawa,荒川区,58.7,3,1.5,10,17,1.0,맨션,북,0,1,0,0,2020,12,4940,84.15672913117547,19.566666666666666,0.5882352941176471,역세권,신축,1
koto,江東区,34.4,1,14.8,13,19,6.8,아파트,남,0,0,1,1,2025,10,3700,107.55813953488372,34.4,0.6842105263157895,도보권,준신축,3
chuo,中央区,92.1,4,26.9,5,15,6.2,아파트,서,0,1,0,0,2022,10,15010,162.97502714440827,23.025,0.3333333333333333,도보권,중고,1
chiyoda,千代田区,101.9,5,28.4,13,16,4.7,아파트,남서,1,0,1,0,2022,3,14590,143.17958783120704,20.380000000000003,0.8125,도보권,중고,4
koto,江東区,46.9,2,24.8,14,14,1.6,아파트,북동,0,1,1,0,2024,4,4110,87.63326226012794,23.45,1.0,역세권,중고,3
meguro,目黒区,86.5,4,17.4,8,19,5.2,타워맨션,북,0,0,0,0,2020,12,13590,157.10982658959537,21.625,0.42105263157894735,도보권,중고,0
shinagawa,品川区,72.7,2,2.9,6,6,6.8,맨션,북,0,0,0,1,2025,8,12800,176.06602475928472,36.35,1.0,도보권,신축,1
nakano,中野区,73.7,2,11.0,7,8,2.5,타워맨션,동,1,1,1,0,2025,1,13800,187.24559023066485,36.85,0.875,역세권,준신축,5
minato,港区,83.5,3,27.0,10,18,3.4,맨션,남서,0,0,0,0,2022,4,13540,162.1556886227545,27.833333333333332,0.5555555555555556,도보권,중고,0
toshima,豊島区,35.0,1,26.9,11,16,16.9,아파트,남동,0,0,0,1,2025,1,2630,75.14285714285714,35.0,0.6875,원거리,중고,1
minato,港区,77.5,4,2.4,5,5,15.5,아파트,남,0,0,0,0,2025,2,14750,190.32258064516128,19.375,1.0,원거리,신축,0
katsushika,葛飾区,20.0,1,1.6,9,12,9.7,아파트,남동,0,1,1,0,2025,7,1140,57.0,20.0,0.75,버스권,신축,3
chiyoda,千代田区,64.5,4,14.5,11,18,9.7,맨션,남서,0,0,1,1,2025,5,13220,204.96124031007753,16.125,0.6111111111111112,버스권,준신축,3
chuo,中央区,77.2,4,30.6,14,15,1.0,아파트,서,0,0,1,0,2023,12,13230,171.37305699481865,19.3,0.9333333333333333,역세권,노후,2
meguro,目黒区,84.6,5,15.6,12,12,1.0,맨션,남서,1,1,1,0,2021,10,13710,162.05673758865248,16.919999999999998,1.0,역세권,중고,5
ota,大田区,20.0,1,15.4,10,11,9.4,아파트,남,1,0,0,0,2021,7,1330,66.5,20.0,0.9090909090909091,버스권,중고,2
chuo,中央区,46.3,2,3.5,3,8,14.7,아파트,북,0,0,0,1,2021,6,7560,163.2829373650108,23.15,0.375,버스권,신축,1
setagaya,世田谷区,34.7,1,19.0,13,13,12.4,빌라,북서,0,0,0,1,2025,8,3580,103.1700288184438,34.7,1.0,버스권,중고,1
ota,大田区,98.2,3,11.4,7,9,2.0,아파트,남서,0,1,1,0,2025,7,9010,91.75152749490834,32.733333333333334,0.7777777777777778,역세권,준신축,3
chiyoda,千代田区,32.8,1,8.5,12,14,1.0,아파트,남서,0,1,1,0,2022,3,8650,263.719512195122,32.8,0.8571428571428571,역세권,준신축,3
meguro,目黒区,83.8,4,23.7,9,11,5.5,타워맨션,남서,1,1,1,0,2021,2,17590,209.90453460620526,20.95,0.8181818181818182,도보권,중고,5
minato,港区,83.4,5,12.9,8,14,2.7,아파트,동,1,0,0,0,2023,2,24580,294.7242206235012,16.68,0.5714285714285714,역세권,준신축,2
setagaya,世田谷区,52.8,2,0.7,1,11,14.9,맨션,북동,0,1,1,0,2021,10,4840,91.66666666666667,26.4,0.09090909090909091,버스권,신축,3
chuo,中央区,66.2,2,12.0,13,19,18.6,맨션,동,1,1,1,0,2024,3,11630,175.6797583081571,33.1,0.6842105263157895,원거리,준신축,5
bunkyo,文京区,91.0,3,1.2,2,11,5.4,타워맨션,남동,0,1,0,0,2023,7,15160,166.5934065934066,30.333333333333332,0.18181818181818182,도보권,신축,1
minato,港区,49.2,2,16.4,7,15,7.3,아파트,남동,1,1,0,0,2023,6,11260,228.86178861788616,24.6,0.4666666666666667,버스권,중고,3
shinjuku,新宿区,43.6,2,7.2,6,13,7.6,아파트,남,0,1,1,1,2023,9,6810,156.1926605504587,21.8,0.46153846153846156,버스권,준신축,4
adachi,足立区,58.2,2,0.9,8,14,9.8,맨션,서,0,1,0,0,2025,2,3580,61.51202749140893,29.1,0.5714285714285714,버스권,신축,1
koto,江東区,86.6,4,49.0,8,12,4.9,빌라,서,0,1,0,0,2025,8,4470,51.61662817551964,21.65,0.6666666666666666,도보권,노후,1
chuo,中央区,78.1,4,3.2,11,18,3.8,빌라,북,0,1,0,0,2024,1,14810,189.62868117797697,19.525,0.6111111111111112,도보권,신축,1
chiyoda,千代田区,119.3,6,4.8,8,19,3.3,아파트,북,0,1,0,0,2024,11,23660,198.3235540653814,19.883333333333333,0.42105263157894735,도보권,신축,1
koto,江東区,42.5,2,48.8,8,13,8.3,맨션,북동,1,1,1,0,2021,5,2540,59.76470588235294,21.25,0.6153846153846154,버스권,노후,5
ota,大田区,43.1,2,6.2,4,10,6.2,아파트,남,0,1,0,1,2023,5,3430,79.58236658932714,21.55,0.4,도보권,준신축,2
koto,江東区,28.6,1,7.6,4,14,1.6,타워맨션,서,0,0,0,0,2025,4,3780,132.16783216783216,28.6,0.2857142857142857,역세권,준신축,0
shinagawa,品川区,81.2,3,1.5,1,14,8.7,아파트,남동,1,1,1,1,2020,12,12540,154.4334975369458,27.066666666666666,0.07142857142857142,버스권,신축,6
bunkyo,文京区,73.1,4,11.7,14,14,13.8,빌라,동,1,1,1,0,2023,4,8810,120.51983584131328,18.275,1.0,버스권,준신축,5
shibuya,渋谷区,81.8,2,16.2,5,8,5.1,아파트,남서,0,1,1,0,2023,1,13270,162.22493887530564,40.9,0.625,도보권,중고,3
chiyoda,千代田区,70.3,4,4.5,10,17,3.9,타워맨션,동,0,1,0,1,2024,10,22850,325.03556187766713,17.575,0.5882352941176471,도보권,신축,2
taito,台東区,109.7,6,14.5,7,12,13.1,빌라,남동,1,1,0,0,2025,2,10290,93.80127620783956,18.283333333333335,0.5833333333333334,버스권,준신축,3
suginami,杉並区,42.0,2,3.5,1,14,5.2,아파트,남서,1,1,1,0,2021,10,4740,112.85714285714286,21.0,0.07142857142857142,도보권,신축,5
meguro,目黒区,43.0,2,15.0,1,12,6.9,타워맨션,동,0,1,1,0,2023,6,8310,193.25581395348837,21.5,0.08333333333333333,도보권,준신축,3
itabashi,板橋区,116.5,5,0.9,8,13,21.9,아파트,남동,0,1,1,0,2021,4,7310,62.74678111587983,23.3,0.6153846153846154,원거리,신축,3
shinagawa,品川区,60.6,4,1.2,7,12,1.7,맨션,남서,0,1,0,0,2023,1,11320,186.7986798679868,15.15,0.5833333333333334,역세권,신축,1
meguro,目黒区,68.2,3,21.8,12,15,4.8,아파트,남,0,1,1,0,2024,1,11250,164.95601173020526,22.733333333333334,0.8,도보권,중고,3
minato,港区,90.2,4,3.7,7,17,9.8,타워맨션,동,0,0,0,0,2024,5,25870,286.8070953436807,22.55,0.4117647058823529,버스권,신축,0
chuo,中央区,75.5,3,54.6,12,16,2.5,아파트,남동,1,1,0,0,2022,7,10950,145.03311258278146,25.166666666666668,0.75,역세권,노후,3
sumida,墨田区,53.0,4,0.1,13,14,2.7,아파트,북동,0,1,0,0,2021,1,4240,80.0,13.25,0.9285714285714286,역세권,신축,1
chiyoda,千代田区,39.0,2,8.2,11,17,1.2,아파트,남,0,0,0,0,2025,9,8740,224.10256410256412,19.5,0.6470588235294118,역세권,준신축,0
minato,港区,45.0,2,1.5,13,13,7.2,맨션,남동,1,0,0,1,2025,7,14430,320.6666666666667,22.5,1.0,버스권,신축,3
koto,江東区,63.2,3,21.9,2,7,1.0,아파트,동,0,1,1,0,2024,1,4310,68.19620253164557,21.066666666666666,0.2857142857142857,역세권,중고,3
taito,台東区,86.5,3,5.6,8,18,19.3,맨션,남동,1,1,1,0,2023,7,10470,121.04046242774567,28.833333333333332,0.4444444444444444,원거리,준신축,5
shibuya,渋谷区,65.1,2,6.8,10,19,1.0,아파트,남,0,1,0,0,2022,11,15380,236.2519201228879,32.55,0.5263157894736842,역세권,준신축,1
sumida,墨田区,73.2,3,19.1,2,15,11.4,맨션,동,1,1,1,0,2021,10,6630,90.57377049180327,24.400000000000002,0.13333333333333333,버스권,중고,5
ota,大田区,29.4,1,0.1,4,4,6.2,맨션,북동,0,1,0,0,2023,11,2960,100.68027210884354,29.4,1.0,도보권,신축,1
minato,港区,94.2,4,37.9,6,18,21.2,맨션,북서,0,0,0,0,2021,11,8960,95.11677282377919,23.55,0.3333333333333333,원거리,노후,0
bunkyo,文京区,60.5,4,0.8,10,13,5.0,아파트,남,0,1,1,0,2022,6,8980,148.4297520661157,15.125,0.7692307692307693,도보권,신축,3
edogawa,江戸川区,73.6,3,2.7,10,13,3.7,맨션,남동,1,0,1,0,2023,1,5700,77.44565217391305,24.53333333333333,0.7692307692307693,도보권,신축,4
shinagawa,品川区,62.6,3,0.4,3,18,2.7,맨션,남동,0,1,0,0,2021,11,11770,188.0191693290735,20.866666666666667,0.16666666666666666,역세권,신축,1
shinjuku,新宿区,23.0,1,13.3,8,14,6.1,아파트,서,0,1,0,0,2023,4,3140,136.52173913043478,23.0,0.5714285714285714,도보권,준신축,1
taito,台東区,86.0,5,1.3,4,13,6.1,맨션,서,1,0,0,1,2021,11,9940,115.5813953488372,17.2,0.3076923076923077,도보권,신축,3
ota,大田区,82.2,3,3.3,11,19,1.0,맨션,남서,0,1,1,0,2022,4,8380,101.94647201946472,27.400000000000002,0.5789473684210527,역세권,신축,3
setagaya,世田谷区,69.7,3,30.1,10,19,2.8,맨션,남,0,1,1,0,2024,2,6910,99.13916786226686,23.233333333333334,0.5263157894736842,역세권,노후,3
ota,大田区,68.4,4,2.6,2,13,1.1,맨션,북서,0,1,0,1,2022,8,6320,92.39766081871345,17.1,0.15384615384615385,역세권,신축,2
chuo,中央区,47.3,2,0.4,11,11,6.0,아파트,남서,1,1,1,1,2021,5,12600,266.384778012685,23.65,1.0,도보권,신축,6
bunkyo,文京区,22.6,1,8.0,9,19,2.7,맨션,남서,0,1,0,0,2024,2,3790,167.69911504424778,22.6,0.47368421052631576,역세권,준신축,1
taito,台東区,53.7,2,12.3,9,11,4.1,맨션,남서,1,1,1,0,2025,5,6710,124.95344506517691,26.85,0.8181818181818182,도보권,준신축,5
itabashi,板橋区,40.5,1,5.2,2,16,21.1,아파트,남,1,1,0,0,2020,12,2470,60.98765432098765,40.5,0.125,원거리,준신축,3
chiyoda,千代田区,91.5,4,60.0,14,18,3.2,빌라,북동,1,1,1,0,2022,11,11490,125.57377049180327,22.875,0.7777777777777778,도보권,노후,5
chuo,中央区,26.5,1,17.6,7,12,13.5,맨션,남동,1,1,0,0,2025,11,5300,200.0,26.5,0.5833333333333334,버스권,중고,3
nerima,練馬区,48.7,3,18.7,7,18,6.1,맨션,남,1,1,0,0,2021,2,3580,73.51129363449691,16.233333333333334,0.3888888888888889,도보권,중고,3
minato,港区,82.8,4,0.2,8,15,4.2,아파트,남,0,0,1,0,2024,9,26040,314.49275362318843,20.7,0.5333333333333333,도보권,신축,2
shinagawa,品川区,108.2,5,5.3,4,12,22.6,아파트,동,0,1,0,0,2025,10,11970,110.62846580406654,21.64,0.3333333333333333,원거리,준신축,1
sumida,墨田区,72.2,2,49.4,6,11,2.7,타워맨션,남동,0,1,1,0,2022,3,5200,72.02216066481994,36.1,0.5454545454545454,역세권,노후,3
edogawa,江戸川区,47.1,2,1.5,10,16,1.0,빌라,남서,0,0,1,0,2020,12,2460,52.22929936305732,23.55,0.625,역세권,신축,2
bunkyo,文京区,107.9,6,7.6,4,16,1.9,맨션,동,1,0,1,0,2022,2,15430,143.00278035217792,17.983333333333334,0.25,역세권,준신축,4
nerima,練馬区,75.6,3,12.5,3,14,8.5,아파트,남,0,1,0,0,2024,2,5540,73.28042328042329,25.2,0.21428571428571427,버스권,준신축,1
minato,港区,40.0,1,10.5,13,15,1.0,맨션,남동,0,1,0,1,2024,8,13760,344.0,40.0,0.8666666666666667,역세권,준신축,2
shibuya,渋谷区,32.3,1,34.2,1,8,5.0,맨션,서,0,0,1,0,2022,7,3830,118.57585139318887,32.3,0.125,도보권,노후,2
shinjuku,新宿区,59.5,3,15.9,9,12,6.9,타워맨션,북,0,0,0,0,2024,12,10770,181.00840336134453,19.833333333333332,0.75,도보권,중고,0
nakano,中野区,85.5,4,1.8,13,15,3.0,타워맨션,서,1,0,1,0,2021,1,13990,163.62573099415204,21.375,0.8666666666666667,역세권,신축,4
kita,北区,27.2,1,28.3,3,18,1.0,아파트,남동,0,1,1,0,2022,6,1840,67.64705882352942,27.2,0.16666666666666666,역세권,중고,3
kita,北区,43.4,2,1.6,11,18,8.9,맨션,서,0,1,0,0,2025,4,3580,82.48847926267281,21.7,0.6111111111111112,버스권,신축,1
nerima,練馬区,61.8,2,4.8,13,17,1.6,맨션,북,0,1,1,0,2025,8,6350,102.75080906148868,30.9,0.7647058823529411,역세권,신축,3
ota,大田区,54.4,2,4.1,3,4,5.8,아파트,북동,1,1,0,0,2023,8,4230,77.75735294117648,27.2,0.75,도보권,신축,3
chuo,中央区,78.7,3,2.8,14,19,7.9,아파트,북동,0,1,1,0,2021,12,16330,207.49682337992374,26.233333333333334,0.7368421052631579,버스권,신축,3
koto,江東区,64.4,3,24.3,4,15,1.0,빌라,동,0,1,1,0,2022,12,4360,67.70186335403726,21.46666666666667,0.26666666666666666,역세권,중고,3
katsushika,葛飾区,71.4,3,47.2,9,15,12.4,맨션,북서,0,0,1,0,2023,4,2270,31.79271708683473,23.8,0.6,버스권,노후,2
ota,大田区,91.7,4,5.5,14,19,9.6,타워맨션,북서,0,1,0,1,2020,12,10550,115.04907306434023,22.925,0.7368421052631579,버스권,준신축,2
arakawa,荒川区,40.8,2,11.4,12,14,1.0,맨션,북동,0,0,1,0,2025,8,3840,94.11764705882354,20.4,0.8571428571428571,역세권,준신축,2
minato,港区,57.3,2,21.8,11,14,1.0,맨션,서,0,1,1,0,2022,4,17660,308.2024432809773,28.65,0.7857142857142857,역세권,중고,3
toshima,豊島区,90.8,4,17.2,5,9,5.8,맨션,남,0,1,0,0,2025,11,9550,105.1762114537445,22.7,0.5555555555555556,도보권,중고,1
minato,港区,26.7,1,10.7,7,18,2.4,타워맨션,남,1,0,1,0,2024,4,11100,415.7303370786517,26.7,0.3888888888888889,역세권,준신축,4
chuo,中央区,58.4,3,6.3,8,15,11.2,아파트,동,1,1,0,0,2022,2,11290,193.32191780821918,19.466666666666665,0.5333333333333333,버스권,준신축,3
shinjuku,新宿区,67.1,3,2.5,3,11,1.0,아파트,남서,0,1,0,0,2024,8,11030,164.38152011922506,22.366666666666664,0.2727272727272727,역세권,신축,1
arakawa,荒川区,88.6,4,0.2,10,19,4.3,아파트,남동,1,0,0,1,2022,2,8340,94.13092550790068,22.15,0.5263157894736842,도보권,신축,3
chuo,中央区,48.7,2,7.0,1,7,4.5,빌라,북동,1,1,0,0,2025,4,9410,193.22381930184804,24.35,0.14285714285714285,도보권,준신축,3
suginami,杉並区,81.5,4,13.5,3,7,13.8,맨션,북동,1,1,1,0,2023,6,9090,111.53374233128834,20.375,0.42857142857142855,버스권,준신축,5
katsushika,葛飾区,44.0,3,39.8,13,13,1.7,아파트,북동,1,1,1,1,2021,8,1750,39.77272727272727,14.666666666666666,1.0,역세권,노후,6
chiyoda,千代田区,88.1,4,37.5,9,18,1.0,맨션,북,1,1,0,0,2021,7,12720,144.38138479001137,22.025,0.5,역세권,노후,3
arakawa,荒川区,68.0,2,2.8,8,11,7.4,아파트,남,0,1,1,0,2022,9,4540,66.76470588235294,34.0,0.7272727272727273,버스권,신축,3
ota,大田区,29.7,1,12.7,10,18,1.0,맨션,동,0,1,1,0,2021,9,2250,75.75757575757576,29.7,0.5555555555555556,역세권,준신축,3
setagaya,世田谷区,20.0,1,16.3,9,16,3.7,아파트,남,0,0,0,0,2023,12,2030,101.5,20.0,0.5625,도보권,중고,0
chiyoda,千代田区,53.1,3,3.6,9,18,10.2,아파트,서,0,0,1,0,2021,11,10320,194.3502824858757,17.7,0.5,버스권,신축,2
chiyoda,千代田区,55.6,3,30.9,8,11,1.0,맨션,동,0,1,1,0,2022,12,11040,198.5611510791367,18.533333333333335,0.7272727272727273,역세권,노후,3
shinagawa,品川区,31.1,1,53.6,9,9,1.1,맨션,남,1,1,0,0,2022,2,3700,118.97106109324758,31.1,1.0,역세권,노후,3
shinjuku,新宿区,69.3,3,5.1,6,19,4.4,타워맨션,북,0,1,0,0,2025,11,14000,202.02020202020202,23.099999999999998,0.3157894736842105,도보권,준신축,1
minato,港区,76.7,3,13.1,2,16,30.0,아파트,서,1,0,1,0,2021,10,12470,162.58148631029985,25.566666666666666,0.125,원거리,준신축,4
katsushika,葛飾区,92.7,4,20.5,2,11,4.0,빌라,남,0,1,1,0,2025,7,4530,48.8673139158576,23.175,0.18181818181818182,도보권,중고,3
suginami,杉並区,84.2,4,1.6,7,13,10.0,아파트,서,1,1,1,0,2025,4,11350,134.79809976247031,21.05,0.5384615384615384,버스권,신축,5
katsushika,葛飾区,109.8,5,5.3,3,12,1.0,빌라,남,0,1,0,0,2024,8,6620,60.29143897996357,21.96,0.25,역세권,준신축,1
bunkyo,文京区,113.3,5,3.6,14,16,3.5,아파트,남,0,0,0,0,2025,3,17810,157.19329214474845,22.66,0.875,도보권,신축,0
shinagawa,品川区,53.1,3,43.2,10,18,9.3,빌라,북동,0,1,0,0,2022,7,3520,66.29001883239171,17.7,0.5555555555555556,버스권,노후,1
bunkyo,文京区,80.1,4,6.7,13,15,4.8,아파트,남,1,0,1,0,2023,1,12930,161.42322097378278,20.025,0.8666666666666667,도보권,준신축,4
shinagawa,品川区,34.2,1,4.7,2,19,1.0,아파트,북서,0,1,0,1,2024,11,6290,183.91812865497076,34.2,0.10526315789473684,역세권,신축,2
suginami,杉並区,73.5,4,5.0,3,16,5.4,맨션,서,0,0,1,0,2023,10,8470,115.23809523809524,18.375,0.1875,도보권,신축,2
ota,大田区,90.0,4,43.2,3,17,1.0,맨션,북,0,1,0,1,2023,3,4630,51.44444444444444,22.5,0.17647058823529413,역세권,노후,2
edogawa,江戸川区,82.3,4,9.6,3,17,1.2,아파트,동,1,1,1,0,2023,1,5920,71.93195625759417,20.575,0.17647058823529413,역세권,준신축,5
shibuya,渋谷区,83.0,4,4.4,7,8,5.0,빌라,동,0,1,1,0,2024,3,15810,190.48192771084337,20.75,0.875,도보권,신축,3
minato,港区,47.0,2,30.0,7,7,6.7,맨션,남,0,0,0,0,2021,11,8080,171.91489361702128,23.5,1.0,도보권,중고,0
nakano,中野区,53.8,2,0.4,2,7,1.0,맨션,남서,0,1,0,0,2022,1,6710,124.72118959107807,26.9,0.2857142857142857,역세권,신축,1
meguro,目黒区,96.9,4,0.1,13,18,30.0,아파트,북,0,1,0,0,2022,9,12380,127.76057791537667,24.225,0.7222222222222222,원거리,신축,1
setagaya,世田谷区,64.3,3,18.6,11,17,9.2,아파트,서,0,1,0,0,2021,12,5880,91.44634525660965,21.433333333333334,0.6470588235294118,버스권,중고,1
minato,港区,76.6,4,16.3,10,16,3.9,아파트,남동,0,1,1,0,2022,1,13970,182.37597911227155,19.15,0.625,도보권,중고,3
shinjuku,新宿区,41.5,2,0.0,3,11,6.5,맨션,북동,0,0,0,0,2023,3,7690,185.3012048192771,20.75,0.2727272727272727,도보권,,0
shinjuku,新宿区,59.8,3,9.9,3,16,1.3,맨션,북동,1,1,1,1,2024,5,10980,183.61204013377926,19.933333333333334,0.1875,역세권,준신축,6
shinjuku,新宿区,45.9,2,3.0,9,11,3.1,빌라,동,0,1,0,0,2023,11,6260,136.38344226579522,22.95,0.8181818181818182,도보권,신축,1
arakawa,荒川区,74.0,2,15.1,6,19,14.6,맨션,남동,0,1,0,0,2022,5,4930,66.62162162162163,37.0,0.3157894736842105,버스권,중고,1
setagaya,世田谷区,78.8,4,8.0,7,19,7.6,맨션,동,0,1,0,0,2024,6,10530,133.62944162436548,19.7,0.3684210526315789,버스권,준신축,1
shinagawa,品川区,50.4,3,13.2,4,9,1.0,맨션,남동,0,0,0,0,2024,7,7680,152.38095238095238,16.8,0.4444444444444444,역세권,준신축,0
shinagawa,品川区,33.2,1,0.2,13,13,1.7,타워맨션,남,1,1,0,0,2023,9,10610,319.578313253012,33.2,1.0,역세권,신축,3
chiyoda,千代田区,23.6,1,6.9,10,12,6.8,아파트,동,0,1,1,0,2021,6,5310,225.0,23.6,0.8333333333333334,도보권,준신축,3
sumida,墨田区,43.3,2,12.3,8,9,9.9,아파트,북동,1,1,0,0,2021,12,3420,78.98383371824481,21.65,0.8888888888888888,버스권,준신축,3
bunkyo,文京区,75.0,3,10.4,1,5,25.3,아파트,북동,0,0,1,0,2024,7,7000,93.33333333333333,25.0,0.2,원거리,준신축,2
shinjuku,新宿区,20.0,1,9.0,4,15,29.7,아파트,남,1,1,1,0,2025,8,2600,130.0,20.0,0.26666666666666666,원거리,준신축,5
shibuya,渋谷区,60.8,2,2.6,2,5,6.0,맨션,북서,0,1,0,0,2022,8,13020,214.14473684210526,30.4,0.4,도보권,신축,1
nakano,中野区,58.6,3,4.9,3,7,11.7,아파트,북서,1,1,1,0,2023,11,6280,107.16723549488054,19.533333333333335,0.42857142857142855,버스권,신축,5
meguro,目黒区,68.4,4,24.4,2,2,4.8,아파트,동,0,1,0,0,2024,3,8370,122.36842105263158,17.1,1.0,도보권,중고,1
itabashi,板橋区,47.2,1,8.9,6,19,2.4,아파트,남동,1,0,1,0,2025,5,3890,82.41525423728812,47.2,0.3157894736842105,역세권,준신축,4
chiyoda,千代田区,71.1,3,44.2,12,16,2.6,맨션,서,0,1,1,0,2021,10,9880,138.95921237693392,23.7,0.75,역세권,노후,3
shibuya,渋谷区,28.1,1,7.7,13,17,2.5,맨션,남서,0,1,1,1,2023,11,7300,259.7864768683274,28.1,0.7647058823529411,역세권,준신축,4
chuo,中央区,72.5,4,7.6,7,19,4.1,맨션,동,1,1,1,0,2025,2,18650,257.2413793103448,18.125,0.3684210526315789,도보권,준신축,5
setagaya,世田谷区,52.5,2,5.0,9,16,25.4,아파트,북,1,0,0,0,2021,9,5080,96.76190476190476,26.25,0.5625,원거리,신축,2
sumida,墨田区,63.9,2,2.2,8,9,4.2,맨션,남,0,1,1,0,2021,12,7730,120.97026604068859,31.95,0.8888888888888888,도보권,신축,3
meguro,目黒区,42.3,2,21.1,4,16,1.0,맨션,서,0,0,1,0,2025,9,6150,145.39007092198582,21.15,0.25,역세권,중고,2
bunkyo,文京区,58.5,2,12.1,11,16,11.9,아파트,남서,0,1,0,1,2024,3,8700,148.71794871794873,29.25,0.6875,버스권,준신축,2
chuo,中央区,69.1,3,2.1,4,17,9.0,아파트,남동,0,1,1,1,2021,11,13870,200.72358900144718,23.03333333333333,0.23529411764705882,버스권,신축,4
setagaya,世田谷区,33.8,2,3.6,7,11,4.4,빌라,남서,1,1,0,0,2022,11,3730,110.35502958579883,16.9,0.6363636363636364,도보권,신축,3
chiyoda,千代田区,113.7,5,37.6,3,10,5.4,아파트,서,0,0,0,0,2025,3,14530,127.792436235708,22.740000000000002,0.3,도보권,노후,0
chiyoda,千代田区,56.3,2,9.8,3,3,5.1,아파트,남,0,1,0,0,2025,9,12460,221.3143872113677,28.15,1.0,도보권,준신축,1
kita,北区,47.7,2,22.9,12,15,7.5,맨션,북동,0,1,1,1,2022,2,3510,73.58490566037736,23.85,0.8,버스권,중고,4
toshima,豊島区,33.2,2,15.9,14,14,1.0,아파트,남,0,1,1,0,2021,1,4030,121.38554216867469,16.6,1.0,역세권,중고,3
chuo,中央区,76.2,3,17.2,14,14,3.9,아파트,동,1,1,1,0,2024,1,15670,205.64304461942257,25.400000000000002,1.0,도보권,중고,5
shibuya,渋谷区,22.3,1,0.3,3,3,5.7,빌라,남서,0,1,1,0,2023,4,4290,192.37668161434976,22.3,1.0,도보권,신축,3
chuo,中央区,92.7,5,13.3,5,6,1.0,타워맨션,남,0,1,0,0,2023,9,29450,317.69147788565266,18.54,0.8333333333333334,역세권,준신축,1
chiyoda,千代田区,85.8,4,22.4,4,10,4.3,아파트,북,1,1,1,0,2021,11,15170,176.80652680652682,21.45,0.4,도보권,중고,5
minato,港区,76.1,4,10.1,12,13,7.2,아파트,북서,0,1,1,0,2022,7,14910,195.9264126149803,19.025,0.9230769230769231,버스권,준신축,3
koto,江東区,74.0,3,20.4,10,11,2.2,아파트,북동,0,1,0,0,2023,5,5790,78.24324324324324,24.666666666666668,0.9090909090909091,역세권,중고,1
minato,港区,61.6,2,1.0,9,16,1.8,타워맨션,남서,0,0,0,1,2023,10,23260,377.5974025974026,30.8,0.5625,역세권,신축,1
adachi,足立区,42.9,2,12.7,9,15,8.5,맨션,남,1,1,0,0,2023,10,2750,64.1025641025641,21.45,0.6,버스권,준신축,3
bunkyo,文京区,20.0,1,10.4,10,15,6.8,맨션,북서,0,1,1,0,2023,4,2520,126.0,20.0,0.6666666666666666,도보권,준신축,3
setagaya,世田谷区,63.6,2,24.7,3,3,7.2,맨션,북서,0,0,1,0,2022,10,7010,110.22012578616352,31.8,1.0,버스권,중고,2
nakano,中野区,51.3,2,14.5,4,11,30.0,빌라,서,1,1,0,1,2022,9,4080,79.53216374269006,25.65,0.36363636363636365,원거리,준신축,4
shibuya,渋谷区,48.2,2,12.9,10,19,2.9,아파트,동,0,0,1,0,2025,9,11330,235.0622406639004,24.1,0.5263157894736842,역세권,준신축,2
chiyoda,千代田区,81.5,4,12.0,6,10,8.3,아파트,북,1,0,1,0,2021,12,15570,191.04294478527606,20.375,0.6,버스권,준신축,4
adachi,足立区,57.7,2,15.5,13,18,3.1,맨션,남동,1,1,0,1,2022,11,3640,63.08492201039861,28.85,0.7222222222222222,도보권,중고,4
sumida,墨田区,38.4,1,16.1,1,11,6.8,빌라,서,0,0,0,1,2021,5,2600,67.70833333333334,38.4,0.09090909090909091,도보권,중고,1
chiyoda,千代田区,38.4,2,7.1,1,1,22.2,타워맨션,남,1,1,1,0,2021,5,7680,200.0,19.2,1.0,원거리,준신축,5
nakano,中野区,88.7,3,2.2,2,10,2.3,맨션,북동,1,0,1,0,2022,3,9990,112.62683201803833,29.566666666666666,0.2,역세권,신축,4
adachi,足立区,20.0,1,0.8,5,15,11.0,타워맨션,동,1,1,0,1,2024,2,1740,87.0,20.0,0.3333333333333333,버스권,신축,4
minato,港区,67.9,4,9.0,14,14,1.0,맨션,북서,0,1,0,0,2022,6,20350,299.70544918998525,16.975,1.0,역세권,준신축,1
kita,北区,54.5,2,16.8,2,6,6.5,맨션,남동,1,1,1,1,2025,6,5990,109.90825688073394,27.25,0.3333333333333333,도보권,중고,6
shinagawa,品川区,20.0,1,2.8,14,19,1.4,아파트,남서,0,1,0,0,2024,10,3530,176.5,20.0,0.7368421052631579,역세권,신축,1
nerima,練馬区,38.3,1,1.4,7,18,1.0,아파트,남,0,0,1,0,2021,4,4060,106.00522193211489,38.3,0.3888888888888889,역세권,신축,2
shibuya,渋谷区,60.5,3,3.8,13,17,3.0,아파트,남서,0,0,0,0,2025,5,13560,224.13223140495867,20.166666666666668,0.7647058823529411,역세권,신축,0
minato,港区,44.2,3,27.6,14,18,4.6,빌라,남,0,1,0,0,2024,12,8470,191.6289592760181,14.733333333333334,0.7777777777777778,도보권,중고,1
toshima,豊島区,40.5,1,31.9,3,19,1.0,타워맨션,남동,0,1,0,0,2024,9,4880,120.49382716049382,40.5,0.15789473684210525,역세권,노후,1
nakano,中野区,115.5,6,19.4,1,17,1.1,아파트,남,0,1,0,1,2024,7,12540,108.57142857142857,19.25,0.058823529411764705,역세권,중고,2
setagaya,世田谷区,20.0,1,21.9,5,10,1.9,맨션,남동,0,0,1,0,2025,9,2750,137.5,20.0,0.5,역세권,중고,2
setagaya,世田谷区,46.5,1,16.1,11,16,2.9,아파트,남,1,1,0,1,2022,5,5580,120.0,46.5,0.6875,역세권,중고,4
shinagawa,品川区,66.5,3,2.7,13,17,5.3,아파트,남,1,1,0,0,2024,5,12310,185.11278195488723,22.166666666666668,0.7647058823529411,도보권,신축,3
shinagawa,品川区,79.4,3,2.6,10,19,7.9,맨션,북,0,1,0,1,2022,5,11830,148.99244332493703,26.46666666666667,0.5263157894736842,버스권,신축,2
arakawa,荒川区,52.2,2,10.0,3,5,4.2,맨션,남,0,1,0,1,2023,12,4800,91.95402298850574,26.1,0.6,도보권,준신축,2
itabashi,板橋区,47.8,2,3.6,9,16,18.2,맨션,동,0,1,0,1,2023,8,3850,80.5439330543933,23.9,0.5625,원거리,신축,2
koto,江東区,75.2,3,16.7,8,9,3.4,빌라,남서,1,1,0,0,2024,12,6700,89.09574468085106,25.066666666666666,0.8888888888888888,도보권,중고,3
kita,北区,76.1,3,21.2,9,17,14.3,빌라,남,1,0,1,1,2024,3,5120,67.27989487516426,25.366666666666664,0.5294117647058824,버스권,중고,5
setagaya,世田谷区,57.8,3,14.4,11,18,5.8,아파트,남,0,1,0,1,2022,5,6230,107.78546712802769,19.266666666666666,0.6111111111111112,도보권,준신축,2
shinagawa,品川区,40.2,2,1.0,1,18,14.7,맨션,남,1,0,1,0,2022,3,5930,147.51243781094527,20.1,0.05555555555555555,버스권,신축,4
bunkyo,文京区,48.4,2,12.6,3,14,23.8,아파트,북,0,1,0,1,2023,6,4700,97.10743801652893,24.2,0.21428571428571427,원거리,준신축,2
bunkyo,文京区,34.6,3,7.8,5,14,4.5,아파트,북동,0,1,0,1,2023,9,4420,127.74566473988439,11.533333333333333,0.35714285714285715,도보권,준신축,2
taito,台東区,87.7,4,19.6,12,12,8.2,맨션,동,0,1,1,0,2021,1,8040,91.67616875712656,21.925,1.0,버스권,중고,3
sumida,墨田区,60.3,3,52.9,6,16,3.8,아파트,남동,0,0,1,0,2021,1,2670,44.278606965174134,20.099999999999998,0.375,도보권,노후,2
sumida,墨田区,85.5,4,34.4,6,16,3.9,맨션,서,0,1,0,0,2021,10,5220,61.05263157894737,21.375,0.375,도보권,노후,1
nakano,中野区,80.5,3,57.1,1,12,1.2,아파트,서,1,0,0,0,2024,8,5090,63.22981366459627,26.833333333333332,0.08333333333333333,역세권,노후,2
meguro,目黒区,47.9,2,13.3,13,18,4.6,아파트,북,1,1,0,0,2022,6,7310,152.60960334029227,23.95,0.7222222222222222,도보권,준신축,3
shinjuku,新宿区,88.5,4,4.9,6,11,9.8,맨션,서,1,1,0,0,2025,8,15410,174.12429378531073,22.125,0.5454545454545454,버스권,신축,3
nakano,中野区,94.2,4,29.5,12,12,5.8,아파트,남동,0,1,1,0,2024,9,8830,93.73673036093417,23.55,1.0,도보권,중고,3
shibuya,渋谷区,34.4,2,30.7,4,18,5.3,아파트,남,1,1,0,0,2023,8,5400,156.97674418604652,17.2,0.2222222222222222,도보권,노후,3
nerima,練馬区,66.9,3,49.1,13,16,1.0,맨션,북동,0,1,0,0,2022,6,3630,54.26008968609865,22.3,0.8125,역세권,노후,1
meguro,目黒区,73.4,3,8.2,2,4,30.0,타워맨션,북,0,1,0,0,2023,7,10530,143.46049046321525,24.46666666666667,0.5,원거리,준신축,1
katsushika,葛飾区,39.9,1,0.4,9,12,4.9,아파트,북동,1,0,1,0,2023,7,2740,68.67167919799499,39.9,0.75,도보권,신축,4
meguro,目黒区,60.6,2,27.0,4,17,14.3,빌라,서,0,1,0,0,2022,5,5470,90.26402640264027,30.3,0.23529411764705882,버스권,중고,1
kita,北区,65.4,3,3.0,8,15,1.1,아파트,남동,0,1,1,1,2020,12,5550,84.86238532110092,21.8,0.5333333333333333,역세권,신축,4
chiyoda,千代田区,99.7,5,17.6,9,19,1.0,빌라,동,1,1,1,0,2024,10,19510,195.68706118355064,19.94,0.47368421052631576,역세권,중고,5
katsushika,葛飾区,65.1,5,3.4,6,6,1.9,맨션,서,0,1,1,0,2022,3,4050,62.211981566820285,13.02,1.0,역세권,신축,3
edogawa,江戸川区,95.7,4,23.2,10,15,1.0,맨션,남동,0,1,0,0,2022,9,5270,55.067920585161964,23.925,0.6666666666666666,역세권,중고,1
shinjuku,新宿区,68.5,3,13.4,10,14,11.7,아파트,남동,0,1,1,0,2025,9,10030,146.42335766423358,22.833333333333332,0.7142857142857143,버스권,준신축,3
arakawa,荒川区,92.4,4,5.1,12,14,1.2,맨션,남서,0,1,1,0,2023,9,9830,106.38528138528137,23.1,0.8571428571428571,역세권,준신축,3
kita,北区,46.9,2,28.8,2,2,7.8,타워맨션,동,0,0,0,0,2022,9,3000,63.965884861407254,23.45,1.0,버스권,중고,0
taito,台東区,70.4,3,34.2,5,15,1.0,아파트,남서,0,1,0,0,2022,12,4780,67.89772727272727,23.46666666666667,0.3333333333333333,역세권,노후,1
shibuya,渋谷区,83.1,4,21.1,1,2,6.5,맨션,동,0,1,1,0,2022,4,14160,170.3971119133574,20.775,0.5,도보권,중고,3
nerima,練馬区,74.9,4,21.2,13,16,3.7,맨션,동,1,0,1,1,2023,9,5620,75.03337783711615,18.725,0.8125,도보권,중고,5
edogawa,江戸川区,45.0,1,45.7,7,7,2.0,타워맨션,남,0,1,0,0,2023,3,2060,45.77777777777778,45.0,1.0,역세권,노후,1
shibuya,渋谷区,80.4,4,4.8,11,16,9.0,맨션,남동,0,1,1,1,2022,11,19740,245.52238805970148,20.1,0.6875,버스권,신축,4
setagaya,世田谷区,126.8,6,5.0,13,13,16.3,맨션,남서,0,0,0,0,2021,4,11020,86.90851735015774,21.133333333333333,1.0,원거리,신축,0
kita,北区,41.4,1,17.5,8,13,6.9,아파트,남동,1,1,0,1,2023,6,3090,74.6376811594203,41.4,0.6153846153846154,도보권,중고,4
edogawa,江戸川区,88.9,4,16.9,14,14,3.5,맨션,서,1,1,1,1,2023,6,6420,72.21597300337457,22.225,1.0,도보권,중고,6
chuo,中央区,73.8,4,3.1,13,13,3.0,맨션,남,0,0,0,1,2024,12,19320,261.7886178861789,18.45,1.0,역세권,신축,1
itabashi,板橋区,81.7,3,6.7,4,16,5.6,맨션,동,0,1,0,0,2025,10,5820,71.23623011015911,27.233333333333334,0.25,도보권,준신축,1
meguro,目黒区,60.0,3,4.7,8,11,9.1,타워맨션,북동,0,1,1,0,2023,3,13730,228.83333333333334,20.0,0.7272727272727273,버스권,신축,3
kita,北区,104.1,4,2.2,2,14,3.5,아파트,남,0,1,1,0,2021,8,8440,81.07588856868396,26.025,0.14285714285714285,도보권,신축,3
meguro,目黒区,66.2,3,4.4,5,11,8.5,맨션,남,0,1,1,0,2025,3,15730,237.6132930513595,22.066666666666666,0.45454545454545453,버스권,신축,3
chuo,中央区,130.9,6,2.3,4,13,5.9,맨션,남,0,0,0,0,2021,7,31590,241.3292589763178,21.816666666666666,0.3076923076923077,도보권,신축,0
suginami,杉並区,54.7,3,17.1,4,12,1.0,아파트,남동,0,1,1,1,2025,3,4610,84.27787934186472,18.233333333333334,0.3333333333333333,역세권,중고,4
kita,北区,59.3,2,0.1,13,19,8.6,빌라,남,0,1,1,0,2021,4,4920,82.96795952782462,29.65,0.6842105263157895,버스권,신축,3
chiyoda,千代田区,94.7,5,9.7,4,4,3.4,빌라,동,0,0,1,0,2022,9,17470,184.47729672650473,18.94,1.0,도보권,준신축,2
chuo,中央区,109.0,5,12.7,3,18,20.4,맨션,남,0,1,0,1,2023,7,19100,175.22935779816513,21.8,0.16666666666666666,원거리,준신축,2
suginami,杉並区,58.2,2,0.6,14,19,1.0,타워맨션,남서,0,1,0,0,2023,3,10200,175.2577319587629,29.1,0.7368421052631579,역세권,신축,1
kita,北区,67.4,2,9.0,11,15,10.2,맨션,서,1,1,0,0,2021,8,5710,84.71810089020771,33.7,0.7333333333333333,버스권,준신축,3
minato,港区,23.4,1,4.9,2,8,4.1,맨션,북동,0,1,0,0,2024,12,5600,239.31623931623932,23.4,0.25,도보권,신축,1
shinjuku,新宿区,21.9,1,12.5,1,9,1.6,아파트,서,1,1,1,0,2021,4,3420,156.16438356164386,21.9,0.1111111111111111,역세권,준신축,5
bunkyo,文京区,75.1,4,14.7,3,7,29.8,아파트,동,1,1,1,0,2023,10,8490,113.04926764314249,18.775,0.42857142857142855,원거리,준신축,5
katsushika,葛飾区,77.1,3,5.7,5,8,9.9,아파트,서,0,1,0,1,2021,6,4120,53.43709468223087,25.7,0.625,버스권,준신축,2
shibuya,渋谷区,80.1,3,60.0,6,6,4.2,맨션,남,0,0,0,0,2021,9,8780,109.61298377028714,26.7,1.0,도보권,노후,0
minato,港区,73.4,3,8.6,11,18,11.9,맨션,동,1,1,1,0,2023,9,18120,246.86648501362396,24.46666666666667,0.6111111111111112,버스권,준신축,5
ota,大田区,65.6,2,14.0,10,12,14.5,맨션,남서,0,1,1,0,2023,9,6480,98.78048780487806,32.8,0.8333333333333334,버스권,준신축,3
katsushika,葛飾区,95.9,4,21.5,14,14,1.0,빌라,남서,0,1,1,0,2021,8,4360,45.46402502606882,23.975,1.0,역세권,중고,3
setagaya,世田谷区,63.1,2,3.8,6,7,1.0,아파트,북,0,1,0,0,2023,6,7620,120.7606973058637,31.55,0.8571428571428571,역세권,신축,1
chiyoda,千代田区,65.2,4,4.5,13,19,3.5,맨션,서,1,0,1,0,2025,4,19280,295.7055214723926,16.3,0.6842105263157895,도보권,신축,4
meguro,目黒区,25.4,1,18.6,4,7,3.0,타워맨션,북,0,0,1,0,2022,12,4140,162.99212598425197,25.4,0.5714285714285714,역세권,중고,2
itabashi,板橋区,33.1,2,3.8,1,1,1.0,타워맨션,남,1,0,0,0,2021,1,3070,92.74924471299093,16.55,1.0,역세권,신축,2
adachi,足立区,70.8,4,3.7,11,17,1.0,타워맨션,북동,0,1,0,0,2022,8,5330,75.28248587570621,17.7,0.6470588235294118,역세권,신축,1
minato,港区,45.4,1,31.5,5,15,2.0,맨션,남,1,1,0,0,2022,4,10950,241.18942731277534,45.4,0.3333333333333333,역세권,노후,3
minato,港区,89.3,4,1.2,2,2,6.5,아파트,동,0,1,1,0,2023,8,25180,281.9708846584547,22.325,1.0,도보권,신축,3
nerima,練馬区,101.9,5,0.3,7,13,3.6,아파트,동,0,0,1,0,2021,4,7680,75.36800785083415,20.380000000000003,0.5384615384615384,도보권,신축,2
kita,北区,59.1,2,18.0,13,14,9.3,아파트,남,0,1,0,0,2024,9,4200,71.06598984771574,29.55,0.9285714285714286,버스권,중고,1
itabashi,板橋区,73.4,4,17.7,3,3,10.7,빌라,남동,0,1,0,0,2021,1,3550,48.36512261580381,18.35,1.0,버스권,중고,1
chiyoda,千代田区,86.7,5,6.5,12,12,14.9,아파트,북,1,1,0,0,2025,9,14940,172.318339100346,17.34,1.0,버스권,준신축,3
sumida,墨田区,46.2,3,14.4,8,10,5.7,아파트,남동,0,1,0,0,2021,11,3880,83.98268398268398,15.4,0.8,도보권,준신축,1
nakano,中野区,75.2,3,7.6,1,16,2.6,타워맨션,북동,1,0,0,0,2024,8,10470,139.2287234042553,25.066666666666666,0.0625,역세권,준신축,2
suginami,杉並区,87.7,4,52.4,9,10,1.0,맨션,남,0,1,1,0,2021,7,6300,71.8358038768529,21.925,0.9,역세권,노후,3
shinagawa,品川区,50.8,2,0.2,10,11,4.8,아파트,서,1,1,1,1,2021,3,8650,170.27559055118112,25.4,0.9090909090909091,도보권,신축,6
bunkyo,文京区,108.0,5,9.6,5,6,1.0,맨션,서,0,0,1,1,2020,12,14100,130.55555555555554,21.6,0.8333333333333334,역세권,준신축,3
chuo,中央区,27.3,1,47.4,1,1,12.2,맨션,남서,0,1,0,0,2025,5,3620,132.60073260073258,27.3,1.0,버스권,노후,1
shibuya,渋谷区,109.2,5,1.8,2,19,3.8,아파트,동,0,0,0,0,2023,4,19630,179.76190476190476,21.84,0.10526315789473684,도보권,신축,0
bunkyo,文京区,78.7,3,7.8,1,3,1.2,빌라,남,0,1,1,0,2025,5,11060,140.53367217280814,26.233333333333334,0.3333333333333333,역세권,준신축,3
ota,大田区,82.1,4,1.4,9,15,1.0,타워맨션,남,0,1,0,0,2025,9,10710,130.45066991473814,20.525,0.6,역세권,신축,1
suginami,杉並区,49.9,2,31.0,10,19,4.8,빌라,남,1,1,1,0,2024,8,3970,79.55911823647295,24.95,0.5263157894736842,도보권,노후,5
shinjuku,新宿区,63.0,3,12.5,5,14,4.3,맨션,남,0,1,0,0,2021,7,8590,136.34920634920636,21.0,0.35714285714285715,도보권,준신축,1
arakawa,荒川区,69.5,3,5.4,4,18,7.0,타워맨션,북,0,1,0,0,2023,6,6510,93.66906474820144,23.166666666666668,0.2222222222222222,도보권,준신축,1
adachi,足立区,59.8,3,4.1,10,12,3.9,빌라,남동,1,1,0,0,2023,11,4030,67.3913043478261,19.933333333333334,0.8333333333333334,도보권,신축,3
chuo,中央区,43.7,1,3.1,14,19,1.0,맨션,북동,1,1,1,0,2024,10,14160,324.0274599542334,43.7,0.7368421052631579,역세권,신축,5
koto,江東区,67.0,3,2.0,9,10,12.9,맨션,동,0,0,0,0,2024,5,7540,112.53731343283582,22.333333333333332,0.9,버스권,신축,0
itabashi,板橋区,57.5,2,17.7,8,14,5.8,타워맨션,남동,1,0,1,0,2021,9,4880,84.8695652173913,28.75,0.5714285714285714,도보권,중고,4
itabashi,板橋区,34.5,2,1.1,1,16,21.4,아파트,남,1,0,1,0,2024,1,2730,79.1304347826087,17.25,0.0625,원거리,신축,4
ota,大田区,44.0,2,32.9,14,17,2.2,맨션,남동,1,1,0,1,2021,1,3210,72.95454545454545,22.0,0.8235294117647058,역세권,노후,4
arakawa,荒川区,110.8,5,35.4,12,17,8.2,아파트,남,0,1,1,0,2021,6,5040,45.48736462093863,22.16,0.7058823529411765,버스권,노후,3
minato,港区,44.6,2,1.3,3,12,5.4,타워맨션,남동,1,1,1,0,2024,2,19890,445.9641255605381,22.3,0.25,도보권,신축,5
taito,台東区,79.2,3,2.9,4,12,30.0,아파트,서,0,1,1,1,2023,3,7690,97.0959595959596,26.400000000000002,0.3333333333333333,원거리,신축,4
setagaya,世田谷区,60.9,2,2.0,10,16,8.0,맨션,남서,0,1,1,0,2025,7,9590,157.4712643678161,30.45,0.625,버스권,신축,3
setagaya,世田谷区,54.4,3,7.3,10,16,1.4,아파트,서,0,1,0,0,2024,5,6780,124.63235294117648,18.133333333333333,0.625,역세권,준신축,1
nakano,中野区,67.3,3,14.3,3,10,3.5,아파트,남서,0,0,1,0,2023,9,5960,88.55869242199108,22.433333333333334,0.3,도보권,준신축,2
chiyoda,千代田区,57.0,2,23.0,12,16,5.0,아파트,남동,0,1,1,0,2022,3,10900,191.2280701754386,28.5,0.75,도보권,중고,3
suginami,杉並区,86.2,4,3.0,11,16,7.7,아파트,남,0,1,0,0,2023,10,8730,101.27610208816705,21.55,0.6875,버스권,신축,1
shibuya,渋谷区,94.6,4,33.8,13,18,7.2,맨션,북서,0,0,1,0,2023,12,9470,100.10570824524314,23.65,0.7222222222222222,버스권,노후,2
sumida,墨田区,78.7,3,1.3,8,17,8.6,빌라,남,0,1,1,0,2021,5,6740,85.64167725540025,26.233333333333334,0.47058823529411764,버스권,신축,3
minato,港区,20.0,1,15.2,2,10,4.6,맨션,남서,0,1,0,0,2022,7,4570,228.5,20.0,0.2,도보권,중고,1
chiyoda,千代田区,97.6,3,7.9,12,16,3.2,맨션,북동,0,1,1,0,2025,2,22410,229.61065573770495,32.53333333333333,0.75,도보권,준신축,3
chuo,中央区,68.8,4,37.5,2,6,9.0,맨션,남서,0,1,1,0,2024,10,8360,121.51162790697676,17.2,0.3333333333333333,버스권,노후,3
edogawa,江戸川区,88.4,4,33.2,6,11,1.0,아파트,북,0,1,0,1,2021,5,3300,37.33031674208144,22.1,0.5454545454545454,역세권,노후,2
chuo,中央区,88.2,4,1.5,13,13,1.9,타워맨션,남동,0,1,1,0,2021,11,29150,330.4988662131519,22.05,1.0,역세권,신축,3
chiyoda,千代田区,94.0,4,27.1,4,7,6.9,맨션,북동,0,0,0,1,2024,4,15020,159.7872340425532,23.5,0.5714285714285714,도보권,중고,1
taito,台東区,80.3,2,16.5,3,3,17.5,맨션,북동,0,1,1,1,2025,9,7520,93.64881693648817,40.15,1.0,원거리,중고,4
meguro,目黒区,48.6,3,1.0,12,19,3.9,아파트,남서,1,0,0,0,2021,2,7920,162.96296296296296,16.2,0.631578947368421,도보권,신축,2
chuo,中央区,96.7,4,42.5,11,13,15.8,빌라,북동,0,0,0,1,2022,7,7620,78.80041365046536,24.175,0.8461538461538461,원거리,노후,1
koto,江東区,49.1,2,5.9,10,18,3.1,아파트,남,0,1,0,0,2021,3,4350,88.59470468431772,24.55,0.5555555555555556,도보권,준신축,1
nerima,練馬区,81.0,3,6.3,3,15,1.0,아파트,남동,0,1,0,0,2021,7,6470,79.87654320987654,27.0,0.2,역세권,준신축,1
bunkyo,文京区,26.3,1,16.9,13,15,10.9,맨션,동,0,1,1,0,2022,1,3740,142.20532319391634,26.3,0.8666666666666667,버스권,중고,3
setagaya,世田谷区,65.0,2,0.1,13,14,2.6,맨션,남서,1,0,1,0,2021,9,10060,154.76923076923077,32.5,0.9285714285714286,역세권,신축,4
nerima,練馬区,67.8,3,0.1,12,12,14.0,맨션,동,0,1,1,0,2021,7,6640,97.93510324483776,22.599999999999998,1.0,버스권,신축,3
shinjuku,新宿区,88.5,4,7.4,4,19,6.6,빌라,남,0,0,1,0,2022,2,12460,140.7909604519774,22.125,0.21052631578947367,도보권,준신축,2
arakawa,荒川区,100.5,4,45.7,10,13,4.5,빌라,남,1,1,0,0,2025,1,4680,46.56716417910448,25.125,0.7692307692307693,도보권,노후,3
minato,港区,39.1,2,3.6,10,19,13.4,아파트,북동,1,1,1,0,2025,12,10360,264.9616368286445,19.55,0.5263157894736842,버스권,신축,5
shinagawa,品川区,93.4,5,3.1,14,15,2.8,아파트,서,0,1,0,0,2022,5,12880,137.90149892933619,18.68,0.9333333333333333,역세권,신축,1
minato,港区,58.6,2,1.1,9,9,3.4,맨션,동,0,0,0,0,2024,10,15750,268.77133105802045,29.3,1.0,도보권,신축,0
setagaya,世田谷区,74.1,3,33.4,5,18,1.0,아파트,동,0,1,1,0,2025,7,7060,95.27665317139002,24.7,0.2777777777777778,역세권,노후,3
katsushika,葛飾区,123.4,5,7.5,7,18,1.6,맨션,남서,0,1,1,1,2021,7,7710,62.47974068071313,24.68,0.3888888888888889,역세권,준신축,4
nerima,練馬区,33.0,1,7.5,3,8,10.7,맨션,북동,0,1,1,1,2023,9,3010,91.21212121212122,33.0,0.375,버스권,준신축,4
shinagawa,品川区,52.2,2,13.7,13,13,1.0,맨션,남,0,1,1,0,2025,11,9450,181.03448275862067,26.1,1.0,역세권,준신축,3
chiyoda,千代田区,97.0,4,5.1,1,8,2.1,타워맨션,남서,0,1,0,1,2022,7,32180,331.7525773195876,24.25,0.125,역세권,준신축,2
katsushika,葛飾区,82.3,3,26.7,6,18,12.2,맨션,남,0,0,1,0,2024,10,4540,55.1640340218712,27.433333333333334,0.3333333333333333,버스권,중고,2
chiyoda,千代田区,57.0,2,0.2,9,14,23.7,맨션,동,1,0,1,0,2021,7,11050,193.859649122807,28.5,0.6428571428571429,원거리,신축,4
shinjuku,新宿区,40.1,2,36.3,10,15,11.5,아파트,남,1,0,1,0,2023,9,3970,99.00249376558604,20.05,0.6666666666666666,버스권,노후,4
shinjuku,新宿区,20.0,1,23.0,7,7,1.0,아파트,북동,0,1,1,1,2023,2,3020,151.0,20.0,1.0,역세권,중고,4
toshima,豊島区,77.5,3,10.6,4,4,2.3,맨션,남서,0,1,0,1,2020,12,10750,138.70967741935485,25.833333333333332,1.0,역세권,준신축,2
nakano,中野区,75.6,4,3.1,8,12,13.5,타워맨션,남동,1,0,1,0,2024,10,11420,151.05820105820106,18.9,0.6666666666666666,버스권,신축,4
minato,港区,61.8,2,41.5,11,18,2.5,맨션,북,1,1,1,0,2024,6,12140,196.4401294498382,30.9,0.6111111111111112,역세권,노후,5
itabashi,板橋区,86.2,5,30.8,5,5,2.4,맨션,서,0,1,0,1,2025,7,4720,54.756380510440835,17.240000000000002,1.0,역세권,노후,2
setagaya,世田谷区,86.1,3,17.3,12,17,26.7,맨션,남동,0,1,1,1,2022,4,8720,101.27758420441349,28.7,0.7058823529411765,원거리,중고,4
bunkyo,文京区,20.0,1,7.4,3,17,6.6,맨션,남서,1,1,0,0,2021,9,2770,138.5,20.0,0.17647058823529413,도보권,준신축,3
chuo,中央区,39.4,2,6.6,2,8,3.7,아파트,남동,0,1,1,0,2021,7,8730,221.5736040609137,19.7,0.25,도보권,준신축,3
edogawa,江戸川区,29.7,1,7.5,9,15,4.8,맨션,북동,0,1,0,0,2022,2,2300,77.44107744107744,29.7,0.6,도보권,준신축,1
meguro,目黒区,45.0,2,1.3,9,12,1.0,아파트,남,0,1,0,1,2023,4,10020,222.66666666666666,22.5,0.75,역세권,신축,2
setagaya,世田谷区,20.0,1,13.3,14,17,11.3,맨션,동,0,0,0,0,2025,3,2340,117.0,20.0,0.8235294117647058,버스권,준신축,0
chiyoda,千代田区,20.0,1,17.9,1,14,5.6,타워맨션,남,1,0,1,0,2024,9,6360,318.0,20.0,0.07142857142857142,도보권,중고,4
chiyoda,千代田区,59.0,3,49.9,12,16,14.3,맨션,남서,0,1,1,0,2022,11,8100,137.28813559322035,19.666666666666668,0.75,버스권,노후,3
toshima,豊島区,56.3,2,22.3,12,12,1.0,맨션,북서,0,0,0,0,2022,7,5650,100.35523978685613,28.15,1.0,역세권,중고,0
itabashi,板橋区,90.4,3,16.7,1,17,6.2,맨션,서,0,1,0,1,2021,11,6010,66.48230088495575,30.133333333333336,0.058823529411764705,도보권,중고,2
shibuya,渋谷区,88.3,4,22.7,13,19,6.5,빌라,남,0,1,1,0,2021,7,14210,160.9286523216308,22.075,0.6842105263157895,도보권,중고,3
edogawa,江戸川区,90.9,4,14.7,11,12,10.9,빌라,남,1,1,1,0,2021,10,5380,59.185918591859185,22.725,0.9166666666666666,버스권,준신축,5
nakano,中野区,54.7,2,5.0,1,6,12.3,맨션,남,0,1,1,0,2023,9,6880,125.77696526508225,27.35,0.16666666666666666,버스권,신축,3
ota,大田区,126.1,6,12.7,5,13,7.0,아파트,서,0,0,1,0,2021,10,8690,68.91356066613798,21.016666666666666,0.38461538461538464,도보권,준신축,2
shibuya,渋谷区,70.8,4,50.4,1,1,5.6,아파트,북동,0,1,1,0,2025,8,6760,95.48022598870057,17.7,1.0,도보권,노후,3
chiyoda,千代田区,78.1,4,0.6,11,16,13.2,맨션,남동,0,1,1,0,2022,6,22630,289.75672215108835,19.525,0.6875,버스권,신축,3
minato,港区,86.8,4,0.5,3,18,12.7,아파트,남서,1,1,1,0,2024,7,23110,266.2442396313364,21.7,0.16666666666666666,버스권,신축,5
toshima,豊島区,57.6,3,9.9,5,15,9.1,아파트,북,0,1,1,0,2022,7,5090,88.36805555555556,19.2,0.3333333333333333,버스권,준신축,3
ota,大田区,113.4,4,10.8,14,16,3.5,아파트,동,0,0,0,0,2022,3,10060,88.71252204585538,28.35,0.875,도보권,준신축,0
shinagawa,品川区,50.9,1,2.8,5,14,6.0,타워맨션,남서,0,1,1,0,2022,9,11320,222.39685658153243,50.9,0.35714285714285715,도보권,신축,3
shinjuku,新宿区,108.3,5,12.0,13,13,1.6,맨션,남,0,1,0,0,2023,10,18140,167.4976915974146,21.66,1.0,역세권,준신축,1
chiyoda,千代田区,64.0,3,6.5,10,12,1.6,맨션,서,1,0,0,1,2021,10,18650,291.40625,21.333333333333332,0.8333333333333334,역세권,준신축,3
edogawa,江戸川区,51.5,3,36.5,2,3,4.4,아파트,남서,0,1,0,0,2024,5,1890,36.699029126213595,17.166666666666668,0.6666666666666666,도보권,노후,1
chuo,中央区,21.7,1,3.4,12,13,5.0,타워맨션,서,1,1,0,0,2021,1,6520,300.46082949308754,21.7,0.9230769230769231,도보권,신축,3
ota,大田区,71.2,3,30.6,6,11,5.3,아파트,남동,0,1,0,0,2022,10,4200,58.98876404494382,23.733333333333334,0.5454545454545454,도보권,노후,1
shinagawa,品川区,62.3,2,5.9,5,17,4.0,아파트,남동,0,0,1,0,2023,12,8330,133.70786516853934,31.15,0.29411764705882354,도보권,준신축,2
setagaya,世田谷区,38.9,1,0.4,4,8,1.0,타워맨션,동,1,0,0,1,2022,11,7670,197.17223650385606,38.9,0.5,역세권,신축,3
bunkyo,文京区,59.7,2,28.2,14,15,1.5,타워맨션,동,0,1,0,1,2021,7,8040,134.67336683417085,29.85,0.9333333333333333,역세권,중고,2
kita,北区,92.6,4,11.6,14,16,1.0,타워맨션,북,0,1,1,0,2024,2,11120,120.08639308855292,23.15,0.875,역세권,준신축,3
meguro,目黒区,68.9,2,36.9,2,4,1.7,맨션,동,1,1,1,0,2021,3,8290,120.31930333817125,34.45,0.5,역세권,노후,5
minato,港区,21.6,1,9.5,6,8,10.4,아파트,북서,1,0,1,0,2021,12,3590,166.2037037037037,21.6,0.75,버스권,준신축,4
shinjuku,新宿区,75.5,3,6.5,13,14,7.5,타워맨션,북서,1,1,1,0,2024,1,15180,201.05960264900662,25.166666666666668,0.9285714285714286,버스권,준신축,5
shibuya,渋谷区,73.2,4,6.6,2,16,4.4,아파트,북서,0,1,1,0,2022,7,13390,182.92349726775956,18.3,0.125,도보권,준신축,3
sumida,墨田区,31.7,1,9.6,5,17,16.5,맨션,동,0,0,0,1,2024,4,2880,90.85173501577287,31.7,0.29411764705882354,원거리,준신축,1
bunkyo,文京区,47.8,1,6.7,9,15,15.9,아파트,서,0,1,0,0,2024,11,5080,106.27615062761507,47.8,0.6,원거리,준신축,1
katsushika,葛飾区,83.1,3,10.6,4,7,6.5,아파트,남동,0,1,0,1,2023,1,3970,47.773766546329725,27.7,0.5714285714285714,도보권,준신축,2
minato,港区,56.2,2,1.9,4,17,15.1,맨션,남,0,1,0,0,2025,6,11350,201.95729537366546,28.1,0.23529411764705882,원거리,신축,1
setagaya,世田谷区,86.6,4,60.0,9,19,1.9,아파트,서,0,1,1,0,2022,12,6230,71.93995381062356,21.65,0.47368421052631576,역세권,노후,3
shinagawa,品川区,113.3,5,1.7,7,14,8.4,아파트,남동,0,1,1,0,2025,7,17770,156.84024713150927,22.66,0.5,버스권,신축,3
chiyoda,千代田区,94.8,4,19.0,12,18,1.3,맨션,동,0,1,1,0,2021,2,20400,215.18987341772151,23.7,0.6666666666666666,역세권,중고,3
chiyoda,千代田区,56.5,2,0.3,10,12,7.6,맨션,북서,0,1,0,0,2021,10,11950,211.50442477876106,28.25,0.8333333333333334,버스권,신축,1
meguro,目黒区,64.4,3,4.4,10,18,13.8,아파트,동,0,1,1,1,2022,1,11170,173.44720496894408,21.46666666666667,0.5555555555555556,버스권,신축,4
shinagawa,品川区,63.4,3,60.0,14,16,1.0,타워맨션,남서,0,1,0,1,2022,6,8100,127.7602523659306,21.133333333333333,0.875,역세권,노후,2
minato,港区,39.7,1,0.9,13,18,3.7,맨션,북,0,1,0,0,2021,2,12190,307.0528967254408,39.7,0.7222222222222222,도보권,신축,1
nerima,練馬区,29.7,1,4.7,10,19,2.0,아파트,북동,0,0,1,0,2021,2,2440,82.15488215488216,29.7,0.5263157894736842,역세권,신축,2
bunkyo,文京区,46.1,1,26.2,1,4,15.0,아파트,남,0,1,1,0,2023,10,3090,67.02819956616052,46.1,0.25,버스권,중고,3
minato,港区,99.2,4,0.9,14,15,8.5,아파트,서,1,1,1,1,2025,2,33040,333.06451612903226,24.8,0.9333333333333333,버스권,신축,6
adachi,足立区,64.9,2,60.0,11,11,11.6,타워맨션,북,0,0,1,0,2023,2,2810,43.29738058551617,32.45,1.0,버스권,노후,2
koto,江東区,45.7,2,10.5,12,16,1.0,빌라,북,0,1,1,0,2025,9,4100,89.71553610503281,22.85,0.75,역세권,준신축,3
arakawa,荒川区,37.5,1,1.8,6,8,1.0,아파트,서,0,1,0,1,2025,3,2860,76.26666666666667,37.5,0.75,역세권,신축,2
bunkyo,文京区,67.6,3,4.5,14,14,6.3,맨션,북서,1,1,0,0,2024,2,10670,157.84023668639054,22.53333333333333,1.0,도보권,신축,3
chuo,中央区,78.3,4,7.9,14,16,14.8,빌라,남서,0,0,0,0,2022,8,12960,165.51724137931035,19.575,0.875,버스권,준신축,0
minato,港区,62.5,3,3.3,5,16,1.9,맨션,남,0,1,1,0,2023,11,22230,355.68,20.833333333333332,0.3125,역세권,신축,3
taito,台東区,104.2,5,12.0,12,14,8.9,맨션,남동,0,0,0,0,2021,11,11390,109.30902111324376,20.84,0.8571428571428571,버스권,준신축,0
kita,北区,62.6,2,5.9,6,17,2.6,맨션,남동,0,0,0,0,2025,2,6540,104.47284345047923,31.3,0.35294117647058826,역세권,준신축,0
toshima,豊島区,89.0,4,8.2,8,19,3.0,맨션,북,0,1,1,1,2025,7,12180,136.85393258426967,22.25,0.42105263157894735,역세권,준신축,4
itabashi,板橋区,98.5,5,3.0,14,16,1.0,맨션,남,0,1,1,0,2021,5,9460,96.04060913705584,19.7,0.875,역세권,신축,3
edogawa,江戸川区,101.6,5,27.4,5,5,13.0,맨션,남서,1,1,0,0,2024,5,5870,57.775590551181104,20.32,1.0,버스권,중고,3
setagaya,世田谷区,76.7,3,1.6,3,17,10.5,아파트,북서,0,0,0,0,2021,3,8070,105.21512385919165,25.566666666666666,0.17647058823529413,버스권,신축,0
minato,港区,103.3,5,1.1,8,18,12.8,빌라,남,0,1,0,1,2023,12,21710,210.1645692158761,20.66,0.4444444444444444,버스권,신축,2
minato,港区,82.3,4,31.7,5,7,3.6,아파트,동,1,1,1,0,2024,2,16340,198.54191980558932,20.575,0.7142857142857143,도보권,노후,5
katsushika,葛飾区,89.6,4,26.9,1,7,8.6,맨션,남서,1,0,0,0,2025,6,4390,48.995535714285715,22.4,0.14285714285714285,버스권,중고,2
nakano,中野区,40.4,2,6.1,2,4,8.7,타워맨션,남,1,0,1,0,2025,8,6880,170.2970297029703,20.2,0.5,버스권,준신축,4
sumida,墨田区,45.0,1,2.9,5,9,6.0,아파트,서,0,0,1,0,2025,8,3960,88.0,45.0,0.5555555555555556,도보권,신축,2
toshima,豊島区,105.8,4,3.4,7,9,4.2,맨션,북동,0,0,1,0,2021,6,16240,153.49716446124765,26.45,0.7777777777777778,도보권,신축,2
suginami,杉並区,52.5,3,25.2,13,13,2.0,맨션,남,1,0,1,1,2021,12,5750,109.52380952380952,17.5,1.0,역세권,중고,5
chuo,中央区,114.8,6,0.8,14,14,1.0,맨션,남,1,0,1,0,2021,9,34100,297.03832752613243,19.133333333333333,1.0,역세권,신축,4
chuo,中央区,83.6,3,19.9,3,7,10.2,빌라,남동,1,0,0,1,2025,2,11550,138.1578947368421,27.866666666666664,0.42857142857142855,버스권,중고,3
itabashi,板橋区,29.2,1,1.6,10,11,14.1,타워맨션,동,0,1,0,0,2025,8,3080,105.47945205479452,29.2,0.9090909090909091,버스권,신축,1
suginami,杉並区,81.8,3,8.0,4,12,4.4,아파트,남,0,0,1,0,2021,8,8720,106.60146699266504,27.266666666666666,0.3333333333333333,도보권,준신축,2
toshima,豊島区,65.4,3,4.8,10,12,1.0,타워맨션,남,1,1,1,0,2021,7,12610,192.81345565749234,21.8,0.8333333333333334,역세권,신축,5
bunkyo,文京区,81.0,3,48.7,12,19,2.6,아파트,남,1,1,0,0,2021,1,6940,85.67901234567901,27.0,0.631578947368421,역세권,노후,3
shinagawa,品川区,57.0,2,7.2,6,8,3.7,타워맨션,남서,1,1,1,0,2022,3,11760,206.31578947368422,28.5,0.75,도보권,준신축,5
shinjuku,新宿区,20.6,1,1.4,7,12,1.7,맨션,남,0,1,1,0,2025,8,4290,208.252427184466,20.6,0.5833333333333334,역세권,신축,3
bunkyo,文京区,65.7,4,23.4,9,17,1.2,맨션,남서,0,1,0,0,2025,11,8970,136.5296803652968,16.425,0.5294117647058824,역세권,중고,1
minato,港区,42.4,2,22.7,3,14,8.9,아파트,남서,1,1,0,0,2021,8,6960,164.1509433962264,21.2,0.21428571428571427,버스권,중고,3
toshima,豊島区,67.1,2,44.8,2,11,3.5,맨션,북서,1,1,1,1,2021,7,5140,76.60208643815201,33.55,0.18181818181818182,도보권,노후,6
bunkyo,文京区,61.7,3,35.3,6,6,1.0,맨션,서,1,1,0,1,2024,12,7480,121.2317666126418,20.566666666666666,1.0,역세권,노후,4
arakawa,荒川区,101.6,5,0.5,11,11,7.4,아파트,북서,0,1,1,0,2023,10,7110,69.98031496062993,20.32,1.0,버스권,신축,3
toshima,豊島区,37.9,1,10.8,7,8,1.2,타워맨션,남,0,1,0,1,2021,4,6250,164.90765171503958,37.9,0.875,역세권,준신축,2
shinjuku,新宿区,50.8,2,3.2,12,16,3.5,맨션,북서,0,1,1,1,2022,2,8630,169.88188976377953,25.4,0.75,도보권,신축,4
ota,大田区,70.0,3,16.5,7,18,1.6,맨션,남,0,1,1,0,2021,11,5990,85.57142857142857,23.333333333333332,0.3888888888888889,역세권,중고,3
chiyoda,千代田区,84.4,4,0.3,11,13,2.3,맨션,서,0,1,0,0,2023,4,27730,328.5545023696682,21.1,0.8461538461538461,역세권,신축,1
chuo,中央区,66.4,3,60.0,2,11,11.7,빌라,남동,1,1,1,0,2024,7,6840,103.01204819277108,22.133333333333336,0.18181818181818182,버스권,노후,5
taito,台東区,87.7,5,2.9,1,3,2.2,맨션,동,1,1,0,0,2024,9,12410,141.50513112884835,17.54,0.3333333333333333,역세권,신축,3
adachi,足立区,43.9,1,49.7,11,13,1.9,맨션,북서,0,1,1,0,2021,12,1610,36.674259681093396,43.9,0.8461538461538461,역세권,노후,3
chuo,中央区,58.4,2,13.5,11,18,3.4,타워맨션,남,1,0,0,0,2022,11,17570,300.85616438356163,29.2,0.6111111111111112,도보권,준신축,2
toshima,豊島区,20.0,1,7.1,4,14,4.7,아파트,서,1,1,0,1,2021,7,2410,120.5,20.0,0.2857142857142857,도보권,준신축,4
sumida,墨田区,51.2,2,8.1,3,14,15.5,맨션,남,0,0,0,0,2024,10,3880,75.78125,25.6,0.21428571428571427,원거리,준신축,0
chiyoda,千代田区,55.5,3,48.5,12,12,18.3,아파트,남동,1,1,1,0,2025,6,5410,97.47747747747748,18.5,1.0,원거리,노후,5
katsushika,葛飾区,60.6,2,27.6,4,7,20.9,아파트,남,0,1,0,0,2024,8,2360,38.943894389438945,30.3,0.5714285714285714,원거리,중고,1
setagaya,世田谷区,65.0,2,7.3,12,17,1.0,아파트,북동,0,1,1,0,2023,6,9300,143.07692307692307,32.5,0.7058823529411765,역세권,준신축,3
katsushika,葛飾区,100.4,5,15.2,6,19,2.3,맨션,북서,0,0,1,0,2023,11,5320,52.98804780876494,20.080000000000002,0.3157894736842105,역세권,중고,2
shinjuku,新宿区,59.9,3,43.7,2,15,16.1,맨션,남서,0,0,1,0,2023,9,3920,65.4424040066778,19.966666666666665,0.13333333333333333,원거리,노후,2
ota,大田区,65.4,2,31.3,2,3,5.2,타워맨션,남,0,1,1,0,2022,8,4990,76.29969418960243,32.7,0.6666666666666666,도보권,노후,3
toshima,豊島区,65.9,2,12.2,6,8,13.4,빌라,남,0,1,0,1,2025,4,5450,82.70106221547799,32.95,0.75,버스권,준신축,2
koto,江東区,63.2,2,60.0,4,10,11.6,아파트,남서,1,1,1,1,2022,5,3800,60.12658227848101,31.6,0.4,버스권,노후,6
toshima,豊島区,58.5,2,10.7,14,17,10.8,맨션,동,1,1,1,0,2022,11,7420,126.83760683760684,29.25,0.8235294117647058,버스권,준신축,5
chiyoda,千代田区,72.8,4,0.0,7,8,1.1,아파트,남서,0,1,1,0,2024,7,21400,293.95604395604397,18.2,0.875,역세권,,3
ota,大田区,77.9,4,4.9,3,10,4.3,빌라,서,0,1,1,0,2025,7,7490,96.14890885750962,19.475,0.3,도보권,신축,3
chiyoda,千代田区,70.6,3,11.8,12,18,18.4,맨션,북동,1,1,1,0,2021,10,14140,200.2832861189802,23.53333333333333,0.6666666666666666,원거리,준신축,5
setagaya,世田谷区,31.2,1,16.1,7,18,8.3,아파트,동,1,1,0,0,2021,4,2870,91.98717948717949,31.2,0.3888888888888889,버스권,중고,3
taito,台東区,54.4,2,11.1,1,14,1.1,타워맨션,남서,0,0,0,0,2023,7,7940,145.9558823529412,27.2,0.07142857142857142,역세권,준신축,0
arakawa,荒川区,39.5,2,19.4,7,16,7.8,아파트,서,0,0,0,0,2023,9,2140,54.177215189873415,19.75,0.4375,버스권,중고,0
meguro,目黒区,40.5,2,11.0,1,1,2.3,맨션,동,1,1,1,1,2021,6,7400,182.71604938271605,20.25,1.0,역세권,준신축,6
shibuya,渋谷区,42.0,1,2.8,12,14,6.1,맨션,남,0,1,0,0,2025,9,11030,262.6190476190476,42.0,0.8571428571428571,도보권,신축,1
sumida,墨田区,44.6,2,1.0,4,13,1.0,아파트,남서,1,1,0,0,2022,5,4930,110.53811659192824,22.3,0.3076923076923077,역세권,신축,3
chiyoda,千代田区,101.3,5,0.2,13,14,1.8,맨션,남동,1,1,1,0,2025,1,36830,363.573543928924,20.259999999999998,0.9285714285714286,역세권,신축,5
bunkyo,文京区,53.7,2,60.0,13,16,3.0,아파트,남,0,0,0,0,2023,10,4080,75.97765363128491,26.85,0.8125,역세권,노후,0
shinjuku,新宿区,60.2,3,16.0,14,14,1.3,맨션,남동,1,1,0,0,2021,10,10250,170.265780730897,20.066666666666666,1.0,역세권,중고,3
chuo,中央区,71.1,3,24.7,7,9,9.1,맨션,동,0,0,0,0,2023,1,9860,138.67791842475387,23.7,0.7777777777777778,버스권,중고,0
kita,北区,52.2,2,27.8,12,14,17.8,맨션,동,0,0,0,0,2022,3,2970,56.89655172413793,26.1,0.8571428571428571,원거리,중고,0
nerima,練馬区,43.1,2,19.7,7,14,10.2,아파트,남,1,1,1,1,2021,11,3440,79.81438515081206,21.55,0.5,버스권,중고,6
koto,江東区,79.3,3,27.4,4,17,11.5,맨션,남,0,1,0,0,2021,6,5830,73.51828499369483,26.433333333333334,0.23529411764705882,버스권,중고,1
minato,港区,77.9,3,9.8,7,15,6.1,아파트,서,0,1,0,0,2023,9,19640,252.1181001283697,25.96666666666667,0.4666666666666667,도보권,준신축,1
nakano,中野区,23.0,2,4.0,13,16,1.0,맨션,남동,0,1,0,0,2023,4,2780,120.8695652173913,11.5,0.8125,역세권,신축,1
shinjuku,新宿区,91.9,4,27.5,6,7,15.4,아파트,남,0,1,1,1,2023,10,9180,99.89118607181719,22.975,0.8571428571428571,원거리,중고,4
shibuya,渋谷区,39.8,2,2.6,10,17,1.3,아파트,남서,0,1,1,0,2023,5,10190,256.03015075376885,19.9,0.5882352941176471,역세권,신축,3
nakano,中野区,44.1,2,0.4,8,9,12.4,아파트,남동,1,1,0,0,2023,8,5690,129.0249433106576,22.05,0.8888888888888888,버스권,신축,3
taito,台東区,97.5,4,60.0,13,18,2.2,맨션,남,0,1,1,1,2023,5,8270,84.82051282051282,24.375,0.7222222222222222,역세권,노후,4
edogawa,江戸川区,38.1,1,12.4,9,11,1.0,맨션,남,0,1,0,0,2024,12,3000,78.74015748031496,38.1,0.8181818181818182,역세권,준신축,1
meguro,目黒区,85.3,4,4.7,9,10,10.8,맨션,남서,0,1,1,0,2022,6,15290,179.24970691676435,21.325,0.9,버스권,신축,3
itabashi,板橋区,72.7,3,1.4,9,10,1.0,타워맨션,남,0,1,1,0,2025,9,9920,136.45116918844568,24.233333333333334,0.9,역세권,신축,3
koto,江東区,82.0,2,12.4,3,7,2.9,빌라,남서,0,0,0,1,2024,11,8180,99.7560975609756,41.0,0.42857142857142855,역세권,준신축,1
sumida,墨田区,58.5,2,4.0,11,18,8.9,아파트,남서,0,1,0,0,2023,3,5660,96.75213675213675,29.25,0.6111111111111112,버스권,신축,1
setagaya,世田谷区,20.0,1,8.7,12,19,8.2,맨션,서,1,0,0,0,2021,12,2280,114.0,20.0,0.631578947368421,버스권,준신축,2
bunkyo,文京区,74.0,3,25.7,14,14,1.8,맨션,서,0,1,1,0,2022,8,9730,131.48648648648648,24.666666666666668,1.0,역세권,중고,3
minato,港区,26.1,1,5.0,4,8,10.1,맨션,남동,1,1,1,1,2021,2,6590,252.49042145593867,26.1,0.5,버스권,신축,6
setagaya,世田谷区,56.7,2,26.3,13,18,5.5,타워맨션,남서,1,1,0,0,2021,8,7710,135.97883597883597,28.35,0.7222222222222222,도보권,중고,3
nerima,練馬区,61.8,3,9.4,12,14,1.0,아파트,남서,1,0,1,1,2024,11,5670,91.74757281553399,20.599999999999998,0.8571428571428571,역세권,준신축,5
bunkyo,文京区,62.6,3,14.9,4,16,3.1,타워맨션,북서,0,1,1,1,2021,8,9920,158.4664536741214,20.866666666666667,0.25,도보권,준신축,4
chuo,中央区,23.4,1,26.5,5,5,1.0,아파트,북서,1,1,0,1,2025,10,4060,173.50427350427353,23.4,1.0,역세권,중고,4
shibuya,渋谷区,62.4,2,44.3,8,16,16.6,맨션,남,1,1,0,0,2021,2,5680,91.02564102564102,31.2,0.5,원거리,노후,3
minato,港区,71.4,4,0.8,7,17,10.2,아파트,북동,0,1,1,0,2025,7,15510,217.2268907563025,17.85,0.4117647058823529,버스권,신축,3
itabashi,板橋区,75.8,3,0.9,4,7,3.6,타워맨션,남동,1,1,1,0,2022,2,9160,120.84432717678101,25.266666666666666,0.5714285714285714,도보권,신축,5
arakawa,荒川区,55.3,3,15.5,11,15,3.6,맨션,남,0,1,0,0,2022,8,4630,83.7251356238698,18.433333333333334,0.7333333333333333,도보권,중고,1
minato,港区,28.2,1,4.3,1,17,17.9,타워맨션,남서,0,1,0,0,2022,2,7130,252.83687943262413,28.2,0.058823529411764705,원거리,신축,1
edogawa,江戸川区,111.9,5,60.0,9,16,10.9,아파트,남동,0,1,1,0,2025,11,4340,38.7846291331546,22.380000000000003,0.5625,버스권,노후,3
setagaya,世田谷区,20.0,1,15.0,9,14,8.5,아파트,북동,0,1,1,0,2021,6,1660,83.0,20.0,0.6428571428571429,버스권,준신축,3
kita,北区,85.9,4,15.1,2,10,1.0,아파트,남,0,1,0,0,2025,6,6460,75.20372526193248,21.475,0.2,역세권,중고,1
katsushika,葛飾区,26.7,1,5.5,3,17,8.3,맨션,동,0,1,1,0,2025,10,1880,70.4119850187266,26.7,0.17647058823529413,버스권,준신축,3
katsushika,葛飾区,86.5,3,0.8,9,9,5.4,맨션,남,0,0,0,0,2023,1,6070,70.17341040462428,28.833333333333332,1.0,도보권,신축,0
kita,北区,37.6,3,24.0,2,6,11.4,아파트,남동,0,1,1,0,2021,5,2040,54.25531914893617,12.533333333333333,0.3333333333333333,버스권,중고,3
shinjuku,新宿区,55.9,2,13.7,11,17,9.7,아파트,남,0,0,1,0,2025,10,8160,145.97495527728086,27.95,0.6470588235294118,버스권,준신축,2
shibuya,渋谷区,76.7,4,1.1,4,11,7.4,아파트,남,1,1,1,0,2021,12,13840,180.44328552803128,19.175,0.36363636363636365,버스권,신축,5
bunkyo,文京区,92.7,5,6.3,13,17,1.1,빌라,남동,1,1,0,0,2025,5,14930,161.0571736785329,18.54,0.7647058823529411,역세권,준신축,3
minato,港区,46.7,1,4.0,2,8,1.4,맨션,남서,0,1,1,0,2023,10,15960,341.7558886509636,46.7,0.25,역세권,신축,3
minato,港区,25.0,1,24.7,13,13,7.0,아파트,남동,0,1,0,0,2020,12,4140,165.6,25.0,1.0,도보권,중고,1
shinagawa,品川区,37.1,2,0.3,14,16,5.5,맨션,서,1,0,0,0,2025,11,7360,198.38274932614556,18.55,0.875,도보권,신축,2
meguro,目黒区,65.8,4,7.6,11,17,7.9,아파트,북서,1,1,1,0,2022,3,9970,151.51975683890578,16.45,0.6470588235294118,버스권,준신축,5
koto,江東区,77.5,4,4.3,11,13,1.0,맨션,남,1,0,1,0,2025,10,11380,146.83870967741936,19.375,0.8461538461538461,역세권,신축,4
setagaya,世田谷区,83.4,3,8.7,10,19,1.8,아파트,남동,1,1,0,0,2023,12,10800,129.49640287769785,27.8,0.5263157894736842,역세권,준신축,3
chiyoda,千代田区,55.0,2,4.3,2,7,4.2,맨션,남서,1,1,0,1,2024,8,16250,295.45454545454544,27.5,0.2857142857142857,도보권,신축,4
minato,港区,62.1,3,9.4,11,18,19.0,맨션,남동,0,0,1,0,2025,3,14080,226.73107890499193,20.7,0.6111111111111112,원거리,준신축,2
ota,大田区,55.3,3,48.9,12,16,7.7,아파트,서,1,1,0,0,2024,8,2790,50.45207956600362,18.433333333333334,0.75,버스권,노후,3
ota,大田区,28.3,1,10.2,7,14,1.0,빌라,남,0,1,0,0,2023,8,2420,85.51236749116607,28.3,0.5,역세권,준신축,1
chuo,中央区,54.1,1,9.7,7,9,3.7,빌라,남,0,1,0,0,2021,8,9150,169.13123844731976,54.1,0.7777777777777778,도보권,준신축,1
meguro,目黒区,88.8,4,20.3,10,13,8.7,맨션,북,0,1,0,0,2021,11,9770,110.02252252252252,22.2,0.7692307692307693,버스권,중고,1
chuo,中央区,79.2,4,11.4,11,15,9.8,아파트,남서,0,1,0,0,2022,3,13230,167.04545454545453,19.8,0.7333333333333333,버스권,준신축,1
chiyoda,千代田区,87.8,4,46.3,7,18,11.7,타워맨션,남동,0,1,1,1,2022,10,12630,143.8496583143508,21.95,0.3888888888888889,버스권,노후,4
meguro,目黒区,20.0,1,0.5,2,17,1.0,아파트,동,0,1,1,1,2024,5,4310,215.5,20.0,0.11764705882352941,역세권,신축,4
taito,台東区,106.8,5,1.3,7,13,2.3,아파트,서,1,1,1,0,2024,3,11740,109.9250936329588,21.36,0.5384615384615384,역세권,신축,5
minato,港区,47.4,2,6.3,2,15,4.0,아파트,북서,0,1,1,1,2022,4,10190,214.9789029535865,23.7,0.13333333333333333,도보권,준신축,4
taito,台東区,89.1,3,1.2,3,5,2.6,타워맨션,남서,0,1,0,0,2021,7,12710,142.64870931537598,29.7,0.6,역세권,신축,1
meguro,目黒区,42.3,3,18.8,9,12,1.1,타워맨션,남,0,1,0,0,2024,7,8680,205.20094562647756,14.1,0.75,역세권,중고,1
setagaya,世田谷区,67.4,4,16.7,7,19,16.3,아파트,남,1,1,0,0,2022,10,6450,95.6973293768546,16.85,0.3684210526315789,원거리,중고,3
chuo,中央区,69.2,3,6.7,5,13,15.8,아파트,북서,0,1,0,0,2023,12,9190,132.80346820809248,23.066666666666666,0.38461538461538464,원거리,준신축,1
setagaya,世田谷区,31.5,1,58.5,13,18,8.5,아파트,북서,1,1,1,0,2021,8,2150,68.25396825396825,31.5,0.7222222222222222,버스권,노후,5
toshima,豊島区,79.1,5,16.6,10,14,4.2,타워맨션,남서,0,0,0,0,2023,11,11900,150.4424778761062,15.819999999999999,0.7142857142857143,도보권,중고,0
bunkyo,文京区,62.0,3,8.4,12,19,2.2,아파트,남동,1,0,1,0,2024,9,9760,157.41935483870967,20.666666666666668,0.631578947368421,역세권,준신축,4
arakawa,荒川区,79.1,3,0.8,1,1,1.2,아파트,남서,1,1,0,1,2025,4,7790,98.48293299620734,26.366666666666664,1.0,역세권,신축,4
shinagawa,品川区,46.7,2,2.2,12,12,6.6,아파트,남,0,1,0,0,2024,11,8600,184.1541755888651,23.35,1.0,도보권,신축,1
shibuya,渋谷区,70.6,2,1.1,6,15,3.5,맨션,남동,1,1,1,1,2021,12,16670,236.11898016997168,35.3,0.4,도보권,신축,6
setagaya,世田谷区,21.3,1,2.8,2,11,4.2,아파트,서,0,0,0,0,2021,9,2400,112.67605633802816,21.3,0.18181818181818182,도보권,신축,0
chuo,中央区,116.5,5,23.4,1,14,3.3,아파트,남,1,1,1,1,2021,6,20180,173.21888412017168,23.3,0.07142857142857142,도보권,중고,6
koto,江東区,71.1,2,3.4,6,11,10.6,아파트,서,0,0,1,1,2021,11,6130,86.21659634317862,35.55,0.5454545454545454,버스권,신축,3
setagaya,世田谷区,24.6,1,22.0,11,15,18.0,맨션,남서,0,1,0,0,2021,3,1810,73.57723577235772,24.6,0.7333333333333333,원거리,중고,1
edogawa,江戸川区,56.7,3,0.6,11,18,21.3,아파트,남서,1,1,1,0,2025,6,3700,65.25573192239858,18.900000000000002,0.6111111111111112,원거리,신축,5
toshima,豊島区,75.6,3,29.8,13,18,2.8,맨션,동,0,1,1,0,2023,7,8270,109.3915343915344,25.2,0.7222222222222222,역세권,중고,3
shibuya,渋谷区,30.4,1,5.4,1,11,1.2,아파트,서,0,1,0,0,2023,5,6120,201.31578947368422,30.4,0.09090909090909091,역세권,준신축,1
chiyoda,千代田区,81.0,4,9.9,10,11,1.0,아파트,남,0,1,1,0,2022,5,20800,256.7901234567901,20.25,0.9090909090909091,역세권,준신축,3
adachi,足立区,87.4,4,1.8,11,18,7.8,아파트,북,0,1,0,0,2021,11,4650,53.20366132723112,21.85,0.6111111111111112,버스권,신축,1
chiyoda,千代田区,90.3,4,26.4,7,10,6.1,아파트,동,0,1,0,0,2021,4,14210,157.36434108527132,22.575,0.7,도보권,중고,1
shinagawa,品川区,57.2,2,21.9,14,17,6.8,아파트,남동,0,1,1,0,2021,8,7550,131.993006993007,28.6,0.8235294117647058,도보권,중고,3
suginami,杉並区,72.0,4,15.9,13,14,3.1,빌라,남,1,1,0,1,2020,12,6620,91.94444444444444,18.0,0.9285714285714286,도보권,중고,4
shinagawa,品川区,88.9,4,24.1,8,16,2.8,타워맨션,남서,0,1,0,0,2022,3,15400,173.2283464566929,22.225,0.5,역세권,중고,1
nakano,中野区,91.6,4,6.3,8,12,10.0,아파트,남동,0,1,0,0,2021,3,7540,82.31441048034935,22.9,0.6666666666666666,버스권,준신축,1
shibuya,渋谷区,61.1,2,4.9,12,17,23.9,맨션,서,0,0,1,0,2021,5,9420,154.1734860883797,30.55,0.7058823529411765,원거리,신축,2
chuo,中央区,70.1,2,11.5,9,18,1.4,아파트,동,0,1,0,0,2023,7,14870,212.12553495007134,35.05,0.5,역세권,준신축,1
koto,江東区,43.5,2,2.8,14,17,1.0,아파트,동,1,1,1,0,2025,9,5970,137.24137931034483,21.75,0.8235294117647058,역세권,신축,5
itabashi,板橋区,31.3,2,16.7,14,14,10.0,빌라,남동,0,1,0,0,2024,7,2090,66.77316293929712,15.65,1.0,버스권,중고,1
edogawa,江戸川区,50.8,2,4.7,4,14,3.7,아파트,서,0,1,0,0,2021,12,3060,60.23622047244095,25.4,0.2857142857142857,도보권,신축,1
bunkyo,文京区,62.5,2,18.8,4,16,2.8,맨션,남서,0,1,0,0,2023,5,8980,143.68,31.25,0.25,역세권,중고,1
minato,港区,54.7,3,29.1,3,19,8.4,아파트,남서,0,0,1,0,2024,12,8100,148.08043875685556,18.233333333333334,0.15789473684210525,버스권,중고,2
shinjuku,新宿区,52.2,2,8.7,1,18,18.4,맨션,남,0,1,1,0,2023,5,7110,136.20689655172413,26.1,0.05555555555555555,원거리,준신축,3
shinagawa,品川区,86.7,3,16.3,6,7,1.0,아파트,서,0,1,0,0,2022,5,11970,138.06228373702422,28.900000000000002,0.8571428571428571,역세권,중고,1
bunkyo,文京区,59.2,2,27.2,6,14,7.7,아파트,남동,0,0,1,0,2025,11,5490,92.73648648648648,29.6,0.42857142857142855,버스권,중고,2
chuo,中央区,58.6,2,28.1,7,15,12.3,아파트,서,0,0,1,0,2022,1,7610,129.86348122866895,29.3,0.4666666666666667,버스권,중고,2
adachi,足立区,63.8,2,9.2,4,11,5.0,아파트,남,0,0,0,1,2025,10,4090,64.10658307210032,31.9,0.36363636363636365,도보권,준신축,1
minato,港区,30.1,2,21.2,1,14,8.8,맨션,북서,0,0,0,1,2025,2,6580,218.60465116279067,15.05,0.07142857142857142,버스권,중고,1
toshima,豊島区,90.0,4,3.1,9,18,9.9,맨션,남동,0,1,1,1,2021,11,14470,160.77777777777777,22.5,0.5,버스권,신축,4
suginami,杉並区,70.6,3,5.6,4,19,10.9,아파트,남,0,1,1,0,2025,10,8300,117.56373937677054,23.53333333333333,0.21052631578947367,버스권,준신축,3
chiyoda,千代田区,43.7,2,3.7,3,8,8.4,빌라,남,0,1,1,0,2022,12,8400,192.21967963386726,21.85,0.375,버스권,신축,3
ota,大田区,96.6,4,24.6,13,13,1.0,아파트,남,0,1,1,0,2025,8,7220,74.74120082815736,24.15,1.0,역세권,중고,3
meguro,目黒区,55.9,2,29.9,14,17,2.3,빌라,남동,0,0,0,0,2023,8,6180,110.55456171735241,27.95,0.8235294117647058,역세권,중고,0
setagaya,世田谷区,105.2,4,2.2,14,14,2.2,아파트,남동,0,1,0,0,2025,7,13570,128.99239543726236,26.3,1.0,역세권,신축,1
sumida,墨田区,67.5,3,8.4,14,17,1.0,아파트,북서,0,1,0,0,2023,5,6100,90.37037037037037,22.5,0.8235294117647058,역세권,준신축,1
minato,港区,97.0,4,9.3,6,16,4.3,맨션,남,0,0,0,0,2024,7,29660,305.77319587628864,24.25,0.375,도보권,준신축,0
meguro,目黒区,57.7,3,0.7,5,19,5.3,아파트,서,0,0,1,1,2021,10,9590,166.20450606585788,19.233333333333334,0.2631578947368421,도보권,신축,3
itabashi,板橋区,37.5,1,37.7,9,13,1.9,맨션,북,1,1,0,0,2023,5,2180,58.13333333333333,37.5,0.6923076923076923,역세권,노후,3
koto,江東区,26.6,1,1.5,4,10,30.0,아파트,남,0,0,0,0,2024,7,2240,84.21052631578947,26.6,0.4,원거리,신축,0
shibuya,渋谷区,60.0,3,0.8,7,7,1.0,맨션,동,1,0,1,0,2024,7,17660,294.3333333333333,20.0,1.0,역세권,신축,4
arakawa,荒川区,46.4,2,23.0,11,15,5.3,아파트,남서,0,0,1,0,2025,9,3420,73.70689655172414,23.2,0.7333333333333333,도보권,중고,2
shinagawa,品川区,49.6,1,13.5,11,16,1.0,맨션,남동,0,0,0,1,2023,9,9370,188.91129032258064,49.6,0.6875,역세권,준신축,1
toshima,豊島区,66.2,3,60.0,13,18,4.6,맨션,남서,0,0,0,0,2024,11,4690,70.84592145015105,22.066666666666666,0.7222222222222222,도보권,노후,0
sumida,墨田区,54.1,2,14.9,10,15,5.9,빌라,남서,1,0,0,0,2024,10,4650,85.95194085027727,27.05,0.6666666666666666,도보권,준신축,2
meguro,目黒区,20.0,1,1.0,2,9,5.0,빌라,남동,0,0,1,1,2023,4,3090,154.5,20.0,0.2222222222222222,도보권,신축,3
katsushika,葛飾区,37.0,1,1.2,8,13,1.7,맨션,남,0,0,1,0,2022,7,2790,75.4054054054054,37.0,0.6153846153846154,역세권,신축,2
koto,江東区,45.1,2,3.0,2,18,4.8,맨션,북,0,0,1,0,2024,1,5070,112.41685144124168,22.55,0.1111111111111111,도보권,신축,2
ota,大田区,69.0,3,11.0,2,2,1.1,아파트,남서,0,1,1,0,2022,5,5390,78.1159420289855,23.0,1.0,역세권,준신축,3
bunkyo,文京区,55.3,1,7.3,14,19,10.4,맨션,북,0,1,0,0,2025,5,7990,144.48462929475588,55.3,0.7368421052631579,버스권,준신축,1
setagaya,世田谷区,53.3,2,36.8,9,16,1.0,빌라,남,0,0,0,0,2023,6,4250,79.73733583489681,26.65,0.5625,역세권,노후,0
minato,港区,99.0,5,7.9,10,14,1.7,아파트,남서,1,1,0,0,2025,9,32810,331.4141414141414,19.8,0.7142857142857143,역세권,준신축,3
shinjuku,新宿区,68.9,3,5.5,14,18,3.8,아파트,남,0,1,0,0,2025,1,11320,164.29608127721335,22.96666666666667,0.7777777777777778,도보권,준신축,1
koto,江東区,38.1,1,10.0,13,15,1.6,아파트,남서,0,1,0,0,2021,1,3400,89.23884514435696,38.1,0.8666666666666667,역세권,준신축,1
chiyoda,千代田区,81.5,3,1.7,6,18,9.2,맨션,북서,1,1,1,1,2023,8,17030,208.95705521472394,27.166666666666668,0.3333333333333333,버스권,신축,6
taito,台東区,99.7,5,15.3,7,14,7.5,맨션,남서,0,0,0,0,2024,3,10130,101.60481444332999,19.94,0.5,버스권,중고,0
meguro,目黒区,31.5,1,52.2,5,17,1.0,아파트,서,0,1,1,1,2022,8,2850,90.47619047619048,31.5,0.29411764705882354,역세권,노후,4
ota,大田区,125.8,6,7.0,3,3,9.5,아파트,북,1,1,0,0,2023,3,11020,87.5993640699523,20.966666666666665,1.0,버스권,준신축,3
suginami,杉並区,20.0,1,7.7,10,12,4.1,아파트,남동,0,1,0,0,2023,11,2210,110.5,20.0,0.8333333333333334,도보권,준신축,1
nakano,中野区,66.2,3,5.8,8,17,11.5,빌라,남서,0,1,0,0,2024,7,6600,99.69788519637461,22.066666666666666,0.47058823529411764,버스권,준신축,1
setagaya,世田谷区,64.1,3,2.4,4,6,1.0,아파트,남,0,1,0,0,2023,2,8750,136.50546021840876,21.366666666666664,0.6666666666666666,역세권,신축,1
nakano,中野区,49.6,2,2.6,3,3,1.0,타워맨션,남동,0,1,1,0,2024,4,8190,165.1209677419355,24.8,1.0,역세권,신축,3
shinjuku,新宿区,68.5,1,10.5,9,18,8.7,아파트,남,0,1,0,0,2023,11,9450,137.95620437956205,68.5,0.5,버스권,준신축,1
shibuya,渋谷区,46.4,2,0.7,14,19,1.0,빌라,서,1,0,1,0,2025,10,11830,254.95689655172416,23.2,0.7368421052631579,역세권,신축,4
arakawa,荒川区,20.0,1,34.2,11,13,4.3,타워맨션,남동,0,1,1,0,2024,1,1750,87.5,20.0,0.8461538461538461,도보권,노후,3
bunkyo,文京区,55.3,2,11.0,2,14,5.8,아파트,동,0,0,0,0,2023,8,7210,130.37974683544306,27.65,0.14285714285714285,도보권,준신축,0
chuo,中央区,93.5,4,26.0,7,10,1.5,아파트,남,0,1,1,1,2021,4,16300,174.33155080213905,23.375,0.7,역세권,중고,4
arakawa,荒川区,81.7,4,3.6,7,18,3.1,맨션,북동,0,1,0,0,2023,12,6370,77.96817625458996,20.425,0.3888888888888889,도보권,신축,1
ota,大田区,72.8,3,3.0,7,18,5.7,타워맨션,남동,1,1,0,0,2022,6,10270,141.07142857142858,24.266666666666666,0.3888888888888889,도보권,신축,3
minato,港区,63.8,3,15.7,8,13,1.0,아파트,남동,1,1,0,0,2021,9,15470,242.47648902821317,21.266666666666666,0.6153846153846154,역세권,중고,3
chuo,中央区,62.8,3,15.3,9,18,8.1,아파트,북동,0,0,0,0,2022,10,10370,165.12738853503186,20.933333333333334,0.5,버스권,중고,0
chuo,中央区,87.5,4,15.8,13,13,2.7,아파트,동,0,1,1,0,2023,12,15740,179.88571428571427,21.875,1.0,역세권,중고,3
koto,江東区,79.8,3,13.8,8,10,5.0,타워맨션,남동,0,0,0,0,2022,2,9040,113.28320802005013,26.599999999999998,0.8,도보권,준신축,0
minato,港区,55.1,2,60.0,2,10,1.9,아파트,남동,0,1,0,0,2021,9,8070,146.46098003629763,27.55,0.2,역세권,노후,1
kita,北区,20.0,1,13.1,13,17,12.8,아파트,남서,1,1,1,0,2022,7,1560,78.0,20.0,0.7647058823529411,버스권,준신축,5
bunkyo,文京区,76.7,3,13.3,6,10,6.4,아파트,남,1,0,1,0,2024,5,12170,158.67014341590613,25.566666666666666,0.6,도보권,준신축,4
nerima,練馬区,20.0,1,17.0,5,15,19.9,맨션,북서,1,0,0,0,2023,12,1180,59.0,20.0,0.3333333333333333,원거리,중고,2
minato,港区,109.5,4,60.0,8,14,6.8,맨션,남동,1,0,1,0,2021,9,17650,161.18721461187215,27.375,0.5714285714285714,도보권,노후,4
kita,北区,63.9,2,12.8,2,9,1.0,아파트,남,0,1,0,0,2024,11,5080,79.49921752738655,31.95,0.2222222222222222,역세권,준신축,1
shinagawa,品川区,60.9,2,3.0,3,12,2.5,맨션,북,0,1,1,0,2021,1,11120,182.5944170771757,30.45,0.25,역세권,신축,3
minato,港区,31.5,1,0.4,8,12,6.6,맨션,남서,0,1,1,0,2023,10,9160,290.7936507936508,31.5,0.6666666666666666,도보권,신축,3
setagaya,世田谷区,65.4,3,12.1,5,6,1.8,맨션,남동,0,0,1,0,2023,5,9040,138.22629969418958,21.8,0.8333333333333334,역세권,준신축,2
sumida,墨田区,71.2,3,28.3,9,17,4.1,맨션,동,0,0,1,0,2021,9,5390,75.70224719101124,23.733333333333334,0.5294117647058824,도보권,중고,2
arakawa,荒川区,39.8,2,6.7,2,11,9.2,아파트,남,0,0,0,0,2025,4,3080,77.38693467336684,19.9,0.18181818181818182,버스권,준신축,0
nakano,中野区,26.0,1,8.6,12,17,2.4,아파트,남,0,0,1,0,2025,1,3390,130.3846153846154,26.0,0.7058823529411765,역세권,준신축,2
setagaya,世田谷区,39.2,1,28.7,9,16,12.1,아파트,남동,0,1,0,1,2024,8,3560,90.81632653061224,39.2,0.5625,버스권,중고,2
shibuya,渋谷区,80.2,3,12.8,2,5,11.2,빌라,남서,0,1,1,0,2023,8,10620,132.41895261845386,26.733333333333334,0.4,버스권,준신축,3
minato,港区,23.6,1,6.3,3,5,4.7,타워맨션,남동,1,1,1,0,2025,8,9070,384.32203389830505,23.6,0.6,도보권,준신축,5
taito,台東区,38.1,2,0.8,6,10,2.4,빌라,동,1,1,0,0,2024,3,4780,125.45931758530183,19.05,0.6,역세권,신축,3
minato,港区,51.9,1,60.0,4,13,1.0,아파트,남서,0,1,0,0,2024,1,8370,161.27167630057804,51.9,0.3076923076923077,역세권,노후,1
nerima,練馬区,48.1,3,7.4,3,15,2.8,아파트,북,0,1,0,0,2023,11,3530,73.38877338877339,16.033333333333335,0.2,역세권,준신축,1
shinagawa,品川区,110.5,5,16.6,7,9,3.5,아파트,남,0,0,0,0,2024,2,14040,127.05882352941177,22.1,0.7777777777777778,도보권,중고,0
itabashi,板橋区,54.8,2,10.8,4,9,5.8,타워맨션,남,0,1,0,0,2022,8,5020,91.6058394160584,27.4,0.4444444444444444,도보권,준신축,1
koto,江東区,88.7,4,17.5,7,16,1.0,맨션,남동,0,0,1,0,2022,2,7860,88.61330326944757,22.175,0.4375,역세권,중고,2
ota,大田区,81.7,4,4.1,5,15,14.7,맨션,북동,1,0,0,0,2023,7,7590,92.90085679314565,20.425,0.3333333333333333,버스권,신축,2
minato,港区,93.6,3,2.5,11,11,1.0,아파트,남,0,1,1,0,2023,2,31710,338.7820512820513,31.2,1.0,역세권,신축,3
chuo,中央区,66.7,3,14.8,7,17,11.3,맨션,북서,0,1,0,0,2021,10,10910,163.56821589205396,22.233333333333334,0.4117647058823529,버스권,준신축,1
suginami,杉並区,63.9,3,0.9,10,17,8.6,맨션,남,1,0,0,0,2024,11,9100,142.41001564945228,21.3,0.5882352941176471,버스권,신축,2
arakawa,荒川区,72.9,2,4.5,3,13,3.4,아파트,북동,1,0,1,0,2023,12,5750,78.87517146776405,36.45,0.23076923076923078,도보권,신축,4
minato,港区,89.6,4,11.2,8,16,1.7,아파트,남동,0,0,1,0,2021,1,23400,261.1607142857143,22.4,0.5,역세권,준신축,2
chuo,中央区,99.8,4,12.8,1,19,2.1,맨션,서,0,1,1,0,2025,4,24850,248.99799599198397,24.95,0.05263157894736842,역세권,준신축,3
minato,港区,43.9,2,7.2,5,18,19.6,맨션,서,0,0,1,0,2025,8,9630,219.3621867881549,21.95,0.2777777777777778,원거리,준신축,2
katsushika,葛飾区,88.5,3,2.5,2,4,1.0,빌라,남동,0,0,1,0,2021,12,5040,56.94915254237288,29.5,0.5,역세권,신축,2
shibuya,渋谷区,32.0,1,5.5,8,8,2.9,타워맨션,남서,1,1,1,1,2023,7,13170,411.5625,32.0,1.0,역세권,준신축,6
nakano,中野区,67.2,3,2.2,5,7,3.3,빌라,서,0,1,0,1,2021,3,6120,91.07142857142857,22.400000000000002,0.7142857142857143,도보권,신축,2
shibuya,渋谷区,66.5,3,21.7,13,18,1.2,타워맨션,북동,1,1,0,0,2022,7,17730,266.61654135338347,22.166666666666668,0.7222222222222222,역세권,중고,3
adachi,足立区,86.4,4,19.7,13,13,3.0,아파트,북,1,1,1,0,2025,3,4790,55.43981481481481,21.6,1.0,역세권,중고,5
itabashi,板橋区,42.4,2,22.4,7,15,2.1,빌라,북동,0,1,0,0,2025,4,1950,45.99056603773585,21.2,0.4666666666666667,역세권,중고,1
shinjuku,新宿区,53.4,2,9.9,9,9,16.3,타워맨션,남서,0,0,0,0,2023,10,7500,140.4494382022472,26.7,1.0,원거리,준신축,0
shibuya,渋谷区,20.0,1,5.5,9,13,8.2,타워맨션,북동,0,1,1,0,2023,6,5370,268.5,20.0,0.6923076923076923,버스권,준신축,3
itabashi,板橋区,47.1,2,2.6,7,17,19.4,빌라,남서,0,0,1,1,2022,2,2440,51.80467091295117,23.55,0.4117647058823529,원거리,신축,3
minato,港区,83.8,3,7.2,11,17,1.0,빌라,남동,0,1,0,0,2023,5,24630,293.91408114558476,27.933333333333334,0.6470588235294118,역세권,준신축,1
sumida,墨田区,83.6,4,12.4,3,10,1.0,맨션,남,1,1,0,1,2025,8,8780,105.02392344497608,20.9,0.3,역세권,준신축,4
arakawa,荒川区,66.5,2,28.1,14,18,2.7,타워맨션,남,1,1,1,0,2022,3,6160,92.63157894736842,33.25,0.7777777777777778,역세권,중고,5
chiyoda,千代田区,77.7,3,19.8,11,11,1.0,맨션,남,0,1,0,0,2025,1,16360,210.55341055341054,25.900000000000002,1.0,역세권,중고,1
chuo,中央区,83.8,4,16.4,14,15,5.2,아파트,북,0,1,0,0,2024,6,16740,199.76133651551314,20.95,0.9333333333333333,도보권,중고,1
shinagawa,品川区,90.1,3,4.8,11,11,24.3,아파트,북동,0,1,1,0,2023,7,11790,130.85460599334075,30.03333333333333,1.0,원거리,신축,3
shinagawa,品川区,75.7,3,23.5,4,9,14.7,아파트,동,0,1,1,0,2022,6,7920,104.62351387054161,25.233333333333334,0.4444444444444444,버스권,중고,3
katsushika,葛飾区,89.5,4,38.6,11,19,22.8,아파트,서,0,0,0,0,2024,12,2680,29.94413407821229,22.375,0.5789473684210527,원거리,노후,0
meguro,目黒区,114.5,5,28.3,11,13,6.9,맨션,남동,0,1,0,0,2022,6,18280,159.65065502183407,22.9,0.8461538461538461,도보권,중고,1
koto,江東区,60.1,3,8.2,7,12,5.5,맨션,동,0,1,1,0,2023,5,7500,124.79201331114808,20.033333333333335,0.5833333333333334,도보권,준신축,3
adachi,足立区,111.0,5,4.9,5,12,17.0,아파트,북서,0,1,1,0,2025,11,5400,48.648648648648646,22.2,0.4166666666666667,원거리,신축,3
chiyoda,千代田区,32.7,1,25.0,1,1,8.9,아파트,북동,0,1,1,1,2025,8,4270,130.58103975535167,32.7,1.0,버스권,중고,4
taito,台東区,84.8,3,0.3,7,12,9.7,맨션,북서,0,0,1,0,2024,8,8160,96.22641509433963,28.266666666666666,0.5833333333333334,버스권,신축,2
nerima,練馬区,63.9,2,0.5,13,19,6.6,맨션,북동,0,1,0,0,2022,5,6480,101.40845070422536,31.95,0.6842105263157895,도보권,신축,1
katsushika,葛飾区,27.0,1,6.1,14,19,9.7,맨션,서,0,0,1,0,2025,8,1720,63.7037037037037,27.0,0.7368421052631579,버스권,준신축,2
meguro,目黒区,109.2,5,3.4,7,15,4.1,맨션,남서,0,1,1,0,2023,7,18300,167.58241758241758,21.84,0.4666666666666667,도보권,신축,3
edogawa,江戸川区,97.7,5,12.3,11,16,3.8,맨션,남서,1,1,1,0,2021,2,5850,59.877175025588535,19.54,0.6875,도보권,준신축,5
shibuya,渋谷区,70.6,3,19.2,11,14,7.7,빌라,남동,0,1,0,0,2021,3,9010,127.62039660056658,23.53333333333333,0.7857142857142857,버스권,중고,1
chiyoda,千代田区,27.6,1,23.2,1,14,28.3,아파트,남서,0,1,1,0,2023,7,2940,106.52173913043478,27.6,0.07142857142857142,원거리,중고,3
shinagawa,品川区,54.2,2,43.6,9,11,1.7,빌라,북,0,1,0,0,2021,8,3910,72.14022140221402,27.1,0.8181818181818182,역세권,노후,1
kita,北区,64.7,3,17.1,5,17,9.6,맨션,남서,1,0,0,0,2025,8,5320,82.22565687789799,21.566666666666666,0.29411764705882354,버스권,중고,2
sumida,墨田区,20.0,1,36.7,4,10,7.6,타워맨션,남동,0,0,1,0,2021,6,1230,61.5,20.0,0.4,버스권,노후,2
suginami,杉並区,74.3,3,16.0,6,11,11.1,아파트,남동,1,1,1,1,2022,6,8130,109.42126514131898,24.766666666666666,0.5454545454545454,버스권,중고,6
chiyoda,千代田区,65.3,2,8.4,5,8,6.5,아파트,동,0,1,1,0,2022,8,13390,205.05359877488516,32.65,0.625,도보권,준신축,3
shinjuku,新宿区,55.2,4,17.3,12,16,30.0,맨션,동,0,0,1,0,2021,9,5260,95.28985507246377,13.8,0.75,원거리,중고,2
katsushika,葛飾区,88.0,4,8.7,11,19,2.0,아파트,북동,0,0,0,1,2021,5,5120,58.18181818181818,22.0,0.5789473684210527,역세권,준신축,1
chuo,中央区,84.5,4,9.3,5,7,1.6,아파트,동,0,1,0,0,2024,12,18890,223.55029585798817,21.125,0.7142857142857143,역세권,준신축,1
arakawa,荒川区,77.0,2,35.4,1,6,17.3,아파트,남,1,1,1,0,2023,11,4160,54.02597402597402,38.5,0.16666666666666666,원거리,노후,5
katsushika,葛飾区,54.0,3,21.0,7,14,4.5,빌라,남서,1,1,0,0,2022,11,2550,47.22222222222222,18.0,0.5,도보권,중고,3
kita,北区,73.6,4,1.1,14,16,2.9,맨션,남,0,0,1,0,2021,1,7890,107.20108695652175,18.4,0.875,역세권,신축,2
nakano,中野区,36.7,1,19.1,12,15,2.9,아파트,서,0,1,0,0,2024,10,3260,88.8283378746594,36.7,0.8,역세권,중고,1
kita,北区,49.9,2,41.2,11,11,7.4,아파트,동,0,1,0,0,2024,11,2120,42.48496993987976,24.95,1.0,버스권,노후,1
minato,港区,64.3,3,1.0,10,17,8.6,빌라,남,0,0,0,1,2024,10,13860,215.55209953343703,21.433333333333334,0.5882352941176471,버스권,신축,1
chuo,中央区,83.8,3,36.2,1,5,4.4,맨션,남,1,0,0,1,2023,7,11040,131.7422434367542,27.933333333333334,0.2,도보권,노후,3
toshima,豊島区,20.0,1,30.6,13,15,3.0,아파트,남,0,1,1,0,2022,9,1760,88.0,20.0,0.8666666666666667,역세권,노후,3
setagaya,世田谷区,67.1,2,20.8,14,15,1.0,맨션,남서,0,1,0,0,2024,9,9790,145.90163934426232,33.55,0.9333333333333333,역세권,중고,1
shinagawa,品川区,69.6,3,24.9,14,14,16.4,아파트,남,0,1,1,1,2025,8,8390,120.54597701149426,23.2,1.0,원거리,중고,4
chiyoda,千代田区,93.6,3,14.5,13,14,10.4,맨션,남,1,0,1,0,2023,3,17860,190.81196581196582,31.2,0.9285714285714286,버스권,준신축,4
edogawa,江戸川区,56.0,2,11.7,13,15,2.9,타워맨션,남,0,1,0,0,2022,2,5210,93.03571428571429,28.0,0.8666666666666667,역세권,준신축,1
shinagawa,品川区,58.4,2,13.9,2,13,1.9,맨션,동,0,0,1,0,2025,1,9250,158.3904109589041,29.2,0.15384615384615385,역세권,준신축,2
taito,台東区,65.1,2,5.7,3,13,2.0,맨션,동,0,1,1,0,2024,8,8670,133.17972350230417,32.55,0.23076923076923078,역세권,준신축,3
koto,江東区,84.1,4,28.0,11,18,21.8,타워맨션,동,1,0,1,0,2025,3,8490,100.9512485136742,21.025,0.6111111111111112,원거리,중고,4
bunkyo,文京区,46.3,2,21.1,9,19,12.4,아파트,남동,0,1,0,1,2023,9,4790,103.45572354211664,23.15,0.47368421052631576,버스권,중고,2
shinjuku,新宿区,89.7,3,8.1,12,16,1.0,타워맨션,북서,0,1,1,0,2023,2,21740,242.3634336677815,29.900000000000002,0.75,역세권,준신축,3
chiyoda,千代田区,74.0,4,17.7,4,18,4.6,아파트,남동,1,0,0,1,2021,1,15130,204.45945945945945,18.5,0.2222222222222222,도보권,중고,3
itabashi,板橋区,96.9,4,0.0,2,18,1.0,맨션,남,0,1,0,1,2021,12,8930,92.15686274509804,24.225,0.1111111111111111,역세권,,2
bunkyo,文京区,29.2,1,9.5,6,16,11.0,맨션,남동,0,1,1,1,2024,4,4090,140.06849315068493,29.2,0.375,버스권,준신축,4
chiyoda,千代田区,74.5,3,4.4,8,16,11.3,타워맨션,남,0,0,0,0,2025,6,20910,280.6711409395973,24.833333333333332,0.5,버스권,신축,0
chiyoda,千代田区,93.5,4,16.2,1,1,6.6,아파트,남동,0,1,1,0,2025,4,19060,203.85026737967914,23.375,1.0,도보권,중고,3
katsushika,葛飾区,39.6,1,17.1,2,8,1.2,타워맨션,동,1,1,0,0,2022,10,2590,65.4040404040404,39.6,0.25,역세권,중고,3
meguro,目黒区,63.9,3,7.2,10,16,30.0,빌라,북,1,1,0,0,2021,4,6760,105.79029733959311,21.3,0.625,원거리,준신축,3
taito,台東区,72.0,4,11.1,7,9,19.0,타워맨션,남,0,1,0,0,2021,4,7920,110.0,18.0,0.7777777777777778,원거리,준신축,1
shinjuku,新宿区,85.8,4,4.5,8,16,6.8,맨션,남,0,1,0,1,2023,9,15620,182.05128205128204,21.45,0.5,도보권,신축,2
bunkyo,文京区,83.5,4,7.0,1,19,2.9,아파트,서,0,0,1,0,2022,5,10500,125.74850299401197,20.875,0.05263157894736842,역세권,준신축,2
koto,江東区,73.7,4,15.6,7,8,2.7,아파트,남동,0,1,0,1,2024,11,6690,90.77340569877883,18.425,0.875,역세권,중고,2
ota,大田区,93.4,5,1.2,2,17,1.0,맨션,북,0,1,1,0,2021,10,9040,96.78800856531049,18.68,0.11764705882352941,역세권,신축,3
shinjuku,新宿区,22.3,1,9.2,8,16,1.7,맨션,서,0,0,1,0,2024,12,3950,177.13004484304932,22.3,0.5,역세권,준신축,2
toshima,豊島区,20.0,1,43.8,10,19,1.4,맨션,남,0,1,0,0,2024,11,1590,79.5,20.0,0.5263157894736842,역세권,노후,1
minato,港区,82.0,4,9.9,1,2,20.1,아파트,서,0,1,0,1,2023,10,14500,176.82926829268294,20.5,0.5,원거리,준신축,2
meguro,目黒区,120.0,6,23.8,4,6,6.4,아파트,동,0,1,1,0,2021,2,14110,117.58333333333333,20.0,0.6666666666666666,도보권,중고,3
koto,江東区,86.5,3,4.8,5,19,4.1,타워맨션,남,0,1,0,1,2022,7,12810,148.09248554913296,28.833333333333332,0.2631578947368421,도보권,신축,2
chiyoda,千代田区,57.4,2,12.3,14,16,3.0,아파트,남동,1,1,0,1,2023,5,14320,249.4773519163763,28.7,0.875,역세권,준신축,4
suginami,杉並区,54.8,2,60.0,3,15,1.0,빌라,서,0,1,1,1,2025,2,2990,54.56204379562044,27.4,0.2,역세권,노후,4
kita,北区,22.7,1,8.1,6,19,7.0,타워맨션,남서,0,1,0,1,2024,11,2890,127.31277533039648,22.7,0.3157894736842105,도보권,준신축,2
setagaya,世田谷区,129.9,6,11.4,11,13,1.0,아파트,남동,1,1,0,0,2021,3,17110,131.7167051578137,21.650000000000002,0.8461538461538461,역세권,준신축,3
sumida,墨田区,76.7,3,21.5,1,16,3.0,맨션,남동,1,0,1,0,2025,6,7350,95.82790091264667,25.566666666666666,0.0625,역세권,중고,4
meguro,目黒区,98.8,5,6.9,4,12,6.4,아파트,남동,0,1,1,0,2024,4,20120,203.6437246963563,19.759999999999998,0.3333333333333333,도보권,준신축,3
suginami,杉並区,46.1,3,40.6,5,14,17.7,아파트,남,0,1,0,0,2021,9,2050,44.46854663774403,15.366666666666667,0.35714285714285715,원거리,노후,1
setagaya,世田谷区,37.8,2,2.8,4,15,18.1,맨션,동,0,1,0,0,2025,5,4790,126.71957671957674,18.9,0.26666666666666666,원거리,신축,1
chuo,中央区,101.4,4,7.2,1,7,1.0,아파트,북서,0,1,1,0,2023,6,19330,190.63116370808677,25.35,0.14285714285714285,역세권,준신축,3
setagaya,世田谷区,54.6,3,9.1,12,17,17.7,맨션,남서,0,0,0,0,2024,8,6560,120.14652014652015,18.2,0.7058823529411765,원거리,준신축,0
bunkyo,文京区,39.3,1,1.7,1,19,1.0,맨션,북서,1,1,0,0,2021,8,6310,160.55979643765903,39.3,0.05263157894736842,역세권,신축,3
koto,江東区,53.1,3,15.0,7,16,1.0,맨션,남서,0,0,1,0,2023,8,5600,105.46139359698681,17.7,0.4375,역세권,준신축,2
nerima,練馬区,70.9,3,14.2,14,15,2.6,아파트,남,1,1,0,0,2022,3,5700,80.39492242595203,23.633333333333336,0.9333333333333333,역세권,준신축,3
bunkyo,文京区,31.5,1,20.7,1,14,1.0,아파트,남서,0,1,0,0,2021,7,3190,101.26984126984127,31.5,0.07142857142857142,역세권,중고,1
shinagawa,品川区,47.5,3,7.1,8,8,4.7,맨션,남동,0,1,1,0,2024,1,8380,176.42105263157896,15.833333333333334,1.0,도보권,준신축,3
meguro,目黒区,95.2,4,33.3,2,3,1.0,맨션,남동,1,0,0,0,2024,1,13560,142.43697478991595,23.8,0.6666666666666666,역세권,노후,2
bunkyo,文京区,56.4,1,9.7,5,14,5.3,타워맨션,남,0,1,1,0,2025,2,11660,206.7375886524823,56.4,0.35714285714285715,도보권,준신축,3
nakano,中野区,82.5,4,3.6,9,15,1.0,아파트,서,1,0,1,1,2021,10,9750,118.18181818181819,20.625,0.6,역세권,신축,5
meguro,目黒区,77.5,4,1.6,3,12,1.8,아파트,남,0,1,1,0,2025,2,14160,182.70967741935485,19.375,0.25,역세권,신축,3
shibuya,渋谷区,91.0,4,0.9,9,11,1.4,맨션,남동,0,0,1,0,2023,10,24410,268.24175824175825,22.75,0.8181818181818182,역세권,신축,2
minato,港区,88.5,4,3.6,12,17,3.7,맨션,남서,0,1,0,0,2021,3,23910,270.1694915254237,22.125,0.7058823529411765,도보권,신축,1
arakawa,荒川区,78.8,3,0.0,8,10,1.5,빌라,남서,0,0,0,0,2024,2,5650,71.7005076142132,26.266666666666666,0.8,역세권,,0
shinjuku,新宿区,58.6,3,8.6,5,6,15.9,아파트,북서,0,1,1,0,2025,3,7550,128.839590443686,19.533333333333335,0.8333333333333334,원거리,준신축,3
adachi,足立区,48.1,2,21.1,2,4,4.4,타워맨션,북동,0,1,1,1,2022,3,3370,70.06237006237006,24.05,0.5,도보권,중고,4
shibuya,渋谷区,74.9,3,28.1,3,16,4.4,맨션,남,0,1,0,0,2021,12,11430,152.60347129506007,24.96666666666667,0.1875,도보권,중고,1
shibuya,渋谷区,58.9,2,4.9,7,11,4.4,맨션,남동,0,1,0,0,2024,7,14530,246.6893039049236,29.45,0.6363636363636364,도보권,신축,1
adachi,足立区,88.9,4,7.2,13,19,14.9,타워맨션,남서,0,0,0,1,2023,8,7840,88.18897637795276,22.225,0.6842105263157895,버스권,준신축,1
meguro,目黒区,72.8,4,1.9,9,19,15.1,맨션,남,0,1,0,0,2024,11,10130,139.14835164835165,18.2,0.47368421052631576,원거리,신축,1
sumida,墨田区,93.0,4,13.8,5,10,6.4,맨션,남,0,0,0,0,2020,12,7580,81.50537634408602,23.25,0.5,도보권,준신축,0
koto,江東区,86.0,4,13.3,6,11,5.6,아파트,동,0,1,0,0,2025,7,7930,92.20930232558139,21.5,0.5454545454545454,도보권,준신축,1
chiyoda,千代田区,49.2,1,1.0,13,14,1.0,맨션,남동,0,1,0,0,2021,1,15550,316.0569105691057,49.2,0.9285714285714286,역세권,신축,1
chuo,中央区,69.6,3,9.0,7,13,8.9,맨션,남,0,1,0,0,2021,3,12140,174.42528735632186,23.2,0.5384615384615384,버스권,준신축,1
meguro,目黒区,71.0,3,60.0,6,19,2.1,빌라,남동,0,1,0,1,2025,5,6640,93.52112676056338,23.666666666666668,0.3157894736842105,역세권,노후,2
setagaya,世田谷区,91.6,4,3.1,11,17,1.0,아파트,북,0,1,1,1,2022,9,13920,151.96506550218342,22.9,0.6470588235294118,역세권,신축,4
chiyoda,千代田区,35.8,2,12.4,1,17,16.4,아파트,남,0,0,0,0,2024,2,5040,140.78212290502793,17.9,0.058823529411764705,원거리,준신축,0
arakawa,荒川区,23.5,1,41.7,3,3,8.4,맨션,남,0,0,1,0,2025,10,930,39.57446808510638,23.5,1.0,버스권,노후,2
shinjuku,新宿区,63.4,2,25.7,5,17,1.2,맨션,남,0,1,1,0,2025,11,11200,176.65615141955837,31.7,0.29411764705882354,역세권,중고,3
katsushika,葛飾区,48.9,3,2.6,9,19,1.0,빌라,남,1,1,1,1,2021,4,3230,66.05316973415133,16.3,0.47368421052631576,역세권,신축,6
toshima,豊島区,79.4,4,10.2,1,4,5.9,빌라,남서,0,0,1,0,2024,6,8590,108.18639798488664,19.85,0.25,도보권,준신축,2
kita,北区,50.7,3,6.4,10,19,18.3,맨션,서,0,1,1,0,2022,9,3550,70.01972386587771,16.900000000000002,0.5263157894736842,원거리,준신축,3
nakano,中野区,46.3,2,31.6,3,12,4.5,타워맨션,북서,1,1,1,0,2021,5,4390,94.81641468682506,23.15,0.25,도보권,노후,5
chuo,中央区,101.2,4,0.2,2,17,15.9,아파트,동,0,0,1,0,2021,11,13370,132.11462450592884,25.3,0.11764705882352941,원거리,신축,2
chiyoda,千代田区,83.1,4,3.7,6,9,8.2,타워맨션,서,1,1,0,0,2025,2,22840,274.84957882069796,20.775,0.6666666666666666,버스권,신축,3
shinagawa,品川区,72.2,2,0.9,10,12,2.7,맨션,동,0,0,1,0,2023,3,15150,209.83379501385042,36.1,0.8333333333333334,역세권,신축,2
taito,台東区,49.2,2,9.7,7,12,7.8,아파트,서,0,0,0,1,2021,10,4950,100.60975609756098,24.6,0.5833333333333334,버스권,준신축,1
meguro,目黒区,26.8,1,2.0,6,8,3.7,빌라,북,0,1,1,0,2025,3,3960,147.76119402985074,26.8,0.75,도보권,신축,3
meguro,目黒区,20.0,1,7.3,11,17,18.1,타워맨션,남,0,1,0,0,2022,1,3370,168.5,20.0,0.6470588235294118,원거리,준신축,1
setagaya,世田谷区,62.3,3,34.5,1,11,1.6,맨션,동,0,1,1,0,2023,6,5050,81.0593900481541,20.766666666666666,0.09090909090909091,역세권,노후,3
shinagawa,品川区,75.9,3,16.6,8,18,1.0,빌라,남서,1,1,1,0,2024,2,12290,161.9235836627141,25.3,0.4444444444444444,역세권,중고,5
koto,江東区,46.2,2,14.3,8,10,19.1,타워맨션,남,1,1,1,0,2023,2,5080,109.95670995670994,23.1,0.8,원거리,준신축,5
meguro,目黒区,53.3,2,5.4,5,9,9.9,맨션,북서,0,1,1,1,2020,12,8200,153.84615384615387,26.65,0.5555555555555556,버스권,준신축,4
kita,北区,20.0,1,23.3,7,18,1.7,타워맨션,북,0,1,0,0,2021,10,1500,75.0,20.0,0.3888888888888889,역세권,중고,1
chuo,中央区,60.2,2,2.3,12,12,5.4,타워맨션,남,0,1,1,0,2024,6,22180,368.43853820598,30.1,1.0,도보권,신축,3
ota,大田区,65.2,3,8.5,8,14,5.0,맨션,남서,0,1,1,0,2023,9,6630,101.68711656441717,21.733333333333334,0.5714285714285714,도보권,준신축,3
suginami,杉並区,57.4,1,27.1,2,12,4.1,맨션,남,0,1,1,1,2023,3,4500,78.397212543554,57.4,0.16666666666666666,도보권,중고,4
shinjuku,新宿区,77.7,4,12.1,5,15,1.0,아파트,남,0,1,1,0,2021,2,10530,135.52123552123552,19.425,0.3333333333333333,역세권,준신축,3
adachi,足立区,80.1,3,8.2,3,7,1.0,맨션,남,1,1,0,0,2021,2,5580,69.66292134831461,26.7,0.42857142857142855,역세권,준신축,3
nerima,練馬区,60.1,2,0.5,14,15,4.1,맨션,북,1,1,0,1,2024,9,6510,108.31946755407654,30.05,0.9333333333333333,도보권,신축,4
shibuya,渋谷区,96.9,5,20.3,10,18,1.3,아파트,남서,0,1,1,0,2023,7,17740,183.07533539731682,19.380000000000003,0.5555555555555556,역세권,중고,3
sumida,墨田区,86.6,3,1.3,5,18,2.1,빌라,북동,0,1,0,0,2024,2,7760,89.60739030023095,28.866666666666664,0.2777777777777778,역세권,신축,1
nerima,練馬区,56.1,2,1.6,7,9,7.0,아파트,북동,0,0,1,0,2023,8,4530,80.74866310160428,28.05,0.7777777777777778,도보권,신축,2
toshima,豊島区,88.5,4,27.0,11,12,2.3,맨션,남서,0,1,1,0,2022,4,8370,94.57627118644068,22.125,0.9166666666666666,역세권,중고,3
setagaya,世田谷区,41.9,1,6.4,6,8,5.0,아파트,남,0,1,1,0,2022,8,5400,128.8782816229117,41.9,0.75,도보권,준신축,3
suginami,杉並区,67.6,3,9.2,8,8,2.8,아파트,북,1,1,1,0,2022,3,7730,114.34911242603552,22.53333333333333,1.0,역세권,준신축,5
meguro,目黒区,94.1,4,10.4,13,19,2.6,타워맨션,남,0,0,0,0,2023,8,20950,222.6354941551541,23.525,0.6842105263157895,역세권,준신축,0
sumida,墨田区,69.1,3,2.3,13,16,14.6,타워맨션,남동,0,1,0,0,2022,8,8860,128.21997105643996,23.03333333333333,0.8125,버스권,신축,1
minato,港区,64.1,3,38.0,9,12,4.6,맨션,남,1,1,0,0,2023,8,12150,189.54758190327615,21.366666666666664,0.75,도보권,노후,3
meguro,目黒区,62.6,3,2.8,6,14,2.2,아파트,북동,0,1,0,1,2022,8,10470,167.2523961661342,20.866666666666667,0.42857142857142855,역세권,신축,2
chiyoda,千代田区,72.7,3,16.7,1,6,1.8,타워맨션,남,1,1,1,0,2024,8,21610,297.24896836313616,24.233333333333334,0.16666666666666666,역세권,중고,5
suginami,杉並区,66.9,3,10.1,6,12,14.2,아파트,서,1,1,1,0,2021,8,6850,102.39162929745889,22.3,0.5,버스권,준신축,5
taito,台東区,72.4,3,12.7,8,15,4.4,아파트,북서,0,1,0,0,2025,5,7530,104.00552486187844,24.133333333333336,0.5333333333333333,도보권,준신축,1
taito,台東区,57.4,2,7.4,10,12,7.0,빌라,남동,0,1,0,1,2024,5,6780,118.11846689895471,28.7,0.8333333333333334,도보권,준신축,2
adachi,足立区,63.7,3,2.9,5,15,14.9,아파트,남서,0,0,1,0,2025,9,4240,66.56200941915228,21.233333333333334,0.3333333333333333,버스권,신축,2
minato,港区,36.3,1,51.7,10,17,4.5,빌라,북동,0,0,0,0,2022,5,3100,85.39944903581268,36.3,0.5882352941176471,도보권,노후,0
arakawa,荒川区,46.8,2,12.2,3,17,18.6,타워맨션,남,0,1,0,0,2023,2,3760,80.34188034188034,23.4,0.17647058823529413,원거리,준신축,1
shinagawa,品川区,78.7,4,14.7,11,15,6.6,아파트,남서,0,1,1,1,2025,11,12580,159.84752223634052,19.675,0.7333333333333333,도보권,준신축,4
koto,江東区,76.1,3,14.7,2,10,4.4,맨션,남,0,1,0,0,2025,6,7850,103.15374507227334,25.366666666666664,0.2,도보권,준신축,1
minato,港区,76.3,4,2.5,3,19,1.0,아파트,남동,0,1,0,1,2021,2,23330,305.7667103538663,19.075,0.15789473684210525,역세권,신축,2
katsushika,葛飾区,46.9,1,8.0,8,13,13.3,아파트,남,0,1,0,0,2021,8,2760,58.84861407249467,46.9,0.6153846153846154,버스권,준신축,1
shinjuku,新宿区,20.0,1,4.1,14,16,13.8,빌라,서,0,0,0,0,2025,10,2220,111.0,20.0,0.875,버스권,신축,0
chiyoda,千代田区,94.8,3,27.5,13,15,3.3,아파트,북동,0,1,0,0,2022,11,13340,140.71729957805908,31.599999999999998,0.8666666666666667,도보권,중고,1
setagaya,世田谷区,93.3,4,47.2,8,11,4.0,빌라,동,1,1,1,0,2021,3,6080,65.16613076098606,23.325,0.7272727272727273,도보권,노후,5
shinjuku,新宿区,40.2,1,1.3,8,9,6.8,빌라,북동,0,1,0,0,2022,1,5600,139.30348258706468,40.2,0.8888888888888888,도보권,신축,1
ota,大田区,55.1,2,3.1,5,16,2.4,아파트,북,0,0,0,0,2021,6,4450,80.76225045372051,27.55,0.3125,역세권,신축,0
meguro,目黒区,49.7,3,60.0,5,10,11.1,맨션,남서,0,0,1,0,2024,4,4530,91.14688128772636,16.566666666666666,0.5,버스권,노후,2
chuo,中央区,55.8,3,10.4,12,14,10.6,맨션,북서,0,1,0,0,2022,4,10810,193.72759856630825,18.599999999999998,0.8571428571428571,버스권,준신축,1
itabashi,板橋区,74.6,3,11.2,8,16,1.0,빌라,남,0,0,0,0,2021,5,4030,54.02144772117963,24.866666666666664,0.5,역세권,준신축,0
minato,港区,74.9,4,27.2,6,15,11.7,빌라,남,1,0,0,1,2025,6,12870,171.82910547396529,18.725,0.4,버스권,중고,3
chiyoda,千代田区,58.6,2,18.0,14,14,1.0,타워맨션,북,0,1,1,0,2025,11,18200,310.580204778157,29.3,1.0,역세권,중고,3
chuo,中央区,66.1,2,14.8,11,16,4.3,맨션,남,1,1,0,1,2025,3,16680,252.34493192133135,33.05,0.6875,도보권,준신축,4
shibuya,渋谷区,93.8,4,6.6,9,12,2.0,맨션,북서,1,1,0,0,2023,8,24580,262.046908315565,23.45,0.75,역세권,준신축,3
taito,台東区,60.5,3,7.8,10,17,7.5,아파트,남서,1,1,1,0,2024,6,7760,128.26446280991735,20.166666666666668,0.5882352941176471,버스권,준신축,5
chuo,中央区,69.8,3,11.8,14,16,16.5,맨션,남,0,1,0,1,2021,8,11970,171.4899713467049,23.266666666666666,0.875,원거리,준신축,2
meguro,目黒区,45.3,2,3.9,14,18,2.9,맨션,서,1,1,1,0,2025,1,9980,220.30905077262693,22.65,0.7777777777777778,역세권,신축,5
minato,港区,90.0,3,5.1,6,17,2.1,아파트,남서,0,1,0,0,2023,5,21850,242.77777777777777,30.0,0.35294117647058826,역세권,준신축,1
bunkyo,文京区,43.4,2,9.5,5,15,9.2,맨션,남동,0,1,1,0,2024,1,5860,135.02304147465438,21.7,0.3333333333333333,버스권,준신축,3
arakawa,荒川区,65.7,3,21.9,10,15,5.0,빌라,북동,0,1,0,0,2025,10,3440,52.35920852359208,21.900000000000002,0.6666666666666666,도보권,중고,1
itabashi,板橋区,62.8,3,24.4,7,9,1.0,맨션,북동,1,1,1,0,2025,3,4170,66.40127388535032,20.933333333333334,0.7777777777777778,역세권,중고,5
chuo,中央区,21.7,1,2.0,8,18,7.5,맨션,남동,1,1,0,0,2023,1,5020,231.33640552995394,21.7,0.4444444444444444,버스권,신축,3
koto,江東区,48.2,2,22.1,13,17,1.0,맨션,남,0,0,1,0,2023,3,4750,98.54771784232365,24.1,0.7647058823529411,역세권,중고,2
bunkyo,文京区,69.3,3,14.6,8,15,1.0,타워맨션,남,1,1,0,0,2023,8,14390,207.64790764790766,23.099999999999998,0.5333333333333333,역세권,준신축,3
toshima,豊島区,88.5,4,16.1,7,12,6.3,타워맨션,북서,0,1,1,0,2025,2,12450,140.67796610169492,22.125,0.5833333333333334,도보권,중고,3
meguro,目黒区,58.1,2,14.6,8,13,5.3,맨션,남서,1,1,0,0,2021,6,9990,171.94492254733217,29.05,0.6153846153846154,도보권,준신축,3
shibuya,渋谷区,76.6,3,10.4,4,14,18.8,타워맨션,동,1,1,1,1,2022,8,15870,207.18015665796347,25.53333333333333,0.2857142857142857,원거리,준신축,6
shibuya,渋谷区,36.9,1,18.5,10,12,10.9,맨션,서,0,0,0,0,2024,9,5470,148.23848238482384,36.9,0.8333333333333334,버스권,중고,0
shibuya,渋谷区,35.1,2,33.1,10,16,7.3,맨션,동,1,1,1,0,2025,8,5010,142.73504273504273,17.55,0.625,버스권,노후,5
koto,江東区,51.9,2,7.1,2,4,1.7,아파트,남,0,0,1,1,2025,7,5690,109.63391136801542,25.95,0.5,역세권,준신축,3
edogawa,江戸川区,59.0,3,17.4,5,8,26.9,아파트,동,0,1,0,0,2024,2,2740,46.440677966101696,19.666666666666668,0.625,원거리,중고,1
ota,大田区,34.8,2,31.1,6,15,8.8,아파트,남,0,0,1,0,2022,2,1980,56.896551724137936,17.4,0.4,버스권,노후,2
toshima,豊島区,79.3,5,47.3,2,11,22.7,아파트,서,0,1,1,0,2022,4,4130,52.08070617906684,15.86,0.18181818181818182,원거리,노후,3
shibuya,渋谷区,118.3,6,5.5,13,16,7.5,타워맨션,남,1,1,1,0,2021,4,33550,283.60101437024514,19.716666666666665,0.8125,버스권,준신축,5
shinjuku,新宿区,75.4,4,28.6,1,6,4.9,타워맨션,북서,0,0,0,0,2025,1,9880,131.03448275862067,18.85,0.16666666666666666,도보권,중고,0
suginami,杉並区,46.0,1,25.2,4,8,1.1,타워맨션,동,1,1,0,1,2025,7,6200,134.7826086956522,46.0,0.5,역세권,중고,4
minato,港区,52.5,2,7.2,14,16,3.0,타워맨션,동,0,0,0,0,2023,2,18650,355.23809523809524,26.25,0.875,역세권,준신축,0
ota,大田区,54.0,1,1.7,13,14,1.0,아파트,북서,0,1,0,0,2025,4,5500,101.85185185185185,54.0,0.9285714285714286,역세권,신축,1
arakawa,荒川区,33.7,1,2.7,9,10,11.2,맨션,남서,0,1,0,0,2025,6,3150,93.47181008902076,33.7,0.9,버스권,신축,1
koto,江東区,39.8,2,6.2,13,15,3.3,맨션,동,0,1,0,0,2023,11,4970,124.87437185929649,19.9,0.8666666666666667,도보권,준신축,1
chiyoda,千代田区,66.6,3,0.7,12,18,12.8,아파트,남서,0,0,1,0,2021,9,14390,216.06606606606607,22.2,0.6666666666666666,버스권,신축,2
minato,港区,62.0,2,10.1,11,16,4.1,아파트,서,0,0,1,0,2024,11,11950,192.74193548387098,31.0,0.6875,도보권,준신축,2
chuo,中央区,26.4,1,28.0,9,16,8.0,타워맨션,북서,0,1,0,0,2025,9,4110,155.6818181818182,26.4,0.5625,버스권,중고,1
itabashi,板橋区,22.6,1,2.3,8,16,22.8,빌라,북서,0,1,1,0,2025,8,1470,65.04424778761062,22.6,0.5,원거리,신축,3
taito,台東区,64.0,3,0.7,2,12,10.4,맨션,남,0,1,1,0,2021,1,6800,106.25,21.333333333333332,0.16666666666666666,버스권,신축,3
nerima,練馬区,88.7,4,17.9,8,16,1.7,아파트,북동,1,1,1,0,2021,9,7300,82.2998872604284,22.175,0.5,역세권,중고,5
meguro,目黒区,72.0,3,4.4,1,1,6.5,맨션,북동,0,1,1,1,2023,11,13740,190.83333333333334,24.0,1.0,도보권,신축,4
shibuya,渋谷区,37.7,1,3.4,3,7,9.9,맨션,남서,0,0,0,0,2024,3,6490,172.14854111405833,37.7,0.42857142857142855,버스권,신축,0
setagaya,世田谷区,85.2,4,27.1,5,7,15.5,아파트,남서,0,0,0,0,2021,9,5940,69.71830985915493,21.3,0.7142857142857143,원거리,중고,0
meguro,目黒区,123.0,6,27.7,2,9,9.9,아파트,남동,1,0,0,0,2025,8,12870,104.63414634146342,20.5,0.2222222222222222,버스권,중고,2
suginami,杉並区,63.2,3,3.3,9,12,4.1,아파트,동,0,1,1,0,2022,5,7360,116.45569620253164,21.066666666666666,0.75,도보권,신축,3
setagaya,世田谷区,31.7,1,13.2,10,18,10.9,맨션,남,0,1,1,0,2022,9,4230,133.43848580441642,31.7,0.5555555555555556,버스권,준신축,3
shibuya,渋谷区,73.4,3,3.5,6,8,2.1,맨션,남,1,1,1,1,2022,3,19250,262.2615803814714,24.46666666666667,0.75,역세권,신축,6
chuo,中央区,51.4,2,8.6,10,19,8.5,맨션,남,1,1,1,0,2025,2,14090,274.12451361867704,25.7,0.5263157894736842,버스권,준신축,5
chuo,中央区,35.3,2,2.3,8,18,1.0,아파트,북,1,1,0,1,2021,11,8330,235.9773371104816,17.65,0.4444444444444444,역세권,신축,4
shinagawa,品川区,86.3,3,16.9,6,10,3.3,아파트,남,0,1,1,0,2023,10,11920,138.1228273464658,28.766666666666666,0.6,도보권,중고,3
chuo,中央区,56.6,3,44.2,3,18,8.5,맨션,북서,0,1,1,0,2021,4,4680,82.68551236749117,18.866666666666667,0.16666666666666666,버스권,노후,3
toshima,豊島区,110.7,4,17.9,12,19,4.9,빌라,동,0,0,1,1,2022,5,10140,91.59891598915989,27.675,0.631578947368421,도보권,중고,3
meguro,目黒区,52.9,1,4.5,14,18,17.8,아파트,서,0,1,1,0,2021,9,6800,128.5444234404537,52.9,0.7777777777777778,원거리,신축,3
minato,港区,38.9,2,19.3,5,17,11.2,맨션,남서,0,1,0,0,2022,9,8400,215.93830334190233,19.45,0.29411764705882354,버스권,중고,1
taito,台東区,73.8,3,34.0,9,16,1.7,아파트,남서,0,0,1,0,2025,10,6340,85.90785907859079,24.599999999999998,0.5625,역세권,노후,2
kita,北区,49.1,2,14.9,1,5,3.4,맨션,동,0,0,1,1,2021,4,3620,73.72708757637474,24.55,0.2,도보권,준신축,3
minato,港区,80.9,3,4.6,7,7,2.0,맨션,남,0,1,1,0,2022,12,29210,361.0630407911001,26.96666666666667,1.0,역세권,신축,3
sumida,墨田区,86.6,3,7.7,4,7,5.4,맨션,북,0,1,0,0,2022,6,6700,77.36720554272517,28.866666666666664,0.5714285714285714,도보권,준신축,1
chiyoda,千代田区,44.6,2,6.7,14,18,7.0,맨션,북서,1,1,0,0,2025,12,12500,280.2690582959641,22.3,0.7777777777777778,도보권,준신축,3
shinjuku,新宿区,71.2,3,18.3,7,16,1.1,맨션,동,0,1,1,1,2021,5,12670,177.9494382022472,23.733333333333334,0.4375,역세권,중고,4
koto,江東区,32.3,1,23.8,14,17,5.9,아파트,남,0,0,1,0,2024,11,2710,83.90092879256967,32.3,0.8235294117647058,도보권,중고,2
meguro,目黒区,75.9,5,34.6,4,10,6.8,아파트,남,0,1,0,1,2025,11,8190,107.90513833992094,15.180000000000001,0.4,도보권,노후,2
setagaya,世田谷区,53.2,2,0.1,5,12,1.5,타워맨션,남,1,1,1,0,2025,11,11130,209.21052631578945,26.6,0.4166666666666667,역세권,신축,5
edogawa,江戸川区,28.9,1,31.4,2,17,2.9,아파트,남동,0,1,1,0,2024,4,1220,42.214532871972324,28.9,0.11764705882352941,역세권,노후,3
kita,北区,38.6,2,37.4,1,4,4.7,맨션,북서,0,1,0,0,2021,2,1780,46.1139896373057,19.3,0.25,도보권,노후,1
meguro,目黒区,43.4,2,27.3,10,17,30.0,아파트,동,0,1,1,0,2022,11,3850,88.70967741935485,21.7,0.5882352941176471,원거리,중고,3
kita,北区,68.8,3,17.9,8,9,3.5,맨션,동,1,1,0,1,2024,7,5310,77.18023255813954,22.933333333333334,0.8888888888888888,도보권,중고,4
setagaya,世田谷区,82.7,3,0.9,1,12,9.3,아파트,남동,1,0,1,0,2024,3,10560,127.69044740024184,27.566666666666666,0.08333333333333333,버스권,신축,4
suginami,杉並区,69.4,3,0.5,2,5,2.2,맨션,북,0,1,0,0,2025,3,8810,126.94524495677233,23.133333333333336,0.4,역세권,신축,1
koto,江東区,33.0,1,24.2,14,19,3.9,아파트,남,0,0,0,0,2021,7,2520,76.36363636363636,33.0,0.7368421052631579,도보권,중고,0
ota,大田区,100.0,6,2.8,7,11,1.8,맨션,북동,0,1,0,0,2022,1,9600,96.0,16.666666666666668,0.6363636363636364,역세권,신축,1
meguro,目黒区,78.8,4,16.2,5,16,11.1,아파트,남서,0,1,1,0,2023,3,10870,137.94416243654823,19.7,0.3125,버스권,중고,3
minato,港区,72.9,3,33.9,3,12,14.3,맨션,서,1,1,0,0,2021,7,9100,124.82853223593963,24.3,0.25,버스권,노후,3
chuo,中央区,82.7,4,9.6,9,11,1.0,타워맨션,남동,0,1,1,0,2023,9,27050,327.0858524788392,20.675,0.8181818181818182,역세권,준신축,3
shibuya,渋谷区,76.5,3,25.9,7,7,5.9,빌라,서,0,0,0,0,2024,2,9610,125.62091503267973,25.5,1.0,도보권,중고,0
shinjuku,新宿区,70.6,3,7.9,10,18,8.5,빌라,남서,1,0,1,0,2022,11,9170,129.88668555240795,23.53333333333333,0.5555555555555556,버스권,준신축,4
toshima,豊島区,44.9,2,3.6,7,16,3.6,아파트,북서,1,1,0,1,2023,8,5850,130.28953229398664,22.45,0.4375,도보권,신축,4
shibuya,渋谷区,64.6,3,9.1,6,6,1.6,맨션,남서,1,0,0,0,2023,11,16730,258.9783281733746,21.53333333333333,1.0,역세권,준신축,2
kita,北区,20.0,1,0.2,2,12,1.0,아파트,동,0,0,1,1,2024,12,2030,101.5,20.0,0.16666666666666666,역세권,신축,3
toshima,豊島区,71.5,3,10.2,14,19,1.0,아파트,남동,1,0,1,0,2024,4,10940,153.006993006993,23.833333333333332,0.7368421052631579,역세권,준신축,4
setagaya,世田谷区,36.8,1,14.1,9,9,9.0,아파트,북동,1,1,0,0,2024,4,3700,100.54347826086958,36.8,1.0,버스권,준신축,3
shibuya,渋谷区,99.9,5,13.2,6,19,12.4,맨션,북,1,1,0,0,2024,5,19280,192.99299299299298,19.98,0.3157894736842105,버스권,준신축,3
nakano,中野区,67.8,3,12.7,9,9,1.0,빌라,남서,0,0,0,0,2021,12,6980,102.94985250737463,22.599999999999998,1.0,역세권,준신축,0
bunkyo,文京区,72.6,3,0.0,2,10,11.1,맨션,남동,0,0,1,0,2023,6,11390,156.8870523415978,24.2,0.2,버스권,,2
minato,港区,60.4,3,3.9,1,14,1.0,타워맨션,남,0,1,1,0,2021,11,21900,362.5827814569536,20.133333333333333,0.07142857142857142,역세권,신축,3
taito,台東区,91.0,4,18.9,12,12,16.0,아파트,남서,0,1,1,0,2021,3,7040,77.36263736263736,22.75,1.0,원거리,중고,3
chuo,中央区,20.0,1,19.4,8,17,2.2,아파트,남동,0,0,0,0,2021,7,3170,158.5,20.0,0.47058823529411764,역세권,중고,0
nakano,中野区,20.0,1,4.2,3,10,3.6,맨션,남,0,1,1,1,2022,4,2650,132.5,20.0,0.3,도보권,신축,4
chuo,中央区,58.2,2,29.4,2,2,1.0,맨션,남,0,0,1,0,2025,11,11160,191.75257731958763,29.1,1.0,역세권,중고,2
meguro,目黒区,60.0,3,23.8,12,19,1.0,아파트,남서,0,0,0,0,2024,6,7700,128.33333333333334,20.0,0.631578947368421,역세권,중고,0
meguro,目黒区,40.3,1,10.0,7,18,2.9,맨션,남동,0,1,1,0,2022,2,7080,175.68238213399505,40.3,0.3888888888888889,역세권,준신축,3
kita,北区,99.5,5,20.2,8,16,8.2,맨션,남서,1,1,1,0,2024,12,9460,95.07537688442211,19.9,0.5,버스권,중고,5
arakawa,荒川区,58.4,2,22.4,1,9,8.8,맨션,북동,0,1,1,0,2022,7,3680,63.013698630136986,29.2,0.1111111111111111,버스권,중고,3
katsushika,葛飾区,77.3,3,50.3,8,19,8.0,아파트,남서,1,1,0,0,2025,9,2790,36.09314359637775,25.766666666666666,0.42105263157894735,버스권,노후,3
chuo,中央区,70.4,3,38.6,13,14,30.0,맨션,북서,0,1,1,0,2024,11,6830,97.01704545454545,23.46666666666667,0.9285714285714286,원거리,노후,3
setagaya,世田谷区,45.7,3,30.5,8,14,6.4,맨션,남,0,0,1,0,2024,7,4840,105.90809628008752,15.233333333333334,0.5714285714285714,도보권,노후,2
kita,北区,71.3,3,14.6,5,17,11.6,아파트,남동,0,1,1,0,2025,3,5660,79.38288920056101,23.766666666666666,0.29411764705882354,버스권,준신축,3
shinjuku,新宿区,61.5,2,18.6,2,14,1.8,맨션,서,1,1,1,0,2024,2,10500,170.73170731707316,30.75,0.14285714285714285,역세권,중고,5
toshima,豊島区,90.8,3,6.9,9,11,2.0,아파트,북,0,1,0,1,2023,9,10890,119.93392070484582,30.266666666666666,0.8181818181818182,역세권,준신축,2
setagaya,世田谷区,56.2,2,18.5,12,13,6.1,아파트,북동,1,0,1,0,2022,10,7070,125.80071174377224,28.1,0.9230769230769231,도보권,중고,4
taito,台東区,87.6,5,13.8,1,11,15.5,아파트,남동,0,0,0,0,2022,4,6230,71.11872146118722,17.52,0.09090909090909091,원거리,준신축,0
nerima,練馬区,37.4,1,29.8,11,18,8.4,아파트,북동,0,1,1,0,2021,2,1850,49.46524064171123,37.4,0.6111111111111112,버스권,중고,3
shinagawa,品川区,20.0,1,33.2,8,8,15.7,아파트,북서,0,1,0,1,2024,4,1510,75.5,20.0,1.0,원거리,노후,2
nerima,練馬区,60.3,2,1.1,8,15,7.4,맨션,북동,1,1,1,0,2022,1,5760,95.5223880597015,30.15,0.5333333333333333,버스권,신축,5
minato,港区,93.5,4,40.9,5,18,10.6,아파트,남,1,1,1,0,2024,11,12370,132.29946524064172,23.375,0.2777777777777778,버스권,노후,5
shibuya,渋谷区,52.9,2,13.8,11,15,12.6,빌라,남서,0,1,1,0,2025,10,8070,152.55198487712667,26.45,0.7333333333333333,버스권,준신축,3
bunkyo,文京区,25.4,1,4.9,6,7,18.8,아파트,남,0,1,0,0,2022,12,2660,104.7244094488189,25.4,0.8571428571428571,원거리,신축,1
meguro,目黒区,62.1,3,6.7,12,13,1.0,아파트,서,1,0,0,0,2022,2,12390,199.5169082125604,20.7,0.9230769230769231,역세권,준신축,2
meguro,目黒区,59.3,2,15.3,10,18,13.1,아파트,동,1,1,1,0,2024,4,9700,163.57504215851603,29.65,0.5555555555555556,버스권,중고,5
katsushika,葛飾区,101.5,5,6.2,9,13,12.1,타워맨션,북,0,1,0,0,2023,7,7870,77.53694581280789,20.3,0.6923076923076923,버스권,준신축,1
kita,北区,100.3,5,22.1,2,13,4.7,맨션,북서,1,0,1,0,2021,7,7340,73.18045862412762,20.06,0.15384615384615385,도보권,중고,4
suginami,杉並区,94.6,4,34.7,13,13,18.4,아파트,북,1,1,1,1,2022,3,5040,53.276955602537,23.65,1.0,원거리,노후,6
kita,北区,122.5,6,19.8,8,10,2.5,타워맨션,남,0,1,0,0,2024,12,13550,110.61224489795919,20.416666666666668,0.8,역세권,중고,1
shinagawa,品川区,60.8,2,11.5,2,4,3.2,아파트,남,1,1,1,0,2024,12,10550,173.51973684210526,30.4,0.5,도보권,준신축,5
shinagawa,品川区,97.0,4,15.8,10,18,1.2,타워맨션,남,0,1,1,0,2025,7,20290,209.17525773195877,24.25,0.5555555555555556,역세권,중고,3
chiyoda,千代田区,102.3,4,19.6,13,18,14.2,아파트,남서,0,1,1,0,2023,10,17580,171.8475073313783,25.575,0.7222222222222222,버스권,중고,3
shinjuku,新宿区,67.7,3,6.1,2,2,5.2,빌라,남동,0,1,0,0,2023,8,8330,123.04283604135892,22.566666666666666,1.0,도보권,준신축,1
arakawa,荒川区,88.1,4,7.7,9,17,7.2,아파트,남,0,1,0,0,2022,7,5440,61.74801362088536,22.025,0.5294117647058824,버스권,준신축,1
kita,北区,119.4,6,21.4,2,8,1.0,맨션,동,0,1,0,0,2023,6,7850,65.74539363484087,19.900000000000002,0.25,역세권,중고,1
ota,大田区,20.0,1,24.7,11,13,1.0,아파트,남서,1,1,1,0,2022,10,1500,75.0,20.0,0.8461538461538461,역세권,중고,5
shinagawa,品川区,26.3,1,0.6,8,8,4.4,타워맨션,북동,0,1,0,0,2022,9,5890,223.95437262357413,26.3,1.0,도보권,신축,1
nerima,練馬区,84.4,5,1.4,1,15,1.0,타워맨션,북동,0,0,1,1,2024,8,11130,131.87203791469193,16.880000000000003,0.06666666666666667,역세권,신축,3
chuo,中央区,48.2,2,4.2,2,18,1.0,맨션,북동,0,1,1,0,2023,11,13440,278.8381742738589,24.1,0.1111111111111111,역세권,신축,3
minato,港区,69.5,3,13.2,4,7,2.3,아파트,북동,0,0,1,0,2024,6,19250,276.978417266187,23.166666666666668,0.5714285714285714,역세권,준신축,2
sumida,墨田区,66.2,4,10.2,8,16,8.9,맨션,남,0,0,0,0,2021,5,5650,85.34743202416918,16.55,0.5,버스권,준신축,0
shinjuku,新宿区,24.2,1,0.1,13,15,10.0,아파트,남,0,0,0,0,2025,6,4510,186.36363636363637,24.2,0.8666666666666667,버스권,신축,0
taito,台東区,91.3,5,33.5,5,18,3.8,아파트,남동,0,1,1,0,2021,2,6480,70.97480832420592,18.259999999999998,0.2777777777777778,도보권,노후,3
meguro,目黒区,48.3,2,4.4,8,15,4.9,맨션,동,0,1,1,0,2022,8,8170,169.15113871635612,24.15,0.5333333333333333,도보권,신축,3
katsushika,葛飾区,103.4,5,0.7,7,18,10.8,맨션,남서,1,0,1,0,2025,11,7880,76.20889748549322,20.68,0.3888888888888889,버스권,신축,4
bunkyo,文京区,66.0,2,2.3,13,19,15.6,타워맨션,북,0,1,0,1,2023,6,10910,165.3030303030303,33.0,0.6842105263157895,원거리,신축,2
suginami,杉並区,47.4,2,30.7,1,16,1.8,맨션,북서,0,1,1,0,2025,2,4130,87.13080168776372,23.7,0.0625,역세권,노후,3
toshima,豊島区,56.8,2,11.5,10,16,24.0,아파트,북동,0,1,1,0,2025,2,5610,98.76760563380282,28.4,0.625,원거리,준신축,3
setagaya,世田谷区,54.1,2,40.8,6,12,8.0,맨션,남동,1,1,0,0,2025,1,4500,83.1792975970425,27.05,0.5,버스권,노후,3
chiyoda,千代田区,27.6,1,31.7,7,15,3.2,맨션,남,1,1,0,1,2021,6,4860,176.08695652173913,27.6,0.4666666666666667,도보권,노후,4
ota,大田区,89.6,4,4.1,1,1,5.0,아파트,남동,0,1,1,0,2021,7,6810,76.00446428571429,22.4,1.0,도보권,신축,3
edogawa,江戸川区,73.0,3,50.0,14,15,2.2,빌라,동,0,1,1,0,2021,8,2210,30.273972602739725,24.333333333333332,0.9333333333333333,역세권,노후,3
adachi,足立区,79.4,4,4.8,13,14,1.0,아파트,동,0,1,0,0,2022,3,4930,62.09068010075566,19.85,0.9285714285714286,역세권,신축,1
nerima,練馬区,84.7,4,6.4,13,19,23.1,아파트,남서,0,1,1,0,2021,10,6090,71.90082644628099,21.175,0.6842105263157895,원거리,준신축,3
sumida,墨田区,38.2,1,4.8,7,17,4.7,아파트,서,1,0,0,0,2023,1,3320,86.9109947643979,38.2,0.4117647058823529,도보권,신축,2
arakawa,荒川区,82.9,3,1.0,11,11,13.7,타워맨션,서,0,0,0,0,2025,2,9630,116.16405307599517,27.633333333333336,1.0,버스권,신축,0
minato,港区,51.4,2,8.3,12,19,1.0,아파트,동,0,1,1,0,2022,9,13970,271.78988326848247,25.7,0.631578947368421,역세권,준신축,3
itabashi,板橋区,58.5,3,1.4,6,15,1.3,맨션,남서,0,1,1,0,2023,5,5490,93.84615384615384,19.5,0.4,역세권,신축,3
kita,北区,92.3,4,36.7,1,6,1.0,아파트,북서,0,1,0,0,2021,10,3490,37.811484290357534,23.075,0.16666666666666666,역세권,노후,1
koto,江東区,72.9,4,15.2,13,15,6.5,아파트,남,1,1,0,1,2021,1,6960,95.47325102880657,18.225,0.8666666666666667,도보권,중고,4
nakano,中野区,60.1,3,9.9,11,13,8.5,아파트,남동,0,1,0,0,2021,3,5720,95.17470881863561,20.033333333333335,0.8461538461538461,버스권,준신축,1
arakawa,荒川区,50.1,1,19.5,13,18,8.7,아파트,서,0,0,1,0,2025,4,3390,67.66467065868264,50.1,0.7222222222222222,버스권,중고,2
nerima,練馬区,71.9,3,7.5,14,19,21.3,아파트,서,0,1,1,0,2024,7,5030,69.95827538247565,23.96666666666667,0.7368421052631579,원거리,준신축,3
sumida,墨田区,82.2,4,29.6,5,18,8.6,맨션,북서,1,0,1,0,2024,2,5510,67.0316301703163,20.55,0.2777777777777778,버스권,중고,4
minato,港区,29.6,1,4.3,9,16,2.8,맨션,북동,0,0,1,0,2021,3,8430,284.7972972972973,29.6,0.5625,역세권,신축,2
shibuya,渋谷区,53.9,1,12.1,1,6,8.8,맨션,남,0,1,0,1,2024,10,9860,182.9313543599258,53.9,0.16666666666666666,버스권,준신축,2
minato,港区,20.0,1,46.9,13,14,1.9,아파트,남동,0,1,1,0,2025,5,4050,202.5,20.0,0.9285714285714286,역세권,노후,3
chiyoda,千代田区,35.3,1,1.7,6,19,7.6,타워맨션,남동,1,1,1,0,2023,1,11420,323.51274787535414,35.3,0.3157894736842105,버스권,신축,5
nerima,練馬区,112.2,6,7.9,10,18,1.5,아파트,동,0,1,1,0,2022,8,9560,85.20499108734403,18.7,0.5555555555555556,역세권,준신축,3
toshima,豊島区,61.6,3,28.8,12,15,2.9,타워맨션,남,0,1,1,0,2022,10,8720,141.55844155844156,20.533333333333335,0.8,역세권,중고,3
suginami,杉並区,57.0,3,15.5,10,14,4.8,아파트,동,0,1,0,1,2022,3,5040,88.42105263157895,19.0,0.7142857142857143,도보권,중고,2
arakawa,荒川区,64.5,2,9.5,9,18,3.4,맨션,서,0,0,1,0,2023,4,5960,92.40310077519379,32.25,0.5,도보권,준신축,2
toshima,豊島区,132.7,6,4.7,5,11,16.4,맨션,남동,0,1,0,0,2022,9,12640,95.25244913338358,22.116666666666664,0.45454545454545453,원거리,신축,1
edogawa,江戸川区,70.8,3,6.8,7,14,8.1,맨션,동,0,1,0,0,2022,1,5140,72.59887005649718,23.599999999999998,0.5,버스권,준신축,1
minato,港区,61.7,3,20.9,13,18,4.5,빌라,남,0,1,0,0,2025,5,12670,205.3484602917342,20.566666666666666,0.7222222222222222,도보권,중고,1
chiyoda,千代田区,61.4,2,7.7,10,15,15.3,아파트,남,0,1,0,0,2021,10,9380,152.76872964169382,30.7,0.6666666666666666,원거리,준신축,1
minato,港区,63.0,3,6.6,14,14,1.0,아파트,북동,0,1,1,1,2022,3,19790,314.12698412698415,21.0,1.0,역세권,준신축,4
chuo,中央区,27.2,1,4.3,6,18,2.8,아파트,서,0,1,0,0,2024,11,5810,213.60294117647058,27.2,0.3333333333333333,역세권,신축,1
itabashi,板橋区,77.3,3,1.1,6,15,1.7,맨션,남서,0,1,0,0,2021,10,6670,86.28719275549807,25.766666666666666,0.4,역세권,신축,1
shibuya,渋谷区,59.5,3,12.7,8,13,8.3,타워맨션,동,1,1,1,0,2022,9,15010,252.2689075630252,19.833333333333332,0.6153846153846154,버스권,준신축,5
taito,台東区,63.8,3,14.9,1,5,1.1,맨션,서,1,0,1,0,2023,2,7830,122.72727272727273,21.266666666666666,0.2,역세권,준신축,4
setagaya,世田谷区,61.7,3,38.1,14,15,1.3,맨션,남동,1,1,0,0,2024,11,6600,106.96920583468395,20.566666666666666,0.9333333333333333,역세권,노후,3
chuo,中央区,20.0,1,12.3,5,8,2.5,아파트,남서,0,1,1,0,2021,10,4300,215.0,20.0,0.625,역세권,준신축,3
chiyoda,千代田区,88.6,3,6.8,4,4,11.3,아파트,북동,0,1,0,0,2023,1,16730,188.82618510158014,29.53333333333333,1.0,버스권,준신축,1
chiyoda,千代田区,80.1,3,4.4,1,1,12.3,맨션,남,0,1,0,0,2025,1,15420,192.50936329588015,26.7,1.0,버스권,신축,1
chuo,中央区,59.6,3,2.5,10,17,10.8,맨션,동,0,0,1,0,2021,4,11630,195.13422818791946,19.866666666666667,0.5882352941176471,버스권,신축,2
meguro,目黒区,60.1,2,27.6,5,18,7.1,아파트,남,0,1,0,0,2022,3,6830,113.64392678868552,30.05,0.2777777777777778,버스권,중고,1
katsushika,葛飾区,42.1,2,2.3,14,18,7.3,아파트,남동,0,1,1,0,2022,6,3210,76.24703087885986,21.05,0.7777777777777778,버스권,신축,3
nakano,中野区,71.3,3,20.3,12,13,7.3,아파트,남,0,1,1,0,2024,11,6130,85.97475455820476,23.766666666666666,0.9230769230769231,버스권,중고,3
shibuya,渋谷区,42.5,2,2.2,9,18,4.9,아파트,남,1,0,0,0,2024,7,9970,234.58823529411765,21.25,0.5,도보권,신축,2
toshima,豊島区,88.0,3,11.6,2,3,2.2,아파트,남서,0,1,1,0,2021,7,10720,121.81818181818181,29.333333333333332,0.6666666666666666,역세권,준신축,3
koto,江東区,26.2,1,21.6,4,17,8.4,아파트,남,0,1,0,0,2023,10,1790,68.3206106870229,26.2,0.23529411764705882,버스권,중고,1
minato,港区,74.2,4,3.0,9,12,1.5,아파트,남,1,1,1,0,2025,5,26540,357.68194070080864,18.55,0.75,역세권,신축,5
toshima,豊島区,48.8,2,43.0,2,10,1.2,타워맨션,서,0,1,1,0,2025,8,4950,101.4344262295082,24.4,0.2,역세권,노후,3
shinagawa,品川区,51.8,2,8.9,12,15,4.8,빌라,서,1,1,0,0,2023,11,5510,106.37065637065638,25.9,0.8,도보권,준신축,3
suginami,杉並区,64.9,3,3.7,11,13,14.0,아파트,남동,1,1,0,1,2021,7,8070,124.34514637904468,21.633333333333336,0.8461538461538461,버스권,신축,4
suginami,杉並区,97.6,4,21.1,6,18,15.8,아파트,북,0,1,0,1,2022,1,5980,61.270491803278695,24.4,0.3333333333333333,원거리,중고,2
shibuya,渋谷区,44.9,2,4.1,12,16,8.9,맨션,남동,1,1,0,0,2025,8,10740,239.19821826280625,22.45,0.75,버스권,신축,3
minato,港区,75.3,3,56.9,13,14,22.0,맨션,남,0,1,1,0,2025,6,9350,124.16998671978752,25.099999999999998,0.9285714285714286,원거리,노후,3
taito,台東区,57.3,2,0.7,10,11,3.9,맨션,남,0,0,1,1,2025,9,8420,146.94589877835952,28.65,0.9090909090909091,도보권,신축,3
nerima,練馬区,95.2,4,1.6,4,19,2.2,맨션,남,0,1,1,0,2023,11,9780,102.73109243697479,23.8,0.21052631578947367,역세권,신축,3
chuo,中央区,82.3,3,26.7,6,18,12.3,아파트,동,0,1,0,0,2021,4,8800,106.92588092345079,27.433333333333334,0.3333333333333333,버스권,중고,1
chiyoda,千代田区,72.7,3,12.1,4,19,2.8,맨션,남동,0,0,1,0,2021,9,18370,252.68225584594222,24.233333333333334,0.21052631578947367,역세권,준신축,2
shibuya,渋谷区,29.1,1,3.5,7,13,16.8,맨션,남,1,1,0,0,2024,8,5880,202.06185567010309,29.1,0.5384615384615384,원거리,신축,3
meguro,目黒区,38.0,2,2.4,4,9,8.7,아파트,남,0,1,0,0,2025,4,5940,156.31578947368422,19.0,0.4444444444444444,버스권,신축,1
chiyoda,千代田区,20.0,1,22.1,9,18,5.6,타워맨션,서,1,0,0,0,2024,4,6000,300.0,20.0,0.5,도보권,중고,2
chiyoda,千代田区,80.6,4,22.8,14,17,1.0,맨션,남서,0,1,0,0,2023,10,18040,223.82133995037222,20.15,0.8235294117647058,역세권,중고,1
arakawa,荒川区,67.8,3,52.4,5,5,13.2,아파트,남,1,1,1,0,2024,8,3430,50.58997050147493,22.599999999999998,1.0,버스권,노후,5
shinagawa,品川区,67.2,3,16.1,2,5,4.0,아파트,북동,1,1,1,0,2022,8,8310,123.66071428571428,22.400000000000002,0.4,도보권,중고,5
suginami,杉並区,105.0,5,50.8,4,13,7.0,아파트,북서,0,1,0,0,2023,2,6210,59.142857142857146,21.0,0.3076923076923077,도보권,노후,1
setagaya,世田谷区,96.9,5,24.7,14,16,5.7,맨션,서,1,1,0,0,2023,11,10280,106.08875128998967,19.380000000000003,0.875,도보권,중고,3
setagaya,世田谷区,99.2,5,12.3,10,19,11.9,아파트,남,0,1,1,0,2025,5,11700,117.94354838709677,19.84,0.5263157894736842,버스권,준신축,3
toshima,豊島区,84.4,3,11.6,12,16,15.0,빌라,남서,0,1,0,0,2024,1,7540,89.33649289099526,28.133333333333336,0.75,버스권,준신축,1
nakano,中野区,62.2,3,8.7,8,15,12.6,맨션,남서,0,1,0,0,2021,4,6730,108.19935691318328,20.733333333333334,0.5333333333333333,버스권,준신축,1
suginami,杉並区,85.2,4,1.6,7,15,8.2,아파트,북동,0,0,1,0,2024,6,9460,111.03286384976525,21.3,0.4666666666666667,버스권,신축,2
suginami,杉並区,64.9,3,6.4,11,19,1.0,아파트,남동,0,1,1,0,2023,3,9040,139.29121725731895,21.633333333333336,0.5789473684210527,역세권,준신축,3
bunkyo,文京区,68.0,3,7.9,10,19,6.9,타워맨션,동,0,0,0,0,2023,3,11930,175.44117647058823,22.666666666666668,0.5263157894736842,도보권,준신축,0
minato,港区,79.2,3,8.3,4,5,5.5,타워맨션,남동,0,0,0,1,2021,3,22150,279.67171717171715,26.400000000000002,0.8,도보권,준신축,1
shibuya,渋谷区,58.0,2,4.5,5,5,1.4,아파트,남동,0,0,0,0,2025,5,13240,228.27586206896552,29.0,1.0,역세권,신축,0
ota,大田区,72.1,3,1.2,7,9,5.3,타워맨션,남서,0,0,1,0,2025,10,10110,140.2219140083218,24.03333333333333,0.7777777777777778,도보권,신축,2
meguro,目黒区,51.6,2,1.5,9,17,3.3,빌라,북서,0,1,0,0,2021,3,7660,148.44961240310076,25.8,0.5294117647058824,도보권,신축,1
edogawa,江戸川区,90.1,4,25.8,9,17,5.6,맨션,북서,1,1,0,0,2022,2,5060,56.15982241953385,22.525,0.5294117647058824,도보권,중고,3
meguro,目黒区,102.2,5,5.5,9,16,8.3,맨션,서,0,1,0,0,2021,10,19040,186.3013698630137,20.44,0.5625,버스권,준신축,1
setagaya,世田谷区,20.9,1,29.9,10,18,12.5,맨션,서,0,1,0,1,2023,7,1680,80.38277511961724,20.9,0.5555555555555556,버스권,중고,2
bunkyo,文京区,20.0,1,0.7,12,15,5.8,타워맨션,동,1,0,0,0,2022,6,3560,178.0,20.0,0.8,도보권,신축,2
chiyoda,千代田区,30.2,1,19.8,6,16,3.0,아파트,남,0,1,1,0,2020,12,5770,191.05960264900662,30.2,0.375,역세권,중고,3
shibuya,渋谷区,77.2,4,15.8,7,18,1.0,맨션,남서,1,1,1,1,2021,1,18010,233.2901554404145,19.3,0.3888888888888889,역세권,중고,6
edogawa,江戸川区,63.5,2,2.1,12,14,3.7,타워맨션,북,0,0,0,0,2022,6,4710,74.1732283464567,31.75,0.8571428571428571,도보권,신축,0
nerima,練馬区,70.2,4,5.5,4,18,6.4,빌라,북,0,1,1,0,2021,4,5150,73.36182336182335,17.55,0.2222222222222222,도보권,준신축,3
bunkyo,文京区,99.1,5,6.0,10,11,7.3,타워맨션,북,0,1,0,0,2025,4,15260,153.98587285570133,19.82,0.9090909090909091,버스권,준신축,1
shinjuku,新宿区,63.2,3,4.5,14,15,1.0,아파트,남서,1,1,0,1,2022,6,13110,207.4367088607595,21.066666666666666,0.9333333333333333,역세권,신축,4
nerima,練馬区,97.7,5,13.2,13,17,4.5,아파트,남,0,0,0,0,2024,1,7330,75.02558853633572,19.54,0.7647058823529411,도보권,준신축,0
shinjuku,新宿区,95.2,4,60.0,6,7,1.0,아파트,남동,0,1,1,0,2021,11,8530,89.60084033613445,23.8,0.8571428571428571,역세권,노후,3
shibuya,渋谷区,40.3,1,20.5,5,6,4.2,맨션,서,0,1,0,0,2024,3,6180,153.3498759305211,40.3,0.8333333333333334,도보권,중고,1
katsushika,葛飾区,66.1,3,20.8,2,9,1.8,아파트,서,0,1,0,1,2023,2,3000,45.38577912254161,22.03333333333333,0.2222222222222222,역세권,중고,2
koto,江東区,52.0,3,32.4,1,1,3.5,맨션,서,0,1,0,0,2023,5,3740,71.92307692307692,17.333333333333332,1.0,도보권,노후,1
ota,大田区,20.0,1,29.2,12,15,3.5,아파트,남,0,1,1,1,2020,12,1340,67.0,20.0,0.8,도보권,중고,4
shinjuku,新宿区,52.2,1,0.8,2,18,6.3,맨션,남,0,1,0,1,2021,10,9510,182.183908045977,52.2,0.1111111111111111,도보권,신축,2
setagaya,世田谷区,51.6,2,19.4,4,8,7.6,빌라,남동,1,1,1,0,2021,2,4640,89.92248062015504,25.8,0.5,버스권,중고,5
edogawa,江戸川区,92.4,4,21.4,9,16,8.2,아파트,북서,0,0,1,0,2023,10,4440,48.05194805194805,23.1,0.5625,버스권,중고,2
kita,北区,119.3,5,14.8,6,6,16.7,아파트,남,0,1,0,0,2025,2,8770,73.51215423302598,23.86,1.0,원거리,준신축,1
nakano,中野区,102.3,4,5.0,10,14,8.0,타워맨션,북서,0,0,1,0,2021,3,13220,129.227761485826,25.575,0.7142857142857143,버스권,신축,2
chuo,中央区,55.0,2,8.5,4,13,10.7,맨션,서,0,1,1,0,2023,10,10100,183.63636363636363,27.5,0.3076923076923077,버스권,준신축,3
taito,台東区,90.4,4,7.6,9,10,2.8,타워맨션,동,1,1,0,0,2024,12,14410,159.40265486725662,22.6,0.9,역세권,준신축,3
setagaya,世田谷区,78.2,4,4.4,3,17,6.6,아파트,동,0,1,1,0,2025,6,8850,113.17135549872123,19.55,0.17647058823529413,도보권,신축,3
shibuya,渋谷区,101.8,5,15.5,1,12,6.8,빌라,남서,0,0,1,0,2022,12,16870,165.71709233791748,20.36,0.08333333333333333,도보권,중고,2
kita,北区,67.7,4,5.2,3,16,2.3,맨션,북동,0,0,0,0,2021,4,5830,86.11521418020679,16.925,0.1875,역세권,준신축,0
ota,大田区,73.4,3,3.4,9,14,1.0,맨션,서,0,0,0,0,2022,9,7250,98.77384196185285,24.46666666666667,0.6428571428571429,역세권,신축,0
bunkyo,文京区,35.3,1,45.5,7,15,8.3,맨션,서,0,1,1,1,2022,1,2890,81.86968838526913,35.3,0.4666666666666667,버스권,노후,4
minato,港区,47.2,1,6.0,12,14,5.4,아파트,남서,1,1,0,0,2021,12,12250,259.53389830508473,47.2,0.8571428571428571,도보권,준신축,3
meguro,目黒区,64.6,2,1.2,5,18,2.1,아파트,북동,0,0,0,0,2024,3,12340,191.0216718266254,32.3,0.2777777777777778,역세권,신축,0
sumida,墨田区,88.3,4,29.8,5,7,5.7,타워맨션,북동,0,1,1,0,2022,12,8120,91.95922989807475,22.075,0.7142857142857143,도보권,중고,3
edogawa,江戸川区,96.1,5,37.1,10,10,1.5,맨션,북동,1,1,0,0,2024,5,4170,43.39229968782519,19.22,1.0,역세권,노후,3
arakawa,荒川区,80.7,4,8.1,14,15,17.9,아파트,남,1,1,1,0,2023,10,6200,76.82775712515489,20.175,0.9333333333333333,원거리,준신축,5
chiyoda,千代田区,81.2,4,0.3,9,14,1.0,아파트,북동,1,0,1,1,2024,5,22180,273.1527093596059,20.3,0.6428571428571429,역세권,신축,5
ota,大田区,54.9,2,7.3,11,12,3.2,빌라,남,1,1,1,0,2025,4,5030,91.62112932604737,27.45,0.9166666666666666,도보권,준신축,5
setagaya,世田谷区,57.7,2,2.9,12,15,3.4,아파트,서,0,1,1,0,2023,2,7160,124.09012131715771,28.85,0.8,도보권,신축,3
adachi,足立区,20.0,1,11.2,6,15,7.5,아파트,동,1,1,1,0,2021,1,1120,56.0,20.0,0.4,버스권,준신축,5
suginami,杉並区,95.9,5,25.7,10,11,7.3,타워맨션,남서,0,1,1,1,2025,1,12550,130.86548488008341,19.18,0.9090909090909091,버스권,중고,4
katsushika,葛飾区,84.7,4,1.9,13,18,6.2,빌라,북서,0,0,1,0,2021,5,4810,56.78866587957497,21.175,0.7222222222222222,도보권,신축,2
adachi,足立区,62.0,3,39.4,1,6,14.6,타워맨션,남,0,0,0,0,2024,4,2550,41.12903225806452,20.666666666666668,0.16666666666666666,버스권,노후,0
bunkyo,文京区,92.2,4,5.7,1,10,15.0,맨션,남서,0,1,0,1,2022,12,11730,127.2234273318872,23.05,0.1,버스권,준신축,2
shinagawa,品川区,51.1,3,11.7,10,16,5.4,아파트,북서,0,0,0,0,2022,1,7190,140.7045009784736,17.033333333333335,0.625,도보권,준신축,0
chuo,中央区,47.9,3,16.0,8,16,1.5,맨션,남,0,0,1,0,2024,11,10730,224.00835073068893,15.966666666666667,0.5,역세권,중고,2
chuo,中央区,101.3,4,4.0,13,17,19.4,맨션,남,0,1,0,0,2022,12,18250,180.15794669299112,25.325,0.7647058823529411,원거리,신축,1
bunkyo,文京区,57.2,4,11.3,2,8,2.0,빌라,남동,0,1,1,0,2023,9,6360,111.18881118881119,14.3,0.25,역세권,준신축,3
nerima,練馬区,56.6,2,28.8,13,19,1.0,아파트,남,0,1,1,0,2020,12,3720,65.7243816254417,28.3,0.6842105263157895,역세권,중고,3
nakano,中野区,20.0,1,21.6,7,19,5.8,타워맨션,북서,0,0,0,0,2022,4,1810,90.5,20.0,0.3684210526315789,도보권,중고,0
nakano,中野区,86.5,4,24.9,12,14,1.6,타워맨션,남서,0,1,1,0,2021,3,13050,150.86705202312137,21.625,0.8571428571428571,역세권,중고,3
suginami,杉並区,67.6,3,25.2,13,13,1.0,빌라,동,1,1,0,0,2025,8,6970,103.10650887573965,22.53333333333333,1.0,역세권,중고,3
toshima,豊島区,67.2,3,4.0,11,11,12.5,아파트,남동,0,1,1,0,2024,6,8300,123.51190476190476,22.400000000000002,1.0,버스권,신축,3
chuo,中央区,112.9,6,1.7,13,14,8.3,아파트,서,1,1,0,1,2021,8,22740,201.41718334809565,18.816666666666666,0.9285714285714286,버스권,신축,4
itabashi,板橋区,60.7,3,22.5,6,15,3.9,아파트,남서,0,0,1,0,2025,6,3910,64.4151565074135,20.233333333333334,0.4,도보권,중고,2
shinjuku,新宿区,56.5,3,4.3,5,13,12.5,아파트,북동,1,1,0,0,2025,2,7840,138.76106194690266,18.833333333333332,0.38461538461538464,버스권,신축,3
adachi,足立区,72.5,2,7.9,5,17,1.0,아파트,남,0,1,0,1,2025,3,4300,59.310344827586206,36.25,0.29411764705882354,역세권,준신축,2
shibuya,渋谷区,83.8,3,4.6,2,6,4.1,아파트,남동,1,1,1,0,2022,12,18350,218.97374701670645,27.933333333333334,0.3333333333333333,도보권,신축,5
chiyoda,千代田区,69.6,3,28.0,13,13,6.7,맨션,남,1,1,0,0,2025,5,17320,248.8505747126437,23.2,1.0,도보권,중고,3
bunkyo,文京区,102.5,6,6.7,9,14,10.3,타워맨션,동,0,0,0,0,2022,8,16970,165.5609756097561,17.083333333333332,0.6428571428571429,버스권,준신축,0
chiyoda,千代田区,80.2,3,12.3,5,5,2.4,맨션,북동,0,0,0,0,2025,11,17320,215.96009975062344,26.733333333333334,1.0,역세권,준신축,0
katsushika,葛飾区,34.0,1,21.7,14,14,5.2,아파트,남동,0,1,0,0,2021,7,1590,46.76470588235294,34.0,1.0,도보권,중고,1
taito,台東区,25.3,1,26.8,8,19,5.8,맨션,북서,0,1,1,0,2023,8,2250,88.93280632411067,25.3,0.42105263157894735,도보권,중고,3
minato,港区,90.6,4,25.1,8,15,18.2,맨션,북서,1,1,1,0,2021,1,11890,131.23620309050773,22.65,0.5333333333333333,원거리,중고,5
shinagawa,品川区,105.2,4,3.7,6,9,3.7,빌라,남,1,1,0,0,2025,9,16070,152.75665399239543,26.3,0.6666666666666666,도보권,신축,3
toshima,豊島区,34.4,1,2.3,7,12,5.0,아파트,북,0,0,0,1,2024,8,3670,106.68604651162791,34.4,0.5833333333333334,도보권,신축,1
ota,大田区,29.7,2,0.1,4,19,13.3,아파트,동,0,1,1,0,2022,1,2690,90.57239057239057,14.85,0.21052631578947367,버스권,신축,3
adachi,足立区,117.0,6,39.2,6,6,1.0,타워맨션,북서,0,1,1,0,2023,1,5530,47.26495726495727,19.5,1.0,역세권,노후,3
shinjuku,新宿区,84.3,5,16.9,13,15,4.9,맨션,남,0,1,1,1,2021,2,13500,160.1423487544484,16.86,0.8666666666666667,도보권,중고,4
arakawa,荒川区,59.6,2,8.2,9,12,9.2,아파트,남서,1,1,0,0,2025,2,4270,71.64429530201342,29.8,0.75,버스권,준신축,3
suginami,杉並区,62.5,3,8.4,9,19,2.8,아파트,북서,1,1,1,1,2024,8,7450,119.2,20.833333333333332,0.47368421052631576,역세권,준신축,6
ota,大田区,115.5,6,3.1,5,18,1.9,아파트,서,0,1,1,1,2025,6,11350,98.26839826839827,19.25,0.2777777777777778,역세권,신축,4
nakano,中野区,63.6,2,4.4,14,17,1.0,아파트,북서,0,1,1,0,2021,12,7410,116.50943396226415,31.8,0.8235294117647058,역세권,신축,3
itabashi,板橋区,67.8,3,2.5,5,18,1.4,맨션,남서,1,1,0,0,2022,7,6100,89.97050147492625,22.599999999999998,0.2777777777777778,역세권,신축,3
itabashi,板橋区,72.6,2,3.6,13,13,3.1,빌라,북동,0,1,1,0,2023,1,5370,73.96694214876034,36.3,1.0,도보권,신축,3
taito,台東区,91.2,4,10.4,1,1,6.0,아파트,남동,0,1,0,0,2022,10,9620,105.48245614035088,22.8,1.0,도보권,준신축,1
nerima,練馬区,66.4,3,34.1,14,19,12.5,아파트,서,0,0,1,1,2024,10,3540,53.313253012048186,22.133333333333336,0.7368421052631579,버스권,노후,3
shibuya,渋谷区,68.0,3,9.0,8,9,6.9,빌라,북,1,1,0,0,2024,10,12920,190.0,22.666666666666668,0.8888888888888888,도보권,준신축,3
meguro,目黒区,31.8,1,5.3,13,14,5.9,아파트,남서,0,1,1,0,2024,3,5660,177.98742138364778,31.8,0.9285714285714286,도보권,준신축,3
shibuya,渋谷区,44.5,3,32.7,8,19,2.2,맨션,남,0,1,0,0,2022,4,8190,184.04494382022472,14.833333333333334,0.42105263157894735,역세권,노후,1
kita,北区,31.0,1,20.3,7,13,1.0,아파트,북동,0,1,1,0,2022,1,2200,70.96774193548387,31.0,0.5384615384615384,역세권,중고,3
arakawa,荒川区,73.0,3,3.5,8,8,10.6,아파트,남동,0,1,0,1,2021,8,5660,77.53424657534246,24.333333333333332,1.0,버스권,신축,2
chiyoda,千代田区,20.0,1,60.0,2,9,1.0,맨션,남,1,1,1,0,2021,2,3300,165.0,20.0,0.2222222222222222,역세권,노후,5
chuo,中央区,20.0,1,11.7,1,6,1.0,아파트,북서,0,1,0,0,2025,8,3930,196.5,20.0,0.16666666666666666,역세권,준신축,1
chuo,中央区,41.9,2,5.1,8,12,5.2,맨션,남동,0,1,1,1,2024,1,10060,240.09546539379477,20.95,0.6666666666666666,도보권,준신축,4
chuo,中央区,64.4,3,6.5,1,10,2.6,아파트,남동,0,1,0,0,2021,12,12200,189.44099378881987,21.46666666666667,0.1,역세권,준신축,1
edogawa,江戸川区,88.0,4,9.4,6,7,10.6,맨션,북서,0,1,1,0,2025,9,6150,69.88636363636364,22.0,0.8571428571428571,버스권,준신축,3
chuo,中央区,96.6,4,12.0,7,11,1.0,아파트,남동,1,1,0,0,2022,8,20410,211.28364389233957,24.15,0.6363636363636364,역세권,준신축,3
shibuya,渋谷区,57.2,2,20.7,12,14,1.0,맨션,북,1,1,1,0,2025,10,13300,232.5174825174825,28.6,0.8571428571428571,역세권,중고,5
toshima,豊島区,62.9,3,34.1,12,17,4.1,맨션,남,0,1,0,1,2024,7,5730,91.09697933227345,20.966666666666665,0.7058823529411765,도보권,노후,2
koto,江東区,88.7,5,5.9,1,2,14.9,맨션,남,1,0,0,0,2024,1,10350,116.68545659526494,17.740000000000002,0.5,버스권,준신축,2
shibuya,渋谷区,114.1,5,7.0,9,17,1.0,아파트,남,0,0,0,0,2021,1,25610,224.45223488168276,22.82,0.5294117647058824,역세권,준신축,0
shibuya,渋谷区,42.0,2,1.7,7,18,2.9,빌라,남서,1,0,0,0,2022,5,10150,241.66666666666666,21.0,0.3888888888888889,역세권,신축,2
minato,港区,100.8,5,8.9,7,16,12.0,타워맨션,남서,0,1,0,0,2025,5,31300,310.515873015873,20.16,0.4375,버스권,준신축,1
minato,港区,72.9,4,12.4,1,7,1.0,타워맨션,남서,0,1,0,0,2024,9,27680,379.69821673525377,18.225,0.14285714285714285,역세권,준신축,1
katsushika,葛飾区,26.6,1,0.2,4,17,28.4,아파트,남동,0,1,0,0,2024,3,1430,53.7593984962406,26.6,0.23529411764705882,원거리,신축,1
shinagawa,品川区,45.6,1,0.0,7,8,17.0,빌라,남동,0,0,1,0,2023,4,5080,111.40350877192982,45.6,0.875,원거리,,2
shibuya,渋谷区,57.6,2,2.5,9,9,1.5,맨션,남동,0,1,1,0,2022,9,14250,247.39583333333331,28.8,1.0,역세권,신축,3
minato,港区,44.5,1,19.9,14,17,13.0,맨션,북,0,1,0,0,2024,7,9380,210.7865168539326,44.5,0.8235294117647058,버스권,중고,1
chiyoda,千代田区,70.6,3,16.8,13,14,1.0,빌라,북동,1,1,1,0,2021,9,14370,203.54107648725213,23.53333333333333,0.9285714285714286,역세권,중고,5
koto,江東区,99.2,4,17.3,7,19,9.5,맨션,남,0,1,0,0,2024,8,9980,100.60483870967742,24.8,0.3684210526315789,버스권,중고,1
shibuya,渋谷区,41.4,2,12.9,12,14,1.0,타워맨션,남동,1,1,0,0,2022,11,10840,261.8357487922705,20.7,0.8571428571428571,역세권,준신축,3
chiyoda,千代田区,41.7,2,7.8,3,7,12.9,아파트,남동,1,1,1,0,2021,4,8080,193.76498800959232,20.85,0.42857142857142855,버스권,준신축,5
shibuya,渋谷区,50.1,2,8.8,11,18,7.6,아파트,북동,0,1,1,0,2021,7,7460,148.90219560878242,25.05,0.6111111111111112,버스권,준신축,3
katsushika,葛飾区,44.5,2,16.1,6,12,6.9,맨션,남,0,1,0,0,2021,7,2490,55.95505617977528,22.25,0.5,도보권,중고,1
shibuya,渋谷区,20.4,1,8.5,3,19,8.4,아파트,남서,0,0,0,1,2022,5,3310,162.25490196078434,20.4,0.15789473684210525,버스권,준신축,1
chiyoda,千代田区,90.8,4,3.8,13,15,30.0,맨션,남,0,1,0,1,2021,10,18500,203.7444933920705,22.7,0.8666666666666667,원거리,신축,2
edogawa,江戸川区,81.8,3,18.1,7,8,5.2,타워맨션,동,0,1,0,0,2025,4,6630,81.05134474327629,27.266666666666666,0.875,도보권,중고,1
setagaya,世田谷区,88.6,4,20.7,8,10,2.2,아파트,북서,0,1,0,1,2022,1,9910,111.85101580135441,22.15,0.8,역세권,중고,2
shinjuku,新宿区,20.0,1,20.9,6,6,30.0,아파트,남서,0,0,1,1,2021,3,1900,95.0,20.0,1.0,원거리,중고,3
edogawa,江戸川区,78.6,3,2.8,9,12,4.6,타워맨션,남동,0,1,1,1,2022,2,7810,99.36386768447838,26.2,0.75,도보권,신축,4
koto,江東区,91.7,5,17.6,14,18,8.9,아파트,북동,1,1,1,0,2022,3,8830,96.29225736095965,18.34,0.7777777777777778,버스권,중고,5
chiyoda,千代田区,71.4,4,3.6,1,10,6.2,맨션,북동,0,1,0,0,2024,10,16150,226.19047619047618,17.85,0.1,도보권,신축,1
toshima,豊島区,36.8,1,11.2,12,18,6.1,타워맨션,남서,1,1,0,0,2023,9,5870,159.5108695652174,36.8,0.6666666666666666,도보권,준신축,3
chiyoda,千代田区,74.1,3,8.6,12,17,1.2,맨션,남,0,1,0,0,2022,4,20350,274.6288798920378,24.7,0.7058823529411765,역세권,준신축,1
chiyoda,千代田区,51.6,2,5.4,3,14,10.7,아파트,동,0,1,1,0,2023,1,9960,193.02325581395348,25.8,0.21428571428571427,버스권,준신축,3
minato,港区,70.8,2,6.1,4,6,3.2,아파트,남서,0,1,1,1,2021,8,18480,261.0169491525424,35.4,0.6666666666666666,도보권,준신축,4
suginami,杉並区,85.3,4,3.1,8,19,9.8,맨션,서,0,0,0,1,2023,6,9550,111.957796014068,21.325,0.42105263157894735,버스권,신축,1
shinagawa,品川区,46.5,2,2.4,6,19,1.8,아파트,남서,0,1,1,0,2023,6,8440,181.50537634408602,23.25,0.3157894736842105,역세권,신축,3
chiyoda,千代田区,63.4,3,11.4,13,13,15.0,빌라,남서,1,1,0,0,2023,11,12620,199.05362776025237,21.133333333333333,1.0,버스권,준신축,3
koto,江東区,119.0,6,9.0,3,3,30.0,아파트,북동,0,1,0,0,2020,12,8580,72.10084033613445,19.833333333333332,1.0,원거리,준신축,1
sumida,墨田区,76.3,3,21.3,12,13,8.0,아파트,남,1,1,0,0,2022,12,6500,85.19003931847969,25.433333333333334,0.9230769230769231,버스권,중고,3
suginami,杉並区,53.7,1,7.8,2,11,15.3,아파트,남동,0,0,1,1,2022,2,5030,93.66852886405958,53.7,0.18181818181818182,원거리,준신축,3
taito,台東区,70.4,3,35.8,9,18,19.5,아파트,북동,1,1,1,0,2021,4,4750,67.4715909090909,23.46666666666667,0.5,원거리,노후,5
setagaya,世田谷区,71.9,3,13.5,5,5,2.4,맨션,남,0,1,0,0,2025,6,10510,146.17524339360222,23.96666666666667,1.0,역세권,준신축,1
nerima,練馬区,51.5,2,2.8,4,17,11.6,아파트,북,0,0,0,0,2023,6,3950,76.69902912621359,25.75,0.23529411764705882,버스권,신축,0
bunkyo,文京区,112.1,5,1.7,3,6,3.5,아파트,북동,0,1,0,0,2021,8,15010,133.89830508474577,22.419999999999998,0.5,도보권,신축,1
chiyoda,千代田区,63.9,3,9.6,14,17,4.6,맨션,북서,0,0,1,0,2021,5,12640,197.80907668231612,21.3,0.8235294117647058,도보권,준신축,2
shibuya,渋谷区,69.9,4,53.1,1,16,4.6,아파트,동,0,1,0,0,2024,8,7240,103.57653791130186,17.475,0.0625,도보권,노후,1
chiyoda,千代田区,64.8,3,4.9,12,13,12.5,아파트,서,0,1,1,0,2022,11,15220,234.87654320987656,21.599999999999998,0.9230769230769231,버스권,신축,3
minato,港区,57.1,2,14.9,9,12,3.3,아파트,남,0,1,1,0,2022,3,13380,234.32574430823118,28.55,0.75,도보권,준신축,3
shinagawa,品川区,31.7,1,7.7,6,16,4.9,아파트,남,0,0,1,0,2023,12,5600,176.65615141955837,31.7,0.375,도보권,준신축,2
shibuya,渋谷区,61.8,3,24.6,7,17,4.2,맨션,남동,0,0,1,0,2023,8,10870,175.88996763754045,20.599999999999998,0.4117647058823529,도보권,중고,2
sumida,墨田区,49.2,1,13.2,6,9,7.5,맨션,남서,0,1,1,0,2024,12,4700,95.52845528455283,49.2,0.6666666666666666,버스권,준신축,3
bunkyo,文京区,41.8,2,9.0,4,16,3.3,맨션,남,1,1,0,0,2021,2,5990,143.30143540669857,20.9,0.25,도보권,준신축,3
minato,港区,92.8,4,19.3,5,8,1.0,아파트,남,0,0,0,0,2025,9,20960,225.86206896551724,23.2,0.625,역세권,중고,0
koto,江東区,20.0,1,18.8,4,5,14.4,타워맨션,남,0,1,1,1,2021,5,2280,114.0,20.0,0.8,버스권,중고,4
chuo,中央区,20.0,1,31.7,11,16,9.4,타워맨션,남서,0,0,0,0,2021,9,2670,133.5,20.0,0.6875,버스권,노후,0
chiyoda,千代田区,31.9,1,14.9,13,16,2.9,빌라,동,0,1,0,1,2024,6,7150,224.13793103448276,31.9,0.8125,역세권,준신축,2
chuo,中央区,81.9,4,18.3,13,15,5.7,아파트,서,0,0,0,0,2025,2,13200,161.17216117216117,20.475,0.8666666666666667,도보권,중고,0
toshima,豊島区,54.8,3,11.9,10,10,1.8,아파트,남,0,1,1,0,2024,1,7270,132.66423357664235,18.266666666666666,1.0,역세권,준신축,3
ota,大田区,57.1,3,6.1,10,11,1.7,타워맨션,동,1,0,1,0,2024,11,8690,152.1891418563923,19.033333333333335,0.9090909090909091,역세권,준신축,4
chuo,中央区,56.3,3,12.6,3,13,11.5,타워맨션,동,1,0,1,0,2024,4,12960,230.19538188277087,18.766666666666666,0.23076923076923078,버스권,준신축,4
shibuya,渋谷区,62.4,3,5.8,1,5,4.8,맨션,남,0,1,0,0,2021,8,9980,159.93589743589743,20.8,0.2,도보권,준신축,1
itabashi,板橋区,57.8,3,5.5,9,19,2.4,아파트,동,0,0,0,0,2021,3,3930,67.99307958477509,19.266666666666666,0.47368421052631576,역세권,준신축,0
sumida,墨田区,57.4,2,3.8,10,16,3.6,맨션,북동,0,1,0,1,2021,3,5930,103.31010452961672,28.7,0.625,도보권,신축,2
minato,港区,80.4,4,13.3,8,16,6.7,아파트,남서,0,0,0,0,2023,8,19480,242.28855721393032,20.1,0.5,도보권,준신축,0
bunkyo,文京区,59.2,2,12.0,13,13,5.2,맨션,북,0,1,0,0,2021,5,7180,121.28378378378378,29.6,1.0,도보권,준신축,1
meguro,目黒区,50.1,3,55.7,7,10,2.0,아파트,북동,1,1,1,0,2022,2,5000,99.8003992015968,16.7,0.7,역세권,노후,5
shinagawa,品川区,28.9,1,22.8,9,13,1.6,빌라,남동,0,1,0,0,2025,10,3650,126.29757785467129,28.9,0.6923076923076923,역세권,중고,1
toshima,豊島区,57.1,2,5.6,1,18,10.3,빌라,남,0,1,1,0,2025,6,5510,96.49737302977233,28.55,0.05555555555555555,버스권,준신축,3
minato,港区,21.3,1,29.0,14,16,1.0,맨션,남,1,1,0,1,2023,10,5740,269.4835680751174,21.3,0.875,역세권,중고,4
arakawa,荒川区,89.2,4,16.5,10,14,1.0,빌라,북서,0,1,1,0,2024,5,6040,67.71300448430493,22.3,0.7142857142857143,역세권,중고,3
nakano,中野区,62.4,2,11.1,8,9,2.5,타워맨션,남동,0,1,1,0,2023,3,9410,150.80128205128204,31.2,0.8888888888888888,역세권,준신축,3
koto,江東区,77.1,3,6.6,14,15,10.7,아파트,남,0,0,1,0,2023,7,8310,107.78210116731519,25.7,0.9333333333333333,버스권,준신축,2
chuo,中央区,57.3,3,2.1,13,19,4.9,맨션,서,0,1,1,0,2022,6,12250,213.78708551483422,19.099999999999998,0.6842105263157895,도보권,신축,3
nakano,中野区,26.2,1,4.0,10,11,5.4,아파트,남,1,0,0,0,2022,11,3410,130.1526717557252,26.2,0.9090909090909091,도보권,신축,2
adachi,足立区,87.4,4,3.4,8,8,1.0,맨션,동,0,0,1,1,2022,12,5720,65.44622425629291,21.85,1.0,역세권,신축,3
koto,江東区,69.0,2,6.6,6,8,9.1,맨션,남,0,1,0,0,2025,4,8100,117.3913043478261,34.5,0.75,버스권,준신축,1
koto,江東区,73.9,3,21.1,4,19,25.2,타워맨션,북서,0,0,1,0,2022,2,5960,80.64952638700946,24.633333333333336,0.21052631578947367,원거리,중고,2
adachi,足立区,94.5,4,10.4,12,12,1.2,아파트,동,0,0,0,0,2021,1,4660,49.31216931216931,23.625,1.0,역세권,준신축,0
setagaya,世田谷区,83.7,3,34.9,5,16,1.0,아파트,서,0,1,1,0,2023,4,6770,80.88410991636798,27.900000000000002,0.3125,역세권,노후,3
setagaya,世田谷区,20.0,1,35.9,7,7,1.2,아파트,남서,1,0,1,0,2021,4,1660,83.0,20.0,1.0,역세권,노후,4
shibuya,渋谷区,63.8,3,16.4,4,9,5.8,아파트,남,0,0,0,0,2024,3,10860,170.21943573667713,21.266666666666666,0.4444444444444444,도보권,중고,0
minato,港区,87.0,4,21.3,11,11,2.0,맨션,북서,0,1,1,0,2021,10,18310,210.45977011494253,21.75,1.0,역세권,중고,3
chuo,中央区,70.2,3,4.0,13,14,1.0,아파트,남,1,1,0,0,2025,10,21540,306.8376068376068,23.400000000000002,0.9285714285714286,역세권,신축,3
bunkyo,文京区,54.0,3,16.1,10,11,3.9,맨션,북동,1,0,0,0,2022,2,6310,116.85185185185185,18.0,0.9090909090909091,도보권,중고,2
koto,江東区,44.1,2,12.2,10,14,1.0,아파트,남서,0,0,0,0,2025,1,4020,91.156462585034,22.05,0.7142857142857143,역세권,준신축,0
taito,台東区,57.7,2,7.5,9,19,20.2,빌라,남,0,1,1,0,2022,10,4240,73.48353552859618,28.85,0.47368421052631576,원거리,준신축,3
nerima,練馬区,61.4,3,47.6,14,17,3.6,아파트,남서,0,1,0,0,2024,5,2910,47.39413680781759,20.466666666666665,0.8235294117647058,도보권,노후,1
minato,港区,93.9,4,18.5,11,15,30.0,빌라,남서,0,0,0,0,2025,7,13000,138.4451544195953,23.475,0.7333333333333333,원거리,중고,0
itabashi,板橋区,84.2,4,8.9,8,18,5.3,맨션,동,1,1,1,0,2025,3,7540,89.54869358669833,21.05,0.4444444444444444,도보권,준신축,5
bunkyo,文京区,44.2,1,9.3,10,18,1.0,아파트,북동,0,1,0,1,2023,2,6240,141.17647058823528,44.2,0.5555555555555556,역세권,준신축,2
chiyoda,千代田区,69.5,3,2.9,6,16,2.0,아파트,남서,0,1,0,0,2024,6,16860,242.58992805755395,23.166666666666668,0.375,역세권,신축,1
minato,港区,105.9,5,44.3,1,15,1.5,타워맨션,북동,0,1,1,0,2024,10,19080,180.16997167138808,21.18,0.06666666666666667,역세권,노후,3
shibuya,渋谷区,86.6,5,14.7,7,8,1.7,아파트,북,1,1,0,0,2023,3,17280,199.53810623556583,17.32,0.875,역세권,준신축,3
chuo,中央区,110.2,5,18.4,1,19,2.9,아파트,북서,1,1,0,0,2023,11,21470,194.82758620689654,22.04,0.05263157894736842,역세권,중고,3
bunkyo,文京区,36.0,1,22.2,12,17,11.8,빌라,북동,0,0,0,0,2025,7,3500,97.22222222222223,36.0,0.7058823529411765,버스권,중고,0
taito,台東区,94.0,4,20.1,5,12,5.4,아파트,남서,1,0,0,1,2023,8,9090,96.70212765957447,23.5,0.4166666666666667,도보권,중고,3
shibuya,渋谷区,64.0,2,8.0,9,17,2.1,아파트,남동,0,1,0,0,2021,2,12590,196.71875,32.0,0.5294117647058824,역세권,준신축,1
suginami,杉並区,43.7,2,4.7,1,17,7.0,아파트,남동,0,1,1,0,2023,7,5040,115.33180778032036,21.85,0.058823529411764705,도보권,신축,3
nakano,中野区,95.1,6,15.9,9,17,3.3,맨션,남서,0,0,0,0,2022,10,9100,95.68874868559412,15.85,0.5294117647058824,도보권,중고,0
setagaya,世田谷区,75.5,3,6.5,12,18,7.0,맨션,동,0,1,1,0,2025,5,12820,169.80132450331126,25.166666666666668,0.6666666666666666,도보권,준신축,3
meguro,目黒区,53.2,2,32.2,7,14,1.8,아파트,북동,0,0,1,0,2024,3,6150,115.6015037593985,26.6,0.5,역세권,노후,2
shinagawa,品川区,89.8,4,1.3,8,16,9.5,아파트,남,1,1,0,0,2025,11,15070,167.8173719376392,22.45,0.5,버스권,신축,3
chuo,中央区,86.4,3,21.8,13,19,7.5,맨션,북,0,1,0,0,2021,11,14280,165.27777777777777,28.8,0.6842105263157895,버스권,중고,1
sumida,墨田区,59.3,3,6.2,2,7,1.0,아파트,북,0,1,1,0,2024,9,6060,102.19224283305228,19.766666666666666,0.2857142857142857,역세권,준신축,3
suginami,杉並区,73.1,4,8.9,1,3,3.4,타워맨션,서,0,0,0,0,2023,4,9770,133.65253077975376,18.275,0.3333333333333333,도보권,준신축,0
shinjuku,新宿区,131.4,6,16.0,4,7,6.4,빌라,남서,0,0,1,0,2022,3,17150,130.51750380517504,21.900000000000002,0.5714285714285714,도보권,중고,2
shibuya,渋谷区,68.9,3,6.4,7,8,5.0,아파트,동,0,1,0,0,2021,1,12160,176.4876632801161,22.96666666666667,0.875,도보권,준신축,1
bunkyo,文京区,63.4,4,2.9,11,16,30.0,맨션,북,0,0,0,0,2021,1,6620,104.41640378548897,15.85,0.6875,원거리,신축,0
setagaya,世田谷区,92.9,4,30.1,10,14,9.7,아파트,남,0,0,0,0,2025,11,7380,79.44025834230355,23.225,0.7142857142857143,버스권,노후,0
chiyoda,千代田区,74.7,4,16.3,3,7,4.2,타워맨션,남,0,1,0,0,2024,9,23390,313.11914323962515,18.675,0.42857142857142855,도보권,중고,1
setagaya,世田谷区,85.6,4,18.1,5,6,2.5,빌라,남,1,0,1,0,2024,3,8840,103.27102803738319,21.4,0.8333333333333334,역세권,중고,4
kita,北区,66.0,2,12.1,3,6,12.5,아파트,남,0,1,1,1,2023,10,5410,81.96969696969697,33.0,0.5,버스권,준신축,4
ota,大田区,37.4,2,5.9,11,12,7.0,아파트,남서,0,1,1,0,2021,5,2740,73.2620320855615,18.7,0.9166666666666666,도보권,준신축,3
setagaya,世田谷区,57.1,1,32.7,7,12,9.0,아파트,북동,0,0,1,0,2022,3,4080,71.45359019264448,57.1,0.5833333333333334,버스권,노후,2
arakawa,荒川区,73.9,3,0.2,6,18,7.2,아파트,남동,1,1,0,0,2024,6,7260,98.24086603518268,24.633333333333336,0.3333333333333333,버스권,신축,3
toshima,豊島区,67.2,2,60.0,12,14,1.0,맨션,남동,0,0,0,0,2024,11,5140,76.48809523809524,33.6,0.8571428571428571,역세권,노후,0
koto,江東区,29.8,1,9.6,10,16,1.0,아파트,남,1,0,0,0,2023,6,3590,120.46979865771812,29.8,0.625,역세권,준신축,2
arakawa,荒川区,107.4,5,1.8,14,15,2.6,아파트,북동,0,0,1,1,2023,6,8910,82.9608938547486,21.48,0.9333333333333333,역세권,신축,3
suginami,杉並区,90.9,4,2.6,10,15,14.0,아파트,남서,1,1,0,0,2024,3,11620,127.83278327832782,22.725,0.6666666666666666,버스권,신축,3
shibuya,渋谷区,110.8,4,12.9,9,9,1.5,맨션,남,0,1,1,0,2025,8,29430,265.6137184115523,27.7,1.0,역세권,준신축,3
kita,北区,54.1,3,2.8,5,9,1.0,아파트,남,0,1,0,0,2022,11,4070,75.23105360443623,18.033333333333335,0.5555555555555556,역세권,신축,1
taito,台東区,56.8,3,35.6,2,13,5.7,맨션,남동,1,1,1,1,2025,5,6330,111.44366197183099,18.933333333333334,0.15384615384615385,도보권,노후,6
koto,江東区,62.8,3,9.2,4,16,4.8,아파트,북서,0,0,1,0,2023,9,5750,91.56050955414013,20.933333333333334,0.25,도보권,준신축,2
setagaya,世田谷区,67.1,3,34.9,7,16,9.1,아파트,남,0,1,1,0,2022,3,4630,69.00149031296573,22.366666666666664,0.4375,버스권,노후,3
minato,港区,50.7,2,24.4,6,18,1.5,맨션,남,0,1,0,0,2021,11,12510,246.7455621301775,25.35,0.3333333333333333,역세권,중고,1
chuo,中央区,67.6,2,27.4,1,8,8.9,아파트,서,1,1,1,0,2022,11,8030,118.78698224852072,33.8,0.125,버스권,중고,5
ota,大田区,115.7,6,56.5,7,8,7.0,맨션,동,1,1,1,0,2021,4,7140,61.71132238547969,19.283333333333335,0.875,도보권,노후,5
minato,港区,79.0,4,12.6,9,17,6.1,맨션,북,0,1,0,0,2025,11,20540,260.0,19.75,0.5294117647058824,도보권,준신축,1
setagaya,世田谷区,96.1,4,19.9,12,16,1.5,맨션,남,0,0,1,0,2023,11,13650,142.0395421436004,24.025,0.75,역세권,중고,2
kita,北区,38.1,1,12.0,12,17,11.9,타워맨션,남,0,1,0,0,2021,8,3770,98.9501312335958,38.1,0.7058823529411765,버스권,준신축,1
meguro,目黒区,70.5,3,9.0,8,19,1.0,맨션,동,0,1,1,0,2024,7,13400,190.0709219858156,23.5,0.42105263157894735,역세권,준신축,3
meguro,目黒区,126.8,5,2.2,3,15,4.3,아파트,남서,1,1,0,0,2023,1,21820,172.0820189274448,25.36,0.2,도보권,신축,3
chiyoda,千代田区,32.7,1,41.1,14,14,7.2,빌라,남,0,1,1,1,2025,8,3900,119.26605504587155,32.7,1.0,버스권,노후,4
sumida,墨田区,105.9,5,16.2,5,8,9.7,아파트,남,0,1,1,0,2022,11,9260,87.4409820585458,21.18,0.625,버스권,중고,3
chuo,中央区,107.4,5,3.7,11,14,12.8,아파트,북동,0,1,0,0,2023,9,20980,195.34450651769086,21.48,0.7857142857142857,버스권,신축,1
setagaya,世田谷区,84.8,5,12.5,13,13,5.5,맨션,북서,1,0,0,0,2023,1,9950,117.33490566037736,16.96,1.0,도보권,준신축,2
chiyoda,千代田区,46.4,1,19.1,10,12,2.4,맨션,남동,1,1,0,0,2022,11,12390,267.0258620689655,46.4,0.8333333333333334,역세권,중고,3
chiyoda,千代田区,61.7,2,25.2,9,12,3.6,맨션,서,0,0,1,0,2025,10,10670,172.93354943273906,30.85,0.75,도보권,중고,2
nakano,中野区,83.4,4,20.0,10,14,1.0,빌라,남,0,0,0,0,2022,7,6490,77.81774580335731,20.85,0.7142857142857143,역세권,중고,0
chiyoda,千代田区,39.4,2,1.2,14,15,2.1,타워맨션,남동,0,0,1,0,2021,10,14400,365.48223350253807,19.7,0.9333333333333333,역세권,신축,2
koto,江東区,59.0,3,2.9,10,15,8.4,아파트,남서,0,1,0,0,2021,5,4350,73.72881355932203,19.666666666666668,0.6666666666666666,버스권,신축,1
chuo,中央区,104.9,4,11.4,12,17,2.5,맨션,남서,0,1,0,0,2023,3,22610,215.53860819828407,26.225,0.7058823529411765,역세권,준신축,1
toshima,豊島区,24.8,1,18.4,12,13,2.3,아파트,남서,0,0,1,0,2025,1,2640,106.45161290322581,24.8,0.9230769230769231,역세권,중고,2
minato,港区,42.4,2,11.7,8,14,9.1,아파트,서,0,1,0,1,2022,3,8550,201.6509433962264,21.2,0.5714285714285714,버스권,준신축,2
meguro,目黒区,45.5,2,28.5,7,19,5.9,맨션,남,0,0,0,0,2023,12,5880,129.23076923076923,22.75,0.3684210526315789,도보권,중고,0
bunkyo,文京区,61.8,3,17.3,6,7,16.3,아파트,남서,0,1,0,1,2024,5,6230,100.80906148867314,20.599999999999998,0.8571428571428571,원거리,중고,2
chiyoda,千代田区,58.9,3,8.4,8,17,5.7,아파트,남,0,1,0,0,2023,9,14450,245.33106960950764,19.633333333333333,0.47058823529411764,도보권,준신축,1
koto,江東区,33.4,2,6.2,11,12,4.4,아파트,남,1,1,1,0,2025,8,4110,123.05389221556887,16.7,0.9166666666666666,도보권,준신축,5
edogawa,江戸川区,91.6,5,0.9,1,9,2.2,빌라,남,1,0,1,0,2023,5,5380,58.733624454148476,18.32,0.1111111111111111,역세권,신축,4
chuo,中央区,57.4,2,15.9,6,18,1.0,아파트,남,1,0,0,0,2022,12,11700,203.83275261324042,28.7,0.3333333333333333,역세권,중고,2
minato,港区,68.3,3,11.2,2,3,1.6,아파트,남,0,1,0,0,2021,12,15960,233.67496339677894,22.766666666666666,0.6666666666666666,역세권,준신축,1
chuo,中央区,60.1,3,3.9,8,13,1.5,아파트,동,0,0,1,0,2025,10,14060,233.94342762063226,20.033333333333335,0.6153846153846154,역세권,신축,2
koto,江東区,68.8,3,6.2,14,15,5.5,아파트,남서,0,0,0,0,2023,10,7090,103.05232558139535,22.933333333333334,0.9333333333333333,도보권,준신축,0
shinagawa,品川区,21.0,1,2.6,6,11,18.5,맨션,남,0,1,0,0,2023,10,2740,130.47619047619048,21.0,0.5454545454545454,원거리,신축,1
nerima,練馬区,31.9,1,6.4,9,18,1.1,맨션,북동,0,1,1,0,2023,3,2990,93.73040752351098,31.9,0.5,역세권,준신축,3
itabashi,板橋区,102.3,5,13.8,14,16,2.5,타워맨션,남,1,1,0,0,2021,4,10580,103.42130987292278,20.46,0.875,역세권,준신축,3
taito,台東区,59.3,2,5.5,6,9,2.7,맨션,남,0,1,0,0,2023,3,7520,126.81281618887016,29.65,0.6666666666666666,역세권,준신축,1
chuo,中央区,41.4,2,11.8,13,17,2.0,타워맨션,북서,0,1,0,1,2024,11,12550,303.1400966183575,20.7,0.7647058823529411,역세권,준신축,2
taito,台東区,110.3,6,7.7,5,6,6.8,맨션,서,0,0,1,0,2024,9,13110,118.85766092475069,18.383333333333333,0.8333333333333334,도보권,준신축,2
chiyoda,千代田区,20.0,1,45.7,5,16,4.0,아파트,북,0,1,1,0,2022,1,2450,122.5,20.0,0.3125,도보권,노후,3
nerima,練馬区,73.8,3,12.5,6,6,6.5,맨션,북동,1,0,0,0,2022,3,5030,68.15718157181573,24.599999999999998,1.0,도보권,준신축,2
bunkyo,文京区,29.1,1,22.6,14,18,11.4,빌라,동,0,0,1,0,2021,8,2830,97.2508591065292,29.1,0.7777777777777778,버스권,중고,2
setagaya,世田谷区,30.9,1,2.2,7,18,1.0,빌라,동,0,1,0,0,2025,4,4100,132.68608414239483,30.9,0.3888888888888889,역세권,신축,1
minato,港区,83.3,4,10.6,14,16,1.3,아파트,남,1,0,1,0,2023,10,21540,258.58343337334935,20.825,0.875,역세권,준신축,4
chiyoda,千代田区,60.8,3,29.4,1,8,9.7,맨션,남,0,1,1,0,2023,5,9860,162.17105263157896,20.266666666666666,0.125,버스권,중고,3
koto,江東区,40.0,1,11.2,1,19,2.6,맨션,동,0,1,0,0,2024,1,4360,109.0,40.0,0.05263157894736842,역세권,준신축,1
minato,港区,52.6,3,3.1,12,16,13.5,맨션,남,0,1,1,1,2023,2,14720,279.84790874524714,17.533333333333335,0.75,버스권,신축,4
shibuya,渋谷区,72.5,3,17.3,8,8,10.7,맨션,남,0,0,1,0,2023,5,12250,168.9655172413793,24.166666666666668,1.0,버스권,중고,2
bunkyo,文京区,61.4,2,29.9,9,17,16.3,맨션,서,1,1,0,0,2021,4,5120,83.38762214983714,30.7,0.5294117647058824,원거리,중고,3
nakano,中野区,106.7,5,11.1,11,12,1.6,아파트,동,1,1,1,0,2022,9,12980,121.64948453608247,21.34,0.9166666666666666,역세권,준신축,5
itabashi,板橋区,78.6,3,17.3,1,11,1.5,아파트,동,1,0,1,0,2023,7,4490,57.12468193384224,26.2,0.09090909090909091,역세권,중고,4
sumida,墨田区,24.0,1,5.4,2,12,11.3,아파트,북서,0,1,1,0,2020,12,1950,81.25,24.0,0.16666666666666666,버스권,준신축,3
kita,北区,100.9,5,57.4,8,9,8.7,아파트,남,0,1,0,0,2024,5,4160,41.22893954410307,20.18,0.8888888888888888,버스권,노후,1
minato,港区,60.1,2,1.7,11,12,6.7,아파트,동,0,1,0,0,2023,5,16120,268.2196339434276,30.05,0.9166666666666666,도보권,신축,1
toshima,豊島区,108.3,5,53.5,4,9,16.1,빌라,남서,0,1,1,0,2023,11,4770,44.04432132963989,21.66,0.4444444444444444,원거리,노후,3
shibuya,渋谷区,71.6,2,34.1,2,3,8.3,빌라,동,0,1,1,0,2022,5,5890,82.26256983240224,35.8,0.6666666666666666,버스권,노후,3
shibuya,渋谷区,86.7,4,8.5,7,10,19.5,타워맨션,남,0,1,1,0,2021,11,18640,214.99423298731256,21.675,0.7,원거리,준신축,3
minato,港区,72.5,3,4.8,9,13,2.1,맨션,남,0,1,0,1,2022,10,23730,327.3103448275862,24.166666666666668,0.6923076923076923,역세권,신축,2
koto,江東区,119.4,5,52.2,1,14,2.7,아파트,남,0,1,0,1,2025,7,6300,52.76381909547739,23.880000000000003,0.07142857142857142,역세권,노후,2
arakawa,荒川区,88.7,4,0.9,7,14,1.0,아파트,남동,0,0,1,0,2021,12,8010,90.304396843292,22.175,0.5,역세권,신축,2
chiyoda,千代田区,60.1,2,1.2,10,13,1.0,아파트,남동,0,1,1,0,2021,8,16560,275.540765391015,30.05,0.7692307692307693,역세권,신축,3
chuo,中央区,97.5,4,6.9,5,5,7.1,맨션,남서,0,0,0,0,2022,1,15370,157.64102564102564,24.375,1.0,버스권,준신축,0
setagaya,世田谷区,67.0,3,34.2,9,15,14.3,타워맨션,남,0,1,1,0,2025,9,8420,125.67164179104478,22.333333333333332,0.6,버스권,노후,3
meguro,目黒区,32.5,2,6.6,7,13,5.0,맨션,남서,0,1,1,0,2024,3,7180,220.92307692307693,16.25,0.5384615384615384,도보권,준신축,3
toshima,豊島区,64.6,2,0.1,10,11,2.9,맨션,남동,1,0,1,0,2023,11,11750,181.8885448916409,32.3,0.9090909090909091,역세권,신축,4
minato,港区,32.1,1,4.0,3,8,20.9,아파트,남,0,0,1,0,2023,7,7160,223.0529595015576,32.1,0.375,원거리,신축,2
shinjuku,新宿区,45.2,2,27.0,1,1,13.7,맨션,남,0,0,0,0,2022,3,4660,103.09734513274336,22.6,1.0,버스권,중고,0
bunkyo,文京区,82.5,4,2.6,13,14,1.7,아파트,남서,0,1,1,0,2024,3,15500,187.87878787878788,20.625,0.9285714285714286,역세권,신축,3
bunkyo,文京区,125.5,6,6.5,10,12,6.7,빌라,서,1,1,0,1,2021,3,17350,138.24701195219123,20.916666666666668,0.8333333333333334,도보권,준신축,4
shinjuku,新宿区,57.0,3,4.7,7,14,2.0,타워맨션,남,0,1,0,0,2022,12,11670,204.73684210526315,19.0,0.5,역세권,신축,1
nakano,中野区,55.8,3,47.6,2,8,1.1,타워맨션,북서,0,1,1,0,2021,10,4010,71.86379928315412,18.599999999999998,0.25,역세권,노후,3
minato,港区,20.0,1,33.0,12,19,7.2,아파트,남,0,0,1,0,2024,6,3580,179.0,20.0,0.631578947368421,버스권,노후,2
suginami,杉並区,34.3,1,18.6,11,18,3.7,빌라,남,0,1,1,0,2022,3,3080,89.79591836734694,34.3,0.6111111111111112,도보권,중고,3
koto,江東区,66.6,3,5.2,9,17,9.3,맨션,북동,0,1,0,0,2023,9,6740,101.20120120120121,22.2,0.5294117647058824,버스권,준신축,1
suginami,杉並区,36.6,2,28.6,1,9,1.1,아파트,서,1,1,1,0,2024,10,2990,81.69398907103825,18.3,0.1111111111111111,역세권,중고,5
koto,江東区,63.2,2,60.0,5,9,5.0,맨션,동,0,1,0,0,2024,1,3460,54.74683544303797,31.6,0.5555555555555556,도보권,노후,1
shinjuku,新宿区,74.3,3,5.5,11,17,1.3,아파트,남,0,1,0,1,2024,3,15480,208.34454912516824,24.766666666666666,0.6470588235294118,역세권,준신축,2
meguro,目黒区,88.2,4,2.8,4,7,2.4,맨션,북,1,1,0,0,2023,1,17550,198.9795918367347,22.05,0.5714285714285714,역세권,신축,3
toshima,豊島区,92.5,4,6.3,1,8,1.0,아파트,남,1,1,0,1,2024,1,12370,133.72972972972974,23.125,0.125,역세권,준신축,4
suginami,杉並区,55.3,2,10.5,5,5,5.1,아파트,동,1,1,1,1,2021,10,7600,137.43218806509947,27.65,1.0,도보권,준신축,6
chiyoda,千代田区,41.4,2,1.0,7,10,1.3,아파트,동,0,0,1,0,2025,7,12410,299.7584541062802,20.7,0.7,역세권,신축,2
minato,港区,20.0,1,29.0,10,12,30.0,타워맨션,동,0,0,1,0,2021,5,3430,171.5,20.0,0.8333333333333334,원거리,중고,2
meguro,目黒区,91.9,4,7.9,5,13,5.3,맨션,서,0,1,1,0,2021,2,15880,172.79651795429814,22.975,0.38461538461538464,도보권,준신축,3
shinjuku,新宿区,60.3,3,23.9,6,19,2.0,맨션,남서,1,1,1,0,2023,12,8950,148.424543946932,20.099999999999998,0.3157894736842105,역세권,중고,5
katsushika,葛飾区,38.8,1,1.7,10,12,10.5,아파트,서,0,1,1,0,2021,6,2810,72.42268041237114,38.8,0.8333333333333334,버스권,신축,3
setagaya,世田谷区,91.1,4,3.1,9,13,4.1,아파트,남서,0,1,0,0,2025,10,13510,148.29857299670692,22.775,0.6923076923076923,도보권,신축,1
chiyoda,千代田区,37.0,2,4.1,10,10,9.3,맨션,북서,0,1,1,1,2025,2,10110,273.2432432432432,18.5,1.0,버스권,신축,4
toshima,豊島区,59.5,2,0.3,6,15,1.4,빌라,서,0,1,1,0,2023,8,7500,126.05042016806723,29.75,0.4,역세권,신축,3
shibuya,渋谷区,60.7,2,12.3,11,13,6.7,아파트,서,0,0,1,0,2023,1,13050,214.99176276771004,30.35,0.8461538461538461,도보권,준신축,2
meguro,目黒区,46.5,2,55.3,13,17,3.2,맨션,남동,0,1,0,0,2023,2,4750,102.15053763440861,23.25,0.7647058823529411,도보권,노후,1
chiyoda,千代田区,44.3,3,26.8,2,5,3.8,타워맨션,동,0,1,1,0,2025,4,11030,248.9841986455982,14.766666666666666,0.4,도보권,중고,3
meguro,目黒区,55.7,1,4.7,13,13,4.8,맨션,북동,0,1,1,1,2022,7,9770,175.40394973070016,55.7,1.0,도보권,신축,4
shibuya,渋谷区,84.5,3,10.8,5,19,2.9,아파트,남,1,0,1,0,2025,4,21530,254.79289940828403,28.166666666666668,0.2631578947368421,역세권,준신축,4
adachi,足立区,73.9,3,28.9,12,12,5.3,빌라,남,0,1,1,1,2021,8,2990,40.46008119079837,24.633333333333336,1.0,도보권,중고,4
itabashi,板橋区,64.5,4,6.0,10,17,12.0,아파트,남동,0,0,1,0,2025,9,5000,77.51937984496124,16.125,0.5882352941176471,버스권,준신축,2
adachi,足立区,52.8,2,10.4,6,14,2.8,아파트,동,1,0,1,0,2024,2,3730,70.64393939393939,26.4,0.42857142857142855,역세권,준신축,4
shibuya,渋谷区,94.4,3,4.2,3,17,1.0,빌라,북서,0,0,0,0,2023,6,17070,180.82627118644066,31.46666666666667,0.17647058823529413,역세권,신축,0
setagaya,世田谷区,71.1,3,53.3,9,17,1.0,아파트,남,1,1,0,1,2024,10,5560,78.19971870604783,23.7,0.5294117647058824,역세권,노후,4
minato,港区,95.3,4,32.2,10,15,1.9,맨션,남동,0,1,0,1,2023,6,21510,225.70828961175238,23.825,0.6666666666666666,역세권,노후,2
meguro,目黒区,75.0,3,0.3,5,5,4.1,아파트,동,1,1,0,0,2025,4,14460,192.8,25.0,1.0,도보권,신축,3
bunkyo,文京区,73.8,3,40.9,13,18,6.7,맨션,남,0,1,1,1,2021,12,6970,94.44444444444444,24.599999999999998,0.7222222222222222,도보권,노후,4
itabashi,板橋区,71.1,3,3.1,14,14,2.5,아파트,남서,0,0,1,0,2023,8,6220,87.48241912798875,23.7,1.0,역세권,신축,2
bunkyo,文京区,80.2,3,4.3,2,6,2.2,아파트,남서,0,1,1,1,2023,10,10870,135.5361596009975,26.733333333333334,0.3333333333333333,역세권,신축,4
taito,台東区,98.2,4,2.9,3,6,15.8,맨션,북서,1,1,1,0,2025,6,12330,125.5600814663951,24.55,0.5,원거리,신축,5
koto,江東区,47.3,2,14.7,8,19,2.0,타워맨션,북서,0,0,0,0,2021,12,5070,107.18816067653277,23.65,0.42105263157894735,역세권,준신축,0
meguro,目黒区,63.8,3,34.7,5,5,15.1,아파트,북동,1,1,1,0,2024,6,5960,93.41692789968653,21.266666666666666,1.0,원거리,노후,5
koto,江東区,84.1,4,10.2,12,18,1.9,맨션,동,0,1,1,0,2022,12,10520,125.08917954815696,21.025,0.6666666666666666,역세권,준신축,3
taito,台東区,69.1,3,10.5,14,15,1.4,아파트,북서,1,0,1,0,2021,6,7670,110.99855282199711,23.03333333333333,0.9333333333333333,역세권,준신축,4
taito,台東区,80.7,3,2.1,12,18,5.5,맨션,남,1,0,1,0,2025,4,13350,165.4275092936803,26.900000000000002,0.6666666666666666,도보권,신축,4
setagaya,世田谷区,66.3,2,6.7,7,17,1.0,빌라,남,1,1,1,1,2023,7,10250,154.6003016591252,33.15,0.4117647058823529,역세권,준신축,6
nakano,中野区,26.6,1,12.4,10,19,1.0,아파트,남동,0,1,0,0,2022,1,2500,93.98496240601503,26.6,0.5263157894736842,역세권,준신축,1
toshima,豊島区,55.7,2,0.2,4,7,1.8,타워맨션,북,0,1,1,1,2024,12,11480,206.10412926391382,27.85,0.5714285714285714,역세권,신축,4
bunkyo,文京区,20.0,1,13.6,4,7,5.1,아파트,남서,1,1,1,0,2021,11,2940,147.0,20.0,0.5714285714285714,도보권,준신축,5
chuo,中央区,112.3,6,33.0,14,17,5.6,타워맨션,동,1,1,1,1,2023,10,25100,223.50845948352628,18.716666666666665,0.8235294117647058,도보권,노후,6
nerima,練馬区,85.1,4,29.3,8,16,7.8,맨션,남,1,1,0,0,2024,2,6700,78.73090481786134,21.275,0.5,버스권,중고,3
taito,台東区,54.9,2,36.6,6,15,1.0,맨션,북,0,0,0,1,2025,3,3750,68.30601092896175,27.45,0.4,역세권,노후,1
meguro,目黒区,100.1,4,0.3,4,17,2.3,타워맨션,남서,0,1,1,1,2024,10,27100,270.72927072927075,25.025,0.23529411764705882,역세권,신축,4
meguro,目黒区,82.8,3,40.0,1,10,4.5,맨션,서,0,0,0,1,2022,10,7720,93.23671497584542,27.599999999999998,0.1,도보권,노후,1
shinjuku,新宿区,82.3,4,4.9,6,7,25.7,타워맨션,서,0,1,1,0,2022,9,12080,146.78007290400973,20.575,0.8571428571428571,원거리,신축,3
chuo,中央区,85.6,5,22.9,4,15,6.9,아파트,동,1,1,1,0,2024,12,16870,197.07943925233647,17.119999999999997,0.26666666666666666,도보권,중고,5
nakano,中野区,42.1,1,11.8,11,16,5.0,맨션,남,0,0,0,0,2025,4,4930,117.1021377672209,42.1,0.6875,도보권,준신축,0
arakawa,荒川区,48.2,1,49.7,4,16,23.0,아파트,남서,0,1,1,0,2023,3,1740,36.09958506224066,48.2,0.25,원거리,노후,3
chiyoda,千代田区,108.8,4,6.2,2,16,3.1,빌라,동,1,0,0,0,2022,10,21770,200.09191176470588,27.2,0.125,도보권,준신축,2
bunkyo,文京区,42.0,3,18.3,14,17,2.8,타워맨션,북동,1,1,1,0,2025,7,9910,235.95238095238096,14.0,0.8235294117647058,역세권,중고,5
sumida,墨田区,78.6,4,4.6,10,11,10.3,타워맨션,동,0,1,0,0,2022,11,8500,108.14249363867685,19.65,0.9090909090909091,버스권,신축,1
adachi,足立区,46.3,1,3.6,4,16,1.1,맨션,북동,0,1,1,0,2020,12,2770,59.82721382289417,46.3,0.25,역세권,신축,3
bunkyo,文京区,70.4,3,52.3,5,12,5.1,아파트,동,0,1,0,0,2021,4,4730,67.1875,23.46666666666667,0.4166666666666667,도보권,노후,1
meguro,目黒区,20.0,1,14.5,12,13,4.5,맨션,남서,0,0,1,0,2024,5,3190,159.5,20.0,0.9230769230769231,도보권,준신축,2
nakano,中野区,83.4,4,2.8,5,19,5.2,아파트,남서,0,0,0,0,2024,6,8290,99.40047961630695,20.85,0.2631578947368421,도보권,신축,0
koto,江東区,20.0,1,8.0,6,6,1.0,맨션,북서,0,1,1,0,2024,6,2510,125.5,20.0,1.0,역세권,준신축,3
chuo,中央区,41.6,2,12.7,6,12,23.7,타워맨션,북동,1,1,1,0,2023,12,9670,232.45192307692307,20.8,0.5,원거리,준신축,5
taito,台東区,59.5,2,16.7,9,13,2.1,맨션,북,1,1,0,0,2022,4,6660,111.9327731092437,29.75,0.6923076923076923,역세권,중고,3
koto,江東区,60.8,3,22.9,13,17,7.6,아파트,남동,0,0,0,0,2025,5,4780,78.61842105263159,20.266666666666666,0.7647058823529411,버스권,중고,0
suginami,杉並区,49.8,2,19.2,10,12,1.5,아파트,서,0,1,1,0,2024,3,5380,108.03212851405623,24.9,0.8333333333333334,역세권,중고,3
nakano,中野区,57.0,2,1.8,3,3,9.7,아파트,북,0,1,1,0,2025,6,5940,104.21052631578948,28.5,1.0,버스권,신축,3
shinagawa,品川区,62.2,3,5.9,2,6,1.0,아파트,남서,1,0,0,0,2022,1,10490,168.64951768488746,20.733333333333334,0.3333333333333333,역세권,준신축,2
katsushika,葛飾区,57.7,2,8.5,13,18,9.9,타워맨션,남,0,1,0,0,2022,5,4650,80.58925476603119,28.85,0.7222222222222222,버스권,준신축,1
kita,北区,93.7,5,8.3,4,14,1.0,빌라,남,0,1,0,1,2022,12,7780,83.03094983991461,18.740000000000002,0.2857142857142857,역세권,준신축,2
shibuya,渋谷区,90.3,3,60.0,1,3,1.0,아파트,남동,1,0,0,1,2025,5,11230,124.36323366555925,30.099999999999998,0.3333333333333333,역세권,노후,3
bunkyo,文京区,94.5,5,2.9,9,18,2.0,타워맨션,동,1,1,1,1,2025,9,24630,260.63492063492066,18.9,0.5,역세권,신축,6
shinagawa,品川区,60.6,2,3.6,11,11,4.2,맨션,남동,0,0,0,1,2021,3,11310,186.63366336633663,30.3,1.0,도보권,신축,1
toshima,豊島区,57.8,3,5.1,13,18,5.4,아파트,남,0,1,0,0,2021,2,7080,122.49134948096886,19.266666666666666,0.7222222222222222,도보권,준신축,1
arakawa,荒川区,73.2,4,16.9,11,12,1.1,맨션,남동,0,1,1,0,2025,4,5750,78.55191256830601,18.3,0.9166666666666666,역세권,중고,3
sumida,墨田区,68.5,4,0.1,4,14,5.9,빌라,남,0,1,0,0,2023,11,5830,85.1094890510949,17.125,0.2857142857142857,도보권,신축,1
shinjuku,新宿区,54.3,3,4.1,12,14,15.2,아파트,북동,0,0,0,1,2024,9,6810,125.41436464088399,18.099999999999998,0.8571428571428571,원거리,신축,1
toshima,豊島区,43.8,1,10.2,11,17,4.3,아파트,남동,1,0,1,0,2022,7,5580,127.3972602739726,43.8,0.6470588235294118,도보권,준신축,4
suginami,杉並区,58.6,3,4.3,10,15,4.3,타워맨션,남동,0,1,1,1,2024,9,11420,194.8805460750853,19.533333333333335,0.6666666666666666,도보권,신축,4
setagaya,世田谷区,95.3,4,1.6,7,19,8.6,아파트,서,0,1,0,0,2025,6,10180,106.8205666316894,23.825,0.3684210526315789,버스권,신축,1
chuo,中央区,61.4,2,0.9,3,7,2.4,아파트,남,0,1,0,0,2023,12,15820,257.6547231270358,30.7,0.42857142857142855,역세권,신축,1
bunkyo,文京区,56.1,2,20.4,3,19,17.1,맨션,남서,1,1,1,0,2022,9,4810,85.7397504456328,28.05,0.15789473684210525,원거리,중고,5
meguro,目黒区,69.9,3,21.1,2,9,2.9,타워맨션,남,0,1,1,0,2024,8,12780,182.83261802575106,23.3,0.2222222222222222,역세권,중고,3
chuo,中央区,52.3,1,7.9,13,14,2.9,아파트,서,0,1,1,0,2024,10,11680,223.32695984703633,52.3,0.9285714285714286,역세권,준신축,3
suginami,杉並区,50.9,2,25.0,2,8,1.0,타워맨션,북서,0,1,0,1,2024,7,6430,126.3261296660118,25.45,0.25,역세권,중고,2
minato,港区,101.7,4,24.3,8,11,23.1,맨션,남,1,1,0,0,2023,4,17020,167.3549655850541,25.425,0.7272727272727273,원거리,중고,3
shinjuku,新宿区,73.5,2,4.9,12,15,1.0,타워맨션,남동,1,1,0,0,2025,2,22060,300.13605442176873,36.75,0.8,역세권,신축,3
nerima,練馬区,25.7,1,9.1,13,18,10.1,타워맨션,남,0,0,0,0,2021,8,2530,98.44357976653697,25.7,0.7222222222222222,버스권,준신축,0
toshima,豊島区,54.9,2,1.8,5,12,5.2,맨션,남동,0,1,1,1,2022,3,8440,153.73406193078324,27.45,0.4166666666666667,도보권,신축,4
setagaya,世田谷区,20.0,1,10.3,13,15,8.4,타워맨션,남,0,0,1,0,2021,12,3550,177.5,20.0,0.8666666666666667,버스권,준신축,2
minato,港区,71.5,3,36.6,6,12,3.5,타워맨션,북서,0,1,0,1,2023,5,13120,183.4965034965035,23.833333333333332,0.5,도보권,노후,2
minato,港区,87.5,4,8.6,13,15,10.1,맨션,북,1,1,0,0,2025,5,21270,243.0857142857143,21.875,0.8666666666666667,버스권,준신축,3
bunkyo,文京区,62.7,3,15.9,2,10,1.0,빌라,남,0,1,1,0,2025,2,8280,132.05741626794259,20.900000000000002,0.2,역세권,중고,3
suginami,杉並区,71.1,3,0.7,10,15,10.1,타워맨션,남서,0,0,0,0,2023,9,11070,155.69620253164558,23.7,0.6666666666666666,버스권,신축,0
toshima,豊島区,103.1,5,15.1,8,10,25.6,아파트,남,0,1,1,0,2022,8,8410,81.57129000969933,20.619999999999997,0.8,원거리,중고,3
chuo,中央区,38.1,1,16.9,4,12,20.3,맨션,남,0,0,0,1,2021,9,4840,127.03412073490813,38.1,0.3333333333333333,원거리,중고,1
chiyoda,千代田区,23.3,1,18.0,9,13,9.3,맨션,동,0,1,1,0,2023,5,4070,174.67811158798284,23.3,0.6923076923076923,버스권,중고,3
setagaya,世田谷区,59.4,2,15.1,13,14,1.5,빌라,북동,0,1,0,0,2025,9,5730,96.46464646464646,29.7,0.9285714285714286,역세권,중고,1
shibuya,渋谷区,85.8,4,28.6,13,18,9.5,아파트,남,1,1,0,0,2023,3,10780,125.64102564102565,21.45,0.7222222222222222,버스권,중고,3
setagaya,世田谷区,81.0,3,0.1,12,13,4.1,아파트,남동,0,1,0,0,2022,1,11530,142.34567901234567,27.0,0.9230769230769231,도보권,신축,1
bunkyo,文京区,80.1,3,25.0,5,18,2.2,아파트,북동,0,1,0,0,2023,5,7350,91.76029962546816,26.7,0.2777777777777778,역세권,중고,1
setagaya,世田谷区,31.1,2,5.6,5,18,5.3,맨션,남서,0,0,1,0,2021,5,3850,123.7942122186495,15.55,0.2777777777777778,도보권,준신축,2
bunkyo,文京区,91.0,4,6.4,7,9,4.7,타워맨션,남,0,1,1,0,2025,5,18330,201.42857142857142,22.75,0.7777777777777778,도보권,준신축,3
nakano,中野区,43.5,2,5.9,5,13,1.0,빌라,남동,1,0,1,0,2025,3,5110,117.47126436781609,21.75,0.38461538461538464,역세권,준신축,4
setagaya,世田谷区,89.3,4,3.8,9,19,4.8,맨션,남,0,0,0,0,2021,7,12600,141.09742441209406,22.325,0.47368421052631576,도보권,신축,0
toshima,豊島区,109.1,4,9.8,11,19,4.4,타워맨션,남서,0,1,1,0,2024,6,20690,189.64252978918424,27.275,0.5789473684210527,도보권,준신축,3
meguro,目黒区,77.3,3,5.9,11,12,13.5,아파트,북서,0,1,0,0,2021,9,10880,140.7503234152652,25.766666666666666,0.9166666666666666,버스권,준신축,1
katsushika,葛飾区,97.6,4,0.1,9,9,2.3,맨션,남,1,0,1,1,2022,11,8750,89.6516393442623,24.4,1.0,역세권,신축,5
meguro,目黒区,57.2,3,6.0,11,17,1.2,맨션,북동,1,0,0,0,2021,5,10100,176.57342657342656,19.066666666666666,0.6470588235294118,역세권,준신축,2
toshima,豊島区,55.3,3,2.0,10,19,4.7,아파트,동,1,1,0,0,2024,7,8140,147.1971066907776,18.433333333333334,0.5263157894736842,도보권,신축,3
arakawa,荒川区,67.2,3,8.1,5,10,5.5,아파트,서,0,1,1,0,2023,10,4940,73.51190476190476,22.400000000000002,0.5,도보권,준신축,3
toshima,豊島区,68.1,3,48.8,13,17,4.5,아파트,동,0,0,1,0,2024,3,4800,70.48458149779736,22.7,0.7647058823529411,도보권,노후,2
setagaya,世田谷区,40.7,1,7.0,9,11,1.6,아파트,남서,0,1,1,0,2021,7,5650,138.8206388206388,40.7,0.8181818181818182,역세권,준신축,3
chiyoda,千代田区,26.4,1,14.9,5,10,9.1,맨션,동,1,1,0,0,2021,12,4240,160.60606060606062,26.4,0.5,버스권,준신축,3
minato,港区,63.6,2,35.0,9,10,5.7,아파트,남,0,1,0,0,2022,3,9820,154.40251572327043,31.8,0.9,도보권,노후,1
toshima,豊島区,59.3,3,60.0,11,15,2.2,타워맨션,남서,1,1,0,0,2025,2,5130,86.50927487352446,19.766666666666666,0.7333333333333333,역세권,노후,3
bunkyo,文京区,87.8,4,2.1,11,17,1.0,빌라,서,0,1,0,0,2022,2,9730,110.82004555808656,21.95,0.6470588235294118,역세권,신축,1
setagaya,世田谷区,59.1,3,5.6,1,7,19.2,맨션,남,0,1,1,0,2024,12,6710,113.53637901861252,19.7,0.14285714285714285,원거리,준신축,3
suginami,杉並区,20.0,2,29.8,11,12,2.4,빌라,북,0,1,1,0,2021,10,1380,69.0,10.0,0.9166666666666666,역세권,중고,3
ota,大田区,65.5,2,0.6,13,18,27.4,아파트,동,1,1,1,0,2024,12,6130,93.58778625954199,32.75,0.7222222222222222,원거리,신축,5
itabashi,板橋区,34.6,1,43.3,12,12,6.0,맨션,남동,1,1,1,0,2025,11,1960,56.64739884393063,34.6,1.0,도보권,노후,5
minato,港区,75.7,4,1.7,12,14,9.2,아파트,서,0,1,1,0,2024,3,21390,282.56274768824306,18.925,0.8571428571428571,버스권,신축,3
edogawa,江戸川区,77.2,2,53.1,14,18,5.6,맨션,동,0,1,0,0,2021,7,3170,41.06217616580311,38.6,0.7777777777777778,도보권,노후,1
chuo,中央区,68.3,3,29.3,13,13,9.3,빌라,남,0,0,1,0,2022,8,7780,113.90922401171304,22.766666666666666,1.0,버스권,중고,2
adachi,足立区,64.4,3,4.6,6,19,11.4,아파트,남서,0,1,1,0,2024,2,4590,71.27329192546583,21.46666666666667,0.3157894736842105,버스권,신축,3
minato,港区,104.0,5,12.7,10,15,2.9,맨션,남,0,1,1,0,2022,2,34610,332.78846153846155,20.8,0.6666666666666666,역세권,준신축,3
bunkyo,文京区,101.3,5,9.2,2,12,16.7,맨션,동,1,1,0,1,2021,12,10830,106.9101678183613,20.259999999999998,0.16666666666666666,원거리,준신축,4
sumida,墨田区,20.0,1,18.0,9,9,5.4,빌라,동,0,1,0,0,2022,3,1410,70.5,20.0,1.0,도보권,중고,1
shinagawa,品川区,84.9,3,3.2,4,10,4.0,빌라,북,1,1,0,0,2024,1,12590,148.29210836277974,28.3,0.4,도보권,신축,3
shinjuku,新宿区,40.8,1,34.0,11,12,2.8,맨션,동,0,1,0,0,2023,7,4560,111.76470588235294,40.8,0.9166666666666666,역세권,노후,1
chuo,中央区,31.3,1,4.5,8,9,2.0,맨션,남,1,1,0,0,2024,10,10070,321.7252396166134,31.3,0.8888888888888888,역세권,신축,3
shibuya,渋谷区,55.8,2,4.5,2,14,6.1,타워맨션,북,0,1,0,0,2024,7,12570,225.2688172043011,27.9,0.14285714285714285,도보권,신축,1
chuo,中央区,65.0,2,9.9,5,11,10.2,아파트,북동,0,1,1,0,2024,1,10420,160.30769230769232,32.5,0.45454545454545453,버스권,준신축,3
itabashi,板橋区,92.8,4,7.7,5,6,1.0,아파트,남동,0,1,1,0,2022,7,6860,73.92241379310344,23.2,0.8333333333333334,역세권,준신축,3
taito,台東区,80.1,3,1.5,7,8,12.7,맨션,남,0,0,1,0,2025,7,11540,144.06991260923846,26.7,0.875,버스권,신축,2
arakawa,荒川区,83.2,4,5.4,14,14,7.8,맨션,북서,0,1,0,0,2022,3,6690,80.40865384615384,20.8,1.0,버스권,준신축,1
taito,台東区,97.4,4,28.4,14,19,10.4,아파트,북동,0,1,1,0,2022,5,8010,82.23819301848049,24.35,0.7368421052631579,버스권,중고,3
shibuya,渋谷区,38.5,1,31.6,12,18,1.0,맨션,동,1,1,0,1,2022,5,7100,184.41558441558442,38.5,0.6666666666666666,역세권,노후,4
shinagawa,品川区,46.7,2,21.4,4,16,1.0,아파트,서,0,1,1,0,2021,8,6040,129.33618843683084,23.35,0.25,역세권,중고,3
shinagawa,品川区,68.2,3,6.4,1,13,1.0,맨션,남,0,0,1,0,2021,3,12050,176.68621700879766,22.733333333333334,0.07692307692307693,역세권,준신축,2
chiyoda,千代田区,34.7,1,26.6,11,14,1.0,맨션,북서,0,1,1,1,2023,2,6670,192.21902017291066,34.7,0.7857142857142857,역세권,중고,4
nakano,中野区,89.8,3,3.4,8,10,1.2,아파트,남서,0,1,1,0,2023,2,11260,125.38975501113586,29.933333333333334,0.8,역세권,신축,3
koto,江東区,77.8,4,21.7,8,16,1.0,맨션,남서,1,1,1,0,2025,8,8820,113.36760925449872,19.45,0.5,역세권,중고,5
bunkyo,文京区,63.5,2,5.9,4,14,12.1,아파트,남서,0,1,0,0,2022,1,7870,123.93700787401575,31.75,0.2857142857142857,버스권,준신축,1
bunkyo,文京区,140.1,6,7.2,13,19,10.0,빌라,남동,0,0,1,0,2025,2,18530,132.26266952177016,23.349999999999998,0.6842105263157895,버스권,준신축,2
nakano,中野区,28.6,1,2.4,12,13,19.4,아파트,동,1,0,0,0,2022,8,2900,101.3986013986014,28.6,0.9230769230769231,원거리,신축,2
sumida,墨田区,51.0,1,5.4,12,15,16.7,타워맨션,남,1,1,0,0,2021,5,5860,114.90196078431373,51.0,0.8,원거리,준신축,3
chuo,中央区,94.4,4,10.0,1,8,1.0,아파트,남,0,0,1,0,2022,8,19860,210.38135593220338,23.6,0.125,역세권,준신축,2
chuo,中央区,45.5,2,15.8,1,12,2.8,아파트,남동,0,0,0,0,2025,5,10250,225.27472527472528,22.75,0.08333333333333333,역세권,중고,0
nerima,練馬区,46.5,2,0.1,7,10,4.0,타워맨션,북동,1,0,0,0,2021,8,5050,108.60215053763442,23.25,0.7,도보권,신축,2
shinjuku,新宿区,78.9,3,40.2,14,18,2.8,아파트,남,0,1,0,1,2022,2,7600,96.32446134347275,26.3,0.7777777777777778,역세권,노후,2
taito,台東区,73.1,4,11.0,11,16,8.8,맨션,남,0,1,0,0,2025,7,8330,113.95348837209303,18.275,0.6875,버스권,준신축,1
adachi,足立区,88.5,5,26.8,8,15,7.5,빌라,남동,0,1,0,0,2024,4,3920,44.293785310734464,17.7,0.5333333333333333,버스권,중고,1
sumida,墨田区,69.4,3,13.5,9,11,1.0,빌라,서,0,0,1,0,2021,1,5460,78.6743515850144,23.133333333333336,0.8181818181818182,역세권,준신축,2
suginami,杉並区,89.3,4,8.2,13,19,7.4,아파트,북동,0,1,1,1,2023,7,10070,112.76595744680851,22.325,0.6842105263157895,버스권,준신축,4
minato,港区,62.8,3,15.1,7,7,1.0,타워맨션,남,0,0,1,1,2022,7,21400,340.7643312101911,20.933333333333334,1.0,역세권,중고,3
meguro,目黒区,62.7,2,25.6,12,17,1.0,맨션,남동,1,1,0,0,2024,9,9400,149.92025518341308,31.35,0.7058823529411765,역세권,중고,3
kita,北区,62.3,3,27.8,10,14,2.9,아파트,북,0,1,1,0,2021,3,3860,61.95826645264848,20.766666666666666,0.7142857142857143,역세권,중고,3
minato,港区,37.9,1,28.4,3,19,1.0,아파트,남,1,1,1,0,2022,5,8520,224.80211081794195,37.9,0.15789473684210525,역세권,중고,5
bunkyo,文京区,77.4,4,60.0,11,11,13.7,맨션,남,0,0,1,0,2023,2,6770,87.46770025839793,19.35,1.0,버스권,노후,2
chiyoda,千代田区,92.6,5,13.8,12,12,2.4,맨션,남동,0,1,1,1,2022,7,25030,270.3023758099352,18.52,1.0,역세권,준신축,4
itabashi,板橋区,55.8,3,16.9,2,7,2.0,맨션,북동,0,1,0,0,2023,6,4150,74.37275985663082,18.599999999999998,0.2857142857142857,역세권,중고,1
bunkyo,文京区,59.7,2,7.0,5,13,11.5,타워맨션,남서,1,0,0,1,2021,8,9540,159.79899497487438,29.85,0.38461538461538464,버스권,준신축,3
setagaya,世田谷区,56.9,2,45.6,10,16,6.3,아파트,북,0,0,0,0,2024,9,3500,61.511423550087876,28.45,0.625,도보권,노후,0
meguro,目黒区,114.7,4,15.6,6,12,9.6,아파트,서,0,0,1,0,2024,9,13860,120.83696599825632,28.675,0.5,버스권,중고,2
setagaya,世田谷区,45.1,3,3.7,2,16,2.7,타워맨션,남,0,1,1,0,2022,4,7780,172.50554323725055,15.033333333333333,0.125,역세권,신축,3
shinagawa,品川区,62.0,3,23.5,5,9,7.4,아파트,남동,0,1,1,1,2025,6,7180,115.80645161290323,20.666666666666668,0.5555555555555556,버스권,중고,4
chuo,中央区,75.4,3,29.8,12,18,9.7,아파트,동,1,1,0,0,2024,6,10750,142.57294429708222,25.133333333333336,0.6666666666666666,버스권,중고,3
nerima,練馬区,20.0,1,11.7,4,15,6.8,맨션,북서,0,1,1,0,2021,10,1680,84.0,20.0,0.26666666666666666,도보권,준신축,3
nakano,中野区,90.7,4,14.1,2,14,2.0,맨션,서,1,1,0,1,2025,10,10340,114.00220507166483,22.675,0.14285714285714285,역세권,준신축,4
chiyoda,千代田区,35.9,1,15.1,2,15,5.1,맨션,남,0,0,1,0,2024,3,5720,159.33147632311977,35.9,0.13333333333333333,도보권,중고,2
shinagawa,品川区,34.6,1,17.1,6,13,7.6,아파트,북동,0,1,1,1,2021,4,4340,125.43352601156069,34.6,0.46153846153846156,버스권,중고,4
taito,台東区,78.4,4,1.9,13,14,12.4,맨션,남,0,1,1,0,2021,5,10970,139.9234693877551,19.6,0.9285714285714286,버스권,신축,3
koto,江東区,42.2,1,8.4,7,11,8.1,빌라,북,0,0,1,1,2023,1,3490,82.70142180094786,42.2,0.6363636363636364,버스권,준신축,3
shinjuku,新宿区,65.4,3,35.4,8,13,26.2,아파트,동,0,1,1,0,2022,6,4260,65.13761467889908,21.8,0.6153846153846154,원거리,노후,3
suginami,杉並区,80.2,3,0.3,3,7,5.8,아파트,남,0,0,0,0,2025,5,11220,139.9002493765586,26.733333333333334,0.42857142857142855,도보권,신축,0
nakano,中野区,55.4,3,3.6,1,2,8.0,타워맨션,북서,0,1,1,0,2025,10,5890,106.31768953068593,18.466666666666665,0.5,버스권,신축,3
meguro,目黒区,46.2,1,2.4,10,19,1.0,맨션,남동,1,1,1,0,2021,8,8820,190.9090909090909,46.2,0.5263157894736842,역세권,신축,5
bunkyo,文京区,88.0,4,15.8,6,19,2.1,아파트,남서,0,0,0,0,2023,2,11840,134.54545454545453,22.0,0.3157894736842105,역세권,중고,0
meguro,目黒区,66.7,3,21.6,13,16,3.9,아파트,남동,1,1,0,0,2021,1,9580,143.62818590704646,22.233333333333334,0.8125,도보권,중고,3
meguro,目黒区,53.6,2,6.3,3,17,1.2,맨션,남,0,0,1,1,2022,12,10680,199.2537313432836,26.8,0.17647058823529413,역세권,준신축,3
chiyoda,千代田区,81.5,4,12.3,9,19,2.4,아파트,북동,1,0,1,1,2022,7,23110,283.55828220858893,20.375,0.47368421052631576,역세권,준신축,5
nakano,中野区,94.9,4,16.0,4,8,1.0,아파트,남서,0,1,1,0,2021,6,9440,99.4731296101159,23.725,0.5,역세권,중고,3
sumida,墨田区,63.5,3,4.0,14,17,2.9,맨션,남동,0,1,0,0,2023,7,8620,135.748031496063,21.166666666666668,0.8235294117647058,역세권,신축,1
shibuya,渋谷区,85.5,4,14.5,13,15,6.9,맨션,북동,0,1,0,0,2023,2,15540,181.75438596491227,21.375,0.8666666666666667,도보권,준신축,1
bunkyo,文京区,92.9,5,20.0,9,12,17.1,아파트,서,0,0,1,0,2023,1,9450,101.72228202368137,18.580000000000002,0.75,원거리,중고,2
minato,港区,46.3,1,9.1,3,15,1.0,타워맨션,동,0,1,0,0,2023,6,14720,317.92656587473004,46.3,0.2,역세권,준신축,1
kita,北区,41.6,1,23.0,3,7,4.7,타워맨션,남서,1,1,0,0,2022,10,3220,77.40384615384615,41.6,0.42857142857142855,도보권,중고,3
koto,江東区,78.9,3,16.4,9,17,9.4,맨션,동,0,1,0,0,2024,4,7340,93.02915082382762,26.3,0.5294117647058824,버스권,중고,1
adachi,足立区,20.0,1,10.4,13,14,11.9,맨션,남동,1,1,1,1,2021,6,1330,66.5,20.0,0.9285714285714286,버스권,준신축,6
chiyoda,千代田区,105.8,5,31.6,12,13,1.0,아파트,남서,0,1,1,0,2021,2,18230,172.3062381852552,21.16,0.9230769230769231,역세권,노후,3
chiyoda,千代田区,73.9,3,13.0,5,17,5.1,아파트,북동,1,1,0,0,2022,10,16790,227.19891745602163,24.633333333333336,0.29411764705882354,도보권,준신축,3
chuo,中央区,57.3,2,0.9,5,6,1.0,아파트,북서,0,1,0,0,2022,5,12240,213.61256544502618,28.65,0.8333333333333334,역세권,신축,1
chiyoda,千代田区,30.3,1,3.7,2,2,1.3,맨션,북,0,1,1,0,2021,12,7530,248.5148514851485,30.3,1.0,역세권,신축,3
shinjuku,新宿区,63.7,3,10.1,10,13,1.0,아파트,서,0,0,0,1,2023,9,10300,161.6954474097331,21.233333333333334,0.7692307692307693,역세권,준신축,1
meguro,目黒区,29.1,1,2.8,7,10,1.6,맨션,북서,1,1,1,0,2024,11,6540,224.7422680412371,29.1,0.7,역세권,신축,5
itabashi,板橋区,91.2,4,15.8,13,18,2.0,아파트,남,1,0,1,0,2021,9,6000,65.78947368421052,22.8,0.7222222222222222,역세권,중고,4
shibuya,渋谷区,90.5,4,26.5,9,12,1.0,맨션,북동,0,1,0,0,2024,7,13780,152.26519337016575,22.625,0.75,역세권,중고,1
chiyoda,千代田区,89.3,5,8.4,8,18,4.3,아파트,남동,1,1,0,0,2022,4,20030,224.30011198208288,17.86,0.4444444444444444,도보권,준신축,3
meguro,目黒区,68.9,3,7.8,3,9,7.7,맨션,남동,0,1,1,0,2022,5,10710,155.44267053701014,22.96666666666667,0.3333333333333333,버스권,준신축,3
chiyoda,千代田区,57.8,2,8.3,13,15,2.8,빌라,남동,0,1,1,0,2022,3,14370,248.61591695501733,28.9,0.8666666666666667,역세권,준신축,3
meguro,目黒区,111.8,5,1.1,5,10,5.7,타워맨션,남,0,1,0,0,2023,9,23780,212.70125223613596,22.36,0.5,도보권,신축,1
chiyoda,千代田区,55.2,2,38.9,8,10,6.3,맨션,동,1,1,0,0,2021,12,8270,149.81884057971013,27.6,0.8,도보권,노후,3
bunkyo,文京区,55.4,3,1.3,2,7,12.1,아파트,남,0,1,1,0,2021,9,6720,121.29963898916968,18.466666666666665,0.2857142857142857,버스권,신축,3
bunkyo,文京区,47.9,2,25.9,11,11,13.6,아파트,동,0,1,0,0,2022,2,4940,103.13152400835074,23.95,1.0,버스권,중고,1
meguro,目黒区,47.6,3,9.7,8,16,18.2,맨션,동,0,1,1,0,2022,9,6490,136.34453781512605,15.866666666666667,0.5,원거리,준신축,3
meguro,目黒区,88.4,4,8.6,13,14,13.7,맨션,남서,0,1,1,0,2023,6,13590,153.73303167420812,22.1,0.9285714285714286,버스권,준신축,3
minato,港区,105.2,5,49.5,2,18,2.0,타워맨션,남,1,1,1,0,2024,12,22640,215.20912547528516,21.04,0.1111111111111111,역세권,노후,5
shibuya,渋谷区,107.5,4,2.2,4,6,6.6,타워맨션,남서,0,0,0,1,2021,9,24140,224.5581395348837,26.875,0.6666666666666666,도보권,신축,1
chiyoda,千代田区,53.7,1,1.1,6,16,8.3,아파트,남,0,0,1,0,2023,7,11180,208.19366852886404,53.7,0.375,버스권,신축,2
toshima,豊島区,46.6,2,11.9,10,17,8.0,아파트,북서,0,1,0,1,2021,3,4590,98.49785407725322,23.3,0.5882352941176471,버스권,준신축,2
chuo,中央区,51.3,2,5.3,11,17,11.4,맨션,남서,0,1,1,1,2024,9,11000,214.42495126705654,25.65,0.6470588235294118,버스권,준신축,4
minato,港区,68.8,3,15.5,1,9,3.1,맨션,남,0,1,0,0,2021,7,15740,228.77906976744188,22.933333333333334,0.1111111111111111,도보권,중고,1
shinjuku,新宿区,69.6,3,10.0,6,12,6.9,맨션,남동,0,1,0,0,2024,11,10680,153.44827586206898,23.2,0.5,도보권,준신축,1
shinjuku,新宿区,94.9,4,5.9,7,11,2.7,빌라,서,0,1,1,0,2024,3,15460,162.90832455216017,23.725,0.6363636363636364,역세권,준신축,3
chuo,中央区,115.3,6,8.8,5,10,1.0,아파트,남,0,0,0,0,2021,7,22610,196.0971379011275,19.216666666666665,0.5,역세권,준신축,0
taito,台東区,77.5,3,13.6,6,9,10.2,아파트,남,0,0,0,0,2024,11,7100,91.61290322580645,25.833333333333332,0.6666666666666666,버스권,준신축,0
suginami,杉並区,50.9,2,14.1,8,13,2.5,빌라,북서,0,0,1,0,2023,8,4980,97.83889980353635,25.45,0.6153846153846154,역세권,준신축,2
edogawa,江戸川区,57.7,2,3.5,13,19,3.9,타워맨션,북서,0,1,1,0,2021,2,4030,69.84402079722703,28.85,0.6842105263157895,도보권,신축,3
shinagawa,品川区,88.4,4,32.2,13,15,5.3,아파트,남서,0,1,0,0,2025,7,8630,97.62443438914026,22.1,0.8666666666666667,도보권,노후,1
chuo,中央区,20.0,1,9.1,13,18,22.1,아파트,남,0,0,0,0,2025,11,2680,134.0,20.0,0.7222222222222222,원거리,준신축,0
bunkyo,文京区,57.5,2,2.7,2,3,7.7,맨션,북서,1,1,0,0,2021,1,7700,133.91304347826087,28.75,0.6666666666666666,버스권,신축,3
katsushika,葛飾区,109.5,4,9.5,11,18,3.9,아파트,서,0,1,1,0,2021,5,5820,53.15068493150685,27.375,0.6111111111111112,도보권,준신축,3
meguro,目黒区,90.3,5,23.0,6,15,10.5,맨션,동,1,1,1,0,2024,3,13380,148.17275747508307,18.06,0.4,버스권,중고,5
nerima,練馬区,56.6,2,1.7,13,13,9.7,맨션,남서,0,0,1,0,2023,3,5280,93.28621908127208,28.3,1.0,버스권,신축,2
bunkyo,文京区,32.6,1,13.3,7,18,1.0,빌라,남,1,1,1,0,2024,6,4610,141.41104294478527,32.6,0.3888888888888889,역세권,준신축,5
chiyoda,千代田区,64.0,2,55.3,14,16,1.0,아파트,남서,0,1,1,0,2024,4,8710,136.09375,32.0,0.875,역세권,노후,3
ota,大田区,79.6,4,17.2,3,6,1.0,빌라,동,0,1,0,0,2024,2,5390,67.71356783919599,19.9,0.5,역세권,중고,1
adachi,足立区,114.0,6,6.6,9,9,2.6,아파트,남,0,1,0,1,2024,3,7460,65.43859649122807,19.0,1.0,역세권,준신축,2
chiyoda,千代田区,111.0,5,3.8,12,12,26.2,타워맨션,남,0,1,1,0,2024,10,29630,266.93693693693695,22.2,1.0,원거리,신축,3
shinjuku,新宿区,74.5,4,17.1,3,17,3.2,맨션,동,0,1,0,0,2022,9,10320,138.5234899328859,18.625,0.17647058823529413,도보권,중고,1
bunkyo,文京区,51.9,2,0.0,10,18,9.3,아파트,남,1,1,1,0,2025,11,7830,150.8670520231214,25.95,0.5555555555555556,버스권,,5
minato,港区,89.9,4,18.5,10,19,16.4,맨션,서,0,1,0,1,2022,8,14200,157.9532814238042,22.475,0.5263157894736842,원거리,중고,2
koto,江東区,80.1,3,4.0,7,10,18.9,아파트,남,0,0,1,1,2021,10,8170,101.99750312109863,26.7,0.7,원거리,신축,3
ota,大田区,62.6,3,5.7,14,19,8.9,빌라,남동,0,0,1,1,2022,4,5310,84.82428115015975,20.866666666666667,0.7368421052631579,버스권,준신축,3
toshima,豊島区,48.1,1,0.9,4,13,5.5,아파트,남동,0,1,0,0,2023,2,5580,116.008316008316,48.1,0.3076923076923077,도보권,신축,1
kita,北区,29.2,1,28.2,14,15,8.1,아파트,남동,0,1,1,1,2021,12,1980,67.8082191780822,29.2,0.9333333333333333,버스권,중고,4
shibuya,渋谷区,66.2,3,24.0,14,16,2.8,타워맨션,동,0,0,1,0,2021,3,14570,220.09063444108762,22.066666666666666,0.875,역세권,중고,2
sumida,墨田区,75.3,3,9.2,6,10,19.0,맨션,남,0,1,1,0,2021,11,5400,71.71314741035857,25.099999999999998,0.6,원거리,준신축,3
bunkyo,文京区,69.6,2,11.5,13,16,14.8,아파트,남동,0,1,0,0,2024,12,10600,152.29885057471265,34.8,0.8125,버스권,준신축,1
nerima,練馬区,56.7,1,28.7,13,13,4.6,맨션,남,1,1,1,0,2021,9,3860,68.07760141093475,56.7,1.0,도보권,중고,5
itabashi,板橋区,65.6,3,6.3,5,12,2.6,아파트,북,1,1,1,0,2024,12,5740,87.50000000000001,21.866666666666664,0.4166666666666667,역세권,준신축,5
adachi,足立区,59.2,2,14.7,10,14,1.1,맨션,남,0,1,0,0,2022,11,3830,64.69594594594594,29.6,0.7142857142857143,역세권,준신축,1
koto,江東区,96.5,4,31.0,7,11,8.1,아파트,남,0,1,1,1,2020,12,5720,59.27461139896373,24.125,0.6363636363636364,버스권,노후,4
meguro,目黒区,95.1,5,0.9,5,12,1.0,아파트,북동,1,1,1,0,2020,12,16960,178.3385909568875,19.02,0.4166666666666667,역세권,신축,5
setagaya,世田谷区,90.0,4,43.7,6,13,7.3,아파트,남,1,1,1,0,2022,2,7230,80.33333333333333,22.5,0.46153846153846156,버스권,노후,5
toshima,豊島区,74.0,3,3.2,7,18,1.0,아파트,남,1,1,0,0,2025,5,12940,174.86486486486487,24.666666666666668,0.3888888888888889,역세권,신축,3
itabashi,板橋区,58.6,2,10.3,12,14,12.3,타워맨션,북서,1,0,1,0,2022,9,5870,100.17064846416382,29.3,0.8571428571428571,버스권,준신축,4
shibuya,渋谷区,88.9,4,3.0,7,13,16.1,맨션,서,0,1,0,0,2023,7,13020,146.4566929133858,22.225,0.5384615384615384,원거리,신축,1
setagaya,世田谷区,65.5,2,6.1,14,18,1.0,타워맨션,서,0,1,0,1,2021,7,11000,167.93893129770993,32.75,0.7777777777777778,역세권,준신축,2
shinagawa,品川区,58.8,3,6.3,12,12,2.4,타워맨션,서,0,1,1,0,2023,7,13280,225.85034013605443,19.599999999999998,1.0,역세권,준신축,3
minato,港区,77.6,4,11.4,2,12,7.3,빌라,동,0,1,0,0,2022,8,11660,150.2577319587629,19.4,0.16666666666666666,버스권,준신축,1
minato,港区,79.4,4,50.5,13,14,18.6,아파트,남동,0,0,0,0,2024,8,8070,101.63727959697732,19.85,0.9285714285714286,원거리,노후,0
sumida,墨田区,79.4,4,16.0,8,12,10.0,맨션,북동,0,1,0,0,2024,9,6400,80.60453400503778,19.85,0.6666666666666666,버스권,중고,1
minato,港区,106.5,5,7.8,14,16,13.1,아파트,북서,0,1,1,0,2023,10,26420,248.07511737089203,21.3,0.875,버스권,준신축,3
chuo,中央区,20.0,1,1.6,7,14,12.7,아파트,서,1,0,0,0,2025,5,3920,196.0,20.0,0.5,버스권,신축,2
chiyoda,千代田区,54.5,2,19.8,14,16,18.9,아파트,남서,0,1,1,1,2023,12,8510,156.14678899082568,27.25,0.875,원거리,중고,4
setagaya,世田谷区,77.1,3,12.7,9,9,8.6,맨션,남,0,1,0,1,2021,5,8890,115.30479896238651,25.7,1.0,버스권,준신축,2
adachi,足立区,126.3,5,16.4,5,18,2.0,빌라,남,0,1,1,1,2023,8,6640,52.57323832145685,25.259999999999998,0.2777777777777778,역세권,중고,4
chiyoda,千代田区,59.7,2,25.8,12,18,7.8,맨션,남서,1,0,1,0,2023,7,12070,202.17755443886097,29.85,0.6666666666666666,버스권,중고,4
setagaya,世田谷区,82.4,3,36.9,2,14,13.9,아파트,남,0,0,0,0,2024,6,5220,63.349514563106794,27.46666666666667,0.14285714285714285,버스권,노후,0
meguro,目黒区,144.4,6,0.0,9,11,13.1,아파트,남,0,1,0,1,2022,11,21450,148.54570637119113,24.066666666666666,0.8181818181818182,버스권,,2
bunkyo,文京区,68.1,4,4.3,9,11,1.7,아파트,서,0,0,0,1,2024,9,10910,160.20558002936858,17.025,0.8181818181818182,역세권,신축,1
minato,港区,63.7,3,31.4,10,17,6.7,타워맨션,남,0,1,0,0,2023,3,15180,238.30455259026687,21.233333333333334,0.5882352941176471,도보권,노후,1
bunkyo,文京区,66.1,2,18.9,11,19,2.8,아파트,남서,0,0,1,0,2025,5,9380,141.90620272314675,33.05,0.5789473684210527,역세권,중고,2
minato,港区,72.9,3,15.8,13,16,1.0,타워맨션,동,0,1,1,0,2023,10,27620,378.875171467764,24.3,0.8125,역세권,중고,3
meguro,目黒区,20.0,1,13.1,1,3,10.1,빌라,남,0,1,1,0,2024,3,2690,134.5,20.0,0.3333333333333333,버스권,준신축,3
taito,台東区,47.7,2,47.7,9,14,8.5,맨션,북동,1,1,0,0,2025,10,2880,60.37735849056603,23.85,0.6428571428571429,버스권,노후,3
toshima,豊島区,40.4,1,9.9,13,13,1.0,맨션,남서,0,1,1,1,2025,11,6730,166.58415841584159,40.4,1.0,역세권,준신축,4
chuo,中央区,52.9,2,13.6,14,14,4.8,아파트,남동,0,0,0,0,2022,5,10870,205.4820415879017,26.45,1.0,도보권,준신축,0
bunkyo,文京区,40.0,2,4.5,14,15,2.8,맨션,북동,0,0,0,0,2025,11,5670,141.75,20.0,0.9333333333333333,역세권,신축,0
meguro,目黒区,80.7,4,1.5,1,16,7.7,아파트,북,0,0,1,0,2022,6,11010,136.43122676579924,20.175,0.0625,버스권,신축,2
nerima,練馬区,68.8,3,31.9,5,12,13.1,아파트,서,1,1,1,0,2023,9,3680,53.48837209302326,22.933333333333334,0.4166666666666667,버스권,노후,5
chiyoda,千代田区,54.6,3,7.5,7,14,9.6,맨션,남동,0,1,0,1,2024,12,11320,207.32600732600733,18.2,0.5,버스권,준신축,2
chiyoda,千代田区,20.3,1,11.6,4,19,1.4,맨션,남동,0,0,0,0,2025,6,4990,245.81280788177338,20.3,0.21052631578947367,역세권,준신축,0
shibuya,渋谷区,80.0,3,56.5,8,8,3.8,아파트,남동,0,0,1,0,2024,7,9310,116.375,26.666666666666668,1.0,도보권,노후,2
taito,台東区,26.6,1,4.1,14,15,6.4,타워맨션,남,0,0,1,0,2022,6,4460,167.6691729323308,26.6,0.9333333333333333,도보권,신축,2
ota,大田区,89.9,4,14.1,12,13,1.0,아파트,북동,1,1,1,0,2021,3,7050,78.42046718576195,22.475,0.9230769230769231,역세권,준신축,5
bunkyo,文京区,41.3,1,13.8,8,11,9.9,빌라,서,1,0,1,0,2024,1,4650,112.590799031477,41.3,0.7272727272727273,버스권,준신축,4
ota,大田区,62.8,3,31.1,5,12,1.1,맨션,북서,0,0,0,0,2022,9,3610,57.484076433121025,20.933333333333334,0.4166666666666667,역세권,노후,0
chiyoda,千代田区,40.4,3,0.2,4,15,1.0,아파트,남동,0,1,0,0,2025,3,10820,267.82178217821786,13.466666666666667,0.26666666666666666,역세권,신축,1
nerima,練馬区,80.4,4,14.3,12,12,2.2,아파트,서,1,1,0,0,2021,9,5730,71.26865671641791,20.1,1.0,역세권,준신축,3
shibuya,渋谷区,59.8,3,2.5,5,16,2.6,아파트,북서,0,1,1,0,2021,10,11730,196.15384615384616,19.933333333333334,0.3125,역세권,신축,3
sumida,墨田区,70.0,3,38.2,11,15,30.0,아파트,남,0,1,0,0,2021,3,3610,51.57142857142857,23.333333333333332,0.7333333333333333,원거리,노후,1
minato,港区,33.9,2,19.7,13,19,1.0,타워맨션,서,1,1,0,0,2024,10,10220,301.47492625368733,16.95,0.6842105263157895,역세권,중고,3
adachi,足立区,62.9,3,1.3,14,15,12.8,맨션,서,0,1,0,1,2025,9,4810,76.47058823529412,20.966666666666665,0.9333333333333333,버스권,신축,2
suginami,杉並区,43.7,2,6.3,11,16,1.7,맨션,북동,0,1,1,0,2021,12,5630,128.83295194508008,21.85,0.6875,역세권,준신축,3
shinjuku,新宿区,66.5,3,3.8,14,14,1.0,맨션,남동,0,1,1,0,2022,8,12110,182.10526315789474,22.166666666666668,1.0,역세권,신축,3
minato,港区,46.9,2,21.1,1,1,6.7,맨션,서,0,0,1,0,2025,8,10670,227.50533049040513,23.45,1.0,도보권,중고,2
taito,台東区,75.2,3,15.3,11,18,15.0,맨션,북서,0,1,1,0,2025,3,8280,110.1063829787234,25.066666666666666,0.6111111111111112,버스권,중고,3
edogawa,江戸川区,59.5,3,11.7,13,14,9.7,맨션,북동,1,1,1,1,2023,6,4530,76.1344537815126,19.833333333333332,0.9285714285714286,버스권,준신축,6
shibuya,渋谷区,68.0,3,1.4,6,6,13.3,타워맨션,북서,1,0,0,0,2025,11,17610,258.97058823529414,22.666666666666668,1.0,버스권,신축,2
bunkyo,文京区,53.1,3,27.5,10,17,1.0,맨션,북동,0,1,1,0,2022,1,5920,111.48775894538606,17.7,0.5882352941176471,역세권,중고,3
chuo,中央区,61.2,3,6.3,2,4,15.2,아파트,남동,0,1,0,0,2021,12,9110,148.85620915032678,20.400000000000002,0.5,원거리,준신축,1
arakawa,荒川区,58.9,2,12.8,3,14,19.7,맨션,남,0,1,1,0,2024,9,4330,73.5144312393888,29.45,0.21428571428571427,원거리,준신축,3
itabashi,板橋区,64.3,2,22.8,10,10,30.0,맨션,남동,1,0,0,0,2021,7,3410,53.03265940902022,32.15,1.0,원거리,중고,2
nerima,練馬区,56.5,2,0.8,3,9,30.0,맨션,남동,1,1,0,0,2025,8,5070,89.73451327433628,28.25,0.3333333333333333,원거리,신축,3
chuo,中央区,53.5,2,11.8,9,17,23.2,아파트,남서,1,1,1,0,2023,11,9830,183.73831775700936,26.75,0.5294117647058824,원거리,준신축,5
itabashi,板橋区,85.5,4,6.5,9,9,4.0,타워맨션,북서,1,0,1,0,2020,12,7490,87.60233918128655,21.375,1.0,도보권,준신축,4
adachi,足立区,73.5,4,0.4,6,11,2.4,맨션,북동,0,1,0,0,2024,6,5530,75.23809523809524,18.375,0.5454545454545454,역세권,신축,1
koto,江東区,94.1,4,32.1,10,10,1.1,빌라,남,0,1,1,0,2021,10,5640,59.93623804463337,23.525,1.0,역세권,노후,3
setagaya,世田谷区,85.6,4,9.6,11,17,14.7,빌라,남동,1,1,1,0,2023,4,9790,114.36915887850468,21.4,0.6470588235294118,버스권,준신축,5
sumida,墨田区,115.7,5,12.1,12,13,6.1,아파트,남서,0,1,1,0,2025,8,11970,103.45721694036301,23.14,0.9230769230769231,도보권,준신축,3
nerima,練馬区,92.6,5,1.4,11,14,13.6,맨션,남동,0,0,0,1,2025,7,10790,116.52267818574515,18.52,0.7857142857142857,버스권,신축,1
bunkyo,文京区,81.7,3,26.8,2,15,11.2,아파트,동,0,0,0,1,2022,12,7150,87.51529987760098,27.233333333333334,0.13333333333333333,버스권,중고,1
suginami,杉並区,114.9,6,0.2,13,15,1.0,맨션,남,0,0,0,1,2022,2,15070,131.15752828546562,19.150000000000002,0.8666666666666667,역세권,신축,1
bunkyo,文京区,35.8,3,16.1,5,18,11.8,맨션,남동,0,0,1,1,2024,5,4580,127.93296089385476,11.933333333333332,0.2777777777777778,버스권,중고,3
minato,港区,39.9,2,32.3,13,19,1.0,맨션,남동,1,1,1,0,2020,12,8220,206.01503759398497,19.95,0.6842105263157895,역세권,노후,5
suginami,杉並区,72.4,4,1.0,2,3,6.2,타워맨션,동,0,0,1,0,2021,1,11010,152.07182320441987,18.1,0.6666666666666666,도보권,신축,2
kita,北区,83.2,3,7.9,6,12,9.0,맨션,북,1,0,0,0,2025,7,7630,91.70673076923076,27.733333333333334,0.5,버스권,준신축,2
shinagawa,品川区,63.3,4,37.9,2,12,1.0,맨션,남동,1,1,1,0,2021,6,7270,114.84992101105846,15.825,0.16666666666666666,역세권,노후,5
shinjuku,新宿区,73.3,3,9.1,2,5,1.1,타워맨션,남서,0,1,0,1,2021,5,12420,169.4406548431105,24.433333333333334,0.4,역세권,준신축,2
shinjuku,新宿区,72.7,2,2.7,1,9,3.9,아파트,남동,1,1,1,1,2022,5,12240,168.363136176066,36.35,0.1111111111111111,도보권,신축,6
minato,港区,69.2,2,0.1,1,12,4.8,타워맨션,남,0,1,0,0,2021,10,22390,323.5549132947977,34.6,0.08333333333333333,도보권,신축,1
shinjuku,新宿区,45.9,2,16.1,1,8,1.0,빌라,남동,1,0,0,0,2024,11,5330,116.12200435729848,22.95,0.125,역세권,중고,2
shibuya,渋谷区,63.4,3,3.5,5,19,2.4,맨션,남,0,1,1,0,2022,6,17520,276.34069400630915,21.133333333333333,0.2631578947368421,역세권,신축,3
setagaya,世田谷区,79.5,4,22.8,12,19,13.1,타워맨션,남서,1,1,0,1,2025,1,13170,165.66037735849056,19.875,0.631578947368421,버스권,중고,4
bunkyo,文京区,39.5,2,18.4,1,2,4.7,타워맨션,북동,0,0,0,0,2024,8,6320,160.0,19.75,0.5,도보권,중고,0
kita,北区,55.4,2,13.7,14,17,21.2,맨션,남,0,1,1,0,2024,3,3770,68.05054151624549,27.7,0.8235294117647058,원거리,준신축,3
minato,港区,29.9,1,36.6,9,11,1.0,아파트,남,0,1,1,0,2021,10,5200,173.91304347826087,29.9,0.8181818181818182,역세권,노후,3
taito,台東区,71.3,3,1.3,9,13,6.4,맨션,남동,1,1,1,0,2021,12,10090,141.5147265077139,23.766666666666666,0.6923076923076923,도보권,신축,5
toshima,豊島区,46.7,2,4.5,9,17,3.8,타워맨션,남,0,1,0,0,2025,1,9360,200.42826552462526,23.35,0.5294117647058824,도보권,신축,1
chiyoda,千代田区,42.1,1,3.7,10,10,6.2,아파트,동,1,1,0,0,2023,3,9540,226.60332541567695,42.1,1.0,도보권,신축,3
minato,港区,72.1,4,5.5,1,1,1.0,아파트,동,0,1,1,1,2022,2,21670,300.55478502080445,18.025,1.0,역세권,준신축,4
nerima,練馬区,45.8,2,5.1,5,6,5.5,아파트,북동,1,1,1,0,2020,12,3550,77.5109170305677,22.9,0.8333333333333334,도보권,준신축,5
chuo,中央区,80.1,3,42.3,5,5,8.5,맨션,동,0,0,1,1,2022,9,9120,113.85767790262173,26.7,1.0,버스권,노후,3
bunkyo,文京区,41.5,1,0.9,5,12,1.0,맨션,남,0,0,0,0,2025,8,6630,159.75903614457832,41.5,0.4166666666666667,역세권,신축,0
shibuya,渋谷区,62.7,2,20.8,9,15,1.0,맨션,남,0,1,0,0,2022,11,10520,167.78309409888357,31.35,0.6,역세권,중고,1
nerima,練馬区,58.6,2,15.5,1,1,7.1,아파트,서,0,0,1,0,2025,7,4320,73.72013651877133,29.3,1.0,버스권,중고,2
sumida,墨田区,58.8,3,18.4,8,18,12.7,맨션,남,0,0,1,0,2021,3,4590,78.06122448979592,19.599999999999998,0.4444444444444444,버스권,중고,2
setagaya,世田谷区,76.1,4,1.1,14,16,1.0,아파트,남,0,1,1,0,2024,9,14430,189.61892247043366,19.025,0.875,역세권,신축,3
shibuya,渋谷区,77.9,4,13.1,8,18,19.2,아파트,동,0,1,1,0,2023,5,11090,142.3620025673941,19.475,0.4444444444444444,원거리,준신축,3
shinagawa,品川区,76.7,3,18.0,6,6,9.9,맨션,남서,1,0,0,0,2022,3,9760,127.2490221642764,25.566666666666666,1.0,버스권,중고,2
minato,港区,95.2,5,3.4,3,10,2.6,아파트,서,0,1,0,1,2025,11,27080,284.453781512605,19.04,0.3,역세권,신축,2
meguro,目黒区,51.0,1,27.3,11,12,6.0,맨션,남서,0,1,1,0,2022,3,6710,131.5686274509804,51.0,0.9166666666666666,도보권,중고,3
minato,港区,43.4,1,5.8,7,12,2.5,아파트,북서,1,0,0,0,2023,9,11170,257.37327188940094,43.4,0.5833333333333334,역세권,준신축,2
toshima,豊島区,82.1,3,28.6,6,8,9.6,아파트,북서,0,1,0,0,2024,10,6550,79.7807551766139,27.366666666666664,0.75,버스권,중고,1
setagaya,世田谷区,42.7,2,9.1,9,17,2.3,아파트,동,1,1,0,1,2022,4,5770,135.1288056206089,21.35,0.5294117647058824,역세권,준신축,4
itabashi,板橋区,32.8,1,16.0,9,12,3.6,아파트,북동,0,1,1,0,2023,3,2290,69.81707317073172,32.8,0.75,도보권,중고,3
meguro,目黒区,80.4,4,8.8,4,19,11.7,아파트,남서,0,1,1,1,2024,7,10410,129.4776119402985,20.1,0.21052631578947367,버스권,준신축,4
nerima,練馬区,74.9,4,60.0,6,6,6.1,맨션,서,0,0,1,0,2022,11,3390,45.260347129506,18.725,1.0,도보권,노후,2
bunkyo,文京区,20.0,1,51.1,5,16,4.6,빌라,남,0,1,0,0,2025,12,1430,71.5,20.0,0.3125,도보권,노후,1
itabashi,板橋区,67.2,3,14.3,7,8,9.3,맨션,남서,0,1,1,1,2023,8,5400,80.35714285714285,22.400000000000002,0.875,버스권,준신축,4
chiyoda,千代田区,55.0,2,4.2,3,3,28.9,아파트,남,1,1,1,0,2023,12,10070,183.0909090909091,27.5,1.0,원거리,신축,5
nerima,練馬区,82.6,4,48.8,12,15,7.5,타워맨션,동,0,1,1,0,2022,4,4750,57.506053268765136,20.65,0.8,버스권,노후,3
shibuya,渋谷区,60.8,2,60.0,8,19,12.2,타워맨션,남서,0,0,1,0,2021,4,6690,110.03289473684211,30.4,0.42105263157894735,버스권,노후,2
katsushika,葛飾区,73.1,3,13.5,11,17,9.2,맨션,남,0,1,1,0,2025,8,4800,65.66347469220247,24.366666666666664,0.6470588235294118,버스권,준신축,3
ota,大田区,86.4,5,17.0,13,13,1.0,타워맨션,동,1,1,0,0,2021,5,7230,83.68055555555556,17.28,1.0,역세권,중고,3
minato,港区,112.4,5,8.8,5,6,5.1,맨션,남서,0,1,0,0,2024,1,31260,278.1138790035587,22.48,0.8333333333333334,도보권,준신축,1
chiyoda,千代田区,95.2,4,0.7,5,17,9.8,맨션,남,0,1,0,0,2022,5,19660,206.5126050420168,23.8,0.29411764705882354,버스권,신축,1
bunkyo,文京区,49.2,3,25.7,14,16,9.5,타워맨션,북,1,1,0,0,2024,10,7280,147.96747967479675,16.400000000000002,0.875,버스권,중고,3
arakawa,荒川区,36.1,1,1.6,3,5,23.6,타워맨션,남서,0,1,0,1,2023,9,3610,100.0,36.1,0.6,원거리,신축,2
shibuya,渋谷区,52.2,2,3.9,3,8,15.2,맨션,동,0,1,0,1,2022,9,8940,171.26436781609195,26.1,0.375,원거리,신축,2
chiyoda,千代田区,46.6,2,2.1,7,19,3.3,아파트,북,1,0,1,1,2025,2,12020,257.9399141630901,23.3,0.3684210526315789,도보권,신축,5
nakano,中野区,54.9,3,2.9,13,16,2.6,맨션,남,0,1,0,1,2024,7,7620,138.79781420765028,18.3,0.8125,역세권,신축,2
adachi,足立区,68.2,4,9.2,12,14,1.0,맨션,서,1,1,1,0,2024,4,4280,62.7565982404692,17.05,0.8571428571428571,역세권,준신축,5
arakawa,荒川区,84.3,3,4.3,12,14,11.5,아파트,남,0,0,1,1,2023,7,7270,86.23962040332147,28.099999999999998,0.8571428571428571,버스권,신축,3
shinagawa,品川区,63.4,3,34.4,4,16,5.3,맨션,남,0,1,1,0,2022,8,6700,105.6782334384858,21.133333333333333,0.25,도보권,노후,3
minato,港区,22.3,1,1.4,5,8,2.0,타워맨션,남동,0,0,0,0,2021,2,8550,383.4080717488789,22.3,0.625,역세권,신축,0
koto,江東区,107.7,5,7.1,7,9,2.3,아파트,서,1,1,0,0,2023,7,10560,98.05013927576601,21.54,0.7777777777777778,역세권,준신축,3
meguro,目黒区,20.0,1,3.6,10,11,1.5,맨션,남,0,1,1,0,2025,10,4300,215.0,20.0,0.9090909090909091,역세권,신축,3
shibuya,渋谷区,52.2,2,4.2,9,17,7.2,맨션,동,0,1,0,0,2024,3,9330,178.73563218390802,26.1,0.5294117647058824,버스권,신축,1
minato,港区,84.8,4,6.9,13,18,8.3,맨션,북,0,1,0,0,2024,7,21640,255.18867924528303,21.2,0.7222222222222222,버스권,준신축,1
minato,港区,70.3,2,10.0,6,9,2.5,타워맨션,남서,1,1,1,0,2021,9,28170,400.7112375533428,35.15,0.6666666666666666,역세권,준신축,5
arakawa,荒川区,21.5,1,21.9,9,10,4.0,아파트,남,0,1,1,0,2024,2,1350,62.7906976744186,21.5,0.9,도보권,중고,3
suginami,杉並区,74.3,4,3.3,6,15,1.7,아파트,북동,0,0,1,0,2022,9,8660,116.55450874831763,18.575,0.4,역세권,신축,2
chuo,中央区,90.5,5,1.2,10,18,6.4,맨션,서,1,1,0,0,2025,5,26570,293.5911602209945,18.1,0.5555555555555556,도보권,신축,3
setagaya,世田谷区,85.3,4,39.1,13,14,6.6,맨션,남,0,0,0,0,2024,9,7110,83.35287221570927,21.325,0.9285714285714286,도보권,노후,0
taito,台東区,55.8,2,10.4,13,14,1.0,맨션,남,1,0,1,0,2025,2,7050,126.34408602150538,27.9,0.9285714285714286,역세권,준신축,4
meguro,目黒区,103.1,4,2.9,2,12,3.4,맨션,북서,1,0,0,0,2024,6,20260,196.5082444228904,25.775,0.16666666666666666,도보권,신축,2
nakano,中野区,47.9,2,9.9,9,14,3.2,맨션,북서,0,1,0,0,2021,2,4830,100.83507306889354,23.95,0.6428571428571429,도보권,준신축,1
shinjuku,新宿区,50.4,2,7.9,4,7,5.1,맨션,남동,0,0,1,0,2025,3,8770,174.0079365079365,25.2,0.5714285714285714,도보권,준신축,2
sumida,墨田区,44.6,2,31.5,2,5,1.0,아파트,남동,0,1,1,0,2024,7,2980,66.81614349775785,22.3,0.4,역세권,노후,3
minato,港区,48.4,2,37.5,6,6,3.3,맨션,동,0,1,1,0,2023,1,8040,166.11570247933884,24.2,1.0,도보권,노후,3
koto,江東区,76.1,4,2.1,10,19,7.9,빌라,서,0,1,1,0,2022,2,7340,96.45203679369251,19.025,0.5263157894736842,버스권,신축,3
meguro,目黒区,56.4,2,6.1,3,15,7.9,아파트,남서,0,1,0,0,2024,8,9300,164.8936170212766,28.2,0.2,버스권,준신축,1
itabashi,板橋区,104.9,4,13.1,12,12,1.0,타워맨션,동,0,0,1,0,2023,6,9960,94.94756911344136,26.225,1.0,역세권,준신축,2
bunkyo,文京区,128.0,5,56.8,4,5,1.3,아파트,동,0,0,1,0,2023,3,10920,85.3125,25.6,0.8,역세권,노후,2
minato,港区,54.7,3,13.1,4,6,3.0,맨션,남동,0,1,0,1,2025,4,14450,264.1681901279707,18.233333333333334,0.6666666666666666,역세권,준신축,2
taito,台東区,30.5,2,10.4,11,18,8.9,맨션,남,1,1,0,0,2025,4,4310,141.31147540983608,15.25,0.6111111111111112,버스권,준신축,3
shibuya,渋谷区,74.9,3,21.3,3,3,10.2,아파트,남서,0,1,1,1,2024,3,10480,139.91989319092121,24.96666666666667,1.0,버스권,중고,4
chuo,中央区,68.4,3,8.2,9,13,3.5,빌라,남,1,1,1,1,2023,3,16090,235.23391812865495,22.8,0.6923076923076923,도보권,준신축,6
nakano,中野区,43.7,1,10.2,1,15,3.1,아파트,북동,1,1,1,0,2025,7,4850,110.98398169336383,43.7,0.06666666666666667,도보권,준신축,5
koto,江東区,20.0,1,26.4,8,12,13.5,아파트,남,0,1,1,0,2022,10,1470,73.5,20.0,0.6666666666666666,버스권,중고,3
adachi,足立区,22.9,2,23.6,5,18,3.4,맨션,서,1,1,1,0,2024,12,1350,58.951965065502186,11.45,0.2777777777777778,도보권,중고,5
shibuya,渋谷区,87.1,4,1.5,11,11,9.4,아파트,동,1,0,0,0,2023,1,16370,187.94489092996557,21.775,1.0,버스권,신축,2
setagaya,世田谷区,40.9,2,3.1,9,19,8.8,아파트,북서,0,0,0,0,2021,9,4390,107.33496332518338,20.45,0.47368421052631576,버스권,신축,0
chiyoda,千代田区,43.9,2,0.4,12,15,1.0,맨션,동,1,1,1,1,2022,1,14640,333.4851936218679,21.95,0.8,역세권,신축,6
chiyoda,千代田区,20.0,1,28.1,2,6,8.3,맨션,남동,0,1,0,0,2022,10,3140,157.0,20.0,0.3333333333333333,버스권,중고,1
katsushika,葛飾区,79.9,3,10.3,3,4,5.1,맨션,남동,0,1,0,1,2022,8,4730,59.19899874843554,26.633333333333336,0.75,도보권,준신축,2
chuo,中央区,96.7,5,13.4,9,17,2.9,맨션,남동,0,1,0,0,2023,2,23580,243.84694932781798,19.34,0.5294117647058824,역세권,준신축,1
minato,港区,100.4,5,11.4,4,7,5.3,아파트,북동,0,0,1,1,2025,2,30530,304.0836653386454,20.080000000000002,0.5714285714285714,도보권,준신축,3
adachi,足立区,50.4,1,17.5,14,14,14.1,맨션,서,1,1,1,0,2023,8,2880,57.142857142857146,50.4,1.0,버스권,중고,5
minato,港区,109.7,4,20.0,10,13,1.0,맨션,동,0,0,0,0,2023,3,26040,237.3746581586144,27.425,0.7692307692307693,역세권,중고,0
shibuya,渋谷区,43.0,1,43.8,4,8,7.0,맨션,동,0,1,0,0,2021,3,3970,92.32558139534883,43.0,0.5,도보권,노후,1
nerima,練馬区,25.3,1,38.7,8,11,11.1,타워맨션,남,0,1,0,0,2021,10,1570,62.055335968379445,25.3,0.7272727272727273,버스권,노후,1
nakano,中野区,78.1,4,10.4,5,9,8.0,맨션,북,0,0,1,1,2021,6,6780,86.81177976952625,19.525,0.5555555555555556,버스권,준신축,3
nakano,中野区,77.9,3,28.2,3,4,4.5,아파트,남동,0,1,1,0,2021,2,5700,73.17073170731707,25.96666666666667,0.75,도보권,중고,3
chiyoda,千代田区,96.1,4,3.7,10,15,4.8,맨션,남,0,1,0,0,2024,2,24880,258.8969823100937,24.025,0.6666666666666666,도보권,신축,1
nakano,中野区,41.0,1,4.2,5,7,8.3,맨션,남서,0,1,1,0,2021,10,3850,93.90243902439025,41.0,0.7142857142857143,버스권,신축,3
shinagawa,品川区,70.6,3,27.9,13,13,1.0,아파트,남,1,1,0,0,2021,10,9540,135.12747875354108,23.53333333333333,1.0,역세권,중고,3
ota,大田区,85.0,3,3.8,11,15,4.0,맨션,남,0,1,0,0,2023,3,8480,99.76470588235294,28.333333333333332,0.7333333333333333,도보권,신축,1
meguro,目黒区,52.4,2,2.2,9,11,12.2,빌라,동,1,0,0,1,2021,2,7560,144.27480916030535,26.2,0.8181818181818182,버스권,신축,3
sumida,墨田区,50.3,2,15.0,7,11,7.7,맨션,동,0,0,1,0,2021,5,4040,80.31809145129225,25.15,0.6363636363636364,버스권,준신축,2
suginami,杉並区,50.9,2,11.2,12,17,9.9,아파트,동,0,0,0,1,2025,5,4670,91.74852652259332,25.45,0.7058823529411765,버스권,준신축,1
shinjuku,新宿区,44.7,2,6.8,7,16,2.9,타워맨션,남,1,1,0,0,2022,5,11370,254.36241610738253,22.35,0.4375,역세권,준신축,3
shibuya,渋谷区,52.0,2,19.9,13,19,1.1,아파트,북서,1,1,0,1,2021,8,9300,178.84615384615384,26.0,0.6842105263157895,역세권,중고,4
suginami,杉並区,98.3,5,10.0,6,12,2.3,빌라,서,0,1,1,0,2023,2,11060,112.51271617497457,19.66,0.5,역세권,준신축,3
nakano,中野区,84.6,4,31.8,3,17,8.4,맨션,남,0,1,1,0,2021,5,6640,78.48699763593382,21.15,0.17647058823529413,버스권,노후,3
shibuya,渋谷区,61.4,3,13.3,5,10,4.3,맨션,북동,1,1,0,0,2024,1,12050,196.2540716612378,20.466666666666665,0.5,도보권,준신축,3
setagaya,世田谷区,89.2,4,12.4,10,12,6.1,아파트,남,0,0,1,0,2025,5,11210,125.67264573991031,22.3,0.8333333333333334,도보권,준신축,2
kita,北区,70.0,3,7.1,2,3,11.7,맨션,북서,1,0,1,1,2022,9,6840,97.71428571428571,23.333333333333332,0.6666666666666666,버스권,준신축,5
shibuya,渋谷区,90.3,4,26.8,9,16,2.5,맨션,남서,0,0,0,0,2023,8,15520,171.87153931339978,22.575,0.5625,역세권,중고,0
chiyoda,千代田区,69.5,3,2.8,10,14,6.1,맨션,북동,0,1,0,0,2021,8,16860,242.58992805755395,23.166666666666668,0.7142857142857143,도보권,신축,1
nerima,練馬区,77.2,3,32.5,3,4,7.7,아파트,동,0,0,0,0,2021,5,3470,44.94818652849741,25.733333333333334,0.75,버스권,노후,0
nakano,中野区,33.3,1,0.1,3,10,3.2,아파트,동,1,1,1,0,2023,10,3470,104.20420420420422,33.3,0.3,도보권,신축,5
minato,港区,26.0,1,33.8,14,16,1.0,타워맨션,북서,1,1,1,0,2021,8,6400,246.15384615384616,26.0,0.875,역세권,노후,5
chuo,中央区,46.0,2,21.1,13,13,10.6,타워맨션,북서,0,1,0,1,2025,7,9270,201.52173913043478,23.0,1.0,버스권,중고,2
setagaya,世田谷区,73.6,3,12.1,6,19,1.0,타워맨션,남동,1,0,1,0,2022,12,12320,167.3913043478261,24.53333333333333,0.3157894736842105,역세권,준신축,4
chuo,中央区,54.8,3,16.5,3,19,3.9,맨션,동,0,1,0,0,2021,6,8530,155.65693430656935,18.266666666666666,0.15789473684210525,도보권,중고,1
katsushika,葛飾区,67.3,3,12.4,2,18,4.5,타워맨션,북동,0,0,0,0,2023,10,4440,65.97325408618129,22.433333333333334,0.1111111111111111,도보권,준신축,0
edogawa,江戸川区,37.2,1,22.4,14,17,2.3,맨션,동,1,0,1,0,2024,7,2590,69.6236559139785,37.2,0.8235294117647058,역세권,중고,4
meguro,目黒区,37.8,1,26.6,1,1,1.0,아파트,동,0,1,0,0,2021,2,3840,101.5873015873016,37.8,1.0,역세권,중고,1
minato,港区,68.6,4,8.7,8,9,1.0,아파트,남,0,0,0,1,2023,9,18280,266.4723032069971,17.15,0.8888888888888888,역세권,준신축,1
chuo,中央区,91.2,5,24.8,8,19,12.8,아파트,남동,0,1,1,1,2021,12,12230,134.10087719298247,18.240000000000002,0.42105263157894735,버스권,중고,4
bunkyo,文京区,85.3,4,20.6,5,16,10.7,아파트,남서,0,1,1,1,2023,4,8680,101.75849941383353,21.325,0.3125,버스권,중고,4
chiyoda,千代田区,63.2,3,19.0,9,14,6.4,아파트,남,1,1,1,1,2025,5,16050,253.95569620253164,21.066666666666666,0.6428571428571429,도보권,중고,6
katsushika,葛飾区,112.3,6,6.7,8,16,1.0,아파트,남,0,1,0,0,2020,12,6230,55.47640249332146,18.716666666666665,0.5,역세권,준신축,1
meguro,目黒区,80.6,4,2.2,6,9,3.6,맨션,북서,0,1,1,0,2022,4,15890,197.14640198511168,20.15,0.6666666666666666,도보권,신축,3
arakawa,荒川区,77.1,3,0.4,5,15,2.1,맨션,동,1,1,1,1,2021,8,7810,101.2970168612192,25.7,0.3333333333333333,역세권,신축,6
kita,北区,84.0,3,24.6,13,17,3.1,맨션,서,0,1,0,1,2024,6,6360,75.71428571428571,28.0,0.7647058823529411,도보권,중고,2
shinagawa,品川区,65.8,3,1.8,2,17,10.1,맨션,남,0,1,1,1,2023,5,13120,199.3920972644377,21.933333333333334,0.11764705882352941,버스권,신축,4
shibuya,渋谷区,78.7,3,24.6,14,15,4.9,아파트,남,0,0,0,1,2023,1,11660,148.15756035578144,26.233333333333334,0.9333333333333333,도보권,중고,1
katsushika,葛飾区,68.4,2,1.4,13,15,4.0,타워맨션,남,0,1,1,0,2024,6,6210,90.78947368421052,34.2,0.8666666666666667,도보권,신축,3
shibuya,渋谷区,57.0,3,60.0,1,15,2.3,아파트,남동,0,1,0,0,2025,9,6220,109.12280701754386,19.0,0.06666666666666667,역세권,노후,1
shibuya,渋谷区,46.7,2,5.7,7,17,6.1,타워맨션,북동,0,1,0,1,2024,1,13330,285.43897216274087,23.35,0.4117647058823529,도보권,준신축,2
sumida,墨田区,61.5,2,19.5,14,16,12.0,아파트,남동,0,0,0,1,2025,10,4990,81.13821138211382,30.75,0.875,버스권,중고,1
chuo,中央区,69.0,3,9.5,14,19,12.6,빌라,남,1,1,0,0,2025,1,14090,204.20289855072463,23.0,0.7368421052631579,버스권,준신축,3
shinagawa,品川区,74.2,4,24.8,6,12,1.0,맨션,동,0,1,1,1,2025,8,9930,133.82749326145552,18.55,0.5,역세권,중고,4
shinjuku,新宿区,64.9,2,47.3,7,15,7.0,아파트,남,0,1,0,0,2021,4,4630,71.34052388289676,32.45,0.4666666666666667,도보권,노후,1
chiyoda,千代田区,43.0,1,2.0,4,9,8.0,맨션,동,0,0,0,0,2021,10,7400,172.09302325581396,43.0,0.4444444444444444,버스권,신축,0
nerima,練馬区,56.3,2,19.3,9,15,11.8,아파트,남,0,1,1,0,2022,10,3800,67.4955595026643,28.15,0.6,버스권,중고,3
setagaya,世田谷区,70.5,3,6.8,5,17,1.0,아파트,북,0,0,0,0,2025,2,8780,124.53900709219859,23.5,0.29411764705882354,역세권,준신축,0
shinagawa,品川区,95.3,5,0.0,3,9,2.4,맨션,북서,0,1,0,0,2025,2,19610,205.77124868835259,19.06,0.3333333333333333,역세권,,1
shibuya,渋谷区,101.4,4,4.5,9,16,1.0,아파트,남,0,0,0,0,2025,10,24400,240.63116370808677,25.35,0.5625,역세권,신축,0
kita,北区,101.3,5,20.4,10,16,5.3,아파트,남,0,1,0,1,2024,6,7500,74.03751233958539,20.259999999999998,0.625,도보권,중고,2
meguro,目黒区,116.7,5,3.0,7,13,1.3,아파트,북동,0,1,1,0,2024,8,21130,181.06255355612683,23.34,0.5384615384615384,역세권,신축,3
suginami,杉並区,20.0,1,4.2,4,16,1.0,아파트,남,0,1,1,0,2024,1,2330,116.5,20.0,0.25,역세권,신축,3
nakano,中野区,82.8,3,7.2,7,7,13.1,아파트,남동,1,1,0,0,2025,4,9130,110.26570048309179,27.599999999999998,1.0,버스권,준신축,3
kita,北区,87.7,4,4.4,10,14,3.7,맨션,남,1,0,0,0,2021,5,10180,116.07753705815279,21.925,0.7142857142857143,도보권,신축,2
nakano,中野区,83.6,4,1.6,1,5,8.0,아파트,남서,1,1,0,0,2024,4,9290,111.1244019138756,20.9,0.2,버스권,신축,3
chuo,中央区,41.0,2,15.1,12,14,5.4,맨션,남서,0,1,1,0,2022,8,9120,222.4390243902439,20.5,0.8571428571428571,도보권,중고,3
kita,北区,40.0,1,18.8,10,14,29.5,맨션,남,1,1,1,1,2022,5,3050,76.25,40.0,0.7142857142857143,원거리,중고,6
sumida,墨田区,100.0,5,36.0,3,16,4.0,빌라,남,0,1,1,0,2023,8,4810,48.1,20.0,0.1875,도보권,노후,3
minato,港区,20.1,1,7.4,9,10,3.6,맨션,남동,0,1,0,0,2021,1,4840,240.7960199004975,20.1,0.9,도보권,준신축,1
koto,江東区,40.2,2,19.0,10,19,6.2,타워맨션,남동,0,1,1,1,2024,3,4880,121.39303482587064,20.1,0.5263157894736842,도보권,중고,4
edogawa,江戸川区,61.3,3,1.5,3,16,3.3,맨션,동,0,1,1,0,2025,5,5230,85.31810766721044,20.433333333333334,0.1875,도보권,신축,3
bunkyo,文京区,42.0,2,8.5,2,9,3.5,아파트,남,0,1,0,0,2023,5,5470,130.23809523809524,21.0,0.2222222222222222,도보권,준신축,1
minato,港区,49.1,2,5.6,14,19,1.8,맨션,북서,0,0,0,1,2022,10,14350,292.26069246435844,24.55,0.7368421052631579,역세권,준신축,1
koto,江東区,40.1,2,8.1,8,13,2.7,아파트,북동,1,1,0,1,2025,6,4530,112.96758104738154,20.05,0.6153846153846154,역세권,준신축,4
minato,港区,95.0,5,3.3,11,17,10.7,아파트,남서,1,1,0,0,2023,3,23330,245.57894736842104,19.0,0.6470588235294118,버스권,신축,3
shinagawa,品川区,69.5,4,14.0,13,17,1.0,아파트,남,0,1,1,0,2023,6,13400,192.80575539568346,17.375,0.7647058823529411,역세권,준신축,3
chuo,中央区,73.1,3,0.4,9,9,3.5,아파트,남,0,1,1,0,2021,12,16490,225.58139534883722,24.366666666666664,1.0,도보권,신축,3
minato,港区,52.5,3,2.9,10,18,30.0,빌라,동,0,1,1,0,2024,9,11280,214.85714285714286,17.5,0.5555555555555556,원거리,신축,3
minato,港区,31.2,1,6.3,14,15,1.0,맨션,남서,0,1,1,0,2025,10,12640,405.12820512820514,31.2,0.9333333333333333,역세권,준신축,3
minato,港区,96.7,5,4.3,14,18,8.6,타워맨션,남서,0,0,0,0,2024,7,28020,289.7621509824198,19.34,0.7777777777777778,버스권,신축,0
shibuya,渋谷区,98.4,4,3.1,12,18,6.6,빌라,동,0,1,0,0,2024,10,21160,215.04065040650406,24.6,0.6666666666666666,도보권,신축,1
arakawa,荒川区,45.8,1,20.0,14,19,10.6,타워맨션,남서,0,0,0,0,2022,1,3480,75.98253275109171,45.8,0.7368421052631579,버스권,중고,0
minato,港区,20.0,1,8.7,13,13,3.9,아파트,남,0,0,0,0,2022,7,4520,226.0,20.0,1.0,도보권,준신축,0
nerima,練馬区,46.7,1,0.2,14,14,1.6,빌라,서,0,1,0,0,2022,6,3750,80.29978586723769,46.7,1.0,역세권,신축,1
taito,台東区,66.4,3,6.7,7,18,2.7,맨션,동,1,0,1,0,2023,2,9040,136.144578313253,22.133333333333336,0.3888888888888889,역세권,준신축,4
shinjuku,新宿区,51.1,2,0.9,10,12,14.5,아파트,남,0,1,1,0,2022,2,8970,175.5381604696673,25.55,0.8333333333333334,버스권,신축,3
chiyoda,千代田区,34.0,1,6.7,14,18,9.2,빌라,북서,0,0,1,0,2024,7,5730,168.52941176470588,34.0,0.7777777777777778,버스권,준신축,2
katsushika,葛飾区,47.0,1,36.6,1,15,9.2,맨션,북,1,0,0,0,2021,9,1580,33.61702127659574,47.0,0.06666666666666667,버스권,노후,2
chuo,中央区,48.3,2,23.1,14,15,30.0,타워맨션,남서,1,1,1,0,2024,3,10810,223.80952380952382,24.15,0.9333333333333333,원거리,중고,5
minato,港区,95.9,4,1.6,13,16,1.0,타워맨션,서,0,1,1,0,2025,6,40860,426.0688216892596,23.975,0.8125,역세권,신축,3
nerima,練馬区,121.9,5,3.3,3,6,1.0,맨션,서,0,1,0,0,2023,11,11690,95.89827727645611,24.380000000000003,0.5,역세권,신축,1
minato,港区,79.6,3,2.2,4,6,3.5,아파트,남동,1,0,0,0,2021,10,21320,267.8391959798995,26.53333333333333,0.6666666666666666,도보권,신축,2
suginami,杉並区,83.4,3,0.3,12,17,1.4,아파트,남,0,0,1,0,2022,7,11650,139.6882494004796,27.8,0.7058823529411765,역세권,신축,2
sumida,墨田区,56.7,3,10.2,3,12,5.0,맨션,남,1,0,1,0,2021,6,5420,95.59082892416225,18.900000000000002,0.25,도보권,준신축,4
shinjuku,新宿区,75.9,4,15.3,1,12,2.7,아파트,남,0,1,1,0,2023,3,10850,142.9512516469038,18.975,0.08333333333333333,역세권,중고,3
nakano,中野区,39.0,1,1.0,2,14,6.4,아파트,남동,1,1,1,0,2023,2,5200,133.33333333333334,39.0,0.14285714285714285,도보권,신축,5
minato,港区,56.5,2,0.1,7,14,16.5,아파트,동,0,1,1,0,2024,8,11170,197.69911504424778,28.25,0.5,원거리,신축,3
minato,港区,20.0,1,20.3,5,16,1.9,빌라,남,0,1,1,0,2023,4,4630,231.5,20.0,0.3125,역세권,중고,3
nerima,練馬区,65.5,2,0.9,13,18,8.8,아파트,서,0,1,1,0,2024,6,6200,94.65648854961832,32.75,0.7222222222222222,버스권,신축,3
chuo,中央区,53.3,3,4.8,5,19,1.0,빌라,서,1,1,1,0,2022,10,11400,213.88367729831145,17.766666666666666,0.2631578947368421,역세권,신축,5
shinagawa,品川区,51.2,1,21.9,8,8,5.8,맨션,남서,0,1,0,1,2025,10,9000,175.78125,51.2,1.0,도보권,중고,2
sumida,墨田区,64.8,3,6.5,8,9,1.0,맨션,남,0,1,0,0,2023,9,7760,119.75308641975309,21.599999999999998,0.8888888888888888,역세권,준신축,1
chuo,中央区,23.1,1,60.0,3,11,11.7,맨션,남,0,0,0,0,2024,6,2480,107.35930735930735,23.1,0.2727272727272727,버스권,노후,0
minato,港区,71.0,4,23.4,7,9,5.0,아파트,북,0,1,0,1,2021,2,11390,160.42253521126761,17.75,0.7777777777777778,도보권,중고,2
shinagawa,品川区,81.4,3,20.2,11,17,10.9,맨션,북서,0,1,1,1,2025,8,12120,148.8943488943489,27.133333333333336,0.6470588235294118,버스권,중고,4
koto,江東区,113.2,5,5.5,14,16,21.3,맨션,남동,1,0,0,0,2023,1,11420,100.8833922261484,22.64,0.875,원거리,준신축,2
toshima,豊島区,47.6,2,3.5,14,15,10.9,맨션,서,1,1,1,0,2023,5,7450,156.51260504201682,23.8,0.9333333333333333,버스권,신축,5
minato,港区,101.3,5,29.8,14,16,1.0,맨션,남서,1,1,1,1,2025,3,26830,264.8568608094768,20.259999999999998,0.875,역세권,중고,6
chuo,中央区,84.7,4,16.2,8,18,6.4,아파트,서,0,1,0,0,2024,2,15910,187.83943329397874,21.175,0.4444444444444444,도보권,중고,1
chuo,中央区,90.2,4,12.3,11,11,5.2,타워맨션,남서,1,1,1,0,2022,10,24420,270.7317073170732,22.55,1.0,도보권,준신축,5
chiyoda,千代田区,49.5,2,6.4,4,13,27.7,맨션,서,1,1,0,0,2021,2,9890,199.7979797979798,24.75,0.3076923076923077,원거리,준신축,3
setagaya,世田谷区,59.1,2,1.6,4,13,5.8,맨션,동,0,1,0,0,2024,4,9620,162.77495769881557,29.55,0.3076923076923077,도보권,신축,1
bunkyo,文京区,49.4,1,60.0,4,18,7.5,아파트,남,1,0,1,0,2023,9,3530,71.45748987854252,49.4,0.2222222222222222,버스권,노후,4
toshima,豊島区,51.9,3,7.8,13,14,10.8,맨션,남,0,1,1,0,2024,12,7730,148.9402697495183,17.3,0.9285714285714286,버스권,준신축,3
chiyoda,千代田区,73.8,3,16.7,5,10,1.3,아파트,북,0,1,1,0,2021,6,13100,177.50677506775068,24.599999999999998,0.5,역세권,중고,3
arakawa,荒川区,37.9,1,5.5,9,12,1.0,타워맨션,남,0,1,0,0,2025,2,4480,118.20580474934037,37.9,0.75,역세권,준신축,1
chuo,中央区,29.1,1,41.3,5,7,1.2,아파트,남동,1,1,1,0,2024,10,4510,154.9828178694158,29.1,0.7142857142857143,역세권,노후,5
setagaya,世田谷区,26.7,1,12.7,10,11,3.7,타워맨션,북서,0,1,0,1,2022,7,3800,142.32209737827716,26.7,0.9090909090909091,도보권,준신축,2
nerima,練馬区,75.5,3,8.9,9,10,1.4,타워맨션,남서,1,1,1,0,2025,5,9120,120.79470198675497,25.166666666666668,0.9,역세권,준신축,5
setagaya,世田谷区,48.0,2,1.7,5,8,1.0,타워맨션,서,0,1,1,0,2024,5,8870,184.79166666666666,24.0,0.625,역세권,신축,3
sumida,墨田区,25.2,1,1.0,2,11,1.2,빌라,북동,0,1,0,0,2025,3,2560,101.5873015873016,25.2,0.18181818181818182,역세권,신축,1
ota,大田区,35.5,1,23.2,3,12,3.5,타워맨션,동,0,1,1,0,2025,2,3250,91.54929577464789,35.5,0.25,도보권,중고,3
suginami,杉並区,64.7,2,0.7,4,15,10.2,맨션,북,1,1,1,0,2022,3,7040,108.80989180834621,32.35,0.26666666666666666,버스권,신축,5
meguro,目黒区,80.8,3,0.6,11,17,2.8,아파트,서,0,1,0,0,2022,8,15020,185.8910891089109,26.933333333333334,0.6470588235294118,역세권,신축,1
edogawa,江戸川区,68.2,3,4.2,5,9,5.8,아파트,동,0,0,1,0,2023,7,5000,73.31378299120234,22.733333333333334,0.5555555555555556,도보권,신축,2
chuo,中央区,55.7,2,19.1,11,12,8.4,타워맨션,남동,1,1,1,0,2024,7,12940,232.31597845601436,27.85,0.9166666666666666,버스권,중고,5
meguro,目黒区,81.4,4,17.3,8,13,4.1,아파트,북동,0,1,0,1,2021,9,11730,144.10319410319408,20.35,0.6153846153846154,도보권,중고,2
shinjuku,新宿区,85.2,3,21.2,5,10,5.5,아파트,서,0,0,1,0,2025,4,10330,121.24413145539906,28.400000000000002,0.5,도보권,중고,2
shinagawa,品川区,52.1,3,4.6,10,10,1.0,아파트,북서,0,0,1,0,2025,10,9370,179.8464491362764,17.366666666666667,1.0,역세권,신축,2
nakano,中野区,83.6,4,11.9,8,18,5.9,맨션,남,0,1,0,0,2021,9,8930,106.81818181818183,20.9,0.4444444444444444,도보권,준신축,1
chuo,中央区,116.5,5,26.6,8,11,18.9,맨션,남동,0,1,1,0,2023,3,14630,125.5793991416309,23.3,0.7272727272727273,원거리,중고,3
kita,北区,21.6,1,1.7,10,15,1.0,아파트,남서,1,1,0,0,2025,11,2500,115.74074074074073,21.6,0.6666666666666666,역세권,신축,3
chiyoda,千代田区,75.3,3,26.8,11,19,6.5,아파트,남,1,1,0,0,2023,2,12860,170.7835325365206,25.099999999999998,0.5789473684210527,도보권,중고,3
adachi,足立区,31.2,1,26.9,5,18,5.3,아파트,동,1,1,0,0,2024,4,1650,52.88461538461539,31.2,0.2777777777777778,도보권,중고,3
setagaya,世田谷区,119.9,6,17.5,14,18,2.9,타워맨션,남동,0,1,0,0,2024,8,19600,163.4695579649708,19.983333333333334,0.7777777777777778,역세권,중고,1
chiyoda,千代田区,81.2,3,2.4,8,11,10.6,아파트,남서,0,1,1,0,2023,8,17460,215.02463054187191,27.066666666666666,0.7272727272727273,버스권,신축,3
shinjuku,新宿区,25.6,1,15.5,8,14,1.0,아파트,동,1,1,1,0,2025,7,4120,160.9375,25.6,0.5714285714285714,역세권,중고,5
itabashi,板橋区,51.0,3,4.5,12,15,17.6,빌라,남동,0,1,0,0,2020,12,2780,54.509803921568626,17.0,0.8,원거리,신축,1
suginami,杉並区,55.3,2,2.1,5,7,2.3,아파트,남서,0,1,1,0,2023,6,6630,119.89150090415914,27.65,0.7142857142857143,역세권,신축,3
bunkyo,文京区,71.9,3,8.7,3,10,6.9,아파트,남,0,0,0,1,2022,8,8890,123.64394993045896,23.96666666666667,0.3,도보권,준신축,1
kita,北区,71.0,2,25.9,13,19,6.6,타워맨션,동,1,0,0,0,2023,8,7690,108.30985915492958,35.5,0.6842105263157895,도보권,중고,2
koto,江東区,50.9,2,3.2,6,16,8.7,맨션,동,1,1,1,0,2021,12,6480,127.30844793713163,25.45,0.375,버스권,신축,5
kita,北区,39.2,1,13.4,6,19,1.9,아파트,남서,1,1,0,0,2021,8,2880,73.46938775510203,39.2,0.3157894736842105,역세권,준신축,3
setagaya,世田谷区,90.2,4,9.2,5,15,11.7,맨션,북서,0,1,0,0,2022,12,9900,109.7560975609756,22.55,0.3333333333333333,버스권,준신축,1
shinagawa,品川区,52.0,3,23.1,8,15,1.0,맨션,서,1,1,0,0,2025,1,8460,162.69230769230768,17.333333333333332,0.5333333333333333,역세권,중고,3
edogawa,江戸川区,83.3,3,34.5,5,17,8.2,아파트,남서,0,0,1,0,2023,9,3710,44.53781512605042,27.766666666666666,0.29411764705882354,버스권,노후,2
shibuya,渋谷区,105.8,5,5.3,4,15,6.8,맨션,남,0,1,0,0,2024,1,23480,221.92816635160682,21.16,0.26666666666666666,도보권,준신축,1
kita,北区,84.3,4,16.2,4,7,1.0,맨션,서,0,0,1,0,2024,3,5640,66.90391459074733,21.075,0.5714285714285714,역세권,중고,2
katsushika,葛飾区,49.3,2,11.5,2,6,10.1,아파트,서,1,1,1,0,2022,2,3000,60.85192697768763,24.65,0.3333333333333333,버스권,준신축,5
chiyoda,千代田区,37.6,2,0.6,8,10,20.5,맨션,남서,0,1,0,0,2023,1,7400,196.80851063829786,18.8,0.8,원거리,신축,1
chiyoda,千代田区,51.7,2,1.6,4,8,3.8,아파트,서,0,0,0,0,2025,5,11130,215.2804642166344,25.85,0.5,도보권,신축,0
chuo,中央区,42.4,1,32.7,11,15,11.9,맨션,남,0,1,1,1,2025,11,6960,164.1509433962264,42.4,0.7333333333333333,버스권,노후,4
meguro,目黒区,64.4,2,2.2,1,17,7.2,맨션,남,0,1,1,0,2022,8,11690,181.52173913043475,32.2,0.058823529411764705,버스권,신축,3
setagaya,世田谷区,71.7,2,2.8,7,16,1.8,빌라,서,1,1,0,0,2025,11,9610,134.03068340306834,35.85,0.4375,역세권,신축,3
arakawa,荒川区,76.3,2,9.1,12,17,1.1,맨션,북,1,1,0,0,2025,7,8590,112.5819134993447,38.15,0.7058823529411765,역세권,준신축,3
koto,江東区,52.2,3,13.6,14,17,6.8,아파트,북,0,1,1,0,2024,12,4960,95.0191570881226,17.400000000000002,0.8235294117647058,도보권,준신축,3
koto,江東区,44.8,1,2.8,14,14,9.6,타워맨션,서,0,0,1,1,2025,6,5680,126.78571428571429,44.8,1.0,버스권,신축,3
koto,江東区,84.7,5,11.5,1,12,25.7,맨션,남,1,1,0,0,2021,8,7510,88.66587957497048,16.94,0.08333333333333333,원거리,준신축,3
chuo,中央区,126.1,6,25.6,14,19,11.0,타워맨션,서,1,1,0,0,2023,8,23840,189.05630452022206,21.016666666666666,0.7368421052631579,버스권,중고,3
taito,台東区,87.8,3,22.8,3,16,1.0,타워맨션,남동,1,0,1,1,2022,10,12950,147.49430523917997,29.266666666666666,0.1875,역세권,중고,5
arakawa,荒川区,31.4,1,11.2,5,9,9.9,타워맨션,북,0,0,0,1,2021,12,2680,85.35031847133759,31.4,0.5555555555555556,버스권,준신축,1
itabashi,板橋区,74.6,4,7.7,1,5,6.5,빌라,동,0,0,0,0,2025,1,4710,63.13672922252011,18.65,0.2,도보권,준신축,0
sumida,墨田区,80.0,4,3.7,13,18,2.3,아파트,남서,0,1,1,0,2024,5,7130,89.125,20.0,0.7222222222222222,역세권,신축,3
kita,北区,30.8,1,39.2,1,18,2.9,타워맨션,남서,0,0,0,0,2025,5,1840,59.74025974025974,30.8,0.05555555555555555,역세권,노후,0
shinjuku,新宿区,61.9,2,6.5,14,19,29.3,맨션,동,1,0,1,0,2025,3,10430,168.49757673667204,30.95,0.7368421052631579,원거리,준신축,4
shinagawa,品川区,100.7,4,21.1,12,18,2.3,맨션,남동,1,0,1,1,2021,7,17620,174.97517378351537,25.175,0.6666666666666666,역세권,중고,5
koto,江東区,59.6,2,38.8,2,3,5.7,아파트,남동,0,1,0,0,2025,5,4120,69.12751677852349,29.8,0.6666666666666666,도보권,노후,1
shinjuku,新宿区,64.8,3,15.5,14,15,5.1,아파트,서,0,1,0,1,2021,4,8910,137.5,21.599999999999998,0.9333333333333333,도보권,중고,2
minato,港区,60.9,2,16.9,10,15,7.7,맨션,남,0,0,0,0,2021,9,12580,206.568144499179,30.45,0.6666666666666666,버스권,중고,0
koto,江東区,85.4,4,1.2,14,14,1.0,빌라,남,0,1,0,0,2025,10,9810,114.8711943793911,21.35,1.0,역세권,신축,1
bunkyo,文京区,121.5,5,21.7,7,11,1.0,아파트,남,0,0,1,0,2024,6,12170,100.16460905349794,24.3,0.6363636363636364,역세권,중고,2
sumida,墨田区,29.2,1,2.3,8,8,1.0,아파트,서,0,1,1,0,2024,6,3330,114.04109589041096,29.2,1.0,역세권,신축,3
taito,台東区,91.3,3,4.3,4,9,10.5,빌라,남서,1,0,1,1,2022,3,9570,104.81927710843374,30.433333333333334,0.4444444444444444,버스권,신축,5
koto,江東区,75.5,3,47.4,14,17,7.3,아파트,동,1,1,1,0,2021,4,4210,55.76158940397351,25.166666666666668,0.8235294117647058,버스권,노후,5
minato,港区,74.8,3,13.4,5,8,16.9,맨션,남,0,1,1,0,2023,6,14100,188.50267379679144,24.933333333333334,0.625,원거리,준신축,3
koto,江東区,37.7,2,5.2,13,15,3.8,맨션,남,1,1,0,0,2025,1,5440,144.2970822281167,18.85,0.8666666666666667,도보권,준신축,3
setagaya,世田谷区,73.0,2,1.6,7,7,3.9,맨션,서,0,0,1,0,2023,1,10950,150.0,36.5,1.0,도보권,신축,2
chiyoda,千代田区,50.8,2,3.1,10,12,1.1,아파트,남동,1,1,1,1,2024,11,15420,303.54330708661416,25.4,0.8333333333333334,역세권,신축,6
shibuya,渋谷区,68.6,3,19.6,9,10,4.3,빌라,남,0,0,1,0,2021,10,9960,145.18950437317787,22.866666666666664,0.9,도보권,중고,2
nakano,中野区,20.0,1,17.8,4,13,18.1,타워맨션,남,0,1,1,0,2024,6,1880,94.0,20.0,0.3076923076923077,원거리,중고,3
chiyoda,千代田区,32.9,2,6.7,9,13,2.8,아파트,북동,1,1,0,1,2023,2,10110,307.2948328267477,16.45,0.6923076923076923,역세권,준신축,4
kita,北区,20.0,1,10.7,3,16,1.0,아파트,북서,0,0,0,0,2025,3,1400,70.0,20.0,0.1875,역세권,준신축,0
chuo,中央区,44.9,1,16.7,3,11,5.5,맨션,남서,0,1,1,1,2024,12,9790,218.0400890868597,44.9,0.2727272727272727,도보권,중고,4
meguro,目黒区,67.4,3,16.7,13,13,13.3,아파트,남,1,1,1,0,2021,11,9830,145.84569732937683,22.46666666666667,1.0,버스권,중고,5
shinjuku,新宿区,101.8,4,9.9,11,15,4.5,아파트,서,0,0,0,0,2024,12,18370,180.45186640471513,25.45,0.7333333333333333,도보권,준신축,0
ota,大田区,44.8,1,0.1,11,13,7.3,맨션,남,0,0,1,1,2025,4,5950,132.8125,44.8,0.8461538461538461,버스권,신축,3
ota,大田区,93.5,4,2.2,5,8,8.5,아파트,북서,0,1,0,0,2021,1,6560,70.16042780748663,23.375,0.625,버스권,신축,1
nerima,練馬区,81.0,4,0.6,11,15,1.5,아파트,남,0,0,1,0,2022,3,8530,105.30864197530865,20.25,0.7333333333333333,역세권,신축,2
toshima,豊島区,75.7,3,58.7,2,7,3.7,아파트,남서,0,1,1,0,2025,4,4640,61.29458388375165,25.233333333333334,0.2857142857142857,도보권,노후,3
chiyoda,千代田区,76.7,4,47.3,6,12,15.1,타워맨션,서,0,0,1,0,2025,5,9260,120.73011734028682,19.175,0.5,원거리,노후,2
minato,港区,59.4,3,0.8,8,14,10.7,아파트,남서,0,1,0,1,2025,9,16060,270.3703703703704,19.8,0.5714285714285714,버스권,신축,2
shibuya,渋谷区,65.6,4,44.0,8,8,3.7,빌라,남,0,0,0,0,2023,1,5970,91.00609756097562,16.4,1.0,도보권,노후,0
sumida,墨田区,56.9,3,9.9,1,16,15.8,아파트,북,0,1,1,0,2022,5,3720,65.37785588752197,18.966666666666665,0.0625,원거리,준신축,3
meguro,目黒区,30.8,1,13.9,8,15,6.2,맨션,북동,0,1,1,0,2024,11,5010,162.66233766233765,30.8,0.5333333333333333,도보권,준신축,3
setagaya,世田谷区,30.1,2,20.0,6,12,10.0,아파트,북동,0,1,1,0,2022,11,2550,84.71760797342192,15.05,0.5,버스권,중고,3
taito,台東区,64.1,2,12.5,12,18,1.2,아파트,북서,1,1,1,0,2024,10,8950,139.62558502340096,32.05,0.6666666666666666,역세권,준신축,5
nakano,中野区,28.9,1,15.0,14,16,1.0,타워맨션,남,0,1,1,0,2022,3,4640,160.55363321799308,28.9,0.875,역세권,준신축,3
chuo,中央区,54.8,2,5.6,10,17,3.4,맨션,동,0,1,0,0,2022,7,12150,221.71532846715328,27.4,0.5882352941176471,도보권,준신축,1
bunkyo,文京区,29.4,1,14.9,9,16,5.4,타워맨션,북동,0,0,1,0,2022,1,4450,151.36054421768708,29.4,0.5625,도보권,준신축,2
nerima,練馬区,56.6,2,0.2,4,13,7.3,맨션,동,0,0,1,0,2021,2,5360,94.69964664310953,28.3,0.3076923076923077,버스권,신축,2
sumida,墨田区,91.2,5,2.2,7,9,13.5,타워맨션,남동,0,1,1,0,2025,3,13350,146.3815789473684,18.240000000000002,0.7777777777777778,버스권,신축,3
ota,大田区,42.6,2,20.7,12,17,2.2,아파트,남서,1,1,0,0,2021,1,3130,73.47417840375587,21.3,0.7058823529411765,역세권,중고,3
nerima,練馬区,59.2,3,4.5,1,14,2.5,아파트,남,0,0,1,1,2022,5,5240,88.51351351351352,19.733333333333334,0.07142857142857142,역세권,신축,3
itabashi,板橋区,46.8,2,3.6,14,16,3.1,맨션,남,1,1,1,0,2021,1,4810,102.77777777777779,23.4,0.875,도보권,신축,5
kita,北区,37.9,2,14.3,10,14,7.0,맨션,북,0,0,0,0,2025,8,2780,73.35092348284961,18.95,0.7142857142857143,도보권,준신축,0
shinagawa,品川区,68.5,3,39.3,8,16,5.7,아파트,남서,0,0,1,1,2021,11,6270,91.53284671532846,22.833333333333332,0.5,도보권,노후,3
chuo,中央区,44.8,1,1.1,11,15,10.6,빌라,남동,1,1,0,0,2025,6,9370,209.15178571428572,44.8,0.7333333333333333,버스권,신축,3
taito,台東区,50.9,2,25.1,7,15,1.4,빌라,북서,1,0,0,0,2025,11,4870,95.6777996070727,25.45,0.4666666666666667,역세권,중고,2
ota,大田区,64.7,3,5.6,14,14,15.6,맨션,서,0,1,1,0,2022,9,4910,75.8887171561051,21.566666666666666,1.0,원거리,준신축,3
ota,大田区,66.3,3,5.4,7,13,3.5,아파트,남,1,1,1,0,2021,12,6520,98.34087481146305,22.099999999999998,0.5384615384615384,도보권,준신축,5
ota,大田区,76.2,4,26.5,14,14,1.2,타워맨션,북서,1,1,1,0,2025,6,8540,112.07349081364829,19.05,1.0,역세권,중고,5
chiyoda,千代田区,65.0,3,6.2,3,5,1.5,아파트,북서,1,0,1,0,2023,8,16390,252.15384615384616,21.666666666666668,0.6,역세권,준신축,4
ota,大田区,66.0,2,3.2,1,12,1.0,맨션,서,0,1,0,0,2025,7,6710,101.66666666666667,33.0,0.08333333333333333,역세권,신축,1
suginami,杉並区,56.6,2,1.6,10,14,1.0,아파트,북,0,0,0,0,2022,6,6220,109.89399293286219,28.3,0.7142857142857143,역세권,신축,0
adachi,足立区,50.8,3,59.9,5,6,1.9,아파트,남서,0,0,1,0,2022,6,1670,32.874015748031496,16.933333333333334,0.8333333333333334,역세권,노후,2
nerima,練馬区,87.1,4,8.3,9,12,1.0,아파트,남,0,1,0,0,2021,11,7740,88.86337543053962,21.775,0.75,역세권,준신축,1
minato,港区,87.7,4,17.1,3,19,19.5,맨션,동,0,0,1,0,2024,5,14880,169.66932725199544,21.925,0.15789473684210525,원거리,중고,2
taito,台東区,78.5,5,10.9,8,13,1.4,맨션,남,1,1,1,0,2021,8,9790,124.71337579617834,15.7,0.6153846153846154,역세권,준신축,5
setagaya,世田谷区,78.5,4,14.8,6,8,1.5,아파트,서,0,1,0,1,2021,2,9470,120.63694267515923,19.625,0.75,역세권,준신축,2
nakano,中野区,81.9,4,41.7,8,8,3.6,아파트,동,1,1,0,1,2024,4,5660,69.1086691086691,20.475,1.0,도보권,노후,4
shibuya,渋谷区,52.0,2,17.4,6,7,7.1,타워맨션,남,0,0,1,0,2023,5,11310,217.5,26.0,0.8571428571428571,버스권,중고,2
koto,江東区,61.1,3,35.7,2,10,4.5,빌라,북,0,0,0,1,2023,6,3150,51.55482815057283,20.366666666666667,0.2,도보권,노후,1
katsushika,葛飾区,38.7,1,28.5,2,16,23.9,아파트,남동,1,1,0,1,2022,4,1440,37.20930232558139,38.7,0.125,원거리,중고,4
shinjuku,新宿区,68.3,3,33.8,8,11,8.8,아파트,남,1,1,1,0,2021,2,6350,92.97218155197658,22.766666666666666,0.7272727272727273,버스권,노후,5
suginami,杉並区,79.2,3,12.3,6,6,1.0,아파트,동,0,1,1,0,2025,3,9440,119.19191919191918,26.400000000000002,1.0,역세권,준신축,3
suginami,杉並区,68.1,3,4.2,6,9,12.0,맨션,남서,0,0,0,0,2025,3,8670,127.31277533039649,22.7,0.6666666666666666,버스권,신축,0
ota,大田区,44.4,2,5.5,1,8,5.0,아파트,남동,1,1,1,1,2021,4,4280,96.3963963963964,22.2,0.125,도보권,준신축,6
kita,北区,21.1,1,56.1,1,8,1.6,맨션,북동,0,1,1,1,2024,10,1220,57.81990521327014,21.1,0.125,역세권,노후,4
bunkyo,文京区,50.3,2,11.8,10,17,1.0,타워맨션,남서,1,0,1,0,2022,9,11120,221.07355864811134,25.15,0.5882352941176471,역세권,준신축,4
suginami,杉並区,37.2,1,2.8,7,11,3.7,타워맨션,서,1,0,0,0,2023,10,5400,145.16129032258064,37.2,0.6363636363636364,도보권,신축,2
sumida,墨田区,58.8,3,36.7,1,18,1.5,맨션,북동,0,1,1,0,2025,2,3590,61.054421768707485,19.599999999999998,0.05555555555555555,역세권,노후,3
chuo,中央区,76.8,2,35.3,14,18,1.2,아파트,북동,0,0,1,0,2021,11,10520,136.97916666666669,38.4,0.7777777777777778,역세권,노후,2
shinagawa,品川区,40.8,1,18.8,8,11,12.6,맨션,남,0,1,1,0,2024,3,6000,147.05882352941177,40.8,0.7272727272727273,버스권,중고,3
shinagawa,品川区,54.2,3,15.3,13,16,7.0,아파트,남,1,0,1,0,2023,6,8290,152.95202952029518,18.066666666666666,0.8125,도보권,중고,4
nakano,中野区,85.5,4,2.8,10,14,9.8,빌라,북서,1,1,1,0,2023,8,9010,105.38011695906432,21.375,0.7142857142857143,버스권,신축,5
arakawa,荒川区,66.7,2,20.4,7,16,1.0,아파트,북동,0,0,1,0,2022,12,4060,60.869565217391305,33.35,0.4375,역세권,중고,2
nakano,中野区,86.9,4,7.4,3,15,3.5,아파트,남동,0,1,0,1,2023,10,9160,105.4085155350978,21.725,0.2,도보권,준신축,2
minato,港区,64.0,3,13.0,2,11,15.9,아파트,남동,1,0,0,0,2023,10,11460,179.0625,21.333333333333332,0.18181818181818182,원거리,준신축,2
chiyoda,千代田区,86.2,5,8.1,2,4,1.3,타워맨션,북동,1,0,1,0,2021,10,27130,314.7331786542923,17.240000000000002,0.5,역세권,준신축,4
chiyoda,千代田区,50.0,2,21.4,9,17,14.1,맨션,북동,0,0,0,0,2022,4,8790,175.8,25.0,0.5294117647058824,버스권,중고,0
meguro,目黒区,83.3,3,41.5,3,7,4.5,아파트,북동,1,1,1,0,2024,12,8710,104.56182472989197,27.766666666666666,0.42857142857142855,도보권,노후,5
chuo,中央区,77.5,3,1.4,8,17,3.8,맨션,남동,0,1,1,1,2021,2,20420,263.48387096774195,25.833333333333332,0.47058823529411764,도보권,신축,4
nerima,練馬区,37.9,1,0.5,14,15,1.6,아파트,동,1,1,0,1,2024,3,4680,123.48284960422164,37.9,0.9333333333333333,역세권,신축,4
shibuya,渋谷区,108.2,4,4.5,14,16,6.1,타워맨션,남동,0,0,1,1,2025,5,33850,312.8465804066543,27.05,0.875,도보권,신축,3
meguro,目黒区,70.4,4,4.0,14,17,1.9,맨션,서,0,1,1,0,2023,10,16960,240.90909090909088,17.6,0.8235294117647058,역세권,신축,3
chiyoda,千代田区,73.4,3,33.9,11,13,6.9,맨션,남동,0,1,1,0,2021,8,10100,137.60217983651225,24.46666666666667,0.8461538461538461,도보권,노후,3
bunkyo,文京区,48.7,2,1.2,12,17,6.0,아파트,남동,0,0,1,0,2025,7,7710,158.31622176591375,24.35,0.7058823529411765,도보권,신축,2
kita,北区,87.4,3,20.1,4,6,7.0,타워맨션,동,0,0,1,0,2022,8,7440,85.12585812356978,29.133333333333336,0.6666666666666666,도보권,중고,2
nerima,練馬区,77.4,4,16.2,12,13,20.3,아파트,남동,0,1,1,0,2025,10,4180,54.00516795865633,19.35,0.9230769230769231,원거리,중고,3
kita,北区,51.6,2,3.7,10,12,8.7,맨션,남서,1,1,0,0,2023,7,5030,97.48062015503876,25.8,0.8333333333333334,버스권,신축,3
arakawa,荒川区,60.9,2,7.6,9,11,5.1,타워맨션,북,1,0,0,0,2022,7,5340,87.68472906403942,30.45,0.8181818181818182,도보권,준신축,2
suginami,杉並区,86.4,3,4.3,12,13,13.6,아파트,서,0,0,0,0,2021,11,8630,99.88425925925925,28.8,0.9230769230769231,버스권,신축,0
nakano,中野区,55.9,3,5.1,7,12,20.5,아파트,서,0,0,1,0,2022,3,5510,98.56887298747765,18.633333333333333,0.5833333333333334,원거리,준신축,2
chiyoda,千代田区,27.4,1,27.6,5,16,3.1,맨션,동,0,1,1,0,2025,9,4980,181.75182481751827,27.4,0.3125,도보권,중고,3
chuo,中央区,94.0,3,60.0,9,14,28.8,아파트,동,1,1,0,0,2022,5,7950,84.57446808510639,31.333333333333332,0.6428571428571429,원거리,노후,3
edogawa,江戸川区,53.5,1,45.3,6,7,7.5,아파트,서,1,1,1,0,2024,4,1800,33.64485981308411,53.5,0.8571428571428571,버스권,노후,5
ota,大田区,65.0,2,18.4,5,7,1.8,타워맨션,북동,0,0,0,0,2022,7,5660,87.07692307692308,32.5,0.7142857142857143,역세권,중고,0
nakano,中野区,20.0,1,2.4,12,13,8.9,타워맨션,남서,0,1,1,0,2023,1,3460,173.0,20.0,0.9230769230769231,버스권,신축,3
nerima,練馬区,112.8,5,2.3,6,8,15.0,맨션,서,0,1,0,1,2024,4,10330,91.57801418439716,22.56,0.75,버스권,신축,2
shinjuku,新宿区,53.3,3,2.1,2,13,1.0,맨션,북서,0,0,0,1,2024,6,9220,172.9831144465291,17.766666666666666,0.15384615384615385,역세권,신축,1
minato,港区,92.0,4,25.9,2,9,2.0,아파트,북동,0,1,1,0,2022,4,19950,216.84782608695653,23.0,0.2222222222222222,역세권,중고,3
arakawa,荒川区,93.7,4,44.1,10,10,2.3,맨션,북,0,1,0,0,2022,8,4220,45.03735325506937,23.425,1.0,역세권,노후,1
meguro,目黒区,95.5,5,5.6,11,17,7.3,맨션,북,0,1,1,1,2022,3,16070,168.27225130890054,19.1,0.6470588235294118,버스권,준신축,4
chiyoda,千代田区,22.6,1,19.7,4,14,11.3,타워맨션,남동,1,1,1,0,2021,12,5410,239.3805309734513,22.6,0.2857142857142857,버스권,중고,5
itabashi,板橋区,20.0,1,11.4,2,6,8.4,맨션,남,1,1,0,0,2022,10,1420,71.0,20.0,0.3333333333333333,버스권,준신축,3
arakawa,荒川区,56.4,2,0.8,10,19,2.4,아파트,북서,0,1,1,0,2022,5,5350,94.8581560283688,28.2,0.5263157894736842,역세권,신축,3
chiyoda,千代田区,84.2,4,40.2,6,13,4.5,빌라,서,1,0,1,0,2022,1,9600,114.01425178147268,21.05,0.46153846153846156,도보권,노후,4
arakawa,荒川区,40.2,1,1.6,9,12,4.8,타워맨션,남동,0,1,0,1,2023,3,5060,125.87064676616914,40.2,0.75,도보권,신축,2
bunkyo,文京区,50.9,2,8.8,7,11,13.1,아파트,북서,0,0,1,0,2021,12,5700,111.98428290766209,25.45,0.6363636363636364,버스권,준신축,2
suginami,杉並区,49.8,2,9.7,6,19,7.2,아파트,남서,0,1,0,0,2023,6,4830,96.98795180722892,24.9,0.3157894736842105,버스권,준신축,1
meguro,目黒区,33.2,2,4.5,9,19,7.6,맨션,남서,0,0,1,1,2021,9,4980,150.0,16.6,0.47368421052631576,버스권,신축,3
shibuya,渋谷区,75.0,3,16.6,4,5,19.0,맨션,서,0,0,1,0,2022,7,9290,123.86666666666666,25.0,0.8,원거리,중고,2
setagaya,世田谷区,55.0,2,1.3,12,13,1.4,맨션,남동,1,1,0,0,2025,4,9620,174.9090909090909,27.5,0.9230769230769231,역세권,신축,3
edogawa,江戸川区,79.2,2,18.1,6,13,6.4,아파트,남동,1,1,1,0,2023,7,5510,69.57070707070707,39.6,0.46153846153846156,도보권,중고,5
shinagawa,品川区,44.1,1,3.3,5,9,3.5,타워맨션,동,1,1,0,1,2025,5,11630,263.718820861678,44.1,0.5555555555555556,도보권,신축,4
taito,台東区,123.4,6,15.2,7,16,17.0,맨션,남,1,1,0,0,2025,1,11810,95.70502431118314,20.566666666666666,0.4375,원거리,중고,3
shinagawa,品川区,59.4,3,17.6,6,16,11.8,아파트,남동,0,0,1,1,2022,5,8590,144.61279461279463,19.8,0.375,버스권,중고,3
koto,江東区,31.9,1,5.8,1,3,1.0,아파트,남서,0,1,0,0,2025,3,3310,103.76175548589342,31.9,0.3333333333333333,역세권,준신축,1
toshima,豊島区,59.4,2,4.0,12,14,1.0,아파트,남,0,1,1,1,2022,3,8190,137.87878787878788,29.7,0.8571428571428571,역세권,신축,4
taito,台東区,43.9,2,23.9,3,4,10.5,아파트,북동,0,1,1,1,2022,11,3200,72.89293849658314,21.95,0.75,버스권,중고,4
bunkyo,文京区,57.2,1,58.2,4,13,6.7,아파트,남서,0,1,1,0,2021,4,4070,71.15384615384615,57.2,0.3076923076923077,도보권,노후,3
sumida,墨田区,79.8,3,1.3,1,5,13.2,아파트,동,0,1,0,0,2022,11,6570,82.33082706766918,26.599999999999998,0.2,버스권,신축,1
itabashi,板橋区,22.5,1,5.6,11,12,3.8,아파트,서,0,0,0,0,2023,11,1580,70.22222222222223,22.5,0.9166666666666666,도보권,준신축,0
chiyoda,千代田区,112.9,6,11.7,13,16,7.9,맨션,남,1,0,0,1,2023,1,24540,217.36049601417182,18.816666666666666,0.8125,버스권,준신축,3
shinjuku,新宿区,49.1,2,18.9,5,14,2.6,빌라,남서,0,0,1,0,2021,1,6050,123.21792260692465,24.55,0.35714285714285715,역세권,중고,2
toshima,豊島区,50.6,3,13.1,6,17,2.5,맨션,남,1,0,1,0,2023,9,7220,142.68774703557312,16.866666666666667,0.35294117647058826,역세권,준신축,4
chuo,中央区,60.5,2,3.4,14,19,4.9,맨션,남동,1,1,0,0,2023,1,15440,255.20661157024793,30.25,0.7368421052631579,도보권,신축,3
shibuya,渋谷区,72.5,3,34.4,3,14,6.0,맨션,남동,0,1,0,1,2021,6,8240,113.65517241379311,24.166666666666668,0.21428571428571427,도보권,노후,2
nerima,練馬区,109.1,4,10.4,7,12,10.1,맨션,남,0,0,0,1,2025,10,10490,96.15032080659945,27.275,0.5833333333333334,버스권,준신축,1
chuo,中央区,24.8,1,2.3,2,14,6.6,빌라,남,0,1,0,0,2025,4,4860,195.96774193548387,24.8,0.14285714285714285,도보권,신축,1
shinagawa,品川区,56.7,2,7.7,4,9,3.5,아파트,동,0,1,1,0,2023,11,8940,157.67195767195767,28.35,0.4444444444444444,도보권,준신축,3
shinjuku,新宿区,120.2,6,1.5,2,7,4.3,타워맨션,남동,0,1,1,0,2024,4,29170,242.67886855241264,20.033333333333335,0.2857142857142857,도보권,신축,3
bunkyo,文京区,56.4,3,16.7,3,5,1.5,아파트,남,0,1,1,1,2023,8,8180,145.03546099290782,18.8,0.6,역세권,중고,4
kita,北区,69.9,3,23.6,4,13,4.5,타워맨션,북서,0,1,1,0,2024,1,5920,84.69241773962803,23.3,0.3076923076923077,도보권,중고,3
bunkyo,文京区,66.5,3,7.7,3,5,17.7,아파트,남동,0,1,1,0,2022,7,6770,101.80451127819549,22.166666666666668,0.6,원거리,준신축,3
minato,港区,71.2,3,15.7,4,6,6.5,아파트,북서,1,1,0,1,2023,3,16040,225.28089887640448,23.733333333333334,0.6666666666666666,도보권,중고,4
shibuya,渋谷区,63.8,3,12.1,11,17,3.0,맨션,남,0,0,0,0,2021,2,13630,213.63636363636365,21.266666666666666,0.6470588235294118,역세권,준신축,0
taito,台東区,89.5,5,11.6,8,13,6.1,맨션,남서,1,1,0,0,2025,2,11460,128.04469273743015,17.9,0.6153846153846154,도보권,준신축,3
setagaya,世田谷区,20.0,1,14.8,3,7,3.2,아파트,남서,1,0,0,0,2025,6,2300,115.0,20.0,0.42857142857142855,도보권,준신축,2
suginami,杉並区,64.4,3,15.8,2,16,10.2,빌라,서,0,1,0,0,2024,5,5790,89.90683229813664,21.46666666666667,0.125,버스권,중고,1
kita,北区,54.1,1,10.9,13,15,3.7,아파트,북,1,0,1,1,2024,12,4870,90.0184842883549,54.1,0.8666666666666667,도보권,준신축,5
nakano,中野区,76.9,3,41.7,7,12,7.1,아파트,남,0,0,0,0,2022,10,4590,59.687906371911566,25.633333333333336,0.5833333333333334,버스권,노후,0
kita,北区,49.9,3,5.2,10,19,2.3,빌라,동,0,1,0,0,2024,4,3970,79.55911823647295,16.633333333333333,0.5263157894736842,역세권,준신축,1
chiyoda,千代田区,79.6,3,2.7,1,4,1.0,맨션,남,0,1,0,1,2023,12,20940,263.06532663316585,26.53333333333333,0.25,역세권,신축,2
shinjuku,新宿区,53.6,3,6.4,14,16,14.7,맨션,남,1,0,1,0,2022,2,11220,209.32835820895522,17.866666666666667,0.875,버스권,준신축,4
nakano,中野区,72.0,3,15.0,3,15,1.9,아파트,남서,0,1,0,0,2021,10,7000,97.22222222222223,24.0,0.2,역세권,준신축,1
meguro,目黒区,44.7,2,17.6,6,11,1.2,아파트,서,0,1,1,0,2023,10,6690,149.66442953020135,22.35,0.5454545454545454,역세권,중고,3
toshima,豊島区,93.3,5,19.5,4,12,1.6,맨션,서,1,1,1,0,2022,3,12090,129.58199356913184,18.66,0.3333333333333333,역세권,중고,5
nerima,練馬区,76.6,3,2.8,9,14,10.9,맨션,남,1,1,0,0,2024,12,8230,107.44125326370758,25.53333333333333,0.6428571428571429,버스권,신축,3
bunkyo,文京区,81.3,3,0.6,4,5,4.7,빌라,남,0,1,1,0,2023,11,11950,146.98646986469865,27.099999999999998,0.8,도보권,신축,3
bunkyo,文京区,38.2,2,19.8,8,19,7.4,맨션,남,1,1,0,0,2023,2,5160,135.0785340314136,19.1,0.42105263157894735,버스권,중고,3
minato,港区,38.7,1,9.9,6,6,17.6,맨션,남,0,1,0,0,2023,11,8210,212.14470284237726,38.7,1.0,원거리,준신축,1
shibuya,渋谷区,27.5,1,9.2,14,16,8.3,아파트,동,1,1,0,1,2021,8,4900,178.1818181818182,27.5,0.875,버스권,준신축,4
minato,港区,62.1,3,4.6,9,14,1.0,빌라,남동,1,1,1,1,2023,7,19230,309.66183574879227,20.7,0.6428571428571429,역세권,신축,6
shibuya,渋谷区,96.9,4,17.3,1,3,15.7,아파트,남동,0,1,1,0,2024,10,12120,125.07739938080495,24.225,0.3333333333333333,원거리,중고,3
meguro,目黒区,100.3,5,8.3,14,17,11.5,아파트,남서,1,0,0,0,2025,2,16850,167.99601196410768,20.06,0.8235294117647058,버스권,준신축,2
sumida,墨田区,20.0,1,51.5,8,17,11.2,맨션,서,1,1,1,0,2025,3,1120,56.0,20.0,0.47058823529411764,버스권,노후,5
itabashi,板橋区,50.0,2,6.7,14,19,8.0,아파트,서,1,0,0,0,2024,10,4640,92.8,25.0,0.7368421052631579,버스권,준신축,2
bunkyo,文京区,40.9,2,5.3,7,14,2.4,빌라,남동,0,1,0,1,2020,12,5970,145.96577017114916,20.45,0.5,역세권,준신축,2
chuo,中央区,83.4,5,10.0,13,15,1.0,맨션,동,0,1,0,0,2024,1,19340,231.89448441247,16.68,0.8666666666666667,역세권,준신축,1
adachi,足立区,55.7,3,5.9,5,10,1.0,아파트,남서,0,0,1,0,2022,4,3620,64.99102333931776,18.566666666666666,0.5,역세권,준신축,2
taito,台東区,97.2,5,10.9,2,14,13.8,아파트,남,0,1,0,0,2025,1,10470,107.71604938271605,19.44,0.14285714285714285,버스권,준신축,1
kita,北区,101.9,4,60.0,14,19,5.9,아파트,서,0,1,1,1,2021,8,4540,44.55348380765456,25.475,0.7368421052631579,도보권,노후,4
edogawa,江戸川区,68.7,3,3.9,11,19,9.7,아파트,북,0,1,1,1,2025,3,4410,64.19213973799127,22.900000000000002,0.5789473684210527,버스권,신축,4
nerima,練馬区,100.2,4,2.2,11,15,3.2,아파트,남,1,0,1,0,2025,9,9710,96.9061876247505,25.05,0.7333333333333333,도보권,신축,4
minato,港区,68.8,3,3.6,3,19,12.2,맨션,북동,1,1,0,0,2024,12,16020,232.84883720930233,22.933333333333334,0.15789473684210525,버스권,신축,3
minato,港区,58.8,3,7.9,10,19,1.1,아파트,남서,0,0,0,0,2021,1,15290,260.03401360544217,19.599999999999998,0.5263157894736842,역세권,준신축,0
sumida,墨田区,69.6,3,6.5,3,17,2.6,타워맨션,서,1,1,0,0,2023,9,8590,123.41954022988507,23.2,0.17647058823529413,역세권,준신축,3
nerima,練馬区,75.3,4,8.5,1,5,1.8,빌라,남서,0,1,0,1,2023,1,4910,65.20584329349269,18.825,0.2,역세권,준신축,2
nakano,中野区,33.3,1,1.9,5,11,1.0,맨션,서,1,1,0,0,2023,9,4680,140.54054054054055,33.3,0.45454545454545453,역세권,신축,3
bunkyo,文京区,47.4,2,6.3,13,19,5.4,맨션,북서,1,0,0,0,2023,6,7630,160.9704641350211,23.7,0.6842105263157895,도보권,준신축,2
edogawa,江戸川区,74.9,3,0.8,1,2,1.0,타워맨션,서,1,1,1,0,2023,2,6510,86.91588785046729,24.96666666666667,0.5,역세권,신축,5
toshima,豊島区,20.0,1,22.9,12,14,1.0,아파트,서,0,1,0,0,2022,7,1770,88.5,20.0,0.8571428571428571,역세권,중고,1
sumida,墨田区,69.5,3,1.3,12,14,3.8,아파트,남,0,1,0,0,2024,5,7800,112.23021582733813,23.166666666666668,0.8571428571428571,도보권,신축,1
shinagawa,品川区,23.3,2,20.5,1,15,4.8,아파트,남동,0,1,0,0,2021,6,2790,119.74248927038626,11.65,0.06666666666666667,도보권,중고,1
ota,大田区,90.8,4,25.2,9,17,30.0,맨션,남,1,0,1,0,2022,7,6230,68.61233480176212,22.7,0.5294117647058824,원거리,중고,4
shinagawa,品川区,49.0,1,8.2,10,12,8.8,빌라,남,1,1,1,0,2023,10,7640,155.91836734693877,49.0,0.8333333333333334,버스권,준신축,5
chuo,中央区,64.3,3,3.3,3,10,4.2,맨션,남서,0,1,0,0,2023,9,15800,245.72317262830484,21.433333333333334,0.3,도보권,신축,1
chuo,中央区,109.0,5,2.5,4,5,8.9,맨션,남,0,0,1,0,2025,11,26800,245.87155963302752,21.8,0.8,버스권,신축,2
shinjuku,新宿区,113.3,6,32.0,5,9,4.2,타워맨션,남,0,1,1,0,2025,10,17180,151.63283318623124,18.883333333333333,0.5555555555555556,도보권,노후,3
minato,港区,124.9,6,0.6,13,17,1.1,맨션,동,0,1,0,0,2024,7,37520,300.40032025620496,20.816666666666666,0.7647058823529411,역세권,신축,1
koto,江東区,109.9,5,60.0,10,15,30.0,아파트,남,1,0,0,0,2024,6,5860,53.32120109190173,21.98,0.6666666666666666,원거리,노후,2
nakano,中野区,20.0,1,4.0,8,11,5.7,아파트,동,0,0,1,0,2021,7,2100,105.0,20.0,0.7272727272727273,도보권,신축,2
koto,江東区,73.0,4,6.6,9,18,1.0,맨션,남서,0,1,1,0,2025,4,9610,131.64383561643837,18.25,0.5,역세권,준신축,3
bunkyo,文京区,49.7,2,23.5,11,17,6.1,아파트,남서,0,1,1,0,2025,3,5830,117.30382293762575,24.85,0.6470588235294118,도보권,중고,3
chiyoda,千代田区,63.0,2,40.9,4,15,14.2,아파트,남서,0,1,0,0,2024,3,7340,116.5079365079365,31.5,0.26666666666666666,버스권,노후,1
nerima,練馬区,79.8,3,17.2,10,12,30.0,빌라,남,0,0,1,0,2024,8,4620,57.89473684210527,26.599999999999998,0.8333333333333334,원거리,중고,2
taito,台東区,32.5,1,2.1,10,14,5.0,빌라,남,0,1,0,0,2021,6,3500,107.6923076923077,32.5,0.7142857142857143,도보권,신축,1
shinagawa,品川区,87.3,3,0.3,1,13,5.4,아파트,북동,0,1,1,0,2025,5,13290,152.23367697594503,29.099999999999998,0.07692307692307693,도보권,신축,3
chuo,中央区,61.0,2,4.1,2,3,1.9,맨션,동,1,1,0,0,2024,4,15450,253.27868852459017,30.5,0.6666666666666666,역세권,신축,3
shibuya,渋谷区,82.7,4,7.9,10,19,16.2,아파트,북서,0,0,1,0,2022,1,10830,130.9552599758162,20.675,0.5263157894736842,원거리,준신축,2
suginami,杉並区,69.7,3,13.8,8,18,1.2,아파트,동,1,1,0,0,2022,11,6630,95.1219512195122,23.233333333333334,0.4444444444444444,역세권,준신축,3
chuo,中央区,94.4,3,8.5,4,19,1.0,타워맨션,남동,0,1,0,0,2021,9,29780,315.4661016949152,31.46666666666667,0.21052631578947367,역세권,준신축,1
meguro,目黒区,79.3,4,19.7,5,11,22.9,맨션,남서,1,0,0,1,2023,7,8370,105.5485498108449,19.825,0.45454545454545453,원거리,중고,3
sumida,墨田区,45.7,2,2.3,11,16,1.0,빌라,남,1,1,0,0,2024,5,5180,113.34792122538292,22.85,0.6875,역세권,신축,3
chiyoda,千代田区,26.0,1,1.1,13,19,2.1,맨션,북서,0,0,1,0,2025,8,8540,328.46153846153845,26.0,0.6842105263157895,역세권,신축,2
nerima,練馬区,77.1,3,14.7,2,10,23.8,타워맨션,남동,0,0,0,0,2025,4,6310,81.84176394293127,25.7,0.2,원거리,준신축,0
arakawa,荒川区,117.5,5,4.5,1,9,14.7,아파트,북서,0,0,1,0,2022,1,7870,66.97872340425532,23.5,0.1111111111111111,버스권,신축,2
kita,北区,56.8,2,36.2,10,13,1.0,아파트,남,0,0,0,0,2022,10,3040,53.521126760563384,28.4,0.7692307692307693,역세권,노후,0
setagaya,世田谷区,20.0,1,5.3,1,4,1.0,맨션,남,1,0,1,0,2025,8,2840,142.0,20.0,0.25,역세권,준신축,4
shibuya,渋谷区,28.1,1,5.7,2,3,3.2,맨션,남서,0,0,1,0,2022,7,6100,217.08185053380782,28.1,0.6666666666666666,도보권,준신축,2
ota,大田区,83.1,4,20.6,2,10,1.0,맨션,동,0,1,0,1,2023,3,6280,75.57160048134777,20.775,0.2,역세권,중고,2
chiyoda,千代田区,71.9,3,12.3,3,5,1.0,맨션,서,1,1,1,0,2025,8,19810,275.5215577190542,23.96666666666667,0.6,역세권,준신축,5
nakano,中野区,75.5,3,6.5,9,19,2.2,아파트,남서,1,0,1,0,2021,3,7750,102.64900662251655,25.166666666666668,0.47368421052631576,역세권,준신축,4
chuo,中央区,59.0,3,24.9,8,18,7.2,타워맨션,남,0,1,0,0,2024,11,10820,183.38983050847457,19.666666666666668,0.4444444444444444,버스권,중고,1
minato,港区,47.2,2,6.3,1,3,26.2,빌라,남동,0,1,0,0,2024,6,7640,161.864406779661,23.6,0.3333333333333333,원거리,준신축,1
nerima,練馬区,33.3,1,5.3,4,11,1.2,아파트,남,1,1,0,1,2024,8,3090,92.7927927927928,33.3,0.36363636363636365,역세권,준신축,4
chuo,中央区,70.1,3,2.5,14,17,9.5,아파트,남,0,0,1,1,2023,10,15910,226.9614835948645,23.366666666666664,0.8235294117647058,버스권,신축,3
chiyoda,千代田区,28.8,1,7.5,7,8,5.4,아파트,남,0,1,1,0,2025,8,7120,247.22222222222223,28.8,0.875,도보권,준신축,3
toshima,豊島区,89.1,4,27.4,1,15,8.3,빌라,남,0,1,1,0,2023,3,7130,80.02244668911337,22.275,0.06666666666666667,버스권,중고,3
koto,江東区,71.6,3,0.2,12,14,14.9,빌라,동,1,1,0,0,2021,5,6630,92.5977653631285,23.866666666666664,0.8571428571428571,버스권,신축,3
suginami,杉並区,71.2,3,32.0,10,11,1.6,아파트,서,0,0,0,1,2024,7,5310,74.57865168539325,23.733333333333334,0.9090909090909091,역세권,노후,1
shibuya,渋谷区,100.3,5,10.0,9,9,20.8,아파트,남,1,1,1,1,2021,11,15510,154.63609172482552,20.06,1.0,원거리,준신축,6
koto,江東区,34.4,1,13.3,4,5,2.2,맨션,남동,0,1,1,0,2023,9,3580,104.06976744186046,34.4,0.8,역세권,준신축,3
suginami,杉並区,55.6,2,5.2,2,16,9.3,맨션,북동,0,0,1,0,2024,10,6800,122.3021582733813,27.8,0.125,버스권,준신축,2
bunkyo,文京区,54.4,2,2.1,3,11,15.2,맨션,동,0,1,1,0,2022,9,6770,124.44852941176471,27.2,0.2727272727272727,원거리,신축,3
ota,大田区,75.9,4,5.3,7,11,18.8,아파트,남,0,1,0,0,2024,4,6420,84.58498023715414,18.975,0.6363636363636364,원거리,준신축,1
chuo,中央区,49.3,3,20.1,12,12,1.0,맨션,남,0,0,1,0,2023,9,10860,220.2839756592292,16.433333333333334,1.0,역세권,중고,2
meguro,目黒区,65.5,2,1.4,13,19,9.9,맨션,남서,0,1,1,1,2021,3,11810,180.3053435114504,32.75,0.6842105263157895,버스권,신축,4
chiyoda,千代田区,64.0,2,7.4,6,9,1.4,맨션,남서,0,1,1,0,2021,7,20120,314.375,32.0,0.6666666666666666,역세권,준신축,3
arakawa,荒川区,20.0,1,14.1,12,16,1.3,맨션,남,1,1,1,0,2024,3,2070,103.5,20.0,0.75,역세권,준신축,5
toshima,豊島区,58.5,2,14.2,2,6,6.7,타워맨션,남동,1,0,0,0,2022,8,9070,155.04273504273505,29.25,0.3333333333333333,도보권,준신축,2
nakano,中野区,43.2,2,21.4,11,14,15.2,아파트,동,1,1,1,0,2024,10,3600,83.33333333333333,21.6,0.7857142857142857,원거리,중고,5
nakano,中野区,102.0,5,6.9,13,14,7.3,타워맨션,동,1,1,0,0,2025,7,15760,154.50980392156862,20.4,0.9285714285714286,버스권,준신축,3
shibuya,渋谷区,105.3,5,2.8,14,15,26.4,맨션,서,1,1,0,0,2025,2,21780,206.83760683760684,21.06,0.9333333333333333,원거리,신축,3
meguro,目黒区,92.0,4,18.1,3,4,3.7,아파트,서,1,1,0,1,2025,10,12560,136.52173913043478,23.0,0.75,도보권,중고,4
chiyoda,千代田区,62.4,3,21.2,1,16,8.5,타워맨션,남,0,1,1,1,2025,3,12960,207.6923076923077,20.8,0.0625,버스권,중고,4
suginami,杉並区,29.0,2,32.4,8,12,6.1,타워맨션,동,0,1,0,0,2021,8,2750,94.82758620689656,14.5,0.6666666666666666,도보권,노후,1
bunkyo,文京区,80.2,3,48.2,12,19,8.3,아파트,남동,0,1,0,1,2022,6,5640,70.32418952618454,26.733333333333334,0.631578947368421,버스권,노후,2
nerima,練馬区,24.3,1,0.4,10,10,4.8,맨션,남동,0,1,0,1,2021,6,2400,98.76543209876543,24.3,1.0,도보권,신축,2
toshima,豊島区,74.1,4,7.0,3,6,8.0,아파트,남서,0,1,1,0,2023,11,8880,119.83805668016196,18.525,0.5,버스권,준신축,3
minato,港区,73.3,3,4.3,4,17,14.9,맨션,남,0,1,1,1,2021,10,19120,260.84583901773533,24.433333333333334,0.23529411764705882,버스권,신축,4
arakawa,荒川区,65.7,3,16.3,8,15,2.2,맨션,남,0,1,0,0,2023,11,5390,82.03957382039573,21.900000000000002,0.5333333333333333,역세권,중고,1
ota,大田区,30.4,1,12.5,4,9,3.6,빌라,남서,1,1,0,0,2024,10,2360,77.63157894736842,30.4,0.4444444444444444,도보권,준신축,3
toshima,豊島区,53.8,2,1.8,12,17,10.6,아파트,북동,0,1,1,0,2024,7,7210,134.01486988847586,26.9,0.7058823529411765,버스권,신축,3
katsushika,葛飾区,55.1,3,0.0,10,19,9.2,아파트,북서,1,1,1,0,2025,3,4880,88.56624319419238,18.366666666666667,0.5263157894736842,버스권,,5
itabashi,板橋区,72.3,3,7.3,7,14,20.6,맨션,남,1,0,1,0,2022,2,6220,86.03042876901799,24.099999999999998,0.5,원거리,준신축,4
meguro,目黒区,72.9,2,0.9,4,18,1.0,아파트,남서,0,0,1,0,2022,7,14160,194.238683127572,36.45,0.2222222222222222,역세권,신축,2
shinjuku,新宿区,68.5,2,7.8,13,19,8.3,아파트,남,0,0,0,0,2024,4,10620,155.03649635036496,34.25,0.6842105263157895,버스권,준신축,0
adachi,足立区,49.6,2,13.4,14,15,23.2,아파트,남,1,1,0,0,2024,7,2500,50.40322580645161,24.8,0.9333333333333333,원거리,준신축,3
shibuya,渋谷区,39.7,1,6.5,8,14,4.5,맨션,남,0,0,0,0,2023,2,9110,229.4710327455919,39.7,0.5714285714285714,도보권,준신축,0
kita,北区,66.5,3,19.5,12,19,10.1,맨션,남,1,1,0,0,2021,3,4890,73.53383458646617,22.166666666666668,0.631578947368421,버스권,중고,3
toshima,豊島区,111.6,5,48.4,8,12,3.7,아파트,남서,0,1,0,0,2021,2,7060,63.261648745519715,22.32,0.6666666666666666,도보권,노후,1
shinagawa,品川区,64.0,3,3.3,9,10,5.8,맨션,북동,0,0,1,0,2024,9,10540,164.6875,21.333333333333332,0.9,도보권,신축,2
chuo,中央区,41.4,1,3.9,4,16,4.7,맨션,북동,1,1,0,0,2024,8,9420,227.53623188405797,41.4,0.25,도보권,신축,3
suginami,杉並区,42.2,2,9.6,3,14,3.0,아파트,남,0,0,0,0,2023,11,3870,91.70616113744076,21.1,0.21428571428571427,역세권,준신축,0
kita,北区,76.0,3,7.6,2,16,9.9,아파트,남동,0,0,0,0,2023,4,6140,80.78947368421052,25.333333333333332,0.125,버스권,준신축,0
minato,港区,36.1,1,10.2,5,18,1.1,맨션,서,1,1,0,0,2023,11,11640,322.4376731301939,36.1,0.2777777777777778,역세권,준신축,3
setagaya,世田谷区,58.7,2,3.1,3,13,1.0,아파트,북,0,1,1,0,2025,3,7420,126.40545144804088,29.35,0.23076923076923078,역세권,신축,3
edogawa,江戸川区,73.3,3,9.3,4,10,1.3,맨션,북동,1,0,1,0,2024,10,5500,75.03410641200546,24.433333333333334,0.4,역세권,준신축,4
minato,港区,94.0,5,28.3,13,19,8.3,맨션,북,1,1,1,0,2024,9,17670,187.9787234042553,18.8,0.6842105263157895,버스권,중고,5
minato,港区,30.8,1,60.0,2,4,7.5,빌라,남서,0,0,1,0,2022,6,3230,104.87012987012987,30.8,0.5,버스권,노후,2
ota,大田区,44.1,2,1.7,3,14,6.0,타워맨션,남,0,1,1,0,2022,12,5030,114.05895691609977,22.05,0.21428571428571427,도보권,신축,3
taito,台東区,73.1,3,4.2,1,7,1.0,타워맨션,남동,1,1,1,1,2024,3,13860,189.60328317373464,24.366666666666664,0.14285714285714285,역세권,신축,6
meguro,目黒区,41.5,2,24.8,8,11,6.1,타워맨션,남동,1,1,1,0,2022,4,8120,195.66265060240963,20.75,0.7272727272727273,도보권,중고,5
chuo,中央区,54.1,2,13.0,5,10,11.4,아파트,남,0,0,1,1,2024,7,10720,198.15157116451016,27.05,0.5,버스권,준신축,3
sumida,墨田区,44.8,1,14.6,5,19,1.9,아파트,서,1,1,1,1,2025,6,4160,92.85714285714286,44.8,0.2631578947368421,역세권,준신축,6
shinjuku,新宿区,31.6,1,0.8,1,11,3.8,아파트,북서,0,1,0,0,2021,6,4470,141.45569620253164,31.6,0.09090909090909091,도보권,신축,1
arakawa,荒川区,78.9,4,2.8,6,18,14.3,아파트,서,0,1,1,0,2023,12,5420,68.69455006337135,19.725,0.3333333333333333,버스권,신축,3
bunkyo,文京区,83.0,3,45.9,13,15,21.4,맨션,남서,0,1,1,0,2023,5,6150,74.09638554216868,27.666666666666668,0.8666666666666667,원거리,노후,3
shinagawa,品川区,83.5,4,50.0,10,15,4.3,아파트,남동,1,0,1,1,2020,12,7390,88.50299401197604,20.875,0.6666666666666666,도보권,노후,5
minato,港区,133.4,5,11.9,7,7,10.6,빌라,북서,0,0,0,0,2025,1,24340,182.45877061469264,26.68,1.0,버스권,준신축,0
suginami,杉並区,80.7,4,20.4,1,7,18.5,타워맨션,남,0,1,0,0,2022,10,6260,77.57125154894672,20.175,0.14285714285714285,원거리,중고,1
suginami,杉並区,96.3,4,44.5,14,16,1.5,아파트,서,0,1,1,0,2025,8,6550,68.01661474558671,24.075,0.875,역세권,노후,3
itabashi,板橋区,58.5,4,11.4,9,15,2.9,빌라,남동,0,0,1,0,2021,7,3530,60.34188034188034,14.625,0.6,역세권,준신축,2
nakano,中野区,39.7,1,18.8,7,9,6.2,맨션,동,0,1,0,0,2023,11,3990,100.50377833753149,39.7,0.7777777777777778,도보권,중고,1
chiyoda,千代田区,51.9,3,60.0,3,6,21.0,맨션,남,0,1,0,0,2025,1,5790,111.5606936416185,17.3,0.5,원거리,노후,1
bunkyo,文京区,87.6,3,60.0,7,10,10.9,아파트,북서,0,1,1,0,2021,5,5490,62.67123287671233,29.2,0.7,버스권,노후,3
suginami,杉並区,63.7,3,19.1,12,19,1.1,아파트,남동,0,1,1,1,2021,7,6070,95.29042386185243,21.233333333333334,0.631578947368421,역세권,중고,4
bunkyo,文京区,111.5,5,1.5,13,18,6.2,아파트,서,0,0,0,1,2023,8,16820,150.85201793721973,22.3,0.7222222222222222,도보권,신축,1
taito,台東区,71.6,3,18.0,13,19,4.9,맨션,북서,1,1,0,0,2025,11,7540,105.30726256983242,23.866666666666664,0.6842105263157895,도보권,중고,3
shibuya,渋谷区,57.0,2,0.8,13,17,2.5,맨션,남서,0,1,0,0,2021,9,13200,231.57894736842104,28.5,0.7647058823529411,역세권,신축,1
shibuya,渋谷区,44.6,1,14.7,9,15,4.9,아파트,남동,0,1,1,0,2021,7,7600,170.40358744394618,44.6,0.6,도보권,준신축,3
toshima,豊島区,46.1,1,3.6,13,18,22.3,타워맨션,북서,0,1,0,0,2024,2,7170,155.53145336225597,46.1,0.7222222222222222,원거리,신축,1
koto,江東区,23.9,1,2.5,8,9,11.5,맨션,남,1,1,1,0,2021,8,3070,128.4518828451883,23.9,0.8888888888888888,버스권,신축,5
chuo,中央区,116.5,6,3.9,10,11,3.2,아파트,남서,1,1,1,0,2023,11,31000,266.09442060085837,19.416666666666668,0.9090909090909091,도보권,신축,5
meguro,目黒区,63.0,2,60.0,8,19,8.7,맨션,북서,0,1,0,1,2025,6,6400,101.58730158730158,31.5,0.42105263157894735,버스권,노후,2
taito,台東区,50.4,2,8.0,9,19,2.4,타워맨션,남,0,1,1,0,2024,11,8280,164.28571428571428,25.2,0.47368421052631576,역세권,준신축,3
shibuya,渋谷区,53.4,1,33.2,11,15,2.2,아파트,남동,0,0,0,0,2021,11,7020,131.46067415730337,53.4,0.7333333333333333,역세권,노후,0
ota,大田区,31.1,1,1.5,2,4,3.3,아파트,남서,0,1,1,0,2021,11,2740,88.10289389067523,31.1,0.5,도보권,신축,3
koto,江東区,39.9,2,7.0,14,16,7.5,아파트,남,0,1,0,1,2025,3,4410,110.52631578947368,19.95,0.875,버스권,준신축,2
meguro,目黒区,32.4,1,0.1,9,13,1.7,맨션,북동,0,1,1,0,2024,4,6840,211.11111111111111,32.4,0.6923076923076923,역세권,신축,3
bunkyo,文京区,74.6,2,52.9,2,10,9.5,타워맨션,남동,0,0,1,0,2023,11,7320,98.12332439678285,37.3,0.2,버스권,노후,2
minato,港区,93.8,4,24.3,10,18,30.0,아파트,남,1,1,1,0,2021,5,14360,153.09168443496802,23.45,0.5555555555555556,원거리,중고,5
shinjuku,新宿区,104.5,4,16.9,8,15,13.4,빌라,서,0,1,1,0,2022,11,10740,102.77511961722487,26.125,0.5333333333333333,버스권,중고,3
katsushika,葛飾区,66.4,2,4.5,2,11,5.3,타워맨션,서,0,0,1,0,2021,11,5710,85.99397590361446,33.2,0.18181818181818182,도보권,신축,2
chuo,中央区,43.1,2,2.2,3,11,12.6,빌라,동,1,1,1,0,2022,5,8030,186.31090487238978,21.55,0.2727272727272727,버스권,신축,5
suginami,杉並区,101.7,5,0.7,3,12,3.0,맨션,동,1,0,1,0,2021,12,14100,138.64306784660766,20.34,0.25,역세권,신축,4
shinagawa,品川区,48.8,2,5.2,6,6,2.1,타워맨션,북동,0,0,1,1,2022,6,10810,221.51639344262296,24.4,1.0,역세권,준신축,3
shinjuku,新宿区,68.9,3,0.6,4,4,1.0,아파트,남서,1,1,1,0,2023,7,12520,181.71262699564585,22.96666666666667,1.0,역세권,신축,5
sumida,墨田区,86.0,4,0.3,6,9,7.9,맨션,북서,0,1,1,1,2021,4,8830,102.67441860465117,21.5,0.6666666666666666,버스권,신축,4
meguro,目黒区,57.7,2,29.1,3,17,2.8,아파트,동,0,1,1,0,2025,8,7100,123.05025996533794,28.85,0.17647058823529413,역세권,중고,3
shinjuku,新宿区,87.1,4,2.0,11,19,8.0,맨션,남동,0,0,0,0,2023,12,13440,154.3053960964409,21.775,0.5789473684210527,버스권,신축,0
shinjuku,新宿区,94.2,5,6.1,2,14,2.8,아파트,남동,1,1,0,0,2024,8,16060,170.48832271762208,18.84,0.14285714285714285,역세권,준신축,3
chiyoda,千代田区,93.3,4,46.4,4,15,9.0,아파트,남,0,1,1,0,2023,10,10620,113.82636655948554,23.325,0.26666666666666666,버스권,노후,3
adachi,足立区,68.5,3,8.7,8,15,6.1,맨션,남서,0,0,1,0,2021,8,3970,57.956204379562045,22.833333333333332,0.5333333333333333,도보권,준신축,2
chuo,中央区,109.7,5,8.5,3,8,2.7,타워맨션,북동,0,0,1,0,2024,9,31600,288.05834092980854,21.94,0.375,역세권,준신축,2
itabashi,板橋区,107.9,5,0.1,4,11,5.3,빌라,남서,1,0,1,0,2023,1,7770,72.01112140871177,21.580000000000002,0.36363636363636365,도보권,신축,4
bunkyo,文京区,56.4,2,0.5,6,14,10.9,타워맨션,남동,0,1,1,1,2024,4,12650,224.29078014184398,28.2,0.42857142857142855,버스권,신축,4
taito,台東区,63.3,3,23.2,11,17,8.5,빌라,남서,0,1,0,0,2022,5,4810,75.98736176935229,21.099999999999998,0.6470588235294118,버스권,중고,1
chuo,中央区,39.7,1,39.6,12,19,1.2,타워맨션,북서,1,1,0,0,2024,10,6610,166.49874055415617,39.7,0.631578947368421,역세권,노후,3
chuo,中央区,97.7,4,14.0,2,12,11.9,맨션,북서,0,1,0,0,2022,12,15510,158.75127942681678,24.425,0.16666666666666666,버스권,준신축,1
shibuya,渋谷区,62.3,3,20.7,9,9,3.1,아파트,남동,1,0,0,0,2023,4,11070,177.68860353130017,20.766666666666666,1.0,도보권,중고,2
nakano,中野区,77.2,4,12.8,13,18,5.9,아파트,동,1,0,1,1,2021,11,8130,105.31088082901555,19.3,0.7222222222222222,도보권,준신축,5
bunkyo,文京区,81.0,3,3.5,12,16,1.0,아파트,남서,1,1,1,0,2023,11,14780,182.46913580246914,27.0,0.75,역세권,신축,5
setagaya,世田谷区,54.5,3,13.4,4,7,1.0,아파트,남,0,1,0,1,2023,4,7230,132.6605504587156,18.166666666666668,0.5714285714285714,역세권,준신축,2
taito,台東区,95.8,5,1.8,3,10,2.3,빌라,남서,1,1,1,0,2023,10,12810,133.7160751565762,19.16,0.3,역세권,신축,5
taito,台東区,44.3,2,3.9,8,15,5.4,빌라,남,0,1,0,0,2021,2,4770,107.67494356659142,22.15,0.5333333333333333,도보권,신축,1
meguro,目黒区,45.1,1,2.5,4,15,4.6,맨션,남서,0,1,1,0,2023,8,8970,198.89135254988912,45.1,0.26666666666666666,도보권,신축,3
shinjuku,新宿区,55.6,2,22.1,3,17,1.0,타워맨션,남동,0,1,1,0,2025,7,10770,193.70503597122303,27.8,0.17647058823529413,역세권,중고,3
nakano,中野区,100.1,4,8.1,7,7,5.1,아파트,동,0,0,0,0,2021,9,9070,90.60939060939062,25.025,1.0,도보권,준신축,0
toshima,豊島区,20.0,1,10.5,7,9,2.7,아파트,남,1,1,0,0,2022,8,2400,120.0,20.0,0.7777777777777778,역세권,준신축,3
chiyoda,千代田区,50.4,2,11.3,11,15,12.9,아파트,북,0,0,0,0,2022,4,7770,154.16666666666666,25.2,0.7333333333333333,버스권,준신축,0
arakawa,荒川区,63.7,3,22.4,3,17,12.1,맨션,남서,0,1,0,0,2024,5,3910,61.38147566718995,21.233333333333334,0.17647058823529413,버스권,중고,1
meguro,目黒区,97.0,4,8.7,10,10,1.3,맨션,남서,0,1,0,0,2025,3,17550,180.9278350515464,24.25,1.0,역세권,준신축,1
katsushika,葛飾区,93.6,5,7.8,11,16,23.2,아파트,남동,0,1,0,0,2022,1,4760,50.85470085470086,18.72,0.6875,원거리,준신축,1
adachi,足立区,76.0,3,16.7,8,8,3.0,아파트,남,0,1,1,0,2025,10,4480,58.94736842105263,25.333333333333332,1.0,역세권,중고,3
shinjuku,新宿区,40.6,2,26.8,6,9,14.9,맨션,북서,0,1,1,0,2023,12,4430,109.11330049261083,20.3,0.6666666666666666,버스권,중고,3
sumida,墨田区,39.5,2,5.3,3,11,27.5,아파트,북동,0,1,1,0,2022,1,2790,70.63291139240506,19.75,0.2727272727272727,원거리,준신축,3
shibuya,渋谷区,44.4,2,1.5,4,15,12.9,아파트,남서,0,0,1,0,2022,6,8770,197.52252252252254,22.2,0.26666666666666666,버스권,신축,2
minato,港区,32.9,2,9.1,10,19,6.9,빌라,남,0,1,1,0,2023,5,7710,234.34650455927053,16.45,0.5263157894736842,도보권,준신축,3
suginami,杉並区,48.5,2,10.3,13,14,1.0,타워맨션,서,0,0,0,0,2022,2,6900,142.2680412371134,24.25,0.9285714285714286,역세권,준신축,0
kita,北区,62.1,3,19.6,4,6,1.5,타워맨션,남동,0,0,1,0,2021,7,5840,94.04186795491142,20.7,0.6666666666666666,역세권,중고,2
shibuya,渋谷区,83.5,4,16.5,5,17,1.0,타워맨션,남서,0,1,1,0,2022,3,21190,253.77245508982037,20.875,0.29411764705882354,역세권,중고,3
chuo,中央区,35.9,2,1.4,11,14,7.0,맨션,남,0,1,0,1,2023,5,8380,233.42618384401115,17.95,0.7857142857142857,도보권,신축,2
shinagawa,品川区,32.5,1,23.5,5,13,3.1,맨션,북동,1,1,1,0,2020,12,4360,134.15384615384616,32.5,0.38461538461538464,도보권,중고,5
shibuya,渋谷区,63.8,3,8.8,8,8,1.0,맨션,동,1,1,1,0,2023,7,15280,239.4984326018809,21.266666666666666,1.0,역세권,준신축,5
koto,江東区,83.3,3,1.4,2,19,2.6,타워맨션,남,0,0,1,0,2021,10,12630,151.62064825930372,27.766666666666666,0.10526315789473684,역세권,신축,2
chiyoda,千代田区,80.6,3,22.6,6,16,1.5,아파트,서,0,1,0,0,2023,7,16090,199.62779156327545,26.866666666666664,0.375,역세권,중고,1
minato,港区,70.1,4,10.5,2,12,1.0,아파트,남,0,0,0,0,2023,10,16680,237.9457917261056,17.525,0.16666666666666666,역세권,준신축,0
itabashi,板橋区,53.1,2,9.2,6,13,9.9,맨션,북서,0,1,1,1,2025,8,4970,93.5969868173258,26.55,0.46153846153846156,버스권,준신축,4
chiyoda,千代田区,41.0,1,29.2,2,12,3.3,타워맨션,서,0,1,0,0,2025,7,8370,204.14634146341464,41.0,0.16666666666666666,도보권,중고,1
chuo,中央区,89.3,4,30.4,1,18,1.0,아파트,북동,1,1,0,0,2025,12,15560,174.2441209406495,22.325,0.05555555555555555,역세권,노후,3
nerima,練馬区,86.3,4,6.3,2,4,5.9,아파트,북동,0,0,1,0,2024,5,6670,77.28852838933952,21.575,0.5,도보권,준신축,2
shibuya,渋谷区,55.9,2,16.4,3,15,1.0,맨션,남동,0,0,0,0,2024,12,11960,213.95348837209303,27.95,0.2,역세권,중고,0
chiyoda,千代田区,63.3,3,33.7,7,11,2.3,아파트,북서,1,0,1,0,2021,1,10930,172.6698262243286,21.099999999999998,0.6363636363636364,역세권,노후,4
minato,港区,80.2,4,33.3,6,16,5.8,타워맨션,남,0,1,0,0,2021,1,16090,200.62344139650872,20.05,0.375,도보권,노후,1
shibuya,渋谷区,104.0,4,3.6,7,10,3.7,아파트,남,0,1,0,0,2024,10,26580,255.57692307692307,26.0,0.7,도보권,신축,1
shibuya,渋谷区,54.1,2,45.5,8,15,1.2,빌라,남서,0,1,1,0,2021,3,5740,106.09981515711645,27.05,0.5333333333333333,역세권,노후,3
shibuya,渋谷区,110.7,4,1.3,10,10,10.4,아파트,북동,0,1,0,0,2025,3,21890,197.7416440831075,27.675,1.0,버스권,신축,1
shibuya,渋谷区,101.0,5,8.9,2,5,4.3,아파트,서,0,0,0,0,2022,1,16680,165.14851485148515,20.2,0.4,도보권,준신축,0
meguro,目黒区,113.9,6,0.8,1,9,1.0,맨션,서,0,0,0,0,2023,3,20280,178.0509218612818,18.983333333333334,0.1111111111111111,역세권,신축,0
taito,台東区,73.6,2,17.0,6,13,11.2,타워맨션,서,0,0,0,0,2022,8,8520,115.7608695652174,36.8,0.46153846153846156,버스권,중고,0
taito,台東区,38.2,1,16.7,5,5,10.8,맨션,남동,0,1,0,0,2023,4,3630,95.0261780104712,38.2,1.0,버스권,중고,1
katsushika,葛飾区,53.0,1,5.2,4,18,8.1,맨션,서,0,1,1,0,2022,6,3530,66.60377358490567,53.0,0.2222222222222222,버스권,준신축,3
setagaya,世田谷区,69.7,3,29.2,3,11,1.4,타워맨션,북동,1,0,0,1,2023,2,9540,136.8723098995696,23.233333333333334,0.2727272727272727,역세권,중고,3
edogawa,江戸川区,90.4,3,25.8,7,12,6.2,타워맨션,서,0,1,1,0,2023,9,6140,67.92035398230088,30.133333333333336,0.5833333333333334,도보권,중고,3
nakano,中野区,60.7,2,21.5,4,18,1.1,아파트,남,0,1,0,1,2021,3,5420,89.29159802306425,30.35,0.2222222222222222,역세권,중고,2
sumida,墨田区,56.2,2,2.3,1,13,13.5,아파트,남동,0,0,1,0,2022,9,5110,90.92526690391459,28.1,0.07692307692307693,버스권,신축,2
nerima,練馬区,61.9,3,11.6,3,10,2.4,아파트,남서,0,1,0,0,2022,12,4460,72.05169628432957,20.633333333333333,0.3,역세권,준신축,1
chiyoda,千代田区,101.2,5,5.7,9,10,5.1,빌라,남,0,0,1,0,2020,12,20690,204.44664031620553,20.240000000000002,0.9,도보권,준신축,2
chuo,中央区,102.7,5,13.1,8,9,10.2,맨션,남동,0,1,0,1,2022,10,22170,215.87147030185005,20.54,0.8888888888888888,버스권,준신축,2
shinagawa,品川区,67.8,2,29.3,14,17,2.5,아파트,북서,0,1,1,1,2025,1,8560,126.25368731563422,33.9,0.8235294117647058,역세권,중고,4
bunkyo,文京区,72.7,3,3.2,9,16,9.3,맨션,북동,0,0,0,1,2024,7,11380,156.53370013755156,24.233333333333334,0.5625,버스권,신축,1
chuo,中央区,29.5,1,18.4,3,8,2.9,아파트,남,0,1,1,0,2025,9,5860,198.64406779661016,29.5,0.375,역세권,중고,3
shinjuku,新宿区,36.7,2,14.9,14,16,2.8,맨션,동,1,1,0,0,2024,11,7400,201.63487738419616,18.35,0.875,역세권,준신축,3
meguro,目黒区,42.4,1,20.6,10,19,17.2,맨션,북서,1,0,1,0,2021,10,4330,102.12264150943396,42.4,0.5263157894736842,원거리,중고,4
minato,港区,47.1,2,37.1,8,12,19.0,아파트,남서,0,1,0,0,2023,6,4300,91.29511677282377,23.55,0.6666666666666666,원거리,노후,1
bunkyo,文京区,55.7,2,8.1,4,16,8.0,아파트,서,1,1,0,0,2022,10,7250,130.16157989228006,27.85,0.25,버스권,준신축,3
arakawa,荒川区,32.6,1,3.8,5,12,27.0,타워맨션,남,1,1,0,1,2024,3,3520,107.97546012269939,32.6,0.4166666666666667,원거리,신축,4
meguro,目黒区,48.0,2,12.1,11,16,19.0,맨션,서,0,0,0,1,2021,1,5600,116.66666666666667,24.0,0.6875,원거리,준신축,1
koto,江東区,47.2,2,11.5,2,3,1.4,타워맨션,남,1,1,0,1,2022,7,6100,129.23728813559322,23.6,0.6666666666666666,역세권,준신축,4
ota,大田区,88.7,5,21.5,10,15,2.2,아파트,남,1,1,0,1,2021,2,7350,82.86358511837655,17.740000000000002,0.6666666666666666,역세권,중고,4
minato,港区,38.1,1,25.1,10,13,6.2,맨션,서,0,1,1,1,2024,3,8810,231.23359580052494,38.1,0.7692307692307693,도보권,중고,4
suginami,杉並区,27.0,2,13.1,6,12,1.0,아파트,북,1,1,1,0,2022,3,3260,120.74074074074075,13.5,0.5,역세권,준신축,5
shinjuku,新宿区,51.3,2,8.6,3,9,1.0,아파트,북동,0,1,1,0,2021,3,7750,151.07212475633528,25.65,0.3333333333333333,역세권,준신축,3
setagaya,世田谷区,76.7,3,13.1,3,18,2.7,맨션,서,1,0,1,0,2022,4,10000,130.3780964797914,25.566666666666666,0.16666666666666666,역세권,준신축,4
chuo,中央区,65.8,2,35.0,11,19,10.7,맨션,북서,0,1,0,0,2024,1,7880,119.75683890577508,32.9,0.5789473684210527,버스권,노후,1
shinagawa,品川区,63.5,3,3.4,13,16,16.7,아파트,남동,1,1,0,0,2022,11,8830,139.0551181102362,21.166666666666668,0.8125,원거리,신축,3
meguro,目黒区,75.9,4,4.5,12,14,8.4,아파트,남서,1,1,1,0,2024,6,14280,188.14229249011856,18.975,0.8571428571428571,버스권,신축,5
chiyoda,千代田区,91.2,4,3.5,2,17,8.4,아파트,남동,0,0,1,0,2025,10,21130,231.68859649122805,22.8,0.11764705882352941,버스권,신축,2
chuo,中央区,79.4,3,0.6,11,19,8.3,아파트,북,0,1,0,0,2024,6,14920,187.9093198992443,26.46666666666667,0.5789473684210527,버스권,신축,1
meguro,目黒区,67.7,3,28.4,9,19,3.6,아파트,남,0,1,1,0,2021,8,8130,120.08862629246676,22.566666666666666,0.47368421052631576,도보권,중고,3
taito,台東区,62.2,2,15.0,3,17,6.4,아파트,북,1,0,1,0,2023,6,6840,109.96784565916398,31.1,0.17647058823529413,도보권,준신축,4
minato,港区,89.0,4,1.0,10,19,4.1,타워맨션,북동,0,1,0,1,2025,3,37190,417.86516853932585,22.25,0.5263157894736842,도보권,신축,2
chuo,中央区,81.7,3,6.9,13,17,1.0,아파트,남,0,0,1,0,2023,11,20530,251.28518971848226,27.233333333333334,0.7647058823529411,역세권,준신축,2
chiyoda,千代田区,95.8,5,11.6,1,7,2.4,타워맨션,북동,0,1,1,0,2022,6,22380,233.61169102296452,19.16,0.14285714285714285,역세권,준신축,3
nerima,練馬区,27.9,1,10.5,12,17,8.3,아파트,동,1,0,0,0,2022,8,2130,76.34408602150538,27.9,0.7058823529411765,버스권,준신축,2
toshima,豊島区,33.3,1,2.0,1,3,1.0,아파트,남동,0,1,1,1,2023,12,4610,138.43843843843845,33.3,0.3333333333333333,역세권,신축,4
shibuya,渋谷区,78.4,2,0.3,8,17,4.0,빌라,동,0,0,1,0,2022,12,16630,212.11734693877548,39.2,0.47058823529411764,도보권,신축,2
minato,港区,90.6,4,6.6,11,17,5.0,맨션,남,1,1,1,0,2023,8,30780,339.73509933774835,22.65,0.6470588235294118,도보권,준신축,5
chuo,中央区,51.3,2,14.7,4,16,10.1,맨션,남동,1,1,0,0,2024,3,10130,197.46588693957116,25.65,0.25,버스권,준신축,3
katsushika,葛飾区,94.1,4,3.4,8,10,2.6,맨션,서,1,1,0,0,2025,11,7700,81.8278427205101,23.525,0.8,역세권,신축,3
bunkyo,文京区,99.6,5,1.6,12,12,9.3,타워맨션,서,0,0,0,0,2023,4,20200,202.81124497991968,19.919999999999998,1.0,버스권,신축,0
meguro,目黒区,33.9,1,1.1,2,3,2.8,타워맨션,남동,0,1,0,0,2023,7,8390,247.49262536873158,33.9,0.6666666666666666,역세권,신축,1
shibuya,渋谷区,96.6,4,4.8,14,16,3.5,타워맨션,서,1,1,0,0,2022,7,27280,282.40165631469984,24.15,0.875,도보권,신축,3
arakawa,荒川区,52.1,2,60.0,1,3,3.7,맨션,남,0,1,0,0,2025,2,2520,48.368522072936656,26.05,0.3333333333333333,도보권,노후,1
chiyoda,千代田区,118.8,5,22.9,2,14,1.3,맨션,서,0,1,1,0,2024,3,25980,218.68686868686868,23.759999999999998,0.14285714285714285,역세권,중고,3
shinjuku,新宿区,42.7,2,2.8,9,9,26.0,맨션,서,0,1,1,0,2023,4,5550,129.97658079625293,21.35,1.0,원거리,신축,3
shinagawa,品川区,72.1,3,20.6,10,12,8.2,아파트,남동,0,0,1,0,2021,3,7500,104.02219140083218,24.03333333333333,0.8333333333333334,버스권,중고,2
minato,港区,128.4,6,11.3,4,13,17.2,아파트,남동,0,1,1,0,2023,3,24820,193.30218068535825,21.400000000000002,0.3076923076923077,원거리,준신축,3
sumida,墨田区,78.2,4,27.8,12,19,4.8,맨션,북동,0,0,0,0,2021,7,4440,56.77749360613811,19.55,0.631578947368421,도보권,중고,0
shibuya,渋谷区,44.6,2,11.8,12,14,5.7,아파트,서,1,0,1,1,2024,10,9540,213.90134529147983,22.3,0.8571428571428571,도보권,준신축,5
chuo,中央区,72.3,3,31.2,8,18,18.6,빌라,남동,0,1,0,1,2024,2,6720,92.9460580912863,24.099999999999998,0.4444444444444444,원거리,노후,2
nakano,中野区,45.3,1,41.3,5,11,6.3,맨션,남동,0,1,1,0,2022,11,2940,64.90066225165563,45.3,0.45454545454545453,도보권,노후,3
chuo,中央区,73.7,3,4.2,1,7,4.5,맨션,남,0,1,1,0,2025,1,17380,235.82089552238804,24.566666666666666,0.14285714285714285,도보권,신축,3
minato,港区,20.8,1,14.2,5,19,6.0,아파트,동,0,0,1,0,2022,11,4450,213.94230769230768,20.8,0.2631578947368421,도보권,준신축,2
chiyoda,千代田区,66.5,2,24.8,11,16,3.9,아파트,남동,1,1,0,1,2024,2,13440,202.10526315789474,33.25,0.6875,도보권,중고,4
edogawa,江戸川区,31.5,1,56.8,5,16,5.2,타워맨션,남서,0,1,0,1,2022,1,1490,47.301587301587304,31.5,0.3125,도보권,노후,2
nakano,中野区,81.6,4,6.8,7,9,3.4,아파트,남,0,1,0,0,2025,9,9820,120.34313725490198,20.4,0.7777777777777778,도보권,준신축,1
taito,台東区,20.0,1,19.5,5,8,5.7,맨션,남서,0,1,1,1,2023,5,2220,111.0,20.0,0.625,도보권,중고,4
minato,港区,72.4,4,0.7,4,12,5.2,맨션,남서,0,0,0,0,2023,5,17830,246.27071823204417,18.1,0.3333333333333333,도보권,신축,0
kita,北区,77.5,4,15.7,5,15,1.7,빌라,북서,1,1,0,0,2021,9,5230,67.48387096774194,19.375,0.3333333333333333,역세권,중고,3
chuo,中央区,127.9,6,1.5,4,9,2.8,빌라,남,0,1,0,0,2025,11,30250,236.51290070367475,21.316666666666666,0.4444444444444444,역세권,신축,1
meguro,目黒区,58.7,3,5.1,10,14,11.0,맨션,남,1,1,0,0,2022,4,11280,192.16354344122658,19.566666666666666,0.7142857142857143,버스권,준신축,3
chiyoda,千代田区,79.6,3,2.2,1,2,1.0,빌라,남서,1,1,1,0,2021,8,23040,289.44723618090455,26.53333333333333,0.5,역세권,신축,5
ota,大田区,51.8,2,8.7,6,13,3.0,타워맨션,남,1,1,0,0,2023,9,6870,132.62548262548265,25.9,0.46153846153846156,역세권,준신축,3
nakano,中野区,64.3,2,22.7,2,3,1.6,맨션,북동,0,1,0,1,2021,1,5230,81.33748055987559,32.15,0.6666666666666666,역세권,중고,2
shinagawa,品川区,63.7,2,0.6,8,12,11.0,빌라,북서,0,0,0,0,2023,8,8270,129.82731554160125,31.85,0.6666666666666666,버스권,신축,0
sumida,墨田区,84.3,5,2.3,10,19,3.8,타워맨션,남,1,1,1,0,2024,2,13690,162.3962040332147,16.86,0.5263157894736842,도보권,신축,5
setagaya,世田谷区,26.7,1,14.2,14,18,14.2,맨션,남동,0,1,0,0,2025,9,3780,141.57303370786516,26.7,0.7777777777777778,버스권,준신축,1
chuo,中央区,37.9,1,5.3,13,15,16.2,맨션,남,1,1,0,0,2023,2,7880,207.91556728232192,37.9,0.8666666666666667,원거리,준신축,3
minato,港区,89.4,4,8.9,8,10,2.4,아파트,남,0,1,0,0,2024,5,27650,309.2841163310962,22.35,0.8,역세권,준신축,1
chuo,中央区,75.7,4,4.6,11,16,1.0,아파트,남동,1,1,0,1,2024,3,22180,292.998678996037,18.925,0.6875,역세권,신축,4
taito,台東区,46.0,2,4.7,14,14,6.6,아파트,북,0,1,0,0,2022,1,4800,104.34782608695652,23.0,1.0,도보권,신축,1
adachi,足立区,32.5,2,0.4,6,14,21.2,타워맨션,동,0,1,0,0,2022,11,2500,76.92307692307692,16.25,0.42857142857142855,원거리,신축,1
minato,港区,49.2,2,0.8,12,18,1.1,맨션,서,0,1,1,1,2023,7,16420,333.73983739837394,24.6,0.6666666666666666,역세권,신축,4
katsushika,葛飾区,56.5,2,8.4,3,8,2.3,타워맨션,남서,1,0,1,0,2024,11,4910,86.90265486725664,28.25,0.375,역세권,준신축,4
nakano,中野区,110.8,5,2.9,12,13,1.0,아파트,서,0,1,1,0,2024,2,13250,119.58483754512636,22.16,0.9230769230769231,역세권,신축,3
setagaya,世田谷区,40.9,1,23.6,10,15,26.3,맨션,동,0,1,0,0,2024,3,3740,91.44254278728607,40.9,0.6666666666666666,원거리,중고,1
katsushika,葛飾区,49.1,3,9.9,11,12,11.5,맨션,북서,0,1,1,1,2023,2,3170,64.5621181262729,16.366666666666667,0.9166666666666666,버스권,준신축,4
adachi,足立区,60.6,2,16.7,3,19,3.9,아파트,남동,0,1,1,0,2025,1,2890,47.68976897689769,30.3,0.15789473684210525,도보권,중고,3
kita,北区,67.5,4,8.2,9,14,1.0,아파트,서,0,1,1,1,2023,6,5830,86.37037037037037,16.875,0.6428571428571429,역세권,준신축,4
arakawa,荒川区,76.6,3,11.9,13,13,25.1,빌라,남서,1,1,1,0,2025,1,5560,72.58485639686684,25.53333333333333,1.0,원거리,준신축,5
katsushika,葛飾区,98.1,4,22.0,4,6,2.5,맨션,서,0,1,0,1,2021,2,3930,40.06116207951071,24.525,0.6666666666666666,역세권,중고,2
shibuya,渋谷区,81.1,4,24.3,5,6,8.9,아파트,남,0,1,0,0,2022,9,10260,126.51048088779285,20.275,0.8333333333333334,버스권,중고,1
chuo,中央区,35.0,1,5.3,10,15,3.4,빌라,남서,0,1,0,0,2025,6,7260,207.42857142857142,35.0,0.6666666666666666,도보권,준신축,1
minato,港区,97.9,3,53.4,8,10,7.5,아파트,남서,0,1,0,0,2023,3,11530,117.7732379979571,32.63333333333333,0.8,버스권,노후,1
taito,台東区,36.4,1,60.0,2,19,4.6,아파트,북,1,1,1,0,2022,10,2220,60.98901098901099,36.4,0.10526315789473684,도보권,노후,5
edogawa,江戸川区,107.9,5,6.6,9,19,24.8,타워맨션,남,0,1,0,1,2025,11,9720,90.08341056533827,21.580000000000002,0.47368421052631576,원거리,준신축,2
chuo,中央区,42.7,2,4.9,10,12,10.9,맨션,동,0,0,1,0,2022,10,9070,212.41217798594846,21.35,0.8333333333333334,버스권,신축,2
koto,江東区,59.4,3,49.4,3,11,3.0,아파트,남,0,1,0,0,2022,8,3380,56.90235690235691,19.8,0.2727272727272727,역세권,노후,1
taito,台東区,45.4,2,4.6,10,13,30.0,아파트,동,1,1,0,0,2024,4,4790,105.50660792951543,22.7,0.7692307692307693,원거리,신축,3
itabashi,板橋区,67.9,3,22.5,7,9,11.1,맨션,남,1,1,1,0,2022,4,4830,71.13402061855669,22.633333333333336,0.7777777777777778,버스권,중고,5
koto,江東区,76.0,4,13.6,3,11,3.4,빌라,남,0,0,0,0,2023,2,5950,78.28947368421052,19.0,0.2727272727272727,도보권,준신축,0
shinjuku,新宿区,20.0,1,3.3,7,7,14.7,빌라,북,0,1,0,0,2025,5,2470,123.5,20.0,1.0,버스권,신축,1
chiyoda,千代田区,93.3,4,11.0,13,13,2.8,아파트,남,0,1,0,1,2024,11,29200,312.9689174705252,23.325,1.0,역세권,준신축,2
nakano,中野区,64.9,3,49.3,13,15,23.7,빌라,남,0,1,1,1,2025,9,3320,51.155624036979965,21.633333333333336,0.8666666666666667,원거리,노후,4
chiyoda,千代田区,95.6,4,1.5,4,14,2.6,아파트,남,0,0,0,0,2021,7,22130,231.48535564853557,23.9,0.2857142857142857,역세권,신축,0
taito,台東区,80.1,3,13.7,4,13,3.1,타워맨션,동,0,1,1,1,2025,2,9890,123.47066167290888,26.7,0.3076923076923077,도보권,준신축,4
suginami,杉並区,68.9,2,31.9,13,17,3.5,맨션,남,0,1,1,0,2022,11,6130,88.96952104499273,34.45,0.7647058823529411,도보권,노후,3
shinjuku,新宿区,91.7,3,9.7,9,15,5.5,아파트,북,0,1,1,0,2025,3,12720,138.7131952017448,30.566666666666666,0.6,도보권,준신축,3
itabashi,板橋区,42.3,1,4.5,14,18,2.8,맨션,북서,0,1,0,1,2023,9,2910,68.79432624113475,42.3,0.7777777777777778,역세권,신축,2
ota,大田区,61.0,3,21.6,1,6,1.7,타워맨션,북동,1,0,0,0,2024,7,4670,76.55737704918033,20.333333333333332,0.16666666666666666,역세권,중고,2
meguro,目黒区,81.0,4,9.9,13,18,4.0,맨션,동,1,1,1,0,2021,10,13980,172.59259259259258,20.25,0.7222222222222222,도보권,준신축,5
koto,江東区,66.6,3,5.7,3,11,1.7,아파트,남서,0,1,1,0,2021,4,6850,102.85285285285286,22.2,0.2727272727272727,역세권,준신축,3
nerima,練馬区,62.0,2,3.9,1,6,6.4,아파트,북서,0,0,0,0,2025,9,5260,84.83870967741936,31.0,0.16666666666666666,도보권,신축,0
shibuya,渋谷区,37.1,1,19.4,11,16,7.7,빌라,서,1,0,1,0,2021,12,4270,115.0943396226415,37.1,0.6875,버스권,중고,4
nakano,中野区,90.4,4,33.2,4,4,8.2,맨션,남동,0,0,0,0,2021,4,6370,70.4646017699115,22.6,1.0,버스권,노후,0
chuo,中央区,20.0,1,17.0,11,12,1.5,맨션,북동,1,1,1,0,2024,10,5070,253.5,20.0,0.9166666666666666,역세권,중고,5
shibuya,渋谷区,58.2,3,36.0,10,17,1.8,맨션,동,0,0,0,0,2022,4,8360,143.6426116838488,19.400000000000002,0.5882352941176471,역세권,노후,0
bunkyo,文京区,62.5,2,12.9,5,9,2.7,아파트,북,0,0,0,0,2022,7,7010,112.16,31.25,0.5555555555555556,역세권,준신축,0
shinagawa,品川区,95.1,4,10.1,2,10,2.8,맨션,남동,0,1,1,0,2021,3,16140,169.71608832807573,23.775,0.2,역세권,준신축,3
shinjuku,新宿区,62.5,2,5.7,9,10,18.6,빌라,남동,0,1,0,1,2022,3,6700,107.2,31.25,0.9,원거리,준신축,2
sumida,墨田区,60.9,2,3.8,6,10,9.2,맨션,남서,0,1,1,0,2024,2,6690,109.85221674876847,30.45,0.6,버스권,신축,3
koto,江東区,75.8,3,26.1,2,19,5.5,아파트,남,1,0,1,1,2024,11,6830,90.10554089709763,25.266666666666666,0.10526315789473684,도보권,중고,5
shibuya,渋谷区,20.0,1,13.4,11,19,2.1,아파트,북동,0,1,0,0,2025,10,4160,208.0,20.0,0.5789473684210527,역세권,준신축,1
arakawa,荒川区,62.3,2,49.0,12,15,23.1,맨션,북동,0,1,1,0,2023,12,2520,40.449438202247194,31.15,0.8,원거리,노후,3
arakawa,荒川区,35.2,1,19.3,11,15,6.8,아파트,남동,0,1,0,0,2023,1,2580,73.29545454545453,35.2,0.7333333333333333,도보권,중고,1
taito,台東区,85.9,4,19.5,13,13,1.1,아파트,남서,0,1,0,0,2022,12,8500,98.9522700814901,21.475,1.0,역세권,중고,1
chiyoda,千代田区,87.2,3,4.4,13,14,3.3,맨션,남서,0,1,0,0,2024,6,21340,244.72477064220183,29.066666666666666,0.9285714285714286,도보권,신축,1
nakano,中野区,139.0,6,18.8,6,16,1.6,빌라,북동,1,1,0,0,2022,7,11920,85.75539568345324,23.166666666666668,0.375,역세권,중고,3
meguro,目黒区,38.6,1,8.0,2,19,22.9,맨션,남,0,0,1,0,2023,11,5910,153.10880829015542,38.6,0.10526315789473684,원거리,준신축,2
toshima,豊島区,113.1,6,2.3,3,11,1.0,맨션,서,0,0,0,0,2025,2,15140,133.8638373121132,18.849999999999998,0.2727272727272727,역세권,신축,0
chuo,中央区,71.1,3,3.9,4,5,10.7,타워맨션,동,0,0,1,0,2022,5,17440,245.28832630098455,23.7,0.8,버스권,신축,2
koto,江東区,64.4,3,20.8,3,8,1.0,타워맨션,남서,0,1,0,0,2021,7,6380,99.06832298136645,21.46666666666667,0.375,역세권,중고,1
nakano,中野区,49.6,2,3.9,14,17,1.3,맨션,북동,0,1,0,0,2023,6,6080,122.58064516129032,24.8,0.8235294117647058,역세권,신축,1
chiyoda,千代田区,85.2,3,11.0,7,19,17.3,맨션,북서,0,1,0,0,2021,7,13080,153.52112676056336,28.400000000000002,0.3684210526315789,원거리,준신축,1
toshima,豊島区,81.5,3,3.3,5,12,18.8,아파트,남동,1,1,0,0,2022,2,7610,93.37423312883436,27.166666666666668,0.4166666666666667,원거리,신축,3
meguro,目黒区,61.2,3,6.7,11,15,5.4,타워맨션,북,0,0,1,1,2022,6,15990,261.27450980392155,20.400000000000002,0.7333333333333333,도보권,준신축,3
katsushika,葛飾区,77.3,3,42.8,10,16,2.4,맨션,남서,0,1,0,0,2025,7,3230,41.785252263906855,25.766666666666666,0.625,역세권,노후,1
koto,江東区,20.0,1,23.6,10,16,2.0,맨션,남서,0,1,0,0,2024,10,2200,110.0,20.0,0.625,역세권,중고,1
chiyoda,千代田区,56.8,2,17.7,13,18,1.0,아파트,북서,1,1,0,0,2025,3,11430,201.23239436619718,28.4,0.7222222222222222,역세권,중고,3
arakawa,荒川区,95.3,3,4.6,8,9,16.7,타워맨션,남동,0,1,0,0,2022,1,7900,82.89611752360966,31.766666666666666,0.8888888888888888,원거리,신축,1
sumida,墨田区,97.3,4,32.1,3,13,28.5,아파트,남서,1,1,1,1,2025,1,6260,64.33710174717369,24.325,0.23076923076923078,원거리,노후,6
chiyoda,千代田区,82.0,3,44.3,5,13,7.4,아파트,남서,0,0,1,1,2022,8,8710,106.21951219512195,27.333333333333332,0.38461538461538464,버스권,노후,3
arakawa,荒川区,47.7,1,13.5,7,14,6.9,타워맨션,서,1,1,0,0,2022,6,4510,94.54926624737945,47.7,0.5,도보권,준신축,3
chuo,中央区,88.4,4,4.6,14,18,1.3,아파트,남,0,0,0,0,2025,3,24410,276.131221719457,22.1,0.7777777777777778,역세권,신축,0
suginami,杉並区,49.5,2,20.1,8,10,10.2,아파트,남동,1,1,1,0,2021,9,4500,90.9090909090909,24.75,0.8,버스권,중고,5
toshima,豊島区,83.4,4,12.8,5,12,4.4,아파트,남,0,0,1,0,2025,1,10780,129.2565947242206,20.85,0.4166666666666667,도보권,준신축,2
suginami,杉並区,20.0,1,0.3,8,11,9.6,맨션,북동,0,1,0,0,2022,3,2220,111.0,20.0,0.7272727272727273,버스권,신축,1
nakano,中野区,100.7,5,8.5,5,13,4.7,아파트,남서,1,0,0,1,2025,2,11670,115.88877855014896,20.14,0.38461538461538464,도보권,준신축,3
suginami,杉並区,20.0,1,0.1,2,5,8.8,아파트,남동,0,1,0,1,2023,4,2520,126.0,20.0,0.4,버스권,신축,2
meguro,目黒区,107.9,5,2.9,1,18,5.5,타워맨션,남서,0,1,0,0,2021,10,20110,186.37627432808154,21.580000000000002,0.05555555555555555,도보권,신축,1
shinjuku,新宿区,76.4,3,41.5,11,18,12.7,빌라,남동,0,1,0,1,2022,6,4850,63.481675392670155,25.46666666666667,0.6111111111111112,버스권,노후,2
minato,港区,67.5,3,9.4,9,17,1.0,아파트,남동,1,1,0,0,2024,3,21180,313.77777777777777,22.5,0.5294117647058824,역세권,준신축,3
minato,港区,36.2,1,5.5,12,13,1.3,아파트,남,0,0,0,1,2023,1,12540,346.4088397790055,36.2,0.9230769230769231,역세권,준신축,1
setagaya,世田谷区,48.5,2,1.3,2,15,1.1,아파트,남,1,0,0,0,2022,6,6610,136.28865979381445,24.25,0.13333333333333333,역세권,신축,2
meguro,目黒区,34.0,1,60.0,11,11,2.9,타워맨션,동,1,0,1,0,2022,3,4420,130.0,34.0,1.0,역세권,노후,4
shibuya,渋谷区,103.8,4,15.3,4,18,1.0,맨션,북서,1,0,0,0,2025,1,25510,245.76107899807323,25.95,0.2222222222222222,역세권,중고,2
chuo,中央区,47.8,1,24.7,2,4,12.9,타워맨션,남동,0,0,0,0,2024,11,7640,159.8326359832636,47.8,0.5,버스권,중고,0
minato,港区,72.2,3,21.0,3,5,1.0,타워맨션,남,0,1,0,0,2020,12,17940,248.4764542936288,24.066666666666666,0.6,역세권,중고,1
shibuya,渋谷区,124.5,5,8.2,3,11,4.2,맨션,북동,0,1,0,0,2024,11,21870,175.66265060240963,24.9,0.2727272727272727,도보권,준신축,1
chuo,中央区,49.8,2,16.8,5,7,1.8,맨션,동,1,0,1,0,2023,3,11040,221.6867469879518,24.9,0.7142857142857143,역세권,중고,4
itabashi,板橋区,45.3,2,14.1,9,18,1.1,맨션,남동,0,1,0,0,2025,5,3260,71.96467991169979,22.65,0.5,역세권,준신축,1
meguro,目黒区,56.3,2,24.6,1,17,7.0,빌라,북동,0,1,1,1,2022,1,6230,110.65719360568384,28.15,0.058823529411764705,도보권,중고,4
chuo,中央区,60.3,2,9.9,5,5,11.4,맨션,남동,1,1,1,0,2021,10,10700,177.44610281923715,30.15,1.0,버스권,준신축,5
setagaya,世田谷区,97.9,5,11.8,13,15,3.9,맨션,서,0,1,0,0,2021,7,11810,120.63329928498467,19.580000000000002,0.8666666666666667,도보권,준신축,1
minato,港区,92.5,3,0.1,6,11,5.3,타워맨션,남,0,0,1,0,2022,4,28830,311.6756756756757,30.833333333333332,0.5454545454545454,도보권,신축,2
shinjuku,新宿区,100.1,4,3.9,1,17,3.9,타워맨션,남동,1,1,0,0,2024,1,20200,201.7982017982018,25.025,0.058823529411764705,도보권,신축,3
meguro,目黒区,129.0,5,24.8,4,14,8.7,맨션,남,0,1,1,1,2024,5,15880,123.10077519379846,25.8,0.2857142857142857,버스권,중고,4
minato,港区,34.8,1,3.4,3,11,3.8,아파트,북서,0,0,1,0,2024,12,8730,250.86206896551727,34.8,0.2727272727272727,도보권,신축,2
meguro,目黒区,84.3,4,20.1,14,19,1.2,맨션,남동,1,1,1,1,2023,1,17120,203.08422301304864,21.075,0.7368421052631579,역세권,중고,6
taito,台東区,37.7,2,31.5,5,17,2.2,아파트,북,0,0,1,0,2021,12,2890,76.657824933687,18.85,0.29411764705882354,역세권,노후,2
shinagawa,品川区,78.7,3,2.3,3,4,17.8,아파트,남동,1,1,1,0,2021,10,10570,134.30749682337992,26.233333333333334,0.75,원거리,신축,5
shinagawa,品川区,40.0,2,1.6,2,3,15.7,맨션,남,1,1,0,0,2020,12,4410,110.25,20.0,0.6666666666666666,원거리,신축,3
sumida,墨田区,76.6,3,11.1,6,11,4.3,맨션,남,0,1,0,0,2025,6,7480,97.65013054830288,25.53333333333333,0.5454545454545454,도보권,준신축,1
nakano,中野区,64.6,2,25.2,4,4,3.0,아파트,남동,0,1,1,1,2025,1,5770,89.31888544891642,32.3,1.0,역세권,중고,4
koto,江東区,20.0,1,4.5,3,18,19.1,맨션,남,0,1,1,0,2025,5,1790,89.5,20.0,0.16666666666666666,원거리,신축,3
suginami,杉並区,44.8,2,15.0,7,17,3.4,아파트,남서,0,1,1,0,2024,1,5230,116.74107142857143,22.4,0.4117647058823529,도보권,준신축,3
sumida,墨田区,77.3,4,34.4,12,18,13.2,맨션,동,0,0,0,0,2023,2,4940,63.90685640362226,19.325,0.6666666666666666,버스권,노후,0
setagaya,世田谷区,96.9,5,38.7,3,3,30.0,맨션,남서,0,1,0,1,2022,12,6020,62.125902992776055,19.380000000000003,1.0,원거리,노후,2
taito,台東区,81.1,4,31.1,11,19,9.7,아파트,남,1,1,0,0,2025,7,6680,82.36744759556105,20.275,0.5789473684210527,버스권,노후,3
chuo,中央区,57.7,2,6.4,7,11,12.3,아파트,북서,0,1,1,1,2023,4,10320,178.85615251299825,28.85,0.6363636363636364,버스권,준신축,4
minato,港区,55.2,2,2.6,5,14,1.3,빌라,북동,0,1,1,0,2025,3,15390,278.80434782608694,27.6,0.35714285714285715,역세권,신축,3
nakano,中野区,95.3,4,40.0,12,16,2.8,아파트,북동,0,1,1,0,2024,3,6380,66.94648478488982,23.825,0.75,역세권,노후,3
minato,港区,34.6,1,0.3,4,16,2.5,아파트,북,0,1,0,0,2022,2,10330,298.5549132947977,34.6,0.25,역세권,신축,1
minato,港区,53.1,4,5.7,7,16,4.3,아파트,동,1,1,0,1,2025,11,15570,293.22033898305085,13.275,0.4375,도보권,준신축,4
taito,台東区,91.7,5,4.1,9,18,17.5,타워맨션,남,0,1,0,0,2024,8,13620,148.5278080697928,18.34,0.5,원거리,신축,1
koto,江東区,83.5,4,15.6,13,19,7.8,맨션,동,0,1,1,0,2023,10,8350,100.0,20.875,0.6842105263157895,버스권,중고,3
adachi,足立区,108.8,5,4.3,4,6,13.8,타워맨션,남,0,1,1,0,2024,12,8970,82.44485294117648,21.759999999999998,0.6666666666666666,버스권,신축,3
bunkyo,文京区,77.4,3,3.4,2,15,1.1,맨션,북동,1,1,1,0,2022,7,12260,158.39793281653746,25.8,0.13333333333333333,역세권,신축,5
bunkyo,文京区,70.4,4,7.1,1,13,1.0,타워맨션,서,0,1,0,1,2021,12,12370,175.71022727272725,17.6,0.07692307692307693,역세권,준신축,2
shinjuku,新宿区,69.8,3,14.2,3,14,8.7,아파트,남,0,0,0,0,2021,6,7500,107.44985673352436,23.266666666666666,0.21428571428571427,버스권,준신축,0
chuo,中央区,34.6,2,20.5,13,14,30.0,맨션,남,1,1,0,0,2021,6,5030,145.3757225433526,17.3,0.9285714285714286,원거리,중고,3
minato,港区,67.7,3,5.0,13,13,5.6,타워맨션,서,1,1,0,0,2023,11,26110,385.67208271787297,22.566666666666666,1.0,도보권,신축,3
bunkyo,文京区,70.6,3,6.8,6,17,1.0,타워맨션,북서,0,1,0,0,2023,9,13600,192.6345609065156,23.53333333333333,0.35294117647058826,역세권,준신축,1
shibuya,渋谷区,80.6,4,3.7,12,19,10.8,아파트,남,0,1,0,0,2022,1,14320,177.66749379652606,20.15,0.631578947368421,버스권,신축,1
bunkyo,文京区,74.9,3,40.4,10,13,2.4,아파트,남동,0,0,1,0,2025,10,6540,87.31642189586114,24.96666666666667,0.7692307692307693,역세권,노후,2
minato,港区,57.5,3,2.4,2,19,26.6,빌라,남서,1,0,1,0,2023,11,10660,185.3913043478261,19.166666666666668,0.10526315789473684,원거리,신축,4
minato,港区,20.0,1,3.3,13,18,5.8,아파트,남서,0,1,0,0,2023,2,5680,284.0,20.0,0.7222222222222222,도보권,신축,1
minato,港区,60.3,2,44.3,9,12,4.7,아파트,남동,1,1,1,0,2021,9,8110,134.49419568822555,30.15,0.75,도보권,노후,5
sumida,墨田区,117.2,5,6.4,12,19,5.3,아파트,북,1,0,0,1,2024,2,9510,81.1433447098976,23.44,0.631578947368421,도보권,준신축,3
toshima,豊島区,51.1,3,6.1,11,11,12.5,아파트,남서,0,0,1,0,2024,4,6730,131.70254403131116,17.033333333333335,1.0,버스권,준신축,2
shinjuku,新宿区,62.7,3,10.6,2,3,1.7,맨션,남,1,1,0,0,2022,6,10200,162.67942583732057,20.900000000000002,0.6666666666666666,역세권,준신축,3
taito,台東区,114.0,6,4.3,6,8,5.0,맨션,북서,0,1,1,1,2025,6,15490,135.87719298245614,19.0,0.75,도보권,신축,4
ota,大田区,96.4,5,16.1,3,10,12.1,아파트,북동,1,1,0,0,2024,11,6050,62.759336099585056,19.28,0.3,버스권,중고,3
sumida,墨田区,108.9,5,11.5,14,14,3.0,아파트,남동,0,1,0,1,2025,4,10920,100.27548209366391,21.78,1.0,역세권,준신축,2
minato,港区,53.1,2,3.8,5,13,1.3,아파트,동,0,1,0,1,2022,7,15140,285.12241054613935,26.55,0.38461538461538464,역세권,신축,2
suginami,杉並区,105.6,4,22.5,6,6,1.3,빌라,남동,0,1,1,0,2025,8,8640,81.81818181818183,26.4,1.0,역세권,중고,3
shinjuku,新宿区,81.7,4,6.8,12,19,1.0,맨션,남,1,1,1,0,2021,1,16770,205.26315789473682,20.425,0.631578947368421,역세권,준신축,5
setagaya,世田谷区,75.5,3,18.3,9,18,13.7,아파트,동,0,1,0,0,2024,7,7640,101.19205298013244,25.166666666666668,0.5,버스권,중고,1
shibuya,渋谷区,95.0,4,5.5,5,6,2.0,아파트,북,1,0,0,0,2021,6,18200,191.57894736842104,23.75,0.8333333333333334,역세권,준신축,2
suginami,杉並区,33.2,1,17.0,9,9,11.2,빌라,남동,0,1,0,0,2024,4,2790,84.03614457831324,33.2,1.0,버스권,중고,1
minato,港区,24.6,1,11.8,6,11,12.5,아파트,남,0,1,0,0,2021,5,3870,157.3170731707317,24.6,0.5454545454545454,버스권,준신축,1
kita,北区,74.4,3,13.0,14,17,1.6,타워맨션,남동,0,0,1,1,2021,8,7910,106.31720430107526,24.8,0.8235294117647058,역세권,준신축,3
shinjuku,新宿区,90.8,4,3.8,5,15,1.0,맨션,북동,0,1,1,1,2025,1,16460,181.27753303964758,22.7,0.3333333333333333,역세권,신축,4
chuo,中央区,65.1,3,1.9,10,10,5.9,맨션,남,0,1,1,0,2023,8,16960,260.52227342549924,21.7,1.0,도보권,신축,3
nakano,中野区,105.3,5,15.6,5,17,1.7,빌라,남동,0,0,1,0,2021,11,7550,71.69990503323837,21.06,0.29411764705882354,역세권,중고,2
nakano,中野区,74.9,3,9.0,14,19,16.9,맨션,동,1,0,1,1,2021,2,6900,92.12283044058745,24.96666666666667,0.7368421052631579,원거리,준신축,5
bunkyo,文京区,56.6,3,8.2,8,15,8.2,맨션,남,1,0,0,0,2020,12,8120,143.46289752650176,18.866666666666667,0.5333333333333333,버스권,준신축,2
shibuya,渋谷区,54.7,3,9.6,14,19,3.3,맨션,북동,0,0,0,0,2024,2,11310,206.76416819012795,18.233333333333334,0.7368421052631579,도보권,준신축,0
taito,台東区,45.0,2,60.0,2,16,5.5,아파트,남서,0,1,0,1,2020,12,2280,50.666666666666664,22.5,0.125,도보권,노후,2
chiyoda,千代田区,94.5,4,0.4,1,11,6.3,맨션,남서,0,0,0,0,2024,11,24230,256.4021164021164,23.625,0.09090909090909091,도보권,신축,0
toshima,豊島区,22.2,1,8.5,6,9,24.9,타워맨션,남서,0,1,1,0,2022,11,2990,134.6846846846847,22.2,0.6666666666666666,원거리,준신축,3
itabashi,板橋区,34.2,2,25.1,5,9,6.1,타워맨션,남서,0,1,0,0,2021,9,2350,68.71345029239765,17.1,0.5555555555555556,도보권,중고,1
chiyoda,千代田区,65.7,3,21.6,13,18,6.7,맨션,남서,0,1,1,0,2020,12,11210,170.62404870624047,21.900000000000002,0.7222222222222222,도보권,중고,3
chiyoda,千代田区,106.5,4,5.2,7,9,3.0,맨션,남서,0,0,1,0,2021,4,22210,208.54460093896714,26.625,0.7777777777777778,역세권,준신축,2
toshima,豊島区,72.7,3,21.9,13,17,10.1,아파트,북동,1,0,1,0,2021,1,6860,94.36038514442916,24.233333333333334,0.7647058823529411,버스권,중고,4
edogawa,江戸川区,79.5,3,15.2,8,14,14.7,타워맨션,북동,0,1,1,0,2021,8,5460,68.67924528301887,26.5,0.5714285714285714,버스권,중고,3
ota,大田区,65.9,2,3.4,11,12,15.8,맨션,남,0,1,0,0,2025,6,6520,98.93778452200303,32.95,0.9166666666666666,원거리,신축,1
ota,大田区,53.9,2,34.4,11,17,17.0,타워맨션,남서,0,0,0,0,2025,12,3640,67.53246753246754,26.95,0.6470588235294118,원거리,노후,0
sumida,墨田区,80.1,3,19.8,12,18,24.7,맨션,동,1,0,0,0,2021,12,5300,66.16729088639201,26.7,0.6666666666666666,원거리,중고,2
minato,港区,76.4,4,0.2,9,9,4.0,빌라,북서,1,0,0,0,2023,12,16990,222.38219895287958,19.1,1.0,도보권,신축,2
bunkyo,文京区,78.3,4,19.9,12,17,4.2,아파트,남서,1,1,1,0,2022,10,10660,136.14303959131547,19.575,0.7058823529411765,도보권,중고,5
shinjuku,新宿区,98.1,4,0.2,6,8,30.0,아파트,서,1,0,1,0,2023,5,12870,131.19266055045873,24.525,0.75,원거리,신축,4
koto,江東区,104.3,5,7.5,12,17,9.5,타워맨션,남동,0,1,0,0,2023,4,13340,127.90028763183126,20.86,0.7058823529411765,버스권,준신축,1
chiyoda,千代田区,53.6,3,3.8,2,19,1.4,아파트,남,0,1,1,1,2021,3,14330,267.35074626865674,17.866666666666667,0.10526315789473684,역세권,신축,4
sumida,墨田区,95.3,3,16.9,4,7,5.2,아파트,서,0,0,0,0,2025,5,6940,72.82266526757608,31.766666666666666,0.5714285714285714,도보권,중고,0
nerima,練馬区,57.3,3,46.7,1,15,4.4,아파트,서,0,1,0,0,2024,7,2620,45.72425828970332,19.099999999999998,0.06666666666666667,도보권,노후,1
koto,江東区,55.9,2,10.6,7,15,21.8,맨션,서,0,1,0,0,2022,4,4370,78.175313059034,27.95,0.4666666666666667,원거리,준신축,1
chiyoda,千代田区,89.2,4,19.1,14,17,4.6,빌라,남,1,0,1,0,2025,2,17200,192.8251121076233,22.3,0.8235294117647058,도보권,중고,4
katsushika,葛飾区,85.4,4,13.8,3,7,5.3,아파트,남,0,1,1,0,2024,2,5280,61.82669789227166,21.35,0.42857142857142855,도보권,준신축,3
meguro,目黒区,98.8,4,10.0,11,11,4.3,빌라,남,0,1,0,0,2024,7,17510,177.22672064777328,24.7,1.0,도보권,준신축,1
taito,台東区,21.2,1,1.5,10,17,8.9,맨션,동,0,1,1,0,2023,2,2970,140.0943396226415,21.2,0.5882352941176471,버스권,신축,3
edogawa,江戸川区,27.6,1,22.6,2,18,1.0,타워맨션,남,0,1,0,0,2021,4,1980,71.73913043478261,27.6,0.1111111111111111,역세권,중고,1
bunkyo,文京区,72.2,4,12.7,11,13,2.7,아파트,서,1,1,1,0,2025,11,10170,140.85872576177286,18.05,0.8461538461538461,역세권,준신축,5
sumida,墨田区,28.9,2,2.9,14,16,1.0,타워맨션,남서,0,1,1,0,2023,6,4240,146.71280276816609,14.45,0.875,역세권,신축,3
shinjuku,新宿区,72.2,2,26.6,9,15,4.0,아파트,남,1,1,1,0,2022,2,9420,130.4709141274238,36.1,0.6,도보권,중고,5
nerima,練馬区,46.4,2,21.9,3,16,1.0,아파트,동,0,1,0,0,2021,11,3130,67.45689655172414,23.2,0.1875,역세권,중고,1
taito,台東区,67.9,2,14.6,2,6,1.3,맨션,남,0,1,1,0,2023,11,7760,114.28571428571428,33.95,0.3333333333333333,역세권,준신축,3
nakano,中野区,41.9,1,17.7,2,3,1.0,맨션,남,0,0,1,0,2024,6,4030,96.18138424821002,41.9,0.6666666666666666,역세권,중고,2
chuo,中央区,111.2,5,6.0,12,15,2.0,맨션,북,1,1,0,0,2021,12,27720,249.28057553956833,22.240000000000002,0.8,역세권,준신축,3
chiyoda,千代田区,36.1,1,15.6,10,18,1.0,아파트,남,1,0,0,1,2022,4,8960,248.1994459833795,36.1,0.5555555555555556,역세권,중고,3
minato,港区,54.5,2,0.6,6,6,2.2,아파트,북서,0,1,0,1,2022,12,16940,310.8256880733945,27.25,1.0,역세권,신축,2
minato,港区,49.7,3,19.0,6,16,19.3,빌라,북서,0,1,1,1,2024,10,7030,141.4486921529175,16.566666666666666,0.375,원거리,중고,4
koto,江東区,92.8,4,3.7,9,19,1.0,아파트,남,1,1,1,0,2022,5,11140,120.04310344827587,23.2,0.47368421052631576,역세권,신축,5
setagaya,世田谷区,45.6,1,3.3,9,15,8.6,빌라,서,0,0,0,1,2022,3,5050,110.74561403508771,45.6,0.6,버스권,신축,1
chiyoda,千代田区,120.9,6,26.7,9,16,1.0,아파트,남서,0,1,0,0,2023,12,22050,182.3821339950372,20.150000000000002,0.5625,역세권,중고,1
shibuya,渋谷区,84.4,4,6.8,4,7,2.1,타워맨션,남,0,1,1,0,2021,1,21340,252.8436018957346,21.1,0.5714285714285714,역세권,준신축,3
meguro,目黒区,77.3,3,8.3,12,19,2.8,아파트,서,0,1,1,0,2025,9,11440,147.9948253557568,25.766666666666666,0.631578947368421,역세권,준신축,3
adachi,足立区,71.7,3,20.1,14,18,5.8,아파트,남,1,1,1,0,2025,11,4550,63.458856345885636,23.900000000000002,0.7777777777777778,도보권,중고,5
shinjuku,新宿区,103.3,5,36.2,6,14,11.5,아파트,남서,0,1,1,0,2022,6,9920,96.03097773475315,20.66,0.42857142857142855,버스권,노후,3
shinagawa,品川区,29.5,1,2.0,8,16,1.0,맨션,남,0,0,0,0,2022,8,4970,168.47457627118644,29.5,0.5,역세권,신축,0
setagaya,世田谷区,68.7,3,16.6,4,16,18.2,맨션,북동,0,1,0,0,2024,2,6100,88.79184861717613,22.900000000000002,0.25,원거리,중고,1
chiyoda,千代田区,82.2,4,4.8,3,17,4.7,아파트,서,0,1,1,0,2025,11,18550,225.669099756691,20.55,0.17647058823529413,도보권,신축,3
chiyoda,千代田区,115.9,6,1.2,9,9,9.6,아파트,동,0,0,1,0,2024,2,26940,232.44176013805003,19.316666666666666,1.0,버스권,신축,2
chiyoda,千代田区,43.3,2,15.0,14,17,3.2,아파트,북서,0,1,1,0,2021,12,7820,180.60046189376445,21.65,0.8235294117647058,도보권,준신축,3
chuo,中央区,29.8,1,2.2,1,1,9.4,빌라,남동,0,0,0,0,2025,8,5480,183.8926174496644,29.8,1.0,버스권,신축,0
sumida,墨田区,97.2,4,7.2,12,13,2.7,아파트,남,0,1,1,0,2023,5,11010,113.27160493827161,24.3,0.9230769230769231,역세권,준신축,3
shinjuku,新宿区,20.1,1,6.2,4,13,6.9,아파트,서,0,0,0,1,2022,5,2990,148.75621890547262,20.1,0.3076923076923077,도보권,준신축,1
sumida,墨田区,108.9,4,16.0,10,11,7.5,아파트,서,0,1,0,0,2024,6,8840,81.17539026629936,27.225,0.9090909090909091,버스권,중고,1
adachi,足立区,76.3,4,11.7,11,14,1.1,타워맨션,남,0,1,0,0,2021,3,5280,69.20052424639582,19.075,0.7857142857142857,역세권,준신축,1
minato,港区,50.7,1,1.1,13,14,7.3,아파트,동,0,0,0,0,2023,4,12110,238.8560157790927,50.7,0.9285714285714286,버스권,신축,0
chuo,中央区,35.1,2,8.2,7,14,2.9,아파트,남서,1,1,1,0,2021,5,7480,213.1054131054131,17.55,0.5,역세권,준신축,5
shinjuku,新宿区,97.9,5,1.9,11,15,30.0,빌라,남서,1,0,0,0,2022,4,12000,122.57405515832481,19.580000000000002,0.7333333333333333,원거리,신축,2
chiyoda,千代田区,42.2,2,26.4,2,2,1.0,맨션,북동,0,1,0,1,2023,9,7580,179.6208530805687,21.1,1.0,역세권,중고,2
minato,港区,47.0,2,28.6,4,8,6.3,맨션,남,0,0,0,0,2022,8,8940,190.2127659574468,23.5,0.5,도보권,중고,0
taito,台東区,80.7,4,16.2,10,13,4.8,타워맨션,북동,0,0,0,1,2022,6,10420,129.12019826517968,20.175,0.7692307692307693,도보권,중고,1
shinjuku,新宿区,54.7,2,4.5,10,12,4.3,아파트,서,0,1,0,0,2021,10,8170,149.36014625228518,27.35,0.8333333333333334,도보권,신축,1
koto,江東区,20.0,1,0.7,7,10,30.0,아파트,남서,0,1,1,0,2022,11,1850,92.5,20.0,0.7,원거리,신축,3
shibuya,渋谷区,85.7,3,4.5,13,17,3.6,아파트,동,1,1,0,0,2025,2,20450,238.62310385064177,28.566666666666666,0.7647058823529411,도보권,신축,3
shinjuku,新宿区,51.9,2,11.5,14,17,4.6,아파트,서,1,1,1,0,2023,3,8570,165.1252408477842,25.95,0.8235294117647058,도보권,준신축,5
edogawa,江戸川区,62.8,2,47.2,4,5,4.6,맨션,남동,0,0,0,0,2023,5,2350,37.4203821656051,31.4,0.8,도보권,노후,0
taito,台東区,54.5,2,27.7,4,11,30.0,빌라,남,0,0,1,0,2021,10,3640,66.78899082568807,27.25,0.36363636363636365,원거리,중고,2
nakano,中野区,47.9,3,9.0,14,14,5.5,맨션,남서,0,1,1,0,2025,8,6330,132.15031315240083,15.966666666666667,1.0,도보권,준신축,3
sumida,墨田区,39.8,1,11.9,11,13,9.0,맨션,남,0,0,1,0,2025,7,4050,101.75879396984925,39.8,0.8461538461538461,버스권,준신축,2
bunkyo,文京区,33.5,2,3.2,7,17,4.7,맨션,동,0,0,1,0,2022,2,5110,152.53731343283582,16.75,0.4117647058823529,도보권,신축,2
chuo,中央区,35.4,2,0.1,8,19,15.2,아파트,남,1,1,1,0,2022,8,7130,201.41242937853107,17.7,0.42105263157894735,원거리,신축,5
shinagawa,品川区,71.0,3,26.4,12,13,4.9,아파트,남동,0,1,1,0,2023,6,7870,110.84507042253522,23.666666666666668,0.9230769230769231,도보권,중고,3
chuo,中央区,70.4,3,34.9,8,12,1.4,아파트,서,0,1,0,0,2022,5,10010,142.1875,23.46666666666667,0.6666666666666666,역세권,노후,1
toshima,豊島区,75.6,4,19.3,12,19,20.5,타워맨션,남서,0,1,0,0,2024,12,9140,120.89947089947091,18.9,0.631578947368421,원거리,중고,1
bunkyo,文京区,48.5,2,22.3,6,11,15.2,아파트,남,1,1,0,0,2021,12,4370,90.10309278350516,24.25,0.5454545454545454,원거리,중고,3
nerima,練馬区,77.6,4,18.3,9,14,1.0,맨션,남,0,1,0,0,2024,3,5550,71.52061855670104,19.4,0.6428571428571429,역세권,중고,1
bunkyo,文京区,78.1,3,19.3,5,6,12.5,타워맨션,남,0,0,1,0,2024,3,11540,147.7592829705506,26.03333333333333,0.8333333333333334,버스권,중고,2
bunkyo,文京区,105.2,5,2.1,13,19,4.3,아파트,남동,0,1,0,1,2023,1,16120,153.23193916349808,21.04,0.6842105263157895,도보권,신축,2
setagaya,世田谷区,81.1,3,60.0,1,2,1.0,아파트,동,1,1,1,0,2022,11,6590,81.2577065351418,27.03333333333333,0.5,역세권,노후,5
sumida,墨田区,50.3,2,19.6,10,19,4.0,아파트,남동,0,0,0,0,2025,5,3730,74.15506958250498,25.15,0.5263157894736842,도보권,중고,0
katsushika,葛飾区,48.2,2,1.5,8,12,4.3,타워맨션,남동,0,1,1,1,2023,9,3520,73.02904564315352,24.1,0.6666666666666666,도보권,신축,4
chiyoda,千代田区,49.0,2,0.7,3,18,1.7,타워맨션,남서,0,1,1,0,2021,11,14360,293.0612244897959,24.5,0.16666666666666666,역세권,신축,3
shinjuku,新宿区,62.6,4,0.2,10,11,8.3,맨션,북서,0,1,1,0,2022,10,11440,182.7476038338658,15.65,0.9090909090909091,버스권,신축,3
minato,港区,83.6,3,18.1,3,14,5.0,타워맨션,남동,0,1,1,1,2022,3,23000,275.1196172248804,27.866666666666664,0.21428571428571427,도보권,중고,4
shibuya,渋谷区,80.1,4,18.8,12,13,1.2,아파트,남서,1,0,1,0,2024,9,16830,210.11235955056182,20.025,0.9230769230769231,역세권,중고,4
chuo,中央区,52.9,2,46.9,8,9,6.6,아파트,북동,0,1,1,1,2022,7,6740,127.41020793950851,26.45,0.8888888888888888,도보권,노후,4
arakawa,荒川区,56.3,3,30.0,9,12,9.0,맨션,서,1,1,1,0,2023,11,3320,58.96980461811723,18.766666666666666,0.75,버스권,중고,5
arakawa,荒川区,102.2,5,7.4,13,13,13.7,아파트,북서,1,0,1,0,2021,3,7140,69.86301369863014,20.44,1.0,버스권,준신축,4
meguro,目黒区,113.0,5,3.4,1,13,1.0,맨션,북서,1,0,0,0,2024,4,23050,203.98230088495575,22.6,0.07692307692307693,역세권,신축,2
chiyoda,千代田区,92.0,4,38.3,13,13,1.0,아파트,남동,0,1,0,1,2022,7,13030,141.6304347826087,23.0,1.0,역세권,노후,2
setagaya,世田谷区,51.9,2,8.3,9,12,30.0,아파트,남동,1,1,1,0,2022,2,5930,114.25818882466281,25.95,0.75,원거리,준신축,5
nakano,中野区,32.5,1,24.3,7,7,3.8,아파트,남서,0,0,1,0,2022,10,2690,82.76923076923077,32.5,1.0,도보권,중고,2
bunkyo,文京区,103.2,5,0.7,4,12,5.2,빌라,남동,0,1,0,0,2020,12,14430,139.82558139534882,20.64,0.3333333333333333,도보권,신축,1
chiyoda,千代田区,47.7,2,6.0,13,18,8.9,아파트,남동,0,1,0,0,2022,9,9380,196.64570230607964,23.85,0.7222222222222222,버스권,준신축,1
minato,港区,34.8,1,6.8,1,6,5.5,빌라,남동,0,1,0,0,2022,2,7510,215.80459770114945,34.8,0.16666666666666666,도보권,준신축,1
edogawa,江戸川区,74.0,3,2.7,7,15,22.8,타워맨션,남동,0,0,1,1,2021,11,5510,74.45945945945945,24.666666666666668,0.4666666666666667,원거리,신축,3
chiyoda,千代田区,92.6,4,3.2,9,11,1.9,맨션,남동,1,1,0,1,2022,8,33270,359.28725701943847,23.15,0.8181818181818182,역세권,신축,4
arakawa,荒川区,74.7,2,11.2,6,19,13.4,타워맨션,서,0,1,1,0,2022,3,6600,88.35341365461846,37.35,0.3157894736842105,버스권,준신축,3
nerima,練馬区,83.2,4,2.6,9,18,12.4,맨션,남서,0,0,1,0,2025,8,8450,101.5625,20.8,0.5,버스권,신축,2
meguro,目黒区,21.7,1,18.8,7,18,5.6,빌라,남서,0,1,0,0,2025,2,3300,152.073732718894,21.7,0.3888888888888889,도보권,중고,1
chiyoda,千代田区,70.3,4,11.7,12,19,2.4,타워맨션,남동,0,1,0,0,2020,12,22330,317.6386913229019,17.575,0.631578947368421,역세권,준신축,1
nerima,練馬区,61.7,2,4.0,8,12,1.0,빌라,남,0,1,0,0,2023,12,4270,69.20583468395462,30.85,0.6666666666666666,역세권,신축,1
chuo,中央区,90.7,4,10.6,2,18,1.0,아파트,남서,0,1,0,1,2025,10,18570,204.74090407938257,22.675,0.1111111111111111,역세권,준신축,2
nakano,中野区,65.1,3,13.1,3,13,10.3,아파트,남동,0,1,1,0,2022,10,5960,91.55145929339479,21.7,0.23076923076923078,버스권,준신축,3
toshima,豊島区,76.9,4,11.2,9,19,20.4,빌라,동,0,0,0,0,2022,8,6180,80.36410923276982,19.225,0.47368421052631576,원거리,준신축,0
shibuya,渋谷区,39.2,2,13.5,11,12,18.4,아파트,동,0,0,0,0,2023,4,5120,130.6122448979592,19.6,0.9166666666666666,원거리,준신축,0
sumida,墨田区,66.0,2,0.9,12,18,12.6,아파트,남서,1,1,1,1,2024,11,8590,130.15151515151516,33.0,0.6666666666666666,버스권,신축,6
meguro,目黒区,46.6,2,28.0,8,8,4.2,아파트,북동,0,1,1,1,2022,12,5910,126.82403433476395,23.3,1.0,도보권,중고,4
koto,江東区,20.0,1,24.3,8,8,1.7,빌라,남,0,1,0,0,2025,11,1370,68.5,20.0,1.0,역세권,중고,1
setagaya,世田谷区,66.0,3,8.5,5,17,7.7,맨션,북동,1,1,1,0,2025,3,9790,148.33333333333334,22.0,0.29411764705882354,버스권,준신축,5
edogawa,江戸川区,54.6,2,25.7,8,11,19.2,아파트,남,0,1,0,1,2022,1,2870,52.56410256410256,27.3,0.7272727272727273,원거리,중고,2
chiyoda,千代田区,59.9,3,17.7,1,6,5.7,맨션,서,0,1,0,0,2024,8,12440,207.67946577629382,19.966666666666665,0.16666666666666666,도보권,중고,1
nakano,中野区,84.6,4,11.2,8,8,1.2,아파트,남서,1,1,0,1,2022,2,9810,115.95744680851065,21.15,1.0,역세권,준신축,4
nakano,中野区,65.2,3,5.1,10,12,24.9,맨션,북,0,0,1,0,2023,2,6050,92.79141104294479,21.733333333333334,0.8333333333333334,원거리,준신축,2
shibuya,渋谷区,89.5,4,4.6,11,14,1.7,맨션,서,0,1,0,1,2024,4,21860,244.24581005586592,22.375,0.7857142857142857,역세권,신축,2
shibuya,渋谷区,33.3,1,16.6,6,8,6.1,아파트,북동,0,1,1,1,2024,4,5490,164.86486486486487,33.3,0.75,도보권,중고,4
setagaya,世田谷区,55.3,2,6.7,5,17,5.9,아파트,북동,0,1,1,0,2023,3,7190,130.01808318264014,27.65,0.29411764705882354,도보권,준신축,3
shibuya,渋谷区,47.7,2,18.8,12,12,1.0,아파트,남,1,0,0,0,2023,4,9800,205.45073375262052,23.85,1.0,역세권,중고,2
nerima,練馬区,131.9,6,6.9,6,17,2.9,맨션,서,0,1,1,0,2021,10,11820,89.61334344200151,21.983333333333334,0.35294117647058826,역세권,준신축,3
koto,江東区,74.1,3,3.9,7,11,1.4,타워맨션,남동,0,1,0,0,2022,9,11670,157.48987854251013,24.7,0.6363636363636364,역세권,신축,1
setagaya,世田谷区,52.2,2,12.9,1,5,1.3,빌라,남,0,1,0,1,2023,9,5830,111.68582375478927,26.1,0.2,역세권,준신축,2
shinagawa,品川区,84.5,4,7.4,10,10,9.0,아파트,남동,0,0,1,1,2025,10,11160,132.07100591715977,21.125,1.0,버스권,준신축,3
koto,江東区,34.0,1,10.2,1,9,7.9,아파트,서,1,1,1,0,2021,12,3320,97.6470588235294,34.0,0.1111111111111111,버스권,준신축,5
shinagawa,品川区,71.3,3,47.2,4,5,1.0,맨션,남,0,1,0,1,2024,5,7580,106.31136044880786,23.766666666666666,0.8,역세권,노후,2
nakano,中野区,48.7,3,16.0,13,18,7.1,빌라,남동,0,1,0,0,2022,1,3600,73.92197125256673,16.233333333333334,0.7222222222222222,버스권,중고,1
meguro,目黒区,85.5,3,28.3,6,19,2.4,아파트,북,1,1,0,0,2023,11,12620,147.60233918128654,28.5,0.3157894736842105,역세권,중고,3
ota,大田区,67.7,2,3.1,13,13,1.0,빌라,북동,0,0,1,1,2022,2,6750,99.70457902511077,33.85,1.0,역세권,신축,3
nakano,中野区,25.0,1,24.4,13,16,6.7,아파트,서,0,0,0,0,2023,1,2090,83.6,25.0,0.8125,도보권,중고,0
chuo,中央区,60.5,3,7.7,12,18,14.1,아파트,서,0,1,1,0,2025,11,11200,185.12396694214877,20.166666666666668,0.6666666666666666,버스권,준신축,3
shinagawa,品川区,20.0,1,20.1,1,9,9.7,아파트,동,0,1,1,1,2024,2,2520,126.0,20.0,0.1111111111111111,버스권,중고,4
setagaya,世田谷区,32.3,1,25.5,8,19,11.6,타워맨션,남,0,0,1,0,2024,10,4010,124.14860681114553,32.3,0.42105263157894735,버스권,중고,2
katsushika,葛飾区,59.4,2,39.8,14,15,19.8,타워맨션,남,1,1,0,0,2021,12,2300,38.72053872053872,29.7,0.9333333333333333,원거리,노후,3
taito,台東区,54.2,2,19.4,10,15,5.2,아파트,남,0,1,1,0,2023,5,5520,101.8450184501845,27.1,0.6666666666666666,도보권,중고,3
toshima,豊島区,60.8,2,4.4,3,9,6.7,맨션,동,0,1,0,0,2025,7,9150,150.4934210526316,30.4,0.3333333333333333,도보권,신축,1
setagaya,世田谷区,44.4,2,39.1,10,11,6.4,맨션,북서,1,0,0,0,2021,6,3150,70.94594594594595,22.2,0.9090909090909091,도보권,노후,2
sumida,墨田区,20.0,1,0.6,11,15,11.3,아파트,북동,1,0,0,0,2024,3,1870,93.5,20.0,0.7333333333333333,버스권,신축,2
nakano,中野区,39.6,1,39.6,14,14,1.0,맨션,남동,0,0,0,0,2024,7,2910,73.48484848484848,39.6,1.0,역세권,노후,0
minato,港区,95.3,5,2.4,6,9,6.7,맨션,남,0,1,1,0,2021,12,26240,275.3410283315845,19.06,0.6666666666666666,도보권,신축,3
shinjuku,新宿区,106.5,6,21.1,12,12,1.0,맨션,북,1,0,1,0,2022,5,14610,137.18309859154928,17.75,1.0,역세권,중고,4
suginami,杉並区,40.6,1,7.1,10,15,18.9,아파트,남동,0,0,0,1,2021,6,3380,83.2512315270936,40.6,0.6666666666666666,원거리,준신축,1
sumida,墨田区,95.2,3,18.1,2,15,2.9,아파트,남,0,0,1,0,2021,12,8200,86.1344537815126,31.733333333333334,0.13333333333333333,역세권,중고,2
taito,台東区,20.0,1,0.1,5,7,18.3,맨션,서,1,1,1,1,2021,10,2190,109.5,20.0,0.7142857142857143,원거리,신축,6
minato,港区,76.7,4,11.2,8,19,4.7,아파트,남동,0,0,0,0,2025,2,17220,224.51108213820078,19.175,0.42105263157894735,도보권,준신축,0
itabashi,板橋区,70.8,3,15.2,14,14,3.1,맨션,남동,1,0,1,0,2022,9,5830,82.34463276836159,23.599999999999998,1.0,도보권,중고,4
chiyoda,千代田区,102.6,5,3.6,10,16,13.6,맨션,동,0,1,1,0,2021,4,21620,210.72124756335285,20.52,0.625,버스권,신축,3
adachi,足立区,125.8,6,0.5,3,17,2.1,빌라,서,0,1,1,0,2022,4,6990,55.56438791732909,20.966666666666665,0.17647058823529413,역세권,신축,3
shinjuku,新宿区,75.2,4,27.6,4,5,3.0,맨션,남,1,0,0,1,2025,8,10500,139.62765957446808,18.8,0.8,역세권,중고,3
taito,台東区,80.0,3,37.8,7,14,6.2,아파트,서,0,1,1,0,2024,10,5580,69.75,26.666666666666668,0.5,도보권,노후,3
adachi,足立区,64.7,3,3.7,3,13,1.1,맨션,남서,0,0,1,0,2025,10,4340,67.07882534775888,21.566666666666666,0.23076923076923078,역세권,신축,2
itabashi,板橋区,20.0,1,12.4,2,7,2.2,아파트,동,1,1,1,0,2024,12,1650,82.5,20.0,0.2857142857142857,역세권,준신축,5
shibuya,渋谷区,58.6,3,1.3,10,18,19.8,빌라,동,1,1,1,0,2022,7,9580,163.48122866894198,19.533333333333335,0.5555555555555556,원거리,신축,5
shinagawa,品川区,24.5,1,20.2,12,19,5.5,타워맨션,남서,0,1,1,0,2025,2,4770,194.69387755102042,24.5,0.631578947368421,도보권,중고,3
setagaya,世田谷区,46.4,3,8.4,14,19,13.2,맨션,남서,1,1,1,1,2025,9,7600,163.79310344827587,15.466666666666667,0.7368421052631579,버스권,준신축,6
bunkyo,文京区,70.5,3,33.3,14,14,11.0,맨션,서,0,1,0,0,2024,8,6520,92.48226950354609,23.5,1.0,버스권,노후,1
shibuya,渋谷区,75.1,3,4.9,11,17,1.0,맨션,북서,0,1,1,0,2025,5,18930,252.06391478029298,25.03333333333333,0.6470588235294118,역세권,신축,3
minato,港区,82.1,4,0.8,2,12,2.5,맨션,남,0,1,1,0,2023,2,31340,381.72959805115715,20.525,0.16666666666666666,역세권,신축,3
shibuya,渋谷区,57.3,2,15.2,14,17,4.5,빌라,동,0,1,0,0,2022,8,8450,147.4694589877836,28.65,0.8235294117647058,도보권,중고,1
koto,江東区,101.9,5,4.6,11,13,2.3,맨션,남동,0,0,1,0,2023,5,15290,150.04906771344454,20.380000000000003,0.8461538461538461,역세권,신축,2
chiyoda,千代田区,105.7,4,16.0,13,19,5.1,아파트,남,0,1,1,0,2024,10,23370,221.09744560075686,26.425,0.6842105263157895,도보권,중고,3
toshima,豊島区,77.0,3,3.7,13,14,14.4,아파트,북,1,1,1,0,2021,6,10380,134.80519480519482,25.666666666666668,0.9285714285714286,버스권,신축,5
taito,台東区,81.7,3,15.9,14,19,26.5,아파트,북동,0,1,0,1,2022,12,6270,76.74418604651163,27.233333333333334,0.7368421052631579,원거리,중고,2
katsushika,葛飾区,57.9,2,50.7,6,10,9.1,맨션,남,0,1,0,0,2023,8,2060,35.57858376511226,28.95,0.6,버스권,노후,1
shibuya,渋谷区,36.5,2,5.7,4,15,2.7,맨션,남서,1,1,1,0,2022,4,9130,250.13698630136986,18.25,0.26666666666666666,역세권,준신축,5
meguro,目黒区,43.9,2,2.0,3,10,10.3,맨션,북서,0,1,0,1,2021,4,6430,146.46924829157174,21.95,0.3,버스권,신축,2
arakawa,荒川区,58.1,3,15.8,5,16,1.1,맨션,북서,0,1,0,0,2021,2,3190,54.90533562822719,19.366666666666667,0.3125,역세권,중고,1
chiyoda,千代田区,50.0,1,3.7,8,15,30.0,아파트,남동,0,1,1,0,2024,11,8010,160.2,50.0,0.5333333333333333,원거리,신축,3
edogawa,江戸川区,20.0,1,19.5,7,10,7.3,맨션,남,0,0,0,0,2021,7,1060,53.0,20.0,0.7,버스권,중고,0
sumida,墨田区,93.3,4,44.1,10,10,12.0,타워맨션,남,0,1,0,0,2022,1,6110,65.48767416934619,23.325,1.0,버스권,노후,1
itabashi,板橋区,56.3,2,18.2,5,11,4.1,아파트,동,0,1,1,0,2022,11,4020,71.40319715808171,28.15,0.45454545454545453,도보권,중고,3
minato,港区,45.1,2,29.3,5,8,1.5,맨션,북동,0,1,1,0,2023,12,10940,242.5720620842572,22.55,0.625,역세권,중고,3
toshima,豊島区,77.1,3,18.2,7,11,3.4,아파트,동,1,1,0,0,2025,8,9410,122.04928664072634,25.7,0.6363636363636364,도보권,중고,3
koto,江東区,62.4,2,29.1,11,13,3.5,타워맨션,서,0,1,0,0,2022,11,6120,98.07692307692308,31.2,0.8461538461538461,도보권,중고,1
edogawa,江戸川区,61.9,3,28.8,13,19,11.2,아파트,남서,0,1,0,0,2021,5,3070,49.59612277867529,20.633333333333333,0.6842105263157895,버스권,중고,1
shibuya,渋谷区,65.8,2,14.3,3,7,9.4,맨션,남,0,1,1,1,2024,10,10010,152.12765957446808,32.9,0.42857142857142855,버스권,준신축,4
bunkyo,文京区,49.9,2,12.4,6,11,12.6,맨션,남,0,0,1,0,2021,6,5970,119.63927855711424,24.95,0.5454545454545454,버스권,준신축,2
kita,北区,100.3,4,3.4,2,5,5.1,맨션,북동,0,1,1,1,2024,6,8580,85.54336989032902,25.075,0.4,도보권,신축,4
adachi,足立区,55.5,3,8.7,6,6,1.0,맨션,남,1,0,1,0,2020,12,3760,67.74774774774775,18.5,1.0,역세권,준신축,4
minato,港区,62.3,3,5.5,11,18,8.8,아파트,남,1,1,1,0,2022,6,15940,255.85874799357947,20.766666666666666,0.6111111111111112,버스권,준신축,5
chiyoda,千代田区,57.0,3,2.2,13,17,22.9,맨션,서,0,1,0,1,2021,3,10880,190.87719298245614,19.0,0.7647058823529411,원거리,신축,2
meguro,目黒区,75.8,3,14.1,6,10,1.4,아파트,서,1,1,1,1,2021,12,12580,165.96306068601584,25.266666666666666,0.6,역세권,준신축,6
arakawa,荒川区,68.8,3,12.1,4,9,26.4,아파트,서,0,1,0,0,2022,1,4040,58.72093023255814,22.933333333333334,0.4444444444444444,원거리,준신축,1
katsushika,葛飾区,31.7,2,22.3,11,18,7.5,빌라,북동,0,1,1,1,2024,9,1640,51.73501577287066,15.85,0.6111111111111112,버스권,중고,4
nakano,中野区,59.1,3,53.6,5,8,4.5,맨션,북,0,1,1,0,2021,9,3150,53.2994923857868,19.7,0.625,도보권,노후,3
toshima,豊島区,55.3,2,5.1,5,13,11.8,맨션,북서,0,1,1,0,2024,9,7220,130.5605786618445,27.65,0.38461538461538464,버스권,준신축,3
taito,台東区,29.1,1,14.8,1,6,5.0,타워맨션,남,0,1,1,0,2025,6,3610,124.05498281786942,29.1,0.16666666666666666,도보권,준신축,3
shinagawa,品川区,50.0,2,34.1,14,15,4.0,아파트,남,0,0,1,0,2023,2,6710,134.2,25.0,0.9333333333333333,도보권,노후,2
sumida,墨田区,84.6,3,17.2,3,13,13.6,맨션,북동,1,1,0,0,2022,8,6830,80.73286052009456,28.2,0.23076923076923078,버스권,중고,3
sumida,墨田区,58.3,3,0.3,14,18,25.6,아파트,북동,0,1,1,0,2022,5,6300,108.06174957118354,19.433333333333334,0.7777777777777778,원거리,신축,3
shinagawa,品川区,79.1,4,5.3,2,19,2.1,맨션,서,0,0,1,0,2024,2,12860,162.57901390644756,19.775,0.10526315789473684,역세권,준신축,2
shinjuku,新宿区,36.9,2,38.3,8,12,11.7,빌라,남,0,1,0,0,2025,2,2930,79.40379403794039,18.45,0.6666666666666666,버스권,노후,1
kita,北区,63.6,3,1.4,7,12,1.0,아파트,북동,0,1,1,0,2025,4,6090,95.75471698113208,21.2,0.5833333333333334,역세권,신축,3
suginami,杉並区,35.5,2,4.0,12,14,21.7,타워맨션,북서,1,1,1,0,2024,12,4740,133.5211267605634,17.75,0.8571428571428571,원거리,신축,5
minato,港区,51.9,2,26.8,10,11,1.0,맨션,남동,0,0,0,0,2021,6,9900,190.75144508670522,25.95,0.9090909090909091,역세권,중고,0
meguro,目黒区,58.3,3,4.4,6,8,1.0,맨션,북동,1,1,1,0,2023,5,11850,203.2590051457976,19.433333333333334,0.75,역세권,신축,5
arakawa,荒川区,108.4,5,12.2,13,18,1.0,맨션,남,0,0,0,0,2025,2,10200,94.09594095940959,21.68,0.7222222222222222,역세권,준신축,0
koto,江東区,57.8,2,60.0,7,7,24.6,아파트,북동,1,0,0,0,2021,10,2340,40.484429065743946,28.9,1.0,원거리,노후,2
kita,北区,68.5,4,10.5,11,18,1.0,아파트,남,1,1,1,0,2025,4,6870,100.2919708029197,17.125,0.6111111111111112,역세권,준신축,5
katsushika,葛飾区,76.5,4,46.9,7,16,10.2,아파트,남,1,1,1,0,2023,6,2690,35.16339869281046,19.125,0.4375,버스권,노후,5
chuo,中央区,85.9,3,37.0,13,16,1.7,빌라,남동,0,1,0,0,2022,2,10540,122.70081490104772,28.633333333333336,0.8125,역세권,노후,1
meguro,目黒区,97.8,4,17.4,14,15,4.4,맨션,동,1,1,1,0,2025,8,18610,190.28629856850716,24.45,0.9333333333333333,도보권,중고,5
kita,北区,100.3,4,15.7,3,9,1.4,맨션,동,0,1,0,0,2021,4,6660,66.40079760717846,25.075,0.3333333333333333,역세권,중고,1
setagaya,世田谷区,84.1,3,4.8,1,17,1.8,아파트,북동,1,1,0,0,2023,12,12590,149.70273483947682,28.03333333333333,0.058823529411764705,역세권,신축,3
chiyoda,千代田区,57.4,2,23.2,2,7,4.9,맨션,남서,0,0,1,0,2025,9,12450,216.89895470383277,28.7,0.2857142857142857,도보권,중고,2
toshima,豊島区,94.4,4,11.8,10,16,4.9,타워맨션,남동,0,0,0,0,2023,12,13370,141.63135593220338,23.6,0.625,도보권,준신축,0
nakano,中野区,20.0,1,2.1,3,3,1.0,타워맨션,남,0,0,1,0,2022,2,3220,161.0,20.0,1.0,역세권,신축,2
koto,江東区,62.7,3,9.4,3,12,1.0,타워맨션,남,0,0,0,0,2024,9,9190,146.57097288676235,20.900000000000002,0.25,역세권,준신축,0
taito,台東区,75.5,3,12.7,8,8,3.2,빌라,남동,0,1,1,0,2022,12,6700,88.74172185430463,25.166666666666668,1.0,도보권,준신축,3
shinagawa,品川区,86.4,5,9.5,8,11,8.0,아파트,남서,0,1,1,0,2021,1,12860,148.84259259259258,17.28,0.7272727272727273,버스권,준신축,3
minato,港区,75.9,3,2.4,12,16,19.8,타워맨션,남,1,1,0,0,2024,4,23590,310.8036890645586,25.3,0.75,원거리,신축,3
adachi,足立区,69.9,3,38.6,6,10,2.8,맨션,서,1,0,0,0,2021,1,2130,30.472103004291842,23.3,0.6,역세권,노후,2
taito,台東区,73.7,2,13.3,9,19,16.6,맨션,북서,0,1,1,0,2022,10,6860,93.08005427408412,36.85,0.47368421052631576,원거리,준신축,3
adachi,足立区,40.6,1,3.4,8,15,3.5,타워맨션,북서,1,1,1,1,2022,5,3550,87.4384236453202,40.6,0.5333333333333333,도보권,신축,6
bunkyo,文京区,35.7,2,3.8,1,10,3.4,맨션,남,1,1,1,0,2023,5,5900,165.266106442577,17.85,0.1,도보권,신축,5
shinjuku,新宿区,67.1,2,49.2,7,16,1.0,아파트,남,0,1,1,0,2021,10,6110,91.0581222056632,33.55,0.4375,역세권,노후,3
chiyoda,千代田区,22.0,1,25.3,8,9,2.8,아파트,동,0,1,1,1,2021,11,3690,167.72727272727272,22.0,0.8888888888888888,역세권,중고,4
arakawa,荒川区,48.9,2,40.7,11,16,3.1,빌라,북,0,0,1,0,2025,8,1900,38.854805725971374,24.45,0.6875,도보권,노후,2
taito,台東区,90.6,4,0.8,6,8,8.0,아파트,남동,0,1,1,0,2023,5,11960,132.00883002207507,22.65,0.75,버스권,신축,3
bunkyo,文京区,48.8,2,20.3,2,5,5.9,아파트,북,0,1,0,0,2021,6,4520,92.62295081967214,24.4,0.4,도보권,중고,1
nakano,中野区,74.6,3,55.0,3,7,28.7,맨션,북서,1,1,1,0,2025,10,4130,55.36193029490617,24.866666666666664,0.42857142857142855,원거리,노후,5
chuo,中央区,63.2,2,43.4,11,16,1.0,맨션,서,0,0,1,0,2024,8,8970,141.93037974683543,31.6,0.6875,역세권,노후,2
toshima,豊島区,47.7,2,3.2,2,18,25.9,아파트,서,0,0,1,0,2025,9,5260,110.27253668763102,23.85,0.1111111111111111,원거리,신축,2
adachi,足立区,79.1,4,8.0,11,12,7.0,빌라,동,1,0,1,1,2024,7,4960,62.7054361567636,19.775,0.9166666666666666,도보권,준신축,5
kita,北区,100.2,5,1.7,7,19,6.1,맨션,남,0,0,1,0,2022,2,8750,87.3253493013972,20.04,0.3684210526315789,도보권,신축,2
chuo,中央区,49.6,2,11.2,14,19,11.6,타워맨션,북서,1,1,1,0,2024,5,12500,252.01612903225805,24.8,0.7368421052631579,버스권,준신축,5
setagaya,世田谷区,20.0,1,60.0,12,12,1.0,맨션,서,0,0,0,0,2023,11,1570,78.5,20.0,1.0,역세권,노후,0
koto,江東区,65.3,3,1.1,8,17,2.7,아파트,남,0,0,1,1,2024,11,7710,118.07044410413476,21.766666666666666,0.47058823529411764,역세권,신축,3
nakano,中野区,49.1,2,18.4,2,15,3.4,타워맨션,남동,0,0,0,0,2022,3,4890,99.59266802443992,24.55,0.13333333333333333,도보권,중고,0
shibuya,渋谷区,76.2,3,33.5,5,11,1.7,맨션,서,0,1,0,0,2023,7,10600,139.10761154855643,25.400000000000002,0.45454545454545453,역세권,노후,1
chuo,中央区,87.0,4,13.9,4,9,1.0,맨션,남서,0,1,1,1,2025,8,26900,309.1954022988506,21.75,0.4444444444444444,역세권,준신축,4
shibuya,渋谷区,77.5,4,28.4,1,6,1.0,맨션,남동,0,1,1,0,2024,12,15040,194.06451612903226,19.375,0.16666666666666666,역세권,중고,3
chuo,中央区,89.5,4,2.3,11,18,25.6,맨션,동,0,1,0,0,2024,3,17060,190.6145251396648,22.375,0.6111111111111112,원거리,신축,1
chiyoda,千代田区,69.7,3,7.3,11,11,18.7,빌라,남서,0,1,1,1,2023,1,12160,174.4619799139168,23.233333333333334,1.0,원거리,준신축,4
meguro,目黒区,93.8,4,24.1,4,6,4.4,아파트,남동,0,1,1,0,2024,3,13900,148.18763326226014,23.45,0.6666666666666666,도보권,중고,3
chuo,中央区,56.9,2,18.3,2,5,1.2,아파트,남,1,1,0,0,2025,7,13110,230.4042179261863,28.45,0.4,역세권,중고,3
shibuya,渋谷区,63.8,2,32.7,3,12,4.2,빌라,남서,1,1,0,0,2025,9,7080,110.9717868338558,31.9,0.25,도보권,노후,3
chuo,中央区,51.9,1,39.4,6,8,3.7,맨션,남동,1,1,1,0,2021,11,7280,140.26974951830442,51.9,0.75,도보권,노후,5
bunkyo,文京区,84.5,4,11.5,2,5,5.5,아파트,서,0,1,0,0,2021,10,8950,105.9171597633136,21.125,0.4,도보권,준신축,1
chiyoda,千代田区,37.8,2,12.9,2,17,4.3,맨션,동,1,1,1,0,2023,11,9770,258.4656084656085,18.9,0.11764705882352941,도보권,준신축,5
chuo,中央区,20.0,2,48.2,13,16,19.2,아파트,서,0,0,0,0,2025,6,1550,77.5,10.0,0.8125,원거리,노후,0
suginami,杉並区,47.6,2,11.4,10,19,2.6,맨션,남서,1,1,0,0,2024,3,6200,130.25210084033614,23.8,0.5263157894736842,역세권,준신축,3
nakano,中野区,57.2,2,10.0,8,16,7.5,타워맨션,남서,0,0,0,0,2022,2,6380,111.53846153846153,28.6,0.5,버스권,준신축,0
katsushika,葛飾区,63.7,3,3.4,13,13,2.1,맨션,남서,0,1,1,0,2021,2,4400,69.07378335949764,21.233333333333334,1.0,역세권,신축,3
nakano,中野区,43.3,3,5.2,10,19,13.3,맨션,남,0,1,1,0,2023,2,5790,133.71824480369517,14.433333333333332,0.5263157894736842,버스권,준신축,3
ota,大田区,57.2,2,6.4,5,7,12.7,맨션,북서,0,1,0,0,2023,8,5560,97.2027972027972,28.6,0.7142857142857143,버스권,준신축,1
nakano,中野区,63.9,2,21.1,4,4,3.7,아파트,남서,0,1,0,1,2021,1,4790,74.96087636932708,31.95,1.0,도보권,중고,2
itabashi,板橋区,88.7,4,19.6,13,13,9.6,아파트,북서,0,1,0,0,2022,8,4860,54.79143179255919,22.175,1.0,버스권,중고,1
itabashi,板橋区,54.0,2,9.6,7,13,1.0,아파트,북서,1,1,0,1,2023,10,4540,84.07407407407408,27.0,0.5384615384615384,역세권,준신축,4
minato,港区,56.4,2,29.5,1,3,5.6,타워맨션,서,1,1,1,0,2025,6,13100,232.2695035460993,28.2,0.3333333333333333,도보권,중고,5
ota,大田区,52.7,2,21.3,10,13,2.3,맨션,남동,0,1,1,0,2021,10,4570,86.71726755218216,26.35,0.7692307692307693,역세권,중고,3
shibuya,渋谷区,66.1,3,8.4,10,13,13.8,아파트,동,0,1,0,0,2022,5,10260,155.2193645990923,22.03333333333333,0.7692307692307693,버스권,준신축,1
koto,江東区,61.5,2,1.6,5,13,1.0,맨션,남,0,1,1,0,2024,1,7110,115.60975609756098,30.75,0.38461538461538464,역세권,신축,3
koto,江東区,77.6,4,10.3,10,19,5.0,아파트,북동,1,1,0,0,2023,1,7870,101.41752577319589,19.4,0.5263157894736842,도보권,준신축,3
minato,港区,81.8,4,0.4,12,18,9.2,빌라,남동,0,1,0,1,2024,10,22540,275.5501222493888,20.45,0.6666666666666666,버스권,신축,2
shinjuku,新宿区,88.0,5,33.9,2,10,1.7,타워맨션,동,0,0,1,0,2022,5,10820,122.95454545454545,17.6,0.2,역세권,노후,2
shinagawa,品川区,62.0,2,34.3,7,19,5.6,아파트,서,0,0,0,0,2022,12,5850,94.35483870967742,31.0,0.3684210526315789,도보권,노후,0
katsushika,葛飾区,22.0,1,11.8,7,15,14.9,맨션,북서,0,0,0,0,2024,9,1230,55.90909090909091,22.0,0.4666666666666667,버스권,준신축,0
minato,港区,61.7,2,5.1,9,18,9.8,맨션,남동,0,1,0,0,2023,5,14250,230.95623987034034,30.85,0.5,버스권,준신축,1
meguro,目黒区,72.4,3,56.3,8,13,1.0,맨션,서,0,0,0,0,2022,6,6720,92.81767955801104,24.133333333333336,0.6153846153846154,역세권,노후,0
bunkyo,文京区,111.4,5,2.3,2,11,11.9,맨션,남동,0,1,1,0,2021,7,17200,154.39856373429083,22.28,0.18181818181818182,버스권,신축,3
taito,台東区,58.1,2,6.9,3,4,1.0,아파트,북서,0,0,1,1,2024,12,7040,121.17039586919104,29.05,0.75,역세권,준신축,3
arakawa,荒川区,28.1,1,29.5,3,16,1.4,아파트,남동,0,0,0,0,2023,7,1460,51.95729537366548,28.1,0.1875,역세권,중고,0
chiyoda,千代田区,118.5,6,22.8,6,13,14.5,아파트,남,0,0,1,0,2021,4,18380,155.1054852320675,19.75,0.46153846153846156,버스권,중고,2
shinagawa,品川区,80.4,4,33.1,5,13,1.0,맨션,동,0,1,1,1,2020,12,9260,115.17412935323382,20.1,0.38461538461538464,역세권,노후,4
shinjuku,新宿区,53.9,2,4.5,14,16,6.3,타워맨션,북,1,0,0,0,2024,9,11800,218.92393320964752,26.95,0.875,도보권,신축,2
meguro,目黒区,63.7,2,10.9,8,18,1.1,아파트,동,0,1,1,1,2024,9,12240,192.1507064364207,31.85,0.4444444444444444,역세권,준신축,4
nakano,中野区,41.8,1,13.7,10,17,5.4,맨션,남서,1,1,0,1,2024,11,5460,130.622009569378,41.8,0.5882352941176471,도보권,준신축,4
chiyoda,千代田区,77.8,3,5.4,12,12,10.2,맨션,동,0,1,1,0,2021,6,14540,186.88946015424165,25.933333333333334,1.0,버스권,준신축,3
toshima,豊島区,61.8,2,28.9,10,12,1.0,아파트,북,0,0,1,1,2025,2,7040,113.915857605178,30.9,0.8333333333333334,역세권,중고,3
nerima,練馬区,90.9,5,4.8,3,19,7.7,타워맨션,북,1,1,1,0,2025,4,11120,122.33223322332232,18.18,0.15789473684210525,버스권,신축,5
bunkyo,文京区,31.9,1,23.3,13,13,5.2,맨션,서,1,1,0,0,2023,6,4150,130.09404388714734,31.9,1.0,도보권,중고,3
adachi,足立区,24.5,1,3.6,4,16,3.7,맨션,남,0,1,0,0,2023,4,1710,69.79591836734694,24.5,0.25,도보권,신축,1
suginami,杉並区,86.2,3,12.4,8,15,1.0,맨션,북동,1,0,0,0,2021,10,8240,95.59164733178655,28.733333333333334,0.5333333333333333,역세권,준신축,2
adachi,足立区,29.1,2,36.1,6,17,1.2,맨션,남서,0,1,1,1,2022,4,1270,43.6426116838488,14.55,0.35294117647058826,역세권,노후,4
koto,江東区,68.9,3,53.8,11,12,1.3,빌라,북동,0,1,0,0,2023,11,3280,47.60522496371553,22.96666666666667,0.9166666666666666,역세권,노후,1
chiyoda,千代田区,59.4,2,8.7,6,9,11.9,아파트,남서,1,1,1,0,2024,8,12160,204.7138047138047,29.7,0.6666666666666666,버스권,준신축,5
nakano,中野区,44.4,2,18.7,1,1,1.9,맨션,서,1,1,0,0,2025,8,4720,106.30630630630631,22.2,1.0,역세권,중고,3
nerima,練馬区,95.2,5,19.2,7,14,19.3,맨션,남,0,1,1,0,2023,4,6490,68.17226890756302,19.04,0.5,원거리,중고,3
sumida,墨田区,87.3,4,8.6,10,18,1.0,타워맨션,북서,0,0,0,0,2025,8,11610,132.98969072164948,21.825,0.5555555555555556,역세권,준신축,0
shibuya,渋谷区,84.1,4,8.3,10,17,1.4,맨션,동,0,1,0,1,2021,6,23040,273.9595719381689,21.025,0.5882352941176471,역세권,준신축,2
itabashi,板橋区,50.9,2,0.8,4,18,1.0,아파트,남,0,1,1,0,2022,6,4650,91.35559921414539,25.45,0.2222222222222222,역세권,신축,3
chuo,中央区,64.8,3,22.0,3,17,6.4,타워맨션,남서,0,0,0,0,2021,3,11640,179.62962962962965,21.599999999999998,0.17647058823529413,도보권,중고,0
adachi,足立区,56.5,2,18.2,11,13,4.6,아파트,남서,0,1,1,0,2023,11,3260,57.69911504424779,28.25,0.8461538461538461,도보권,중고,3
arakawa,荒川区,114.5,5,17.0,12,19,4.9,맨션,남,1,1,1,0,2025,9,10700,93.44978165938865,22.9,0.631578947368421,도보권,중고,5
nerima,練馬区,86.6,4,7.7,4,7,4.6,빌라,서,0,0,1,0,2024,10,6590,76.09699769053118,21.65,0.5714285714285714,도보권,준신축,2
suginami,杉並区,36.4,1,27.7,3,13,1.0,아파트,남서,0,0,0,0,2021,10,2380,65.38461538461539,36.4,0.23076923076923078,역세권,중고,0
taito,台東区,57.1,3,14.8,4,6,4.7,아파트,남서,0,1,0,1,2022,12,5610,98.24868651488616,19.033333333333335,0.6666666666666666,도보권,준신축,2
shinagawa,品川区,90.0,4,60.0,7,18,7.6,빌라,남서,0,1,0,0,2024,2,5880,65.33333333333333,22.5,0.3888888888888889,버스권,노후,1
bunkyo,文京区,99.9,5,31.6,13,13,20.8,맨션,남,1,0,0,0,2022,12,9610,96.1961961961962,19.98,1.0,원거리,노후,2
chiyoda,千代田区,83.1,3,2.4,13,17,12.8,맨션,북동,0,1,1,0,2022,5,17560,211.31167268351385,27.7,0.7647058823529411,버스권,신축,3
taito,台東区,57.4,2,3.3,6,18,15.9,타워맨션,남동,0,0,1,0,2022,8,8600,149.82578397212544,28.7,0.3333333333333333,원거리,신축,2
nerima,練馬区,54.4,2,38.8,1,5,4.3,아파트,남서,1,0,0,0,2025,10,2480,45.588235294117645,27.2,0.2,도보권,노후,2
minato,港区,45.4,2,16.9,13,14,3.3,타워맨션,남서,0,0,1,0,2024,1,13660,300.8810572687225,22.7,0.9285714285714286,도보권,중고,2
koto,江東区,87.8,3,31.0,7,16,7.5,아파트,서,0,1,1,1,2022,11,5860,66.74259681093395,29.266666666666666,0.4375,버스권,노후,4
nerima,練馬区,56.7,2,0.8,14,14,4.2,아파트,서,0,0,1,0,2025,9,5570,98.2363315696649,28.35,1.0,도보권,신축,2
sumida,墨田区,65.4,2,20.1,4,14,1.0,빌라,동,0,0,1,0,2025,1,4840,74.00611620795107,32.7,0.2857142857142857,역세권,중고,2
nakano,中野区,69.8,2,22.0,4,9,15.6,아파트,동,0,0,0,1,2024,10,4290,61.46131805157594,34.9,0.4444444444444444,원거리,중고,1
minato,港区,96.1,5,3.9,1,13,17.6,아파트,남서,0,0,1,0,2025,3,17230,179.29240374609782,19.22,0.07692307692307693,원거리,신축,2
chuo,中央区,83.5,3,6.4,8,16,19.0,빌라,남,1,1,1,0,2024,5,15800,189.22155688622755,27.833333333333332,0.5,원거리,준신축,5
minato,港区,105.1,5,16.5,8,15,15.7,타워맨션,북서,0,1,1,0,2023,1,20750,197.43101807802094,21.02,0.5333333333333333,원거리,중고,3
toshima,豊島区,63.5,1,26.1,4,16,3.5,타워맨션,남,1,0,0,1,2023,8,8720,137.3228346456693,63.5,0.25,도보권,중고,3
nakano,中野区,83.3,4,10.2,10,10,1.6,빌라,북,0,1,0,0,2023,2,6570,78.87154861944778,20.825,1.0,역세권,준신축,1
suginami,杉並区,63.5,3,1.4,10,15,1.0,타워맨션,동,0,1,1,0,2025,7,12350,194.48818897637796,21.166666666666668,0.6666666666666666,역세권,신축,3
minato,港区,52.8,2,20.6,11,11,1.0,아파트,서,0,1,0,0,2023,4,12950,245.26515151515153,26.4,1.0,역세권,중고,1
arakawa,荒川区,44.8,2,4.3,9,12,11.4,맨션,남,0,1,0,0,2020,12,3620,80.80357142857143,22.4,0.75,버스권,신축,1
edogawa,江戸川区,73.9,4,4.8,2,8,1.0,타워맨션,서,0,0,0,0,2025,12,6920,93.64005412719891,18.475,0.25,역세권,신축,0
adachi,足立区,56.9,2,25.9,8,13,2.3,빌라,북동,1,1,0,0,2022,3,2250,39.54305799648506,28.45,0.6153846153846154,역세권,중고,3
shinjuku,新宿区,90.0,4,1.8,7,14,7.8,맨션,남,0,1,0,0,2023,7,16480,183.11111111111111,22.5,0.5,버스권,신축,1
nakano,中野区,31.2,1,0.5,14,17,16.2,빌라,서,0,1,0,0,2021,9,2320,74.35897435897436,31.2,0.8235294117647058,원거리,신축,1
shibuya,渋谷区,83.5,4,14.1,7,7,2.2,타워맨션,남서,0,1,1,1,2023,3,23390,280.11976047904193,20.875,1.0,역세권,준신축,4
nerima,練馬区,118.6,6,7.2,3,17,1.0,맨션,남동,0,1,1,1,2022,5,11230,94.68802698145026,19.766666666666666,0.17647058823529413,역세권,준신축,4
setagaya,世田谷区,68.0,3,24.1,12,19,1.1,아파트,남서,0,1,1,0,2021,7,7880,115.88235294117646,22.666666666666668,0.631578947368421,역세권,중고,3
kita,北区,48.2,3,4.7,4,5,2.2,아파트,남동,0,1,0,0,2023,2,4150,86.09958506224066,16.066666666666666,0.8,역세권,신축,1
chiyoda,千代田区,50.5,2,26.7,11,11,12.8,빌라,북동,0,0,1,0,2024,4,6390,126.53465346534654,25.25,1.0,버스권,중고,2
nerima,練馬区,71.9,3,60.0,13,17,2.5,맨션,남동,0,1,1,0,2024,3,3950,54.937413073713486,23.96666666666667,0.7647058823529411,역세권,노후,3
nakano,中野区,42.9,2,4.0,10,11,1.0,맨션,서,0,0,0,0,2021,12,4770,111.18881118881119,21.45,0.9090909090909091,역세권,신축,0
edogawa,江戸川区,30.6,1,5.1,7,19,3.6,아파트,북서,1,1,0,0,2022,4,1890,61.764705882352935,30.6,0.3684210526315789,도보권,준신축,3
setagaya,世田谷区,33.0,1,1.1,10,11,6.5,맨션,남,1,1,1,1,2023,5,5770,174.84848484848484,33.0,0.9090909090909091,도보권,신축,6
minato,港区,20.0,1,17.4,6,11,4.1,아파트,남,0,1,0,1,2024,6,4280,214.0,20.0,0.5454545454545454,도보권,중고,2
shibuya,渋谷区,43.3,2,0.1,9,10,7.9,맨션,남서,0,1,1,0,2025,8,9830,227.02078521939956,21.65,0.9,버스권,신축,3
chuo,中央区,93.8,5,14.1,14,17,1.8,아파트,동,1,0,0,0,2022,7,18100,192.9637526652452,18.759999999999998,0.8235294117647058,역세권,준신축,2
adachi,足立区,59.5,2,4.1,14,14,7.3,빌라,남동,1,0,0,0,2022,1,3610,60.67226890756302,29.75,1.0,버스권,신축,2
toshima,豊島区,30.6,1,3.0,13,13,3.1,아파트,동,1,1,1,1,2024,5,4590,150.0,30.6,1.0,도보권,신축,6
toshima,豊島区,32.7,1,17.8,11,15,3.6,아파트,북동,1,1,1,1,2024,1,3980,121.71253822629969,32.7,0.7333333333333333,도보권,중고,6
shibuya,渋谷区,53.4,3,3.0,7,19,3.9,아파트,남동,0,0,1,0,2022,2,11800,220.97378277153558,17.8,0.3684210526315789,도보권,신축,2
arakawa,荒川区,69.2,3,22.6,2,14,5.0,아파트,남서,0,0,0,0,2024,2,4040,58.38150289017341,23.066666666666666,0.14285714285714285,도보권,중고,0
shibuya,渋谷区,49.4,2,33.7,14,18,1.5,아파트,북서,0,1,1,0,2022,10,7540,152.63157894736844,24.7,0.7777777777777778,역세권,노후,3
shinjuku,新宿区,59.8,2,24.5,14,17,2.2,빌라,북서,1,0,1,1,2024,9,7810,130.60200668896323,29.9,0.8235294117647058,역세권,중고,5
sumida,墨田区,97.2,4,2.1,1,14,6.7,아파트,남,0,1,1,0,2021,7,8500,87.44855967078189,24.3,0.07142857142857142,도보권,신축,3
shinagawa,品川区,45.2,2,2.4,14,14,2.8,아파트,서,1,0,0,0,2025,10,8510,188.27433628318582,22.6,1.0,역세권,신축,2
taito,台東区,51.4,2,12.3,12,16,3.9,아파트,남,0,1,1,1,2022,1,5710,111.08949416342412,25.7,0.75,도보권,준신축,4
bunkyo,文京区,76.8,3,8.4,13,16,1.0,아파트,북서,1,1,1,1,2022,12,11570,150.65104166666669,25.599999999999998,0.8125,역세권,준신축,6
chiyoda,千代田区,72.6,2,28.6,6,11,20.3,빌라,북,0,1,1,0,2022,10,6560,90.3581267217631,36.3,0.5454545454545454,원거리,중고,3
toshima,豊島区,53.8,3,9.5,3,12,1.6,빌라,남서,1,0,0,0,2021,7,4920,91.44981412639406,17.933333333333334,0.25,역세권,준신축,2
meguro,目黒区,139.7,6,33.1,14,18,3.6,아파트,남동,0,0,0,0,2022,12,14790,105.86972083035076,23.28333333333333,0.7777777777777778,도보권,노후,0
shibuya,渋谷区,34.8,1,11.9,9,12,1.0,아파트,남,1,1,1,0,2022,5,9060,260.3448275862069,34.8,0.75,역세권,준신축,5
meguro,目黒区,75.6,3,21.1,3,11,1.0,빌라,남,1,0,1,0,2021,5,10550,139.55026455026456,25.2,0.2727272727272727,역세권,중고,4
ota,大田区,21.5,1,25.9,10,12,6.3,맨션,서,1,1,0,1,2021,12,1700,79.06976744186046,21.5,0.8333333333333334,도보권,중고,4
shinagawa,品川区,20.7,1,0.2,8,18,7.8,아파트,남,0,1,0,1,2024,5,3610,174.39613526570048,20.7,0.4444444444444444,버스권,신축,2
sumida,墨田区,21.1,1,6.7,13,18,1.0,타워맨션,서,1,0,0,0,2024,9,2990,141.70616113744074,21.1,0.7222222222222222,역세권,준신축,2
itabashi,板橋区,96.2,5,26.7,5,9,4.4,아파트,남동,0,1,1,0,2024,6,5310,55.197505197505194,19.240000000000002,0.5555555555555556,도보권,중고,3
minato,港区,100.3,5,2.2,13,19,15.6,아파트,남,0,1,0,1,2021,5,19420,193.61914257228315,20.06,0.6842105263157895,원거리,신축,2
shinjuku,新宿区,69.0,3,4.0,1,6,6.4,맨션,서,0,0,1,0,2021,6,11670,169.1304347826087,23.0,0.16666666666666666,도보권,신축,2
sumida,墨田区,96.5,3,9.2,1,18,1.0,아파트,남,0,1,1,0,2025,1,10700,110.88082901554404,32.166666666666664,0.05555555555555555,역세권,준신축,3
kita,北区,60.2,3,22.3,11,19,14.4,맨션,남,1,0,0,0,2022,9,4690,77.90697674418604,20.066666666666666,0.5789473684210527,버스권,중고,2
shibuya,渋谷区,36.0,1,14.0,11,13,3.6,아파트,남,1,1,1,0,2022,9,7990,221.94444444444446,36.0,0.8461538461538461,도보권,준신축,5
taito,台東区,79.6,3,5.7,13,16,13.2,맨션,남동,1,0,0,0,2021,7,9670,121.48241206030151,26.53333333333333,0.8125,버스권,준신축,2
chiyoda,千代田区,48.0,3,12.2,12,15,3.3,타워맨션,서,1,1,1,0,2021,8,15220,317.0833333333333,16.0,0.8,도보권,준신축,5
nakano,中野区,76.7,4,3.4,7,14,4.7,맨션,남,0,1,1,0,2022,11,10290,134.15906127770535,19.175,0.5,도보권,신축,3
meguro,目黒区,52.6,2,9.8,4,18,9.2,아파트,남서,0,1,0,0,2025,12,8220,156.27376425855513,26.3,0.2222222222222222,버스권,준신축,1
meguro,目黒区,71.9,4,7.2,5,15,3.5,타워맨션,남,1,1,0,0,2024,4,18340,255.07649513212795,17.975,0.3333333333333333,도보권,준신축,3
chiyoda,千代田区,85.2,4,10.7,4,10,9.9,타워맨션,남,0,1,0,1,2023,9,19870,233.21596244131456,21.3,0.4,버스권,준신축,2
shibuya,渋谷区,115.5,5,1.7,6,15,3.7,타워맨션,남,0,1,1,0,2021,4,35210,304.8484848484849,23.1,0.4,도보권,신축,3
chiyoda,千代田区,84.0,4,10.1,5,12,6.0,타워맨션,남,0,0,1,1,2022,6,24650,293.45238095238096,21.0,0.4166666666666667,도보권,준신축,3
shibuya,渋谷区,83.1,3,3.6,9,11,6.5,맨션,남,1,0,0,1,2022,3,19350,232.8519855595668,27.7,0.8181818181818182,도보권,신축,3
kita,北区,55.4,2,10.5,13,16,6.6,아파트,남동,1,0,0,0,2022,12,4230,76.35379061371842,27.7,0.8125,도보권,준신축,2
ota,大田区,103.4,5,0.9,13,18,1.0,맨션,남동,0,1,1,1,2024,3,13610,131.62475822050288,20.68,0.7222222222222222,역세권,신축,4
ota,大田区,50.9,3,2.7,11,11,1.6,맨션,북서,1,1,0,0,2022,9,5570,109.43025540275049,16.966666666666665,1.0,역세권,신축,3
katsushika,葛飾区,93.8,5,4.3,2,10,16.1,맨션,남,0,1,0,0,2021,2,5630,60.02132196162047,18.759999999999998,0.2,원거리,신축,1
sumida,墨田区,43.3,1,35.0,12,18,3.4,빌라,서,0,1,1,0,2025,7,2540,58.66050808314088,43.3,0.6666666666666666,도보권,노후,3
arakawa,荒川区,102.5,6,31.5,2,19,5.9,아파트,동,0,1,1,0,2021,1,5230,51.02439024390244,17.083333333333332,0.10526315789473684,도보권,노후,3
edogawa,江戸川区,85.6,3,19.7,12,14,11.9,맨션,북동,1,1,0,0,2025,11,4720,55.14018691588785,28.53333333333333,0.8571428571428571,버스권,중고,3
sumida,墨田区,20.0,1,15.3,2,4,2.3,아파트,남서,1,0,0,0,2023,11,1670,83.5,20.0,0.5,역세권,중고,2
shinjuku,新宿区,33.3,1,6.9,10,14,1.3,맨션,남동,0,1,1,0,2024,11,7770,233.33333333333334,33.3,0.7142857142857143,역세권,준신축,3
shibuya,渋谷区,98.4,4,29.3,3,15,1.1,아파트,동,0,0,0,0,2025,7,15380,156.30081300813006,24.6,0.2,역세권,중고,0
minato,港区,93.1,4,2.1,4,13,25.9,아파트,남,0,0,1,1,2023,9,18510,198.81847475832438,23.275,0.3076923076923077,원거리,신축,3
chuo,中央区,53.6,2,4.0,14,18,6.9,아파트,북동,0,0,0,0,2023,5,10670,199.06716417910448,26.8,0.7777777777777778,도보권,신축,0
meguro,目黒区,38.2,2,0.3,1,16,7.8,맨션,북,0,1,1,0,2023,8,6300,164.92146596858638,19.1,0.0625,버스권,신축,3
minato,港区,52.6,2,5.1,10,14,17.8,아파트,남서,0,0,0,0,2023,1,10480,199.23954372623572,26.3,0.7142857142857143,원거리,준신축,0
shinagawa,品川区,83.0,4,37.7,9,9,5.2,빌라,북서,0,1,0,0,2022,5,5590,67.34939759036145,20.75,1.0,도보권,노후,1
shinagawa,品川区,44.9,2,0.7,10,16,2.2,타워맨션,북,1,1,0,0,2021,11,10750,239.42093541202672,22.45,0.625,역세권,신축,3
suginami,杉並区,100.5,4,24.8,1,5,7.1,아파트,남,0,1,1,0,2025,10,9260,92.13930348258707,25.125,0.2,버스권,중고,3
chuo,中央区,75.2,3,0.0,7,9,5.2,맨션,남동,1,1,0,0,2024,11,20690,275.1329787234042,25.066666666666666,0.7777777777777778,도보권,,3
suginami,杉並区,50.7,2,17.4,3,14,11.1,아파트,동,0,1,1,0,2024,1,4490,88.56015779092702,25.35,0.21428571428571427,버스권,중고,3
shinjuku,新宿区,53.8,3,27.2,3,10,5.4,맨션,서,0,1,0,0,2025,4,7580,140.8921933085502,17.933333333333334,0.3,도보권,중고,1
toshima,豊島区,102.2,5,0.0,12,16,7.0,아파트,남서,1,1,1,0,2025,1,18300,179.06066536203522,20.44,0.75,도보권,,5
chuo,中央区,20.0,1,25.3,5,10,5.5,빌라,서,0,1,0,0,2023,8,2850,142.5,20.0,0.5,도보권,중고,1
chiyoda,千代田区,30.3,1,29.3,10,13,25.5,빌라,남동,0,1,0,0,2024,5,3600,118.8118811881188,30.3,0.7692307692307693,원거리,중고,1
shibuya,渋谷区,37.8,2,45.9,5,11,1.0,빌라,북서,0,1,0,0,2024,5,3420,90.47619047619048,18.9,0.45454545454545453,역세권,노후,1
setagaya,世田谷区,67.8,4,2.3,13,19,1.7,빌라,남,1,1,1,0,2021,6,9580,141.29793510324484,16.95,0.6842105263157895,역세권,신축,5
taito,台東区,78.3,4,17.1,9,9,13.4,아파트,남서,0,1,0,0,2023,9,7500,95.78544061302682,19.575,1.0,버스권,중고,1
katsushika,葛飾区,86.1,4,22.9,13,14,30.0,아파트,동,1,1,1,0,2023,12,3490,40.534262485482,21.525,0.9285714285714286,원거리,중고,5
bunkyo,文京区,53.8,3,7.1,12,18,1.0,아파트,남,0,1,1,1,2025,11,9120,169.51672862453532,17.933333333333334,0.6666666666666666,역세권,준신축,4
chuo,中央区,48.7,2,13.8,11,12,1.3,맨션,북서,0,1,0,1,2023,5,10690,219.5071868583162,24.35,0.9166666666666666,역세권,준신축,2
shinjuku,新宿区,35.8,2,35.9,3,9,2.9,아파트,남서,0,1,1,1,2022,7,3800,106.14525139664805,17.9,0.3333333333333333,역세권,노후,4
ota,大田区,60.0,3,45.2,13,19,1.1,타워맨션,남동,0,1,1,0,2023,9,4260,71.0,20.0,0.6842105263157895,역세권,노후,3
meguro,目黒区,30.0,1,49.0,2,5,3.8,맨션,남동,0,1,0,1,2024,6,2860,95.33333333333333,30.0,0.4,도보권,노후,2
chiyoda,千代田区,73.9,3,12.0,9,18,1.0,맨션,남동,0,1,0,1,2024,1,22950,310.5548037889039,24.633333333333336,0.5,역세권,준신축,2
chuo,中央区,103.7,4,34.2,5,14,11.7,아파트,남동,0,0,0,1,2023,12,14130,136.25843780135006,25.925,0.35714285714285715,버스권,노후,1
shinjuku,新宿区,20.0,1,21.2,10,11,7.7,타워맨션,동,1,1,1,0,2024,3,3800,190.0,20.0,0.9090909090909091,버스권,중고,5
toshima,豊島区,56.2,2,2.9,12,12,3.1,아파트,남동,0,0,1,0,2025,2,7910,140.74733096085407,28.1,1.0,도보권,신축,2
sumida,墨田区,89.2,3,2.6,7,13,7.3,맨션,서,0,1,1,0,2022,2,9020,101.12107623318386,29.733333333333334,0.5384615384615384,버스권,신축,3
edogawa,江戸川区,62.4,3,0.2,4,17,8.3,아파트,남서,1,1,0,0,2025,10,5030,80.60897435897436,20.8,0.23529411764705882,버스권,신축,3
chuo,中央区,70.1,3,2.7,14,15,2.5,맨션,남서,0,0,1,0,2021,5,17920,255.63480741797434,23.366666666666664,0.9333333333333333,역세권,신축,2
ota,大田区,64.4,2,10.3,10,14,11.4,빌라,남동,0,1,0,1,2020,12,4540,70.49689440993788,32.2,0.7142857142857143,버스권,준신축,2
shinagawa,品川区,47.1,2,3.6,6,11,7.0,아파트,북,1,0,0,0,2025,1,7780,165.1804670912951,23.55,0.5454545454545454,도보권,신축,2
bunkyo,文京区,45.4,1,8.6,12,19,3.2,타워맨션,남동,0,1,1,0,2023,10,8810,194.05286343612335,45.4,0.631578947368421,도보권,준신축,3
arakawa,荒川区,57.6,2,18.5,9,12,1.4,타워맨션,북,0,0,0,0,2023,8,4140,71.875,28.8,0.75,역세권,중고,0
toshima,豊島区,51.8,2,3.0,12,13,1.1,빌라,남,0,1,0,0,2024,2,6740,130.11583011583014,25.9,0.9230769230769231,역세권,신축,1
nakano,中野区,115.5,5,13.8,2,15,4.8,맨션,남서,0,1,0,0,2022,9,10270,88.91774891774892,23.1,0.13333333333333333,도보권,준신축,1
toshima,豊島区,65.9,3,20.5,5,15,1.0,맨션,북서,0,1,1,0,2021,12,7090,107.58725341426403,21.96666666666667,0.3333333333333333,역세권,중고,3
bunkyo,文京区,64.9,3,16.8,14,18,17.8,아파트,서,0,1,0,1,2022,3,5970,91.98767334360554,21.633333333333336,0.7777777777777778,원거리,중고,2
kita,北区,76.6,3,15.2,4,7,2.3,맨션,동,0,1,0,0,2025,8,6400,83.55091383812011,25.53333333333333,0.5714285714285714,역세권,중고,1
chuo,中央区,89.2,4,2.5,8,12,1.9,아파트,남,1,1,0,0,2022,5,22180,248.65470852017935,22.3,0.6666666666666666,역세권,신축,3
minato,港区,63.1,2,3.1,6,6,8.4,아파트,동,1,1,0,0,2020,12,14910,236.2916006339144,31.55,1.0,버스권,신축,3
koto,江東区,61.6,2,31.6,1,18,4.0,빌라,동,0,1,1,0,2021,3,3610,58.603896103896105,30.8,0.05555555555555555,도보권,노후,3
meguro,目黒区,53.1,2,1.2,10,16,14.7,빌라,남,0,0,1,0,2025,4,8840,166.4783427495292,26.55,0.625,버스권,신축,2
kita,北区,77.3,3,3.0,14,19,11.9,아파트,남,1,0,0,0,2025,10,8430,109.05562742561449,25.766666666666666,0.7368421052631579,버스권,신축,2
shinagawa,品川区,55.4,2,14.2,10,15,12.9,아파트,동,0,0,0,0,2022,6,6310,113.89891696750902,27.7,0.6666666666666666,버스권,준신축,0
koto,江東区,20.0,1,12.1,10,11,4.9,맨션,남동,0,1,0,0,2021,9,1950,97.5,20.0,0.9090909090909091,도보권,준신축,1
katsushika,葛飾区,116.9,5,0.7,13,19,6.4,아파트,서,1,0,0,1,2021,6,7770,66.46706586826348,23.380000000000003,0.6842105263157895,도보권,신축,3
nakano,中野区,100.6,5,10.3,14,17,1.0,타워맨션,북서,0,0,0,1,2023,8,15210,151.19284294234592,20.119999999999997,0.8235294117647058,역세권,준신축,1
suginami,杉並区,49.3,2,29.3,13,18,7.3,아파트,남서,0,1,0,0,2021,4,3750,76.06490872210954,24.65,0.7222222222222222,버스권,중고,1
setagaya,世田谷区,78.2,4,17.3,11,17,30.0,아파트,서,1,1,1,0,2021,9,6730,86.06138107416879,19.55,0.6470588235294118,원거리,중고,5
sumida,墨田区,41.9,2,6.9,3,17,1.0,아파트,남,1,1,1,0,2025,3,4750,113.36515513126491,20.95,0.17647058823529413,역세권,준신축,5
taito,台東区,86.1,5,0.8,1,12,2.1,맨션,남동,0,1,0,0,2021,12,10880,126.36469221835077,17.22,0.08333333333333333,역세권,신축,1
shibuya,渋谷区,63.4,3,1.7,11,19,5.7,아파트,남,0,1,0,0,2023,9,14630,230.75709779179812,21.133333333333333,0.5789473684210527,도보권,신축,1
shibuya,渋谷区,39.9,2,8.8,3,12,2.0,아파트,북동,0,1,1,1,2021,11,8350,209.2731829573935,19.95,0.25,역세권,준신축,4
toshima,豊島区,29.2,1,13.7,12,15,2.0,빌라,동,1,0,1,1,2021,6,2940,100.68493150684932,29.2,0.8,역세권,준신축,5
minato,港区,37.7,2,4.6,6,7,13.6,아파트,서,0,1,1,0,2025,1,8290,219.893899204244,18.85,0.8571428571428571,버스권,신축,3
shibuya,渋谷区,105.9,5,31.1,1,9,8.5,아파트,서,0,1,0,0,2023,5,11160,105.38243626062322,21.18,0.1111111111111111,버스권,노후,1
toshima,豊島区,66.0,2,10.5,10,14,1.3,맨션,남서,1,1,0,0,2023,6,9750,147.72727272727272,33.0,0.7142857142857143,역세권,준신축,3
chiyoda,千代田区,89.4,4,7.7,1,18,19.8,맨션,남서,1,1,0,0,2025,6,14990,167.67337807606262,22.35,0.05555555555555555,원거리,준신축,3
meguro,目黒区,61.3,2,9.5,5,18,18.8,빌라,남동,0,0,1,0,2022,9,7080,115.49755301794454,30.65,0.2777777777777778,원거리,준신축,2
adachi,足立区,111.4,5,35.8,14,19,9.9,맨션,남,0,1,0,0,2024,3,5050,45.33213644524237,22.28,0.7368421052631579,버스권,노후,1
suginami,杉並区,35.5,1,4.7,4,19,10.4,맨션,북서,1,1,0,1,2022,9,4190,118.02816901408451,35.5,0.21052631578947367,버스권,신축,4
setagaya,世田谷区,89.6,4,13.4,14,14,2.8,타워맨션,남서,0,1,0,0,2022,2,15800,176.33928571428572,22.4,1.0,역세권,준신축,1
kita,北区,83.7,4,29.1,11,16,3.3,아파트,북서,0,0,1,1,2021,7,5280,63.08243727598566,20.925,0.6875,도보권,중고,3
nerima,練馬区,72.2,4,8.5,10,14,4.5,아파트,남,0,0,0,0,2025,9,6990,96.81440443213296,18.05,0.7142857142857143,도보권,준신축,0
sumida,墨田区,57.5,3,17.2,1,11,1.0,빌라,서,0,1,1,0,2022,7,4350,75.65217391304348,19.166666666666668,0.09090909090909091,역세권,중고,3
meguro,目黒区,29.0,1,4.6,10,18,2.0,아파트,남,0,1,0,1,2022,2,5490,189.31034482758622,29.0,0.5555555555555556,역세권,신축,2
bunkyo,文京区,85.5,3,10.6,13,18,5.0,빌라,남,0,1,1,0,2024,11,14640,171.2280701754386,28.5,0.7222222222222222,도보권,준신축,3
taito,台東区,56.9,2,9.5,14,15,1.0,아파트,북서,0,1,1,0,2025,9,7020,123.3743409490334,28.45,0.9333333333333333,역세권,준신축,3
sumida,墨田区,50.2,2,2.1,3,19,2.9,아파트,북,0,0,0,0,2024,8,4580,91.23505976095618,25.1,0.15789473684210525,역세권,신축,0
nakano,中野区,42.1,1,3.4,8,19,5.6,타워맨션,남,0,1,1,0,2021,12,7020,166.7458432304038,42.1,0.42105263157894735,도보권,신축,3
suginami,杉並区,125.7,6,6.3,8,15,8.4,아파트,남,0,0,1,0,2022,8,15570,123.86634844868735,20.95,0.5333333333333333,버스권,준신축,2
bunkyo,文京区,39.7,2,2.5,11,19,6.3,아파트,북서,1,1,1,0,2024,1,6450,162.46851385390428,19.85,0.5789473684210527,도보권,신축,5
meguro,目黒区,82.6,3,3.7,2,15,25.5,타워맨션,남,0,1,0,0,2022,2,14940,180.8716707021792,27.53333333333333,0.13333333333333333,원거리,신축,1
shibuya,渋谷区,72.5,3,60.0,11,11,3.2,아파트,동,1,1,1,0,2022,10,8380,115.58620689655173,24.166666666666668,1.0,도보권,노후,5
nakano,中野区,66.5,2,1.0,9,19,14.5,타워맨션,서,0,0,0,1,2022,1,8510,127.96992481203007,33.25,0.47368421052631576,버스권,신축,1
bunkyo,文京区,71.0,4,41.2,14,17,1.0,아파트,동,0,1,0,0,2023,6,5230,73.66197183098592,17.75,0.8235294117647058,역세권,노후,1
taito,台東区,70.0,2,14.2,8,10,30.0,빌라,북동,1,0,0,0,2023,9,5160,73.71428571428571,35.0,0.8,원거리,준신축,2
arakawa,荒川区,75.9,3,5.4,12,16,5.0,타워맨션,북서,1,1,1,0,2023,3,8770,115.54677206851119,25.3,0.75,도보권,준신축,5
chuo,中央区,27.0,1,10.6,5,5,4.2,맨션,남서,0,0,1,0,2021,9,6000,222.22222222222223,27.0,1.0,도보권,준신축,2
ota,大田区,41.4,2,11.1,9,14,3.3,아파트,서,0,1,0,0,2022,5,3440,83.09178743961353,20.7,0.6428571428571429,도보권,준신축,1
minato,港区,85.2,4,2.2,10,13,7.7,맨션,남,0,0,1,1,2021,11,24510,287.67605633802816,21.3,0.7692307692307693,버스권,신축,3
shinagawa,品川区,64.7,2,39.3,6,15,3.0,아파트,동,1,1,0,0,2023,7,6490,100.30911901081916,32.35,0.4,역세권,노후,3
kita,北区,100.1,4,7.0,5,15,2.6,타워맨션,남,0,0,1,1,2021,1,11430,114.1858141858142,25.025,0.3333333333333333,역세권,준신축,3
shinjuku,新宿区,111.2,6,21.5,7,14,19.6,아파트,남,1,0,0,0,2021,6,11120,100.0,18.533333333333335,0.5,원거리,중고,2
taito,台東区,59.9,2,1.0,2,8,1.7,아파트,남,1,1,1,1,2021,5,8550,142.73789649415693,29.95,0.25,역세권,신축,6
nerima,練馬区,29.9,1,12.1,8,14,5.9,맨션,남,1,1,1,0,2023,12,2950,98.66220735785954,29.9,0.5714285714285714,도보권,준신축,5
meguro,目黒区,80.9,4,0.1,14,15,3.3,빌라,서,0,0,1,1,2023,9,13930,172.18788627935723,20.225,0.9333333333333333,도보권,신축,3
shibuya,渋谷区,59.5,2,1.1,9,12,1.4,맨션,북동,1,1,1,0,2024,1,18550,311.7647058823529,29.75,0.75,역세권,신축,5
toshima,豊島区,22.2,1,5.9,4,4,30.0,맨션,남,0,1,0,0,2024,10,2470,111.26126126126127,22.2,1.0,원거리,준신축,1
minato,港区,20.0,1,53.7,12,16,1.0,아파트,북동,0,0,0,1,2025,1,3230,161.5,20.0,0.75,역세권,노후,1
setagaya,世田谷区,118.1,5,8.5,5,16,5.5,맨션,남서,0,1,1,0,2023,11,15220,128.87383573243014,23.619999999999997,0.3125,도보권,준신축,3
shinagawa,品川区,39.5,1,16.1,8,12,6.6,맨션,동,0,0,0,0,2021,11,5320,134.68354430379748,39.5,0.6666666666666666,도보권,중고,0
toshima,豊島区,112.7,6,41.7,12,13,10.8,아파트,서,1,0,0,0,2023,12,7650,67.8793256433008,18.783333333333335,0.9230769230769231,버스권,노후,2
shinjuku,新宿区,35.3,1,7.2,1,16,1.1,맨션,북동,0,1,1,0,2025,1,5940,168.27195467422098,35.3,0.0625,역세권,준신축,3
suginami,杉並区,47.4,2,23.1,6,10,3.9,타워맨션,동,0,0,0,0,2025,10,5500,116.03375527426161,23.7,0.6,도보권,중고,0
shibuya,渋谷区,62.4,3,2.9,6,12,16.6,아파트,동,0,1,1,0,2022,3,10330,165.5448717948718,20.8,0.5,원거리,신축,3
meguro,目黒区,80.3,4,34.3,4,11,6.2,타워맨션,북동,0,1,0,0,2020,12,8910,110.95890410958904,20.075,0.36363636363636365,도보권,노후,1
shinagawa,品川区,76.8,4,16.1,8,17,1.2,아파트,남서,1,1,1,0,2025,10,14140,184.11458333333334,19.2,0.47058823529411764,역세권,중고,5
nakano,中野区,89.8,4,0.3,6,15,11.8,아파트,남,1,1,0,1,2022,5,10450,116.36971046770601,22.45,0.4,버스권,신축,4
minato,港区,49.3,2,4.7,2,14,6.2,아파트,남서,0,1,1,1,2023,11,13000,263.6916835699797,24.65,0.14285714285714285,도보권,신축,4
adachi,足立区,70.6,3,27.2,1,13,6.4,맨션,남,0,1,0,0,2024,2,3540,50.141643059490086,23.53333333333333,0.07692307692307693,도보권,중고,1
minato,港区,90.1,4,7.2,6,10,7.9,맨션,남서,0,0,0,0,2024,4,22070,244.9500554938957,22.525,0.6,버스권,준신축,0
chuo,中央区,88.9,3,11.6,10,16,3.1,아파트,남동,0,1,0,0,2025,3,17580,197.75028121484814,29.633333333333336,0.625,도보권,준신축,1
shinjuku,新宿区,93.8,4,19.0,1,11,18.9,맨션,남,0,1,1,1,2023,11,11430,121.85501066098081,23.45,0.09090909090909091,원거리,중고,4
bunkyo,文京区,69.3,3,2.5,13,13,3.9,아파트,남,0,0,0,1,2023,1,11550,166.66666666666669,23.099999999999998,1.0,도보권,신축,1
toshima,豊島区,41.0,1,20.8,12,15,1.0,아파트,남,0,1,1,1,2024,8,5010,122.1951219512195,41.0,0.8,역세권,중고,4
kita,北区,112.4,4,4.1,6,17,1.0,타워맨션,북서,1,0,0,0,2022,6,11480,102.13523131672598,28.1,0.35294117647058826,역세권,신축,2
chiyoda,千代田区,71.2,3,5.3,3,3,1.0,맨션,북서,0,1,1,0,2021,11,16340,229.4943820224719,23.733333333333334,1.0,역세권,준신축,3
chuo,中央区,56.4,1,4.7,3,10,15.4,아파트,동,1,0,1,0,2021,4,8350,148.04964539007094,56.4,0.3,원거리,신축,4
minato,港区,78.6,4,13.5,12,16,7.9,맨션,동,0,0,1,1,2025,10,18600,236.6412213740458,19.65,0.75,버스권,준신축,3
minato,港区,75.4,4,14.5,4,12,1.0,아파트,남,0,1,1,0,2022,1,22120,293.36870026525196,18.85,0.3333333333333333,역세권,준신축,3
chiyoda,千代田区,80.6,4,13.6,1,4,1.1,맨션,서,0,1,1,0,2023,11,19430,241.06699751861044,20.15,0.25,역세권,준신축,3
arakawa,荒川区,36.3,2,49.3,6,18,11.7,타워맨션,남,0,1,0,0,2023,9,2130,58.67768595041323,18.15,0.3333333333333333,버스권,노후,1
shinjuku,新宿区,58.8,2,11.5,6,9,4.5,맨션,남서,0,1,0,0,2024,12,9320,158.50340136054422,29.4,0.6666666666666666,도보권,준신축,1
shibuya,渋谷区,49.8,3,2.0,6,16,1.7,맨션,북동,0,1,1,0,2024,4,14240,285.94377510040164,16.599999999999998,0.375,역세권,신축,3
toshima,豊島区,57.7,2,19.9,4,6,1.0,맨션,북동,0,0,1,0,2023,7,7550,130.84922010398614,28.85,0.6666666666666666,역세권,중고,2
minato,港区,98.2,5,1.4,7,12,3.2,아파트,서,0,0,0,0,2020,12,22190,225.9674134419552,19.64,0.5833333333333334,도보권,신축,0
sumida,墨田区,36.3,1,31.0,4,5,6.2,아파트,북서,0,1,0,0,2023,2,2180,60.05509641873279,36.3,0.8,도보권,노후,1
minato,港区,64.2,2,11.4,6,10,1.0,아파트,남서,1,0,0,0,2023,11,20070,312.6168224299065,32.1,0.6,역세권,준신축,2
nerima,練馬区,59.1,2,11.3,8,15,7.3,맨션,서,1,1,1,0,2024,6,5750,97.29272419627749,29.55,0.5333333333333333,버스권,준신축,5
chiyoda,千代田区,66.8,2,11.2,14,19,30.0,맨션,남동,0,1,1,0,2023,5,13770,206.1377245508982,33.4,0.7368421052631579,원거리,준신축,3
ota,大田区,59.3,2,13.0,7,12,11.1,빌라,남동,1,1,1,0,2023,4,4490,75.71669477234401,29.65,0.5833333333333334,버스권,준신축,5
sumida,墨田区,68.4,3,12.3,6,19,11.2,아파트,남,0,0,0,0,2023,7,6210,90.78947368421052,22.8,0.3157894736842105,버스권,준신축,0
itabashi,板橋区,20.0,1,4.3,3,15,5.2,아파트,북서,1,1,0,0,2025,5,1790,89.5,20.0,0.2,도보권,신축,3
katsushika,葛飾区,55.0,2,13.8,1,10,4.5,아파트,남,0,0,0,0,2024,10,2970,54.0,27.5,0.1,도보권,준신축,0
setagaya,世田谷区,59.5,2,7.0,12,18,22.7,아파트,남동,0,0,1,1,2024,4,8010,134.6218487394958,29.75,0.6666666666666666,원거리,준신축,3
arakawa,荒川区,54.8,2,1.5,10,10,20.3,아파트,동,0,1,1,1,2022,3,4160,75.91240875912409,27.4,1.0,원거리,신축,4
shibuya,渋谷区,54.7,2,3.1,2,11,2.4,아파트,남동,0,1,0,0,2024,8,12520,228.88482632541132,27.35,0.18181818181818182,역세권,신축,1
katsushika,葛飾区,84.5,3,7.8,14,16,1.0,맨션,북동,0,1,1,0,2023,5,5360,63.43195266272189,28.166666666666668,0.875,역세권,준신축,3
setagaya,世田谷区,38.4,1,26.7,13,19,22.7,맨션,북서,0,1,0,0,2025,3,3040,79.16666666666667,38.4,0.6842105263157895,원거리,중고,1
arakawa,荒川区,50.8,1,4.5,5,15,2.0,아파트,남서,0,0,0,0,2023,7,3790,74.60629921259843,50.8,0.3333333333333333,역세권,신축,0
suginami,杉並区,49.0,3,11.2,4,8,10.7,맨션,남,1,1,0,0,2023,5,5400,110.20408163265306,16.333333333333332,0.5,버스권,준신축,3
nakano,中野区,64.3,4,0.4,10,11,6.1,타워맨션,남,1,1,0,0,2024,10,11600,180.40435458786936,16.075,0.9090909090909091,도보권,신축,3
shinagawa,品川区,51.1,2,25.2,5,14,1.0,타워맨션,남,0,0,0,1,2021,4,8400,164.3835616438356,25.55,0.35714285714285715,역세권,중고,1
ota,大田区,59.5,2,2.0,7,15,5.7,빌라,남,0,0,0,0,2021,10,4560,76.63865546218487,29.75,0.4666666666666667,도보권,신축,0
minato,港区,20.0,1,19.4,1,16,1.2,맨션,남,0,0,0,0,2021,5,4700,235.0,20.0,0.0625,역세권,중고,0
minato,港区,69.4,3,16.9,7,9,8.3,아파트,남동,0,1,0,1,2024,8,12830,184.87031700288182,23.133333333333336,0.7777777777777778,버스권,중고,2
shinjuku,新宿区,86.0,4,9.1,11,19,14.6,아파트,남,0,1,1,0,2021,11,11710,136.1627906976744,21.5,0.5789473684210527,버스권,준신축,3
chuo,中央区,26.8,1,21.1,12,18,1.4,아파트,북동,1,1,1,0,2022,8,6120,228.3582089552239,26.8,0.6666666666666666,역세권,중고,5
minato,港区,74.6,4,8.5,9,10,1.4,맨션,남,0,1,0,0,2022,12,26460,354.69168900804294,18.65,0.9,역세권,준신축,1
nakano,中野区,68.1,3,2.0,5,17,1.1,맨션,남,0,1,1,0,2023,5,9260,135.97650513950074,22.7,0.29411764705882354,역세권,신축,3
bunkyo,文京区,50.4,2,60.0,11,12,9.7,맨션,남서,0,1,1,0,2021,5,3760,74.60317460317461,25.2,0.9166666666666666,버스권,노후,3
sumida,墨田区,88.9,4,17.8,13,15,5.3,맨션,남,0,0,1,0,2024,11,9440,106.1867266591676,22.225,0.8666666666666667,도보권,중고,2
nakano,中野区,84.8,4,9.2,6,17,12.1,타워맨션,남동,0,1,1,1,2023,4,13290,156.72169811320757,21.2,0.35294117647058826,버스권,준신축,4
itabashi,板橋区,62.5,2,13.8,5,14,12.5,맨션,북서,0,0,0,1,2023,9,4990,79.84,31.25,0.35714285714285715,버스권,준신축,1
kita,北区,76.9,4,5.8,6,7,8.4,아파트,북서,0,1,1,1,2024,8,6720,87.38621586475942,19.225,0.8571428571428571,버스권,준신축,4
katsushika,葛飾区,70.2,3,28.3,12,13,1.0,맨션,동,0,0,0,0,2021,8,2990,42.59259259259259,23.400000000000002,0.9230769230769231,역세권,중고,0
ota,大田区,35.6,1,10.1,4,7,4.8,맨션,남동,0,1,0,0,2021,12,2880,80.89887640449437,35.6,0.5714285714285714,도보권,준신축,1
nerima,練馬区,100.7,5,4.1,14,16,18.4,아파트,남,0,1,1,1,2024,7,7630,75.76961271102284,20.14,0.875,원거리,신축,4
arakawa,荒川区,89.1,4,3.6,5,16,1.0,맨션,남,0,1,1,0,2021,6,7550,84.73625140291807,22.275,0.3125,역세권,신축,3
minato,港区,38.8,2,17.7,11,16,4.2,타워맨션,북,0,1,1,1,2025,5,13550,349.22680412371136,19.4,0.6875,도보권,중고,4
koto,江東区,51.7,1,8.0,10,16,3.1,빌라,남,0,1,0,0,2024,6,4970,96.13152804642166,51.7,0.625,도보권,준신축,1
nakano,中野区,59.1,3,24.3,5,18,3.0,아파트,북동,0,0,0,0,2024,3,4900,82.91032148900169,19.7,0.2777777777777778,역세권,중고,0
bunkyo,文京区,80.5,4,2.6,5,17,2.7,빌라,북동,0,0,1,0,2022,6,11670,144.9689440993789,20.125,0.29411764705882354,역세권,신축,2
shinagawa,品川区,82.3,3,0.2,6,7,1.0,아파트,동,0,0,0,0,2022,7,13090,159.05224787363306,27.433333333333334,0.8571428571428571,역세권,신축,0
sumida,墨田区,49.0,2,4.0,12,19,3.3,맨션,서,0,1,1,0,2024,11,6210,126.73469387755102,24.5,0.631578947368421,도보권,신축,3
suginami,杉並区,36.2,1,2.8,3,19,1.0,맨션,북,0,0,1,0,2025,6,4670,129.00552486187846,36.2,0.15789473684210525,역세권,신축,2
minato,港区,20.0,1,4.7,11,19,1.0,맨션,남동,1,1,1,0,2024,9,6920,346.0,20.0,0.5789473684210527,역세권,신축,5
shibuya,渋谷区,21.6,1,6.1,2,8,2.6,아파트,남,0,1,0,0,2022,11,4780,221.29629629629628,21.6,0.25,역세권,준신축,1
koto,江東区,52.8,1,8.2,2,12,15.0,맨션,북동,1,1,0,0,2022,2,4630,87.68939393939394,52.8,0.16666666666666666,버스권,준신축,3
minato,港区,38.1,2,3.8,9,19,17.4,아파트,남,1,1,1,1,2022,3,8580,225.19685039370077,19.05,0.47368421052631576,원거리,신축,6
chiyoda,千代田区,29.7,1,6.1,11,15,24.4,타워맨션,동,0,1,1,0,2024,1,6160,207.40740740740742,29.7,0.7333333333333333,원거리,준신축,3
katsushika,葛飾区,81.3,3,15.2,14,17,2.0,맨션,북,0,0,1,0,2023,6,5130,63.09963099630996,27.099999999999998,0.8235294117647058,역세권,중고,2
itabashi,板橋区,51.5,3,8.2,1,17,4.5,타워맨션,동,0,1,1,0,2021,11,4810,93.39805825242719,17.166666666666668,0.058823529411764705,도보권,준신축,3
nakano,中野区,97.9,5,5.7,12,12,3.1,맨션,북동,0,0,1,1,2025,5,12580,128.49846782431052,19.580000000000002,1.0,도보권,준신축,3
shinjuku,新宿区,78.0,3,2.6,14,19,3.7,타워맨션,북,0,0,1,1,2021,3,15830,202.94871794871796,26.0,0.7368421052631579,도보권,신축,3
chuo,中央区,89.6,4,0.7,6,15,5.8,맨션,남,1,0,0,0,2024,8,22690,253.23660714285717,22.4,0.4,도보권,신축,2
meguro,目黒区,55.2,2,10.6,1,13,7.4,빌라,서,0,1,0,1,2023,4,6690,121.19565217391303,27.6,0.07692307692307693,버스권,준신축,2
nerima,練馬区,85.0,4,1.8,11,16,3.7,맨션,남,1,1,0,0,2024,10,9880,116.23529411764706,21.25,0.6875,도보권,신축,3
ota,大田区,83.9,4,43.1,13,19,7.5,맨션,남동,1,1,0,0,2022,5,4680,55.78069129916567,20.975,0.6842105263157895,버스권,노후,3
taito,台東区,72.9,3,6.2,8,18,1.5,아파트,북서,1,1,0,0,2025,11,8650,118.6556927297668,24.3,0.4444444444444444,역세권,준신축,3
minato,港区,37.9,2,24.7,8,11,3.4,맨션,동,1,1,0,1,2021,7,7570,199.73614775725594,18.95,0.7272727272727273,도보권,중고,4
toshima,豊島区,88.3,4,54.2,14,18,19.1,빌라,북,1,0,0,0,2025,12,4070,46.092865232163085,22.075,0.7777777777777778,원거리,노후,2
chuo,中央区,20.0,1,14.5,5,15,9.9,맨션,남,0,1,1,0,2023,8,3850,192.5,20.0,0.3333333333333333,버스권,준신축,3
minato,港区,69.9,3,2.0,6,15,30.0,맨션,남,0,1,1,1,2022,10,15760,225.46494992846922,23.3,0.4,원거리,신축,4
itabashi,板橋区,41.2,1,16.8,13,15,2.4,맨션,남서,0,1,0,0,2023,6,3290,79.85436893203882,41.2,0.8666666666666667,역세권,중고,1
itabashi,板橋区,59.5,3,2.6,11,18,1.7,타워맨션,서,1,1,1,0,2022,2,6690,112.43697478991596,19.833333333333332,0.6111111111111112,역세권,신축,5
chiyoda,千代田区,35.9,1,26.1,2,12,9.4,맨션,남,0,1,1,0,2023,3,5720,159.33147632311977,35.9,0.16666666666666666,버스권,중고,3
nerima,練馬区,82.2,3,1.2,5,12,2.2,맨션,남서,0,0,1,0,2021,10,7500,91.24087591240875,27.400000000000002,0.4166666666666667,역세권,신축,2
arakawa,荒川区,38.7,2,23.3,6,12,3.9,맨션,남,1,1,1,0,2025,5,3090,79.84496124031007,19.35,0.5,도보권,중고,5
nakano,中野区,58.9,2,17.7,8,9,8.8,맨션,동,0,0,1,0,2021,3,4820,81.83361629881155,29.45,0.8888888888888888,버스권,중고,2
nerima,練馬区,20.0,1,3.4,9,11,1.5,맨션,남동,1,1,0,0,2023,3,2410,120.5,20.0,0.8181818181818182,역세권,신축,3
minato,港区,43.6,2,2.7,2,6,2.7,아파트,남서,0,0,0,0,2023,4,14340,328.89908256880733,21.8,0.3333333333333333,역세권,신축,0
chiyoda,千代田区,84.8,3,28.3,10,12,1.0,맨션,동,1,1,0,1,2021,10,19000,224.05660377358492,28.266666666666666,0.8333333333333334,역세권,중고,4
shinagawa,品川区,104.6,6,20.2,13,17,2.4,아파트,북,0,0,0,0,2023,11,11310,108.1261950286807,17.433333333333334,0.7647058823529411,역세권,중고,0
setagaya,世田谷区,36.1,2,4.6,9,15,7.4,아파트,북동,1,1,0,0,2025,10,4840,134.0720221606648,18.05,0.6,버스권,신축,3
suginami,杉並区,85.1,3,2.5,7,16,3.3,타워맨션,남,1,1,0,0,2024,12,16670,195.88719153936546,28.366666666666664,0.4375,도보권,신축,3
meguro,目黒区,108.1,5,8.2,3,5,3.5,아파트,남서,0,0,1,0,2023,3,15700,145.2358926919519,21.619999999999997,0.6,도보권,준신축,2
taito,台東区,59.3,3,34.3,14,19,20.2,맨션,남서,1,0,1,0,2022,6,4020,67.79089376053963,19.766666666666666,0.7368421052631579,원거리,노후,4
nakano,中野区,50.2,2,24.3,10,11,1.0,아파트,남동,0,0,0,1,2021,3,4430,88.24701195219123,25.1,0.9090909090909091,역세권,중고,1
chiyoda,千代田区,40.6,2,2.0,14,16,20.5,아파트,남동,0,0,0,0,2023,1,7140,175.86206896551724,20.3,0.875,원거리,신축,0
bunkyo,文京区,84.1,4,5.3,12,12,1.0,타워맨션,동,1,1,1,0,2021,11,18300,217.59809750297268,21.025,1.0,역세권,준신축,5
katsushika,葛飾区,62.8,3,29.5,8,9,11.6,맨션,동,0,1,1,0,2024,12,2920,46.496815286624205,20.933333333333334,0.8888888888888888,버스권,중고,3
shibuya,渋谷区,44.4,1,6.6,10,12,9.8,아파트,서,1,1,0,0,2024,7,9130,205.63063063063063,44.4,0.8333333333333334,버스권,준신축,3
chiyoda,千代田区,57.5,3,23.0,9,14,4.8,맨션,남,0,0,0,1,2024,12,11300,196.52173913043478,19.166666666666668,0.6428571428571429,도보권,중고,1
shibuya,渋谷区,85.0,4,2.2,10,15,1.0,맨션,서,0,1,0,0,2023,6,20420,240.23529411764707,21.25,0.6666666666666666,역세권,신축,1
kita,北区,77.2,3,60.0,8,19,3.3,아파트,남,0,1,1,0,2024,5,3670,47.53886010362694,25.733333333333334,0.42105263157894735,도보권,노후,3
chiyoda,千代田区,63.0,3,17.0,1,7,1.0,맨션,남서,1,1,0,1,2022,11,14890,236.34920634920636,21.0,0.14285714285714285,역세권,중고,4
shinagawa,品川区,65.2,3,4.2,1,4,1.0,아파트,남동,0,1,0,0,2021,3,8580,131.59509202453987,21.733333333333334,0.25,역세권,신축,1
chuo,中央区,37.8,2,11.7,1,2,4.2,맨션,남서,0,1,1,0,2021,6,6730,178.04232804232805,18.9,0.5,도보권,준신축,3
setagaya,世田谷区,45.1,2,3.0,7,9,5.5,타워맨션,남,0,1,1,0,2025,8,9980,221.2860310421286,22.55,0.7777777777777778,도보권,신축,3
chiyoda,千代田区,102.7,5,34.4,1,1,23.4,맨션,남,0,1,0,1,2023,7,10920,106.32911392405063,20.54,1.0,원거리,노후,2
edogawa,江戸川区,78.7,4,2.0,7,19,1.0,맨션,남서,0,0,0,0,2022,5,5320,67.5984752223634,19.675,0.3684210526315789,역세권,신축,0
chiyoda,千代田区,125.8,6,0.6,14,15,12.7,아파트,남서,0,0,0,0,2023,4,26830,213.275039745628,20.966666666666665,0.9333333333333333,버스권,신축,0
ota,大田区,44.9,2,42.1,5,5,15.0,타워맨션,남서,0,1,0,1,2024,4,2530,56.347438752783965,22.45,1.0,버스권,노후,2
chiyoda,千代田区,39.2,1,13.8,7,16,1.5,아파트,남,1,1,1,0,2024,2,12050,307.39795918367344,39.2,0.4375,역세권,준신축,5
ota,大田区,96.9,4,41.6,4,16,2.1,맨션,서,1,1,0,0,2025,7,6230,64.29308565531475,24.225,0.25,역세권,노후,3
taito,台東区,26.2,1,12.1,13,17,1.9,맨션,동,1,1,0,0,2022,12,3750,143.12977099236642,26.2,0.7647058823529411,역세권,준신축,3
bunkyo,文京区,62.2,3,45.1,12,16,2.3,아파트,북,1,1,1,0,2021,3,4880,78.45659163987138,20.733333333333334,0.75,역세권,노후,5
shibuya,渋谷区,105.6,5,13.5,2,12,1.0,맨션,북,0,0,0,0,2023,3,21720,205.6818181818182,21.119999999999997,0.16666666666666666,역세권,준신축,0
chuo,中央区,61.3,2,22.5,14,18,1.9,아파트,북,0,0,1,0,2023,4,11060,180.4241435562806,30.65,0.7777777777777778,역세권,중고,2
itabashi,板橋区,52.8,1,1.5,13,16,19.0,맨션,동,0,1,1,0,2023,11,4280,81.06060606060606,52.8,0.8125,원거리,신축,3
nakano,中野区,46.0,2,2.2,1,6,1.8,맨션,남동,0,0,0,0,2023,8,5640,122.6086956521739,23.0,0.16666666666666666,역세권,신축,0
chuo,中央区,80.9,3,25.2,7,18,7.1,아파트,북동,0,0,1,0,2025,6,10750,132.88009888751543,26.96666666666667,0.3888888888888889,버스권,중고,2
shinagawa,品川区,20.0,1,14.5,11,16,1.0,빌라,북,0,1,0,1,2025,6,2740,137.0,20.0,0.6875,역세권,준신축,2
katsushika,葛飾区,23.0,1,25.6,4,16,3.6,타워맨션,남동,0,1,1,0,2024,9,1280,55.65217391304348,23.0,0.25,도보권,중고,3
itabashi,板橋区,58.4,2,23.3,4,12,14.3,맨션,북서,0,1,1,1,2022,3,3320,56.849315068493155,29.2,0.3333333333333333,버스권,중고,4
suginami,杉並区,74.5,3,1.4,10,15,4.0,타워맨션,남동,0,1,0,0,2021,3,11550,155.03355704697987,24.833333333333332,0.6666666666666666,도보권,신축,1
arakawa,荒川区,32.1,1,32.2,4,4,1.1,아파트,북동,0,0,0,1,2024,4,1530,47.66355140186916,32.1,1.0,역세권,노후,1
setagaya,世田谷区,28.4,2,6.5,6,16,5.2,타워맨션,서,1,0,1,1,2021,8,4770,167.95774647887325,14.2,0.375,도보권,준신축,5
bunkyo,文京区,67.4,3,6.9,8,13,2.3,아파트,남서,0,1,0,0,2021,5,9410,139.6142433234421,22.46666666666667,0.6153846153846154,역세권,준신축,1
nakano,中野区,57.2,2,0.8,7,7,1.4,아파트,북서,0,0,1,0,2021,10,6800,118.88111888111888,28.6,1.0,역세권,신축,2
shinjuku,新宿区,78.4,4,20.4,3,4,4.2,타워맨션,북동,1,1,0,0,2025,8,15320,195.40816326530611,19.6,0.75,도보권,중고,3
setagaya,世田谷区,72.9,3,5.6,8,14,1.5,아파트,서,0,1,1,0,2025,5,9390,128.80658436213992,24.3,0.5714285714285714,역세권,준신축,3
minato,港区,87.0,3,38.9,6,8,4.6,아파트,남서,1,1,0,0,2022,11,13410,154.13793103448276,29.0,0.75,도보권,노후,3
minato,港区,58.2,2,19.6,4,9,5.5,빌라,북서,1,1,0,0,2025,1,12140,208.5910652920962,29.1,0.4444444444444444,도보권,중고,3
minato,港区,110.6,5,15.2,5,7,15.4,맨션,남동,0,1,0,0,2023,6,21080,190.5967450271248,22.119999999999997,0.7142857142857143,원거리,중고,1
shinjuku,新宿区,69.0,2,8.5,13,16,13.1,타워맨션,남동,1,1,1,0,2021,8,15370,222.7536231884058,34.5,0.8125,버스권,준신축,5
shinjuku,新宿区,74.2,3,10.0,8,15,2.7,아파트,남동,0,0,0,0,2025,12,11010,148.38274932614556,24.733333333333334,0.5333333333333333,역세권,준신축,0
meguro,目黒区,92.7,3,8.5,14,14,1.0,아파트,북서,0,1,1,1,2021,1,15800,170.4422869471413,30.900000000000002,1.0,역세권,준신축,4
toshima,豊島区,66.8,3,5.7,12,14,7.2,빌라,남,0,1,1,0,2022,12,7560,113.17365269461078,22.266666666666666,0.8571428571428571,버스권,준신축,3
bunkyo,文京区,64.9,3,0.3,13,18,1.6,아파트,남서,0,0,1,0,2024,6,11250,173.34360554699535,21.633333333333336,0.7222222222222222,역세권,신축,2
katsushika,葛飾区,32.6,1,32.5,9,11,1.0,빌라,남서,1,0,0,0,2025,4,1290,39.57055214723926,32.6,0.8181818181818182,역세권,노후,2
shinjuku,新宿区,52.0,2,10.7,10,14,1.0,타워맨션,남,0,0,1,0,2025,4,11610,223.26923076923077,26.0,0.7142857142857143,역세권,준신축,2
taito,台東区,65.9,4,8.3,3,7,7.3,맨션,남,1,1,0,1,2021,4,8550,129.74203338391501,16.475,0.42857142857142855,버스권,준신축,4
sumida,墨田区,44.3,2,57.0,6,18,7.4,아파트,북서,0,0,0,1,2024,3,1990,44.92099322799098,22.15,0.3333333333333333,버스권,노후,1
edogawa,江戸川区,20.0,1,4.5,14,16,4.0,아파트,동,0,1,1,0,2023,2,1580,79.0,20.0,0.875,도보권,신축,3
katsushika,葛飾区,84.1,4,0.9,12,15,2.6,아파트,남,1,0,0,1,2025,4,5460,64.92271105826397,21.025,0.8,역세권,신축,3
ota,大田区,52.2,2,11.8,10,13,9.8,아파트,북동,0,1,1,1,2022,2,4220,80.84291187739463,26.1,0.7692307692307693,버스권,준신축,4
taito,台東区,25.8,1,18.4,7,13,7.9,아파트,서,1,1,1,0,2023,4,2640,102.32558139534883,25.8,0.5384615384615384,버스권,중고,5
bunkyo,文京区,50.6,2,21.6,13,19,2.8,아파트,남동,0,0,1,0,2023,7,7850,155.13833992094862,25.3,0.6842105263157895,역세권,중고,2
chiyoda,千代田区,57.1,4,6.7,14,18,2.9,맨션,북,1,1,0,0,2025,3,15230,266.72504378283713,14.275,0.7777777777777778,역세권,준신축,3
taito,台東区,54.9,2,47.0,5,11,10.0,타워맨션,남,0,0,0,0,2024,10,4290,78.14207650273224,27.45,0.45454545454545453,버스권,노후,0
shinjuku,新宿区,52.7,2,4.2,9,13,14.4,아파트,남,1,0,0,0,2022,2,8190,155.4079696394687,26.35,0.6923076923076923,버스권,신축,2
koto,江東区,86.7,4,14.1,13,13,19.6,타워맨션,남,0,0,1,0,2021,9,8370,96.53979238754324,21.675,1.0,원거리,준신축,2
bunkyo,文京区,43.1,2,23.9,5,7,2.3,아파트,남,1,1,0,0,2022,6,4620,107.19257540603247,21.55,0.7142857142857143,역세권,중고,3
toshima,豊島区,91.5,4,13.8,4,9,1.4,타워맨션,남서,0,1,0,0,2025,12,11950,130.60109289617486,22.875,0.4444444444444444,역세권,준신축,1
toshima,豊島区,53.2,1,6.2,13,14,2.9,빌라,남동,0,1,0,0,2022,2,6810,128.00751879699249,53.2,0.9285714285714286,역세권,준신축,1
sumida,墨田区,65.4,3,60.0,7,13,6.6,아파트,북서,0,1,0,0,2024,10,3740,57.18654434250764,21.8,0.5384615384615384,도보권,노후,1
shinagawa,品川区,71.5,3,4.5,6,10,3.6,빌라,북동,1,1,1,0,2022,12,11290,157.9020979020979,23.833333333333332,0.6,도보권,신축,5
setagaya,世田谷区,47.4,1,2.3,6,10,25.3,빌라,남,0,0,0,0,2024,4,4580,96.62447257383967,47.4,0.6,원거리,신축,0
edogawa,江戸川区,82.0,4,3.0,13,17,7.1,아파트,남,0,1,1,0,2024,4,5610,68.41463414634147,20.5,0.7647058823529411,버스권,신축,3
koto,江東区,44.4,1,6.7,10,16,1.5,아파트,동,0,1,0,1,2023,3,5270,118.6936936936937,44.4,0.625,역세권,준신축,2
sumida,墨田区,75.6,3,2.2,5,5,8.8,맨션,서,1,1,0,0,2024,5,8210,108.59788359788361,25.2,1.0,버스권,신축,3
shinjuku,新宿区,65.6,4,24.1,4,19,5.3,아파트,남서,0,1,1,0,2024,5,7800,118.90243902439025,16.4,0.21052631578947367,도보권,중고,3
shinjuku,新宿区,80.4,3,50.5,4,7,12.1,타워맨션,남,0,1,1,0,2024,6,7700,95.77114427860695,26.8,0.5714285714285714,버스권,노후,3
toshima,豊島区,90.9,3,1.6,4,4,18.7,타워맨션,남동,0,0,1,0,2025,7,12540,137.95379537953795,30.3,1.0,원거리,신축,2
adachi,足立区,80.7,4,3.5,8,9,7.7,빌라,북서,0,1,1,1,2021,1,4480,55.51425030978934,20.175,0.8888888888888888,버스권,신축,4
bunkyo,文京区,25.3,1,9.8,2,5,1.0,맨션,남서,1,1,0,0,2025,4,3870,152.96442687747034,25.3,0.4,역세권,준신축,3
chiyoda,千代田区,64.5,2,3.5,14,16,1.0,맨션,남동,0,1,0,1,2025,7,25080,388.83720930232556,32.25,0.875,역세권,신축,2
koto,江東区,70.3,3,3.7,1,12,3.1,맨션,남동,0,1,1,0,2021,12,7510,106.82788051209104,23.433333333333334,0.08333333333333333,도보권,신축,3
minato,港区,65.8,3,1.5,14,19,22.6,아파트,남서,0,1,0,0,2023,12,11470,174.31610942249242,21.933333333333334,0.7368421052631579,원거리,신축,1
chiyoda,千代田区,76.5,4,2.7,10,15,16.8,맨션,남동,0,0,1,1,2021,2,11570,151.24183006535947,19.125,0.6666666666666666,원거리,신축,3
setagaya,世田谷区,24.5,1,24.3,14,18,1.0,아파트,북서,0,1,0,0,2023,8,2260,92.24489795918367,24.5,0.7777777777777778,역세권,중고,1
chiyoda,千代田区,67.1,2,5.8,11,11,14.5,맨션,남,0,1,1,0,2022,5,14960,222.95081967213116,33.55,1.0,버스권,준신축,3
nerima,練馬区,70.0,5,8.8,12,17,1.4,타워맨션,남,0,0,1,0,2025,4,9930,141.85714285714286,14.0,0.7058823529411765,역세권,준신축,2
edogawa,江戸川区,102.7,5,1.4,4,16,4.5,타워맨션,남,1,1,1,0,2023,1,10340,100.68159688412852,20.54,0.25,도보권,신축,5
taito,台東区,35.9,2,29.1,12,16,4.2,아파트,남서,1,0,1,0,2023,10,3090,86.0724233983287,17.95,0.75,도보권,중고,4
koto,江東区,53.7,3,10.9,4,13,1.0,아파트,서,1,1,0,0,2022,8,5500,102.42085661080074,17.900000000000002,0.3076923076923077,역세권,준신축,3
toshima,豊島区,36.9,1,0.8,4,7,18.9,빌라,북,0,0,1,0,2021,1,2920,79.13279132791328,36.9,0.5714285714285714,원거리,신축,2
minato,港区,58.4,3,23.8,11,16,2.8,아파트,북동,0,1,0,0,2022,11,13550,232.0205479452055,19.466666666666665,0.6875,역세권,중고,1
chuo,中央区,78.7,4,18.5,8,11,4.6,타워맨션,남,1,1,0,0,2021,8,16700,212.1982210927573,19.675,0.7272727272727273,도보권,중고,3
shinjuku,新宿区,46.5,2,14.6,12,15,3.5,빌라,동,0,1,1,0,2021,9,5310,114.19354838709677,23.25,0.8,도보권,준신축,3
bunkyo,文京区,103.2,5,6.5,2,16,1.0,타워맨션,북서,0,0,1,1,2024,3,21140,204.84496124031008,20.64,0.125,역세권,준신축,3
chuo,中央区,83.0,3,33.4,7,14,5.7,맨션,남,0,1,1,0,2025,7,14350,172.89156626506025,27.666666666666668,0.5,도보권,노후,3
minato,港区,70.0,3,2.8,12,13,1.0,맨션,서,0,1,1,0,2023,12,25760,368.0,23.333333333333332,0.9230769230769231,역세권,신축,3
sumida,墨田区,52.0,4,57.2,13,14,1.0,타워맨션,서,0,0,1,0,2021,8,3680,70.76923076923077,13.0,0.9285714285714286,역세권,노후,2
arakawa,荒川区,37.0,2,10.3,10,15,8.2,맨션,북서,0,1,0,0,2025,7,2420,65.4054054054054,18.5,0.6666666666666666,버스권,준신축,1
ota,大田区,100.2,3,34.9,11,18,1.0,맨션,남서,0,0,0,1,2025,6,6710,66.96606786427145,33.4,0.6111111111111112,역세권,노후,1
suginami,杉並区,45.8,1,10.3,11,11,1.8,아파트,남동,0,1,0,0,2024,4,3900,85.1528384279476,45.8,1.0,역세권,준신축,1
minato,港区,20.0,1,3.1,1,5,5.0,타워맨션,남서,0,1,1,0,2021,3,7350,367.5,20.0,0.2,도보권,신축,3
shibuya,渋谷区,38.1,2,14.0,5,9,23.9,아파트,남서,0,1,1,1,2023,6,6100,160.10498687664042,19.05,0.5555555555555556,원거리,준신축,4
shinjuku,新宿区,33.1,1,0.1,12,12,14.5,아파트,남동,1,0,1,0,2022,2,4980,150.45317220543805,33.1,1.0,버스권,신축,4
shibuya,渋谷区,27.6,2,19.7,3,18,7.6,맨션,남,0,1,0,0,2022,10,3880,140.57971014492753,13.8,0.16666666666666666,버스권,중고,1
chuo,中央区,68.7,2,12.7,13,13,1.5,아파트,남동,1,1,0,1,2024,6,18100,263.46433770014556,34.35,1.0,역세권,준신축,4
arakawa,荒川区,87.4,3,4.0,5,16,30.0,아파트,서,1,1,1,0,2021,4,5930,67.84897025171624,29.133333333333336,0.3125,원거리,신축,5
meguro,目黒区,57.3,3,11.2,4,18,1.0,타워맨션,동,0,0,0,1,2021,5,12610,220.06980802792322,19.099999999999998,0.2222222222222222,역세권,준신축,1
shinagawa,品川区,97.5,4,0.3,6,11,18.3,맨션,서,0,1,1,1,2021,9,12890,132.2051282051282,24.375,0.5454545454545454,원거리,신축,4
chuo,中央区,52.3,2,55.7,12,19,13.7,타워맨션,동,0,0,0,0,2022,12,5980,114.34034416826005,26.15,0.631578947368421,버스권,노후,0
ota,大田区,103.2,5,20.0,1,6,1.0,빌라,북동,0,1,1,1,2022,6,5910,57.26744186046511,20.64,0.16666666666666666,역세권,중고,4
taito,台東区,74.8,4,11.5,7,19,4.5,맨션,남동,0,0,1,1,2022,3,9110,121.79144385026738,18.7,0.3684210526315789,도보권,준신축,3
nakano,中野区,84.0,4,10.8,13,16,1.0,타워맨션,남,0,0,0,1,2023,6,13290,158.21428571428572,21.0,0.8125,역세권,준신축,1
setagaya,世田谷区,37.3,1,8.0,8,12,3.3,아파트,남서,1,1,1,0,2022,1,5310,142.3592493297587,37.3,0.6666666666666666,도보권,준신축,5
shinjuku,新宿区,94.7,4,6.8,14,19,11.5,맨션,북,1,0,1,1,2025,12,17450,184.26610348468847,23.675,0.7368421052631579,버스권,준신축,5
nakano,中野区,23.2,1,34.1,12,19,2.0,아파트,남,1,1,1,0,2024,7,2040,87.93103448275862,23.2,0.631578947368421,역세권,노후,5
shinagawa,品川区,89.4,4,12.2,12,14,18.0,맨션,서,0,1,1,0,2021,1,9810,109.73154362416106,22.35,0.8571428571428571,원거리,준신축,3
shinagawa,品川区,72.7,4,12.9,12,17,8.9,맨션,북동,0,0,1,0,2023,10,10730,147.59284731774414,18.175,0.7058823529411765,버스권,준신축,2
meguro,目黒区,67.1,3,14.8,2,10,20.4,아파트,동,0,1,1,0,2024,12,7530,112.22056631892698,22.366666666666664,0.2,원거리,준신축,3
chuo,中央区,68.1,3,4.1,14,14,30.0,아파트,북동,0,1,1,1,2021,11,10810,158.73715124816448,22.7,1.0,원거리,신축,4
suginami,杉並区,56.2,3,22.3,10,14,1.6,맨션,남,1,0,1,1,2020,12,5610,99.8220640569395,18.733333333333334,0.7142857142857143,역세권,중고,5
nakano,中野区,38.8,2,1.4,1,8,1.9,아파트,서,0,1,0,0,2021,5,4010,103.35051546391753,19.4,0.125,역세권,신축,1
shinjuku,新宿区,27.7,1,0.7,13,19,1.1,아파트,서,0,1,1,0,2023,11,5150,185.92057761732852,27.7,0.6842105263157895,역세권,신축,3
chiyoda,千代田区,76.3,4,1.8,3,7,7.5,아파트,남,0,1,0,0,2025,6,18660,244.56094364351247,19.075,0.42857142857142855,버스권,신축,1
meguro,目黒区,36.6,2,17.5,12,12,11.1,맨션,동,0,0,1,0,2024,12,5680,155.19125683060108,18.3,1.0,버스권,중고,2
minato,港区,97.2,4,47.9,5,10,2.6,아파트,북동,0,0,0,0,2021,7,12680,130.45267489711935,24.3,0.5,역세권,노후,0
suginami,杉並区,58.7,3,18.2,7,19,3.1,아파트,남서,0,1,1,1,2025,1,6020,102.55536626916525,19.566666666666666,0.3684210526315789,도보권,중고,4
shibuya,渋谷区,64.4,3,5.1,5,14,6.4,맨션,남,1,0,1,0,2023,12,14250,221.27329192546583,21.46666666666667,0.35714285714285715,도보권,준신축,4
taito,台東区,53.4,2,16.0,8,8,15.2,아파트,서,0,1,0,0,2023,7,4100,76.77902621722846,26.7,1.0,원거리,중고,1
toshima,豊島区,78.7,3,16.0,5,12,9.0,타워맨션,남동,0,0,0,0,2024,2,10940,139.00889453621346,26.233333333333334,0.4166666666666667,버스권,중고,0
sumida,墨田区,97.2,5,17.1,5,10,1.0,빌라,동,0,1,0,0,2023,9,6440,66.2551440329218,19.44,0.5,역세권,중고,1
nakano,中野区,63.3,3,5.0,9,19,19.5,아파트,남서,1,1,1,0,2024,12,7040,111.21642969984202,21.099999999999998,0.47368421052631576,원거리,신축,5
nakano,中野区,111.3,5,11.4,3,16,2.5,맨션,남,0,0,1,0,2024,12,12170,109.34411500449237,22.259999999999998,0.1875,역세권,준신축,2
kita,北区,93.4,4,19.7,11,19,5.2,맨션,남동,1,1,1,1,2021,10,6760,72.37687366167023,23.35,0.5789473684210527,도보권,중고,6
suginami,杉並区,85.8,4,6.5,8,10,4.2,타워맨션,동,0,1,1,0,2025,2,14120,164.56876456876458,21.45,0.8,도보권,준신축,3
nerima,練馬区,23.4,1,19.8,1,3,18.8,맨션,북,1,1,1,0,2023,5,1330,56.83760683760684,23.4,0.3333333333333333,원거리,중고,5
itabashi,板橋区,100.1,6,2.4,11,19,1.0,맨션,북동,0,1,1,0,2024,3,8580,85.71428571428572,16.683333333333334,0.5789473684210527,역세권,신축,3
shinjuku,新宿区,98.8,5,12.1,1,5,5.6,아파트,북,0,1,1,0,2022,1,12810,129.65587044534414,19.759999999999998,0.2,도보권,준신축,3
shinagawa,品川区,20.0,1,7.8,9,12,4.7,아파트,서,1,1,0,0,2023,10,3030,151.5,20.0,0.75,도보권,준신축,3
meguro,目黒区,55.1,2,12.1,4,12,3.0,아파트,서,1,0,0,0,2023,4,8680,157.53176043557167,27.55,0.3333333333333333,역세권,준신축,2
meguro,目黒区,96.6,4,33.1,12,13,10.2,맨션,남,1,1,1,0,2021,6,12190,126.1904761904762,24.15,0.9230769230769231,버스권,노후,5
sumida,墨田区,20.0,1,16.3,5,8,1.0,빌라,북,0,1,1,0,2025,5,1430,71.5,20.0,0.625,역세권,중고,3
toshima,豊島区,46.2,2,5.1,9,12,1.8,맨션,동,0,1,0,0,2025,5,7180,155.4112554112554,23.1,0.75,역세권,준신축,1
nakano,中野区,36.7,1,0.4,13,18,17.3,맨션,남동,0,1,0,0,2025,6,3650,99.4550408719346,36.7,0.7222222222222222,원거리,신축,1
chiyoda,千代田区,113.3,5,5.4,1,11,1.8,아파트,서,0,1,1,0,2024,10,28820,254.36893203883497,22.66,0.09090909090909091,역세권,준신축,3
chiyoda,千代田区,56.7,2,25.9,8,16,18.7,아파트,남,0,0,0,0,2023,6,6740,118.87125220458553,28.35,0.5,원거리,중고,0
toshima,豊島区,40.2,2,13.1,6,6,2.6,아파트,남서,0,0,0,0,2025,2,4930,122.636815920398,20.1,1.0,역세권,준신축,0
chiyoda,千代田区,62.6,2,1.4,3,13,15.2,맨션,북동,0,0,0,0,2024,2,10100,161.34185303514377,31.3,0.23076923076923078,원거리,신축,0
shibuya,渋谷区,44.6,2,2.8,13,15,21.7,빌라,남,1,1,0,0,2025,8,6250,140.13452914798205,22.3,0.8666666666666667,원거리,신축,3
arakawa,荒川区,77.8,4,22.7,8,18,17.9,맨션,서,0,0,1,1,2024,1,4990,64.1388174807198,19.45,0.4444444444444444,원거리,중고,3
koto,江東区,58.6,2,3.6,12,12,2.0,빌라,남동,0,1,0,0,2021,7,5420,92.4914675767918,29.3,1.0,역세권,신축,1
edogawa,江戸川区,65.5,4,13.8,13,13,1.9,맨션,남,0,1,0,0,2025,2,5240,80.0,16.375,1.0,역세권,준신축,1
nerima,練馬区,73.6,3,4.5,13,14,2.7,맨션,서,0,0,1,0,2025,2,7190,97.69021739130436,24.53333333333333,0.9285714285714286,역세권,신축,2
taito,台東区,54.5,3,60.0,5,19,9.9,아파트,남,0,1,1,0,2021,4,3240,59.44954128440367,18.166666666666668,0.2631578947368421,버스권,노후,3
chuo,中央区,55.8,3,10.7,8,17,9.0,맨션,남,1,0,0,0,2025,7,11750,210.57347670250897,18.599999999999998,0.47058823529411764,버스권,준신축,2
koto,江東区,56.9,2,19.1,5,8,10.8,아파트,서,0,1,1,0,2022,9,4670,82.0738137082601,28.45,0.625,버스권,중고,3
bunkyo,文京区,93.8,4,14.6,11,19,1.7,빌라,서,0,0,1,0,2025,3,9850,105.01066098081024,23.45,0.5789473684210527,역세권,준신축,2
suginami,杉並区,48.6,2,36.0,14,15,3.5,맨션,남,0,0,1,0,2025,5,3860,79.4238683127572,24.3,0.9333333333333333,도보권,노후,2
shibuya,渋谷区,73.4,3,60.0,13,14,1.0,맨션,남,1,0,1,1,2020,12,11320,154.2234332425068,24.46666666666667,0.9285714285714286,역세권,노후,5
chiyoda,千代田区,84.5,4,24.2,6,9,18.4,타워맨션,남,0,1,0,0,2021,2,15120,178.93491124260356,21.125,0.6666666666666666,원거리,중고,1
minato,港区,93.4,4,4.7,2,18,13.2,아파트,동,0,1,1,0,2023,10,17280,185.0107066381156,23.35,0.1111111111111111,버스권,신축,3
katsushika,葛飾区,54.9,2,24.4,2,3,11.1,빌라,남서,0,0,0,0,2022,11,2060,37.52276867030965,27.45,0.6666666666666666,버스권,중고,0
chiyoda,千代田区,30.2,2,3.9,10,19,3.3,맨션,남,0,1,0,0,2025,6,8310,275.1655629139073,15.1,0.5263157894736842,도보권,신축,1
shinagawa,品川区,62.3,1,8.5,5,18,1.1,아파트,남서,1,1,1,0,2022,9,11980,192.29534510433388,62.3,0.2777777777777778,역세권,준신축,5
suginami,杉並区,51.0,2,3.9,12,15,13.1,아파트,남,0,1,0,0,2025,8,6170,120.98039215686275,25.5,0.8,버스권,신축,1
sumida,墨田区,106.5,5,4.3,10,18,8.2,아파트,남동,1,1,1,0,2024,7,12910,121.22065727699531,21.3,0.5555555555555556,버스권,신축,5
minato,港区,98.2,4,23.0,2,17,16.9,타워맨션,남,1,0,1,0,2023,8,19110,194.6028513238289,24.55,0.11764705882352941,원거리,중고,4
adachi,足立区,63.7,1,20.4,6,9,16.9,빌라,북서,0,1,0,0,2025,11,2050,32.182103610675036,63.7,0.6666666666666666,원거리,중고,1
chiyoda,千代田区,82.7,3,28.1,3,3,3.7,아파트,북서,0,0,1,0,2025,11,12650,152.96251511487304,27.566666666666666,1.0,도보권,중고,2
suginami,杉並区,37.3,2,16.1,4,12,2.5,아파트,남서,0,1,0,0,2022,10,4270,114.47721179624666,18.65,0.3333333333333333,역세권,중고,1
chuo,中央区,66.9,2,17.5,13,19,2.7,빌라,남,1,1,0,0,2022,2,12550,187.59342301943198,33.45,0.6842105263157895,역세권,중고,3
koto,江東区,61.2,3,0.4,10,15,3.3,맨션,북동,0,1,1,0,2022,5,6700,109.47712418300654,20.400000000000002,0.6666666666666666,도보권,신축,3
chuo,中央区,30.2,2,5.4,9,10,4.2,맨션,북동,0,0,0,0,2022,10,6370,210.9271523178808,15.1,0.9,도보권,준신축,0
taito,台東区,20.0,2,1.2,5,12,1.4,빌라,동,1,0,0,0,2023,4,2290,114.5,10.0,0.4166666666666667,역세권,신축,2
nakano,中野区,39.3,2,23.6,1,18,7.9,아파트,동,1,1,1,0,2021,11,3380,86.00508905852418,19.65,0.05555555555555555,버스권,중고,5
nakano,中野区,64.2,3,6.7,4,18,7.7,아파트,남,1,0,1,0,2022,11,7320,114.01869158878505,21.400000000000002,0.2222222222222222,버스권,준신축,4
itabashi,板橋区,82.7,4,4.3,6,15,3.4,맨션,서,0,0,0,1,2023,7,6630,80.16928657799274,20.675,0.4,도보권,신축,1
chuo,中央区,53.7,2,24.3,14,14,1.0,맨션,남동,0,1,1,0,2025,11,12400,230.91247672253257,26.85,1.0,역세권,중고,3
kita,北区,38.4,1,11.5,9,17,23.0,타워맨션,북동,0,1,0,0,2023,9,3290,85.67708333333334,38.4,0.5294117647058824,원거리,준신축,1
ota,大田区,84.8,5,4.5,7,19,2.5,아파트,남,0,0,0,0,2021,6,7330,86.43867924528303,16.96,0.3684210526315789,역세권,신축,0
shinagawa,品川区,115.5,5,2.1,2,2,15.8,타워맨션,남,1,1,1,0,2024,5,22750,196.96969696969697,23.1,1.0,원거리,신축,5
adachi,足立区,83.8,4,16.3,3,17,7.7,아파트,서,1,1,0,0,2021,8,3570,42.60143198090692,20.95,0.17647058823529413,버스권,중고,3
koto,江東区,80.4,4,2.6,3,10,1.0,맨션,남,0,1,1,0,2024,11,10850,134.95024875621888,20.1,0.3,역세권,신축,3
shinagawa,品川区,47.0,1,32.3,3,12,1.3,타워맨션,북동,0,1,0,0,2023,10,6820,145.10638297872342,47.0,0.25,역세권,노후,1
meguro,目黒区,94.2,4,9.2,14,14,3.2,맨션,남서,0,1,1,1,2023,1,22000,233.5456475583864,23.55,1.0,도보권,준신축,4
toshima,豊島区,79.7,3,14.3,4,10,6.3,맨션,남,0,1,1,0,2024,7,10790,135.38268506900877,26.566666666666666,0.4,도보권,준신축,3
chiyoda,千代田区,43.4,2,9.0,10,11,16.3,타워맨션,남,1,0,1,0,2024,5,10090,232.48847926267283,21.7,0.9090909090909091,원거리,준신축,4
meguro,目黒区,73.0,3,6.2,5,15,15.0,맨션,북서,0,1,1,1,2021,9,10900,149.31506849315068,24.333333333333332,0.3333333333333333,버스권,준신축,4
sumida,墨田区,53.3,3,5.1,7,17,2.2,아파트,서,0,0,0,1,2021,9,4900,91.93245778611633,17.766666666666666,0.4117647058823529,역세권,준신축,1
minato,港区,45.1,2,12.0,14,17,1.6,아파트,북서,0,0,0,0,2023,6,10180,225.72062084257206,22.55,0.8235294117647058,역세권,준신축,0
shibuya,渋谷区,70.1,3,11.1,3,8,5.4,맨션,남,1,1,1,1,2022,5,16060,229.1012838801712,23.366666666666664,0.375,도보권,준신축,6
suginami,杉並区,35.3,1,6.7,9,11,2.6,맨션,남동,0,1,0,0,2022,8,5060,143.34277620396603,35.3,0.8181818181818182,역세권,준신축,1
meguro,目黒区,80.4,3,9.9,14,16,1.0,아파트,동,0,1,0,0,2022,11,13840,172.13930348258705,26.8,0.875,역세권,준신축,1
adachi,足立区,83.0,4,4.2,12,13,23.4,아파트,서,0,1,0,0,2025,2,5050,60.8433734939759,20.75,0.9230769230769231,원거리,신축,1
suginami,杉並区,55.9,2,2.9,1,9,6.2,맨션,서,0,0,1,1,2023,3,7490,133.9892665474061,27.95,0.1111111111111111,도보권,신축,3
bunkyo,文京区,68.1,2,25.6,12,18,3.9,타워맨션,북,1,0,1,0,2023,2,10830,159.0308370044053,34.05,0.6666666666666666,도보권,중고,4
chuo,中央区,70.9,2,4.1,14,16,5.0,아파트,남,1,1,0,1,2023,7,18620,262.62341325811,35.45,0.875,도보권,신축,4
taito,台東区,34.3,1,23.8,1,11,3.9,맨션,동,0,1,0,0,2022,2,2960,86.29737609329447,34.3,0.09090909090909091,도보권,중고,1
kita,北区,90.1,5,18.0,12,18,5.3,아파트,남동,0,1,1,1,2025,3,7510,83.35183129855716,18.02,0.6666666666666666,도보권,중고,4
taito,台東区,62.2,3,10.5,13,17,4.0,아파트,남서,0,1,1,0,2025,2,7470,120.09646302250803,20.733333333333334,0.7647058823529411,도보권,준신축,3
toshima,豊島区,20.0,1,15.5,10,16,11.2,아파트,남동,1,1,0,1,2022,2,2150,107.5,20.0,0.625,버스권,중고,4
chuo,中央区,56.2,2,7.5,11,16,6.4,아파트,서,0,0,0,0,2023,5,10360,184.34163701067615,28.1,0.6875,도보권,준신축,0
katsushika,葛飾区,38.4,1,5.7,12,16,3.3,빌라,남동,1,1,1,0,2022,11,2070,53.90625,38.4,0.75,도보권,준신축,5
shibuya,渋谷区,91.3,4,3.2,13,18,4.5,맨션,남서,0,1,1,0,2023,6,24460,267.907995618839,22.825,0.7222222222222222,도보권,신축,3
shinagawa,品川区,114.4,5,17.5,3,5,1.0,맨션,동,0,1,0,0,2021,10,16490,144.14335664335664,22.880000000000003,0.6,역세권,중고,1
minato,港区,82.4,3,50.0,2,7,2.4,아파트,남,0,1,0,0,2021,9,11290,137.01456310679612,27.46666666666667,0.2857142857142857,역세권,노후,1
bunkyo,文京区,77.7,3,6.2,11,12,2.2,빌라,북서,0,1,0,0,2022,5,9290,119.56241956241956,25.900000000000002,0.9166666666666666,역세권,준신축,1
shinagawa,品川区,85.0,4,9.9,12,18,1.0,아파트,남동,0,1,1,0,2024,2,17130,201.52941176470588,21.25,0.6666666666666666,역세권,준신축,3
shinagawa,品川区,114.8,4,3.9,2,5,30.0,맨션,남,0,1,0,1,2024,5,17440,151.9163763066202,28.7,0.4,원거리,신축,2
katsushika,葛飾区,110.7,4,11.0,11,12,9.9,아파트,남서,0,0,1,0,2024,2,7030,63.504968383017165,27.675,0.9166666666666666,버스권,준신축,2
shibuya,渋谷区,87.9,3,23.6,13,14,8.6,아파트,남동,0,1,1,0,2024,2,13770,156.65529010238907,29.3,0.9285714285714286,버스권,중고,3
nakano,中野区,20.0,1,28.6,9,13,7.9,아파트,남,0,1,1,0,2022,4,1670,83.5,20.0,0.6923076923076923,버스권,중고,3
koto,江東区,59.1,2,2.6,4,17,11.7,맨션,남서,1,0,0,0,2024,7,5070,85.78680203045685,29.55,0.23529411764705882,버스권,신축,2
sumida,墨田区,87.8,5,14.0,13,19,7.9,빌라,남,1,1,1,0,2024,2,7300,83.14350797266515,17.56,0.6842105263157895,버스권,준신축,5
minato,港区,74.2,4,2.4,6,15,5.7,아파트,동,0,1,1,1,2021,9,21430,288.81401617250674,18.55,0.4,도보권,신축,4
shinjuku,新宿区,68.9,3,35.9,12,19,6.6,아파트,동,1,1,1,0,2023,2,7810,113.35268505079824,22.96666666666667,0.631578947368421,도보권,노후,5
minato,港区,96.3,5,0.9,4,5,1.0,아파트,남,1,1,0,0,2022,7,28030,291.0695742471444,19.259999999999998,0.8,역세권,신축,3
kita,北区,53.3,1,25.9,9,19,3.2,맨션,남,0,1,1,1,2022,1,3800,71.29455909943715,53.3,0.47368421052631576,도보권,중고,4
chiyoda,千代田区,29.8,1,3.8,9,10,4.2,아파트,북동,0,0,1,0,2021,7,6800,228.18791946308724,29.8,0.9,도보권,신축,2
shibuya,渋谷区,98.6,4,15.5,9,17,1.0,맨션,북서,0,1,1,0,2023,4,20620,209.12778904665316,24.65,0.5294117647058824,역세권,중고,3
katsushika,葛飾区,98.0,4,20.0,8,14,5.1,아파트,북동,0,1,0,0,2023,11,4060,41.42857142857143,24.5,0.5714285714285714,도보권,중고,1
arakawa,荒川区,99.3,4,18.9,4,8,5.4,맨션,동,0,1,1,0,2021,8,6310,63.5448136958711,24.825,0.5,도보권,중고,3
shinagawa,品川区,53.6,2,11.1,1,3,2.5,맨션,남서,0,1,1,1,2022,3,9370,174.8134328358209,26.8,0.3333333333333333,역세권,준신축,4
nerima,練馬区,71.9,3,28.9,7,19,7.6,아파트,남,0,0,0,0,2020,12,3880,53.963838664812236,23.96666666666667,0.3684210526315789,버스권,중고,0
chiyoda,千代田区,75.1,3,8.6,4,10,1.0,아파트,동,1,1,1,0,2025,6,20600,274.300932090546,25.03333333333333,0.4,역세권,준신축,5
chuo,中央区,60.7,2,5.8,5,12,3.3,맨션,남서,0,1,0,0,2022,10,12190,200.82372322899505,30.35,0.4166666666666667,도보권,준신축,1
shibuya,渋谷区,97.3,4,2.7,5,9,2.0,타워맨션,남동,0,1,0,1,2022,3,30980,318.39671120246663,24.325,0.5555555555555556,역세권,신축,2
kita,北区,20.0,1,10.0,6,8,2.8,아파트,북동,0,1,1,0,2024,10,1570,78.5,20.0,0.75,역세권,준신축,3
toshima,豊島区,20.0,1,14.5,10,10,4.4,타워맨션,남동,0,0,0,0,2025,4,3220,161.0,20.0,1.0,도보권,준신축,0
meguro,目黒区,87.4,4,0.5,10,18,4.8,타워맨션,남,0,0,1,1,2024,9,21270,243.36384439359267,21.85,0.5555555555555556,도보권,신축,3
taito,台東区,53.0,2,3.5,9,19,10.3,아파트,북서,0,0,1,1,2022,1,5220,98.49056603773585,26.5,0.47368421052631576,버스권,신축,3
chuo,中央区,91.8,4,16.8,12,15,6.9,맨션,북서,0,1,0,0,2022,1,16590,180.71895424836603,22.95,0.8,도보권,중고,1
arakawa,荒川区,20.0,1,2.8,5,8,13.8,아파트,남서,0,1,0,0,2025,4,1530,76.5,20.0,0.625,버스권,신축,1
setagaya,世田谷区,72.5,3,30.6,9,14,1.0,타워맨션,서,0,0,0,0,2023,9,6500,89.65517241379311,24.166666666666668,0.6428571428571429,역세권,노후,0
shinagawa,品川区,86.8,5,0.4,13,18,3.4,아파트,남,0,0,0,1,2021,11,16210,186.75115207373273,17.36,0.7222222222222222,도보권,신축,1
adachi,足立区,36.5,1,10.4,4,14,15.5,아파트,남,1,1,1,0,2023,10,2200,60.273972602739725,36.5,0.2857142857142857,원거리,준신축,5
shibuya,渋谷区,24.7,1,7.7,13,16,7.3,아파트,동,0,0,1,0,2021,2,3820,154.65587044534414,24.7,0.8125,버스권,준신축,2
suginami,杉並区,69.1,3,1.2,7,11,1.7,아파트,서,0,1,1,1,2021,4,7720,111.72214182344429,23.03333333333333,0.6363636363636364,역세권,신축,4
chuo,中央区,68.4,2,11.7,5,10,2.8,맨션,북동,0,1,1,0,2021,4,14480,211.69590643274853,34.2,0.5,역세권,준신축,3
toshima,豊島区,44.6,1,20.4,12,12,1.1,타워맨션,동,1,1,1,1,2025,10,8810,197.5336322869955,44.6,1.0,역세권,중고,6
taito,台東区,29.4,1,12.3,5,13,15.5,아파트,북서,0,1,0,0,2025,9,2310,78.57142857142857,29.4,0.38461538461538464,원거리,준신축,1
itabashi,板橋区,58.7,3,1.7,2,14,1.0,아파트,북,0,1,1,1,2022,12,4220,71.89097103918228,19.566666666666666,0.14285714285714285,역세권,신축,4
taito,台東区,58.2,2,4.3,7,12,11.0,아파트,북동,1,0,0,0,2024,5,6200,106.52920962199312,29.1,0.5833333333333334,버스권,신축,2
setagaya,世田谷区,47.1,3,37.2,4,6,4.4,타워맨션,남,0,1,1,0,2025,1,5150,109.34182590233546,15.700000000000001,0.6666666666666666,도보권,노후,3
chiyoda,千代田区,85.7,3,40.9,10,10,1.7,빌라,동,0,1,1,0,2024,12,10390,121.23687281213535,28.566666666666666,1.0,역세권,노후,3
chuo,中央区,47.2,2,47.4,12,14,2.7,맨션,남,0,1,0,0,2023,6,7590,160.8050847457627,23.6,0.8571428571428571,역세권,노후,1
suginami,杉並区,89.4,5,3.5,3,16,10.5,맨션,북서,0,1,1,0,2022,7,9020,100.89485458612975,17.880000000000003,0.1875,버스권,신축,3
chiyoda,千代田区,109.2,5,19.8,10,17,2.7,빌라,남서,0,1,1,1,2024,3,24120,220.87912087912088,21.84,0.5882352941176471,역세권,중고,4
shinjuku,新宿区,112.6,5,24.4,4,15,4.4,맨션,북서,1,1,0,0,2025,3,15000,133.21492007104797,22.52,0.26666666666666666,도보권,중고,3
chuo,中央区,20.0,1,26.4,11,14,5.5,맨션,남동,0,1,0,0,2022,10,3650,182.5,20.0,0.7857142857142857,도보권,중고,1
setagaya,世田谷区,21.9,1,14.4,3,15,8.6,맨션,서,0,1,0,0,2021,12,2290,104.5662100456621,21.9,0.2,버스권,준신축,1
nerima,練馬区,60.5,3,9.6,7,15,10.1,맨션,북서,1,0,0,0,2024,10,5500,90.9090909090909,20.166666666666668,0.4666666666666667,버스권,준신축,2
sumida,墨田区,20.0,1,18.0,5,8,2.4,타워맨션,남서,0,1,0,0,2023,9,1930,96.5,20.0,0.625,역세권,중고,1
shibuya,渋谷区,84.2,4,14.2,6,19,2.2,타워맨션,북서,0,0,0,1,2025,5,26220,311.40142517814724,21.05,0.3157894736842105,역세권,준신축,1
edogawa,江戸川区,58.6,2,11.4,1,11,11.5,빌라,남서,0,1,0,0,2025,4,3370,57.50853242320819,29.3,0.09090909090909091,버스권,준신축,1
setagaya,世田谷区,61.6,3,17.3,4,8,5.5,아파트,남,1,1,1,0,2021,5,7420,120.45454545454545,20.533333333333335,0.5,도보권,중고,5
sumida,墨田区,75.6,3,10.0,2,10,4.9,맨션,남,0,1,1,0,2021,5,7150,94.57671957671958,25.2,0.2,도보권,준신축,3
chuo,中央区,25.2,1,2.5,6,17,7.8,아파트,동,0,1,1,0,2023,6,5540,219.84126984126985,25.2,0.35294117647058826,버스권,신축,3
chuo,中央区,91.8,4,0.7,10,12,3.8,아파트,북서,0,1,0,0,2021,10,17120,186.49237472766885,22.95,0.8333333333333334,도보권,신축,1
shinjuku,新宿区,97.5,5,1.9,1,3,1.8,아파트,남동,1,1,1,1,2024,2,17800,182.56410256410257,19.5,0.3333333333333333,역세권,신축,6
kita,北区,48.4,2,3.0,6,8,2.8,맨션,서,0,1,0,0,2021,8,4020,83.05785123966942,24.2,0.75,역세권,신축,1
minato,港区,60.0,2,16.3,12,13,10.4,타워맨션,서,0,1,0,0,2023,9,16380,273.0,30.0,0.9230769230769231,버스권,중고,1
arakawa,荒川区,83.9,3,8.3,1,12,1.0,아파트,동,1,0,0,0,2025,3,5590,66.626936829559,27.96666666666667,0.08333333333333333,역세권,준신축,2
chuo,中央区,83.2,4,27.4,8,9,2.6,타워맨션,북동,0,0,1,0,2022,2,16470,197.95673076923077,20.8,0.8888888888888888,역세권,중고,2
ota,大田区,71.8,3,60.0,6,6,2.4,타워맨션,남,0,0,1,1,2023,12,5120,71.3091922005571,23.933333333333334,1.0,역세권,노후,3
suginami,杉並区,79.5,3,4.0,11,16,13.5,아파트,남동,0,0,0,0,2022,10,7800,98.11320754716981,26.5,0.6875,버스권,신축,0
sumida,墨田区,88.7,5,4.0,1,1,10.3,맨션,서,1,1,1,0,2024,5,9490,106.98985343855693,17.740000000000002,1.0,버스권,신축,5
bunkyo,文京区,35.8,2,18.6,6,10,9.4,빌라,남동,0,1,0,0,2024,6,3690,103.07262569832403,17.9,0.6,버스권,중고,1
koto,江東区,99.2,5,17.1,10,16,4.5,아파트,남동,0,1,1,0,2025,9,10300,103.83064516129032,19.84,0.625,도보권,중고,3
chiyoda,千代田区,20.0,1,1.4,3,10,5.2,타워맨션,남서,0,1,0,0,2023,11,6430,321.5,20.0,0.3,도보권,신축,1
taito,台東区,61.2,2,10.1,12,13,17.1,아파트,남동,0,0,1,0,2022,1,6310,103.10457516339869,30.6,0.9230769230769231,원거리,준신축,2
itabashi,板橋区,79.0,4,25.7,14,14,16.9,맨션,북동,1,1,0,0,2021,9,3990,50.50632911392405,19.75,1.0,원거리,중고,3
meguro,目黒区,115.7,5,5.2,4,12,1.0,맨션,남,0,0,1,0,2021,2,20480,177.009507346586,23.14,0.3333333333333333,역세권,준신축,2
suginami,杉並区,58.7,2,2.9,8,14,7.0,아파트,남동,0,1,0,0,2022,10,7140,121.63543441226575,29.35,0.5714285714285714,도보권,신축,1
minato,港区,98.8,4,60.0,9,9,1.5,아파트,남서,0,1,0,1,2022,5,19080,193.1174089068826,24.7,1.0,역세권,노후,2
chuo,中央区,72.5,3,34.5,7,16,8.2,맨션,남동,0,1,0,0,2024,7,9530,131.44827586206895,24.166666666666668,0.4375,버스권,노후,1
chuo,中央区,81.8,3,48.1,9,19,1.0,타워맨션,북동,0,0,0,0,2023,11,11100,135.69682151589242,27.266666666666666,0.47368421052631576,역세권,노후,0
suginami,杉並区,99.5,4,3.2,8,16,30.0,맨션,남동,0,1,1,0,2024,1,12750,128.14070351758795,24.875,0.5,원거리,신축,3
chiyoda,千代田区,79.2,4,6.6,14,16,8.2,아파트,북,0,1,1,1,2025,9,17800,224.74747474747474,19.8,0.875,버스권,준신축,4
chuo,中央区,73.4,2,11.5,8,10,5.8,맨션,서,0,1,0,0,2024,6,17000,231.6076294277929,36.7,0.8,도보권,준신축,1
kita,北区,60.4,3,24.8,2,2,1.9,맨션,남서,0,1,1,0,2021,5,3710,61.42384105960265,20.133333333333333,1.0,역세권,중고,3
bunkyo,文京区,20.0,1,0.2,12,15,1.3,맨션,북,0,0,1,0,2024,8,3290,164.5,20.0,0.8,역세권,신축,2
chiyoda,千代田区,98.6,5,8.7,13,19,25.1,아파트,남,0,1,1,0,2024,4,20500,207.9107505070994,19.72,0.6842105263157895,원거리,준신축,3
ota,大田区,84.7,4,7.1,3,12,9.8,타워맨션,남동,0,0,1,0,2025,5,9490,112.04250295159386,21.175,0.25,버스권,준신축,2
arakawa,荒川区,78.5,3,4.5,3,16,8.1,아파트,남동,0,1,0,0,2022,7,5780,73.63057324840764,26.166666666666668,0.1875,버스권,신축,1
shinjuku,新宿区,89.4,4,41.9,13,16,1.0,아파트,서,0,0,1,0,2025,2,7810,87.36017897091722,22.35,0.8125,역세권,노후,2
chuo,中央区,35.6,1,2.2,3,7,1.2,맨션,서,0,1,0,0,2022,7,7360,206.74157303370785,35.6,0.42857142857142855,역세권,신축,1
setagaya,世田谷区,52.0,2,1.0,4,5,28.1,맨션,북동,0,0,0,0,2025,5,6120,117.6923076923077,26.0,0.8,원거리,신축,0
chiyoda,千代田区,81.4,4,2.9,4,6,9.0,아파트,남동,0,0,0,0,2025,5,16250,199.6314496314496,20.35,0.6666666666666666,버스권,신축,0
chiyoda,千代田区,50.1,2,60.0,6,8,5.7,아파트,북동,0,1,0,0,2024,7,5920,118.16367265469061,25.05,0.75,도보권,노후,1
itabashi,板橋区,67.3,3,4.0,5,17,4.5,아파트,동,0,1,1,0,2023,9,5400,80.23774145616642,22.433333333333334,0.29411764705882354,도보권,신축,3
bunkyo,文京区,39.0,2,60.0,9,10,4.3,아파트,북서,1,1,0,0,2024,12,2750,70.51282051282051,19.5,0.9,도보권,노후,3
arakawa,荒川区,50.5,2,14.1,8,16,2.3,아파트,남,0,0,1,0,2023,12,3820,75.64356435643565,25.25,0.5,역세권,준신축,2
kita,北区,49.7,2,60.0,14,16,1.4,아파트,남서,1,0,0,0,2021,10,2310,46.478873239436616,24.85,0.875,역세권,노후,2
sumida,墨田区,91.8,3,34.1,9,11,9.5,맨션,남동,0,1,0,0,2021,11,5260,57.29847494553377,30.599999999999998,0.8181818181818182,버스권,노후,1
itabashi,板橋区,41.3,2,15.5,14,19,12.2,맨션,남동,1,1,1,0,2021,8,3340,80.87167070217919,20.65,0.7368421052631579,버스권,중고,5
chuo,中央区,20.0,1,10.5,8,18,28.0,아파트,북,0,1,0,0,2022,5,2430,121.5,20.0,0.4444444444444444,원거리,준신축,1
shibuya,渋谷区,82.7,3,27.8,5,5,9.4,아파트,서,1,1,1,0,2024,3,11610,140.3869407496977,27.566666666666666,1.0,버스권,중고,5
shibuya,渋谷区,45.4,2,8.5,3,14,5.0,맨션,남서,1,1,1,1,2025,10,10880,239.64757709251103,22.7,0.21428571428571427,도보권,준신축,6
setagaya,世田谷区,39.0,1,14.3,4,6,2.5,아파트,남,0,1,1,0,2021,5,4660,119.48717948717949,39.0,0.6666666666666666,역세권,준신축,3
kita,北区,64.9,4,1.8,5,8,7.1,빌라,남동,1,1,0,0,2021,1,5700,87.82742681047765,16.225,0.625,버스권,신축,3
setagaya,世田谷区,76.8,4,21.7,2,6,10.9,아파트,북서,0,1,0,0,2024,8,6690,87.109375,19.2,0.3333333333333333,버스권,중고,1
adachi,足立区,48.5,2,0.4,7,8,1.0,빌라,남,0,1,1,0,2021,5,2740,56.49484536082474,24.25,0.875,역세권,신축,3
suginami,杉並区,82.0,4,11.8,2,14,2.8,아파트,북서,1,1,0,0,2025,3,8820,107.5609756097561,20.5,0.14285714285714285,역세권,준신축,3
meguro,目黒区,91.3,5,6.2,13,14,5.0,아파트,남동,0,0,1,1,2022,10,15450,169.2223439211391,18.259999999999998,0.9285714285714286,도보권,준신축,3
arakawa,荒川区,70.5,3,8.1,8,18,6.4,아파트,남,0,1,1,0,2023,5,5300,75.177304964539,23.5,0.4444444444444444,도보권,준신축,3
nerima,練馬区,74.6,3,6.9,2,19,2.3,아파트,북서,0,0,1,0,2022,5,5480,73.45844504021449,24.866666666666664,0.10526315789473684,역세권,준신축,2
shinagawa,品川区,102.3,5,12.9,11,13,26.9,아파트,남,0,1,1,0,2021,11,10560,103.22580645161291,20.46,0.8461538461538461,원거리,준신축,3
kita,北区,43.2,1,3.8,13,18,1.0,맨션,동,0,1,1,0,2021,6,4240,98.14814814814814,43.2,0.7222222222222222,역세권,신축,3
arakawa,荒川区,72.1,3,19.1,12,18,15.1,아파트,남,0,0,1,0,2024,2,4250,58.94590846047157,24.03333333333333,0.6666666666666666,원거리,중고,2
nakano,中野区,85.4,3,3.6,3,19,13.8,맨션,서,0,1,1,1,2023,8,10680,125.05854800936767,28.46666666666667,0.15789473684210525,버스권,신축,4
minato,港区,81.5,4,27.5,12,17,8.5,맨션,남서,1,1,0,1,2023,4,16710,205.03067484662577,20.375,0.7058823529411765,버스권,중고,4
chuo,中央区,55.8,2,52.1,4,7,6.6,맨션,남,1,0,1,0,2023,1,7430,133.1541218637993,27.9,0.5714285714285714,도보권,노후,4
adachi,足立区,96.5,4,1.2,4,11,3.9,빌라,북동,0,1,0,0,2022,10,4860,50.362694300518136,24.125,0.36363636363636365,도보권,신축,1
chuo,中央区,66.0,2,41.6,7,12,1.0,타워맨션,남서,0,0,0,1,2022,6,9010,136.5151515151515,33.0,0.5833333333333334,역세권,노후,1
arakawa,荒川区,72.8,4,1.9,1,5,3.8,맨션,서,0,1,1,0,2021,1,6480,89.01098901098901,18.2,0.2,도보권,신축,3
bunkyo,文京区,75.5,3,1.8,2,7,8.7,아파트,남,0,1,0,1,2025,2,11610,153.7748344370861,25.166666666666668,0.2857142857142857,버스권,신축,2
bunkyo,文京区,104.5,5,11.1,12,16,5.1,아파트,북,1,0,0,0,2021,6,13200,126.3157894736842,20.9,0.75,도보권,준신축,2
shibuya,渋谷区,63.1,3,30.2,5,14,1.0,타워맨션,남,0,0,1,0,2024,9,12100,191.75911251980983,21.033333333333335,0.35714285714285715,역세권,노후,2
koto,江東区,46.2,2,4.1,9,12,1.0,아파트,북,1,1,0,1,2024,4,5720,123.8095238095238,23.1,0.75,역세권,신축,4
chiyoda,千代田区,80.2,4,60.0,5,10,13.6,아파트,서,1,1,0,0,2023,4,8800,109.72568578553616,20.05,0.5,버스권,노후,3
chiyoda,千代田区,106.6,5,1.6,4,18,3.0,타워맨션,북서,1,1,0,0,2023,9,33000,309.5684803001876,21.32,0.2222222222222222,역세권,신축,3
chiyoda,千代田区,94.6,4,0.5,11,14,3.0,맨션,북동,1,1,0,0,2025,9,25850,273.25581395348837,23.65,0.7857142857142857,역세권,신축,3
shinagawa,品川区,34.3,1,13.7,8,15,18.7,빌라,서,0,1,1,0,2024,10,3890,113.41107871720118,34.3,0.5333333333333333,원거리,준신축,3
shinjuku,新宿区,113.2,6,18.0,6,7,1.0,맨션,남,1,0,0,0,2024,2,21030,185.7773851590106,18.866666666666667,0.8571428571428571,역세권,중고,2
shinagawa,品川区,37.4,1,0.7,13,14,7.4,빌라,남,1,0,1,0,2022,3,6000,160.42780748663102,37.4,0.9285714285714286,버스권,신축,4
itabashi,板橋区,81.9,2,19.4,3,7,6.5,타워맨션,남,0,1,0,0,2025,7,7380,90.1098901098901,40.95,0.42857142857142855,도보권,중고,1
minato,港区,89.6,4,5.0,5,18,7.2,타워맨션,동,1,0,0,1,2022,12,27310,304.79910714285717,22.4,0.2777777777777778,버스권,신축,3
ota,大田区,102.3,5,60.0,1,15,26.1,맨션,서,0,0,0,0,2023,7,3710,36.26588465298143,20.46,0.06666666666666667,원거리,노후,0
nerima,練馬区,111.8,5,6.4,7,18,6.0,맨션,남,0,1,1,0,2024,10,10100,90.33989266547407,22.36,0.3888888888888889,도보권,준신축,3
nakano,中野区,61.2,3,7.0,14,18,15.1,타워맨션,북동,0,1,0,0,2024,6,7080,115.68627450980392,20.400000000000002,0.7777777777777778,원거리,준신축,1
chiyoda,千代田区,60.2,2,18.3,14,15,3.5,타워맨션,남동,0,1,1,0,2024,5,17440,289.7009966777409,30.1,0.9333333333333333,도보권,중고,3
shinagawa,品川区,32.1,1,11.3,5,15,4.7,아파트,남동,1,1,1,0,2020,12,4310,134.26791277258567,32.1,0.3333333333333333,도보권,준신축,5
taito,台東区,57.0,3,1.9,7,13,2.2,아파트,동,0,1,1,0,2024,3,7260,127.36842105263158,19.0,0.5384615384615384,역세권,신축,3
chiyoda,千代田区,103.9,4,3.0,11,16,13.2,맨션,북동,0,1,0,1,2025,7,24430,235.12993262752644,25.975,0.6875,버스권,신축,2
setagaya,世田谷区,83.6,3,18.8,1,14,1.0,맨션,남,1,1,1,1,2022,6,11910,142.4641148325359,27.866666666666664,0.07142857142857142,역세권,중고,6
adachi,足立区,28.4,1,25.2,2,7,2.8,맨션,북서,1,1,1,1,2023,7,1550,54.5774647887324,28.4,0.2857142857142857,역세권,중고,6
setagaya,世田谷区,81.2,3,17.1,2,2,1.0,아파트,동,0,1,0,0,2024,2,8120,100.0,27.066666666666666,1.0,역세권,중고,1
shinagawa,品川区,42.2,2,2.8,4,7,10.1,맨션,북서,0,1,0,1,2025,5,6430,152.36966824644549,21.1,0.5714285714285714,버스권,신축,2
arakawa,荒川区,105.6,5,14.6,7,16,3.5,맨션,남,1,1,1,0,2024,10,9600,90.90909090909092,21.119999999999997,0.4375,도보권,준신축,5
meguro,目黒区,66.1,3,38.5,2,3,1.0,맨션,서,0,1,1,0,2023,11,7900,119.5158850226929,22.03333333333333,0.6666666666666666,역세권,노후,3
setagaya,世田谷区,42.9,2,6.8,2,14,1.0,아파트,남,0,1,0,0,2022,7,5580,130.06993006993008,21.45,0.14285714285714285,역세권,준신축,1
chiyoda,千代田区,85.5,4,4.0,14,16,1.3,맨션,동,1,1,0,0,2023,4,25260,295.43859649122805,21.375,0.875,역세권,신축,3
toshima,豊島区,51.8,1,23.3,3,7,9.1,아파트,북서,0,1,1,0,2023,8,4400,84.94208494208495,51.8,0.42857142857142855,버스권,중고,3
shinagawa,品川区,59.7,2,2.4,12,18,14.4,아파트,남서,1,1,1,0,2023,2,10270,172.02680067001674,29.85,0.6666666666666666,버스권,신축,5
minato,港区,61.7,3,35.4,6,15,19.1,아파트,남동,1,0,0,0,2025,9,7330,118.80064829821717,20.566666666666666,0.4,원거리,노후,2
chiyoda,千代田区,20.0,1,14.1,9,11,4.7,맨션,남서,1,1,1,0,2024,2,5130,256.5,20.0,0.8181818181818182,도보권,준신축,5
minato,港区,108.4,5,28.5,8,15,4.9,맨션,북,0,0,1,0,2025,1,21920,202.2140221402214,21.68,0.5333333333333333,도보권,중고,2
suginami,杉並区,83.6,4,6.1,14,17,1.0,맨션,남서,0,0,1,0,2022,5,12030,143.89952153110048,20.9,0.8235294117647058,역세권,준신축,2
shinjuku,新宿区,31.9,1,15.3,3,12,2.1,맨션,동,0,0,1,0,2023,8,5100,159.87460815047024,31.9,0.25,역세권,중고,2
nakano,中野区,56.3,3,46.7,12,12,1.0,아파트,남서,0,0,0,0,2021,4,3110,55.23978685612789,18.766666666666666,1.0,역세권,노후,0
bunkyo,文京区,42.0,2,14.0,7,7,4.4,맨션,북서,0,1,1,0,2025,12,6560,156.1904761904762,21.0,1.0,도보권,준신축,3
chuo,中央区,56.9,2,24.7,11,19,4.0,맨션,남,0,1,0,0,2025,10,11090,194.90333919156416,28.45,0.5789473684210527,도보권,중고,1
shinagawa,品川区,96.8,5,1.8,9,15,10.2,맨션,남서,0,0,0,0,2023,4,16850,174.0702479338843,19.36,0.6,버스권,신축,0
chuo,中央区,90.3,4,15.9,8,12,15.9,빌라,남,0,1,1,1,2024,12,11490,127.24252491694352,22.575,0.6666666666666666,원거리,중고,4
koto,江東区,33.3,1,2.0,4,10,6.5,맨션,남서,1,1,1,0,2024,5,4640,139.33933933933935,33.3,0.4,도보권,신축,5
ota,大田区,47.2,2,21.4,4,12,1.9,맨션,북서,1,1,0,0,2025,5,4100,86.86440677966101,23.6,0.3333333333333333,역세권,중고,3
bunkyo,文京区,91.4,4,30.2,2,4,14.7,아파트,서,0,1,1,1,2025,3,8990,98.35886214442013,22.85,0.5,버스권,노후,4
meguro,目黒区,53.0,2,3.2,12,18,6.9,아파트,남,0,0,1,0,2022,5,9340,176.22641509433961,26.5,0.6666666666666666,도보권,신축,2
meguro,目黒区,85.8,4,4.8,10,13,2.2,아파트,북서,1,1,0,0,2022,9,15750,183.56643356643357,21.45,0.7692307692307693,역세권,신축,3
chuo,中央区,77.9,3,43.8,6,16,2.0,맨션,동,1,0,1,0,2021,9,10280,131.9640564826701,25.96666666666667,0.375,역세권,노후,4
chiyoda,千代田区,67.9,3,40.5,3,16,6.2,타워맨션,서,1,0,1,1,2021,4,11370,167.4521354933726,22.633333333333336,0.1875,도보권,노후,5
setagaya,世田谷区,73.5,3,0.1,2,10,1.0,아파트,남동,1,1,0,0,2022,12,10350,140.81632653061226,24.5,0.2,역세권,신축,3
shinjuku,新宿区,105.2,5,0.4,8,10,1.0,맨션,남,0,1,1,1,2023,2,22950,218.15589353612168,21.04,0.8,역세권,신축,4
bunkyo,文京区,73.8,3,15.8,10,14,15.9,아파트,북동,1,1,0,0,2023,10,6670,90.37940379403794,24.599999999999998,0.7142857142857143,원거리,중고,3
chiyoda,千代田区,63.2,4,7.0,9,17,30.0,타워맨션,서,0,0,0,1,2022,5,12410,196.36075949367088,15.8,0.5294117647058824,원거리,준신축,1
minato,港区,54.8,1,9.7,11,16,27.1,아파트,남,0,1,0,0,2024,8,9580,174.8175182481752,54.8,0.6875,원거리,준신축,1
bunkyo,文京区,86.9,4,26.7,7,18,14.4,빌라,남서,0,0,0,1,2024,5,8660,99.65477560414269,21.725,0.3888888888888889,버스권,중고,1
itabashi,板橋区,54.0,2,1.9,10,14,3.8,아파트,남서,0,0,1,0,2024,9,4190,77.5925925925926,27.0,0.7142857142857143,도보권,신축,2
shinjuku,新宿区,66.7,3,16.4,10,18,19.2,타워맨션,남,0,1,1,0,2025,12,10780,161.6191904047976,22.233333333333334,0.5555555555555556,원거리,중고,3
minato,港区,76.5,3,34.8,13,16,1.0,아파트,남동,1,1,1,1,2024,10,20630,269.6732026143791,25.5,0.8125,역세권,노후,6
taito,台東区,145.9,6,10.3,13,18,3.1,맨션,서,0,1,1,0,2021,6,18980,130.08910212474296,24.316666666666666,0.7222222222222222,도보권,준신축,3
meguro,目黒区,64.2,3,2.3,3,13,4.7,아파트,서,0,1,1,0,2021,9,9910,154.3613707165109,21.400000000000002,0.23076923076923078,도보권,신축,3
minato,港区,51.0,2,5.8,1,13,2.9,아파트,동,1,0,0,0,2024,4,14680,287.84313725490193,25.5,0.07692307692307693,역세권,준신축,2
ota,大田区,99.4,4,7.2,14,19,30.0,아파트,서,0,1,1,0,2021,11,6420,64.58752515090544,24.85,0.7368421052631579,원거리,준신축,3
shibuya,渋谷区,78.7,4,20.3,10,15,1.4,맨션,남,0,1,1,0,2022,6,17530,222.74459974587037,19.675,0.6666666666666666,역세권,중고,3
minato,港区,58.5,2,5.8,11,18,9.6,아파트,남서,0,1,1,0,2021,9,13140,224.6153846153846,29.25,0.6111111111111112,버스권,준신축,3
suginami,杉並区,117.2,6,3.2,3,16,3.4,맨션,남서,0,1,0,1,2023,2,13040,111.26279863481228,19.533333333333335,0.1875,도보권,신축,2
shinagawa,品川区,91.0,4,4.9,10,16,10.5,타워맨션,서,0,1,0,0,2025,6,17230,189.34065934065933,22.75,0.625,버스권,신축,1
chiyoda,千代田区,80.3,3,1.7,8,16,7.0,아파트,남,1,1,1,0,2022,11,24130,300.49813200498136,26.766666666666666,0.5,도보권,신축,5
chiyoda,千代田区,74.2,3,55.3,7,9,9.9,빌라,동,0,1,1,1,2022,2,8230,110.91644204851751,24.733333333333334,0.7777777777777778,버스권,노후,4
chiyoda,千代田区,66.2,3,4.6,13,19,1.0,맨션,남,0,1,1,0,2025,4,23200,350.4531722054381,22.066666666666666,0.6842105263157895,역세권,신축,3
shinjuku,新宿区,120.7,5,33.9,12,19,3.3,맨션,남,0,1,1,0,2021,6,15620,129.41176470588235,24.14,0.631578947368421,도보권,노후,3
chiyoda,千代田区,60.6,3,7.1,2,14,21.9,맨션,남동,1,0,1,0,2024,5,12120,200.0,20.2,0.14285714285714285,원거리,준신축,4
koto,江東区,74.7,4,20.5,4,14,1.4,맨션,남동,0,1,0,0,2022,10,7950,106.42570281124497,18.675,0.2857142857142857,역세권,중고,1
chiyoda,千代田区,62.1,3,26.4,3,5,5.5,맨션,남서,0,1,0,0,2021,1,9760,157.1658615136876,20.7,0.6,도보권,중고,1
suginami,杉並区,34.8,1,6.0,1,10,13.5,맨션,남,0,1,1,0,2024,12,4470,128.44827586206898,34.8,0.1,버스권,준신축,3
suginami,杉並区,74.9,3,3.3,10,15,23.3,맨션,남,1,1,0,0,2021,6,8370,111.7489986648865,24.96666666666667,0.6666666666666666,원거리,신축,3
chiyoda,千代田区,46.3,2,60.0,14,19,1.2,아파트,남,0,1,1,0,2025,11,7060,152.48380129589634,23.15,0.7368421052631579,역세권,노후,3
chuo,中央区,73.9,3,1.2,12,12,5.4,아파트,북서,1,0,0,0,2024,5,15940,215.69688768606224,24.633333333333336,1.0,도보권,신축,2
taito,台東区,88.7,5,23.0,10,19,1.2,타워맨션,동,1,1,0,0,2025,3,12370,139.45885005636978,17.740000000000002,0.5263157894736842,역세권,중고,3
chiyoda,千代田区,73.0,3,4.3,5,14,8.2,타워맨션,서,1,1,0,0,2025,5,21280,291.5068493150685,24.333333333333332,0.35714285714285715,버스권,신축,3
itabashi,板橋区,20.0,1,60.0,10,14,2.6,아파트,동,0,1,0,0,2021,4,800,40.0,20.0,0.7142857142857143,역세권,노후,1
taito,台東区,62.3,2,17.7,7,9,2.4,아파트,동,0,0,0,0,2022,5,6250,100.32102728731942,31.15,0.7777777777777778,역세권,중고,0
shibuya,渋谷区,83.6,4,1.5,13,18,1.0,타워맨션,북,0,1,0,0,2021,4,20820,249.04306220095697,20.9,0.7222222222222222,역세권,신축,1
shinagawa,品川区,22.1,1,5.0,11,16,7.1,아파트,남,0,1,0,0,2025,4,3540,160.18099547511312,22.1,0.6875,버스권,신축,1
nakano,中野区,57.0,2,22.6,6,16,1.9,맨션,동,0,0,1,1,2022,9,5020,88.0701754385965,28.5,0.375,역세권,중고,3
minato,港区,118.3,5,0.4,9,11,13.5,맨션,북서,0,0,0,0,2022,6,23320,197.12595097210482,23.66,0.8181818181818182,버스권,신축,0
nerima,練馬区,61.9,3,24.3,2,13,14.0,맨션,남동,1,0,0,1,2023,8,4690,75.76736672051696,20.633333333333333,0.15384615384615385,버스권,중고,3
minato,港区,58.1,2,0.3,1,17,1.0,빌라,동,1,0,1,0,2023,8,18210,313.4251290877797,29.05,0.058823529411764705,역세권,신축,4
shibuya,渋谷区,20.0,1,1.1,5,16,6.4,아파트,북,1,0,0,0,2023,3,3790,189.5,20.0,0.3125,도보권,신축,2
arakawa,荒川区,49.2,2,9.8,1,1,13.1,맨션,남,1,1,1,0,2025,4,5190,105.48780487804878,24.6,1.0,버스권,준신축,5
setagaya,世田谷区,55.7,1,9.0,14,18,3.7,빌라,동,0,1,0,0,2022,10,6080,109.15619389587073,55.7,0.7777777777777778,도보권,준신축,1
toshima,豊島区,26.5,1,10.0,5,19,1.0,타워맨션,서,0,1,0,0,2023,4,4220,159.24528301886792,26.5,0.2631578947368421,역세권,준신축,1
nerima,練馬区,55.9,3,15.1,7,14,12.3,빌라,북,0,1,0,0,2022,5,3220,57.60286225402505,18.633333333333333,0.5,버스권,중고,1
toshima,豊島区,69.5,3,14.7,6,15,22.7,맨션,서,0,1,1,0,2024,10,6920,99.56834532374101,23.166666666666668,0.4,원거리,준신축,3
chuo,中央区,61.5,2,27.4,13,16,6.0,아파트,동,0,1,0,0,2022,7,10240,166.5040650406504,30.75,0.8125,도보권,중고,1
ota,大田区,53.1,3,7.8,14,18,4.4,맨션,남,1,1,0,0,2021,1,5470,103.01318267419963,17.7,0.7777777777777778,도보권,준신축,3
chuo,中央区,42.2,2,17.6,6,15,10.2,맨션,동,1,1,0,0,2022,1,7360,174.4075829383886,21.1,0.4,버스권,중고,3
suginami,杉並区,57.1,3,60.0,2,6,1.0,아파트,남,0,1,0,0,2020,12,2710,47.46059544658494,19.033333333333335,0.3333333333333333,역세권,노후,1
chuo,中央区,43.5,1,18.9,13,14,2.6,아파트,동,0,1,1,1,2025,6,9310,214.02298850574712,43.5,0.9285714285714286,역세권,중고,4
minato,港区,26.9,1,0.6,11,11,11.7,아파트,남동,0,0,0,0,2022,5,5260,195.53903345724908,26.9,1.0,버스권,신축,0
minato,港区,68.7,2,29.8,9,16,5.0,아파트,동,0,0,0,0,2021,9,10450,152.11062590975254,34.35,0.5625,도보권,중고,0
toshima,豊島区,51.6,3,18.3,2,3,1.0,타워맨션,동,0,0,0,0,2021,7,5800,112.40310077519379,17.2,0.6666666666666666,역세권,중고,0
nakano,中野区,47.3,2,1.4,2,10,1.0,빌라,서,1,1,1,0,2023,5,4920,104.01691331923891,23.65,0.2,역세권,신축,5
koto,江東区,64.5,3,7.9,3,17,4.7,맨션,남동,0,1,1,0,2024,11,7590,117.67441860465117,21.5,0.17647058823529413,도보권,준신축,3
meguro,目黒区,62.0,3,23.2,6,14,7.1,빌라,남,0,1,1,0,2021,1,6150,99.19354838709677,20.666666666666668,0.42857142857142855,버스권,중고,3
bunkyo,文京区,20.0,1,7.3,4,11,2.5,맨션,남,1,1,1,0,2021,2,3230,161.5,20.0,0.36363636363636365,역세권,준신축,5
minato,港区,80.3,4,8.2,4,19,4.5,아파트,서,0,1,0,1,2022,5,17760,221.1706102117061,20.075,0.21052631578947367,도보권,준신축,2
shibuya,渋谷区,63.1,2,37.0,10,15,8.5,아파트,서,1,0,0,1,2022,3,6300,99.84152139461173,31.55,0.6666666666666666,버스권,노후,3
katsushika,葛飾区,37.9,2,27.8,10,18,9.3,빌라,북서,0,0,0,1,2023,10,1360,35.88390501319261,18.95,0.5555555555555556,버스권,중고,1
nerima,練馬区,116.1,5,8.6,3,15,2.2,아파트,남,0,1,0,0,2025,10,10590,91.21447028423773,23.22,0.2,역세권,준신축,1
nakano,中野区,73.7,3,4.7,5,5,3.7,맨션,남서,0,1,0,0,2024,2,9080,123.20217096336499,24.566666666666666,1.0,도보권,신축,1
koto,江東区,20.0,1,0.3,2,9,19.4,빌라,남서,0,0,1,0,2022,11,1430,71.5,20.0,0.2222222222222222,원거리,신축,2
minato,港区,62.0,2,1.4,14,16,16.6,타워맨션,남서,1,1,0,0,2021,6,17120,276.1290322580645,31.0,0.875,원거리,신축,3
chuo,中央区,76.2,3,10.4,1,2,3.7,맨션,남,0,1,1,0,2025,7,17800,233.59580052493436,25.400000000000002,0.5,도보권,준신축,3
shibuya,渋谷区,22.4,1,0.7,6,6,21.2,아파트,북서,0,1,0,0,2022,10,2990,133.48214285714286,22.4,1.0,원거리,신축,1
chiyoda,千代田区,56.3,3,11.0,10,14,21.8,아파트,남서,0,0,1,0,2025,4,8810,156.48312611012435,18.766666666666666,0.7142857142857143,원거리,준신축,2
chiyoda,千代田区,88.1,4,3.2,6,14,2.8,아파트,남서,0,1,0,0,2022,7,19300,219.06923950056756,22.025,0.42857142857142855,역세권,신축,1
minato,港区,79.9,3,2.8,1,16,11.1,빌라,서,0,0,0,0,2023,3,14610,182.85356695869837,26.633333333333336,0.0625,버스권,신축,0
meguro,目黒区,31.3,1,5.8,5,6,10.7,아파트,남,1,1,1,0,2021,12,5290,169.00958466453673,31.3,0.8333333333333334,버스권,준신축,5
shibuya,渋谷区,87.5,3,7.8,8,12,11.1,빌라,북서,0,0,1,0,2021,2,11210,128.11428571428573,29.166666666666668,0.6666666666666666,버스권,준신축,2
meguro,目黒区,63.1,2,2.4,10,16,2.8,맨션,서,0,0,0,0,2022,5,11620,184.15213946117274,31.55,0.625,역세권,신축,0
shinagawa,品川区,20.0,1,2.9,9,10,12.3,맨션,동,1,1,0,1,2025,2,3560,178.0,20.0,0.9,버스권,신축,4
taito,台東区,27.2,1,22.8,1,2,1.0,타워맨션,서,1,1,0,0,2023,5,3710,136.39705882352942,27.2,0.5,역세권,중고,3
chiyoda,千代田区,78.3,3,13.1,4,18,16.5,맨션,남,1,1,1,0,2021,6,12840,163.98467432950193,26.099999999999998,0.2222222222222222,원거리,준신축,5
meguro,目黒区,29.9,1,17.2,9,17,11.2,맨션,서,0,1,0,0,2024,10,4230,141.4715719063545,29.9,0.5294117647058824,버스권,중고,1
shibuya,渋谷区,95.1,4,47.6,3,4,18.3,맨션,남,0,1,1,1,2024,1,9020,94.84752891692955,23.775,0.75,원거리,노후,4
meguro,目黒区,69.5,3,2.9,6,17,2.0,맨션,남서,1,1,0,1,2025,4,16640,239.42446043165467,23.166666666666668,0.35294117647058826,역세권,신축,4
chiyoda,千代田区,35.4,1,45.2,6,18,4.2,맨션,북동,0,1,0,1,2022,10,4500,127.11864406779661,35.4,0.3333333333333333,도보권,노후,2
chuo,中央区,76.1,3,7.3,3,17,5.5,아파트,남동,1,1,0,0,2022,9,15880,208.67279894875165,25.366666666666664,0.17647058823529413,도보권,준신축,3
meguro,目黒区,35.7,2,14.9,11,19,1.0,아파트,남,0,0,1,0,2022,1,6260,175.35014005602238,17.85,0.5789473684210527,역세권,준신축,2
chuo,中央区,39.9,1,18.3,9,11,15.1,아파트,북동,0,1,1,1,2024,11,5780,144.8621553884712,39.9,0.8181818181818182,원거리,중고,4
arakawa,荒川区,98.7,4,3.4,9,14,6.4,맨션,서,0,1,1,0,2021,4,6390,64.74164133738601,24.675,0.6428571428571429,도보권,신축,3
shibuya,渋谷区,54.0,2,10.0,11,14,1.0,맨션,남동,0,1,1,0,2021,1,14400,266.6666666666667,27.0,0.7857142857142857,역세권,준신축,3
itabashi,板橋区,53.6,1,5.3,3,19,1.0,아파트,남동,1,1,0,0,2025,10,4400,82.08955223880596,53.6,0.15789473684210525,역세권,준신축,3
shinagawa,品川区,57.4,3,11.6,8,15,6.0,아파트,남서,1,1,1,0,2023,8,8820,153.65853658536585,19.133333333333333,0.5333333333333333,도보권,준신축,5
minato,港区,49.4,2,0.1,13,14,1.0,맨션,북서,0,0,0,0,2021,7,15020,304.04858299595145,24.7,0.9285714285714286,역세권,신축,0
itabashi,板橋区,48.5,2,2.6,2,19,3.4,맨션,서,0,0,0,1,2024,6,3680,75.87628865979381,24.25,0.10526315789473684,도보권,신축,1
bunkyo,文京区,94.7,5,11.1,5,17,10.9,아파트,북동,0,1,1,0,2023,1,10810,114.14994720168954,18.94,0.29411764705882354,버스권,준신축,3
chiyoda,千代田区,24.3,1,1.4,4,13,1.0,아파트,남서,1,0,1,0,2025,8,8200,337.4485596707819,24.3,0.3076923076923077,역세권,신축,4
ota,大田区,56.5,3,7.3,2,3,5.1,아파트,남,0,1,0,0,2022,8,4220,74.69026548672566,18.833333333333332,0.6666666666666666,도보권,준신축,1
meguro,目黒区,64.7,2,9.2,1,10,14.9,아파트,남,0,0,1,0,2022,2,8420,130.13910355486863,32.35,0.1,버스권,준신축,2
shinjuku,新宿区,68.8,3,15.4,14,18,24.2,맨션,남동,0,0,0,0,2025,2,7660,111.33720930232559,22.933333333333334,0.7777777777777778,원거리,중고,0
shibuya,渋谷区,57.2,2,12.2,5,17,5.8,아파트,북동,0,0,1,0,2023,10,10060,175.87412587412587,28.6,0.29411764705882354,도보권,준신축,2
itabashi,板橋区,63.1,2,2.2,6,7,1.0,아파트,남,0,0,0,0,2023,5,4670,74.0095087163233,31.55,0.8571428571428571,역세권,신축,0
bunkyo,文京区,95.5,5,40.1,5,8,4.6,아파트,동,0,1,1,1,2023,3,6690,70.05235602094241,19.1,0.625,도보권,노후,4
minato,港区,64.6,3,8.9,6,16,6.4,맨션,남,0,1,1,1,2025,8,18530,286.8421052631579,21.53333333333333,0.375,도보권,준신축,4
kita,北区,85.3,4,0.1,10,16,14.5,맨션,남동,0,1,1,0,2025,9,9250,108.44079718640094,21.325,0.625,버스권,신축,3
minato,港区,76.7,3,4.7,12,12,10.3,아파트,남동,0,1,0,0,2024,4,16400,213.82007822685787,25.566666666666666,1.0,버스권,신축,1
nakano,中野区,65.2,2,0.9,4,17,14.0,맨션,북동,0,1,1,1,2025,10,8310,127.45398773006134,32.6,0.23529411764705882,버스권,신축,4
toshima,豊島区,73.5,2,10.1,1,12,6.0,아파트,남,0,0,1,0,2025,3,9720,132.24489795918367,36.75,0.08333333333333333,도보권,준신축,2
shinagawa,品川区,39.6,1,1.9,12,14,1.4,빌라,서,0,1,0,0,2020,12,5240,132.32323232323233,39.6,0.8571428571428571,역세권,신축,1
sumida,墨田区,47.6,2,0.2,14,19,3.1,맨션,남,1,1,0,1,2023,9,7020,147.47899159663865,23.8,0.7368421052631579,도보권,신축,4
arakawa,荒川区,83.0,3,2.3,14,15,2.2,빌라,남,0,1,1,0,2024,7,6670,80.36144578313252,27.666666666666668,0.9333333333333333,역세권,신축,3
chiyoda,千代田区,87.7,4,4.8,7,17,1.0,맨션,남,1,1,0,0,2025,2,27710,315.96351197263397,21.925,0.4117647058823529,역세권,신축,3
kita,北区,80.3,3,6.4,2,6,1.1,아파트,북,0,1,0,0,2025,11,6310,78.58032378580324,26.766666666666666,0.3333333333333333,역세권,준신축,1
itabashi,板橋区,69.2,4,16.8,11,18,7.3,아파트,남서,0,1,0,0,2025,8,5170,74.71098265895954,17.3,0.6111111111111112,버스권,중고,1
meguro,目黒区,80.7,4,3.8,3,15,1.8,빌라,남동,0,1,0,0,2024,7,11790,146.09665427509293,20.175,0.2,역세권,신축,1
shibuya,渋谷区,64.1,3,0.9,6,9,27.1,아파트,북,0,1,0,0,2025,2,11120,173.47893915756632,21.366666666666664,0.6666666666666666,원거리,신축,1
minato,港区,110.4,6,1.2,11,11,2.2,맨션,서,0,1,1,0,2025,2,40000,362.3188405797101,18.400000000000002,1.0,역세권,신축,3
chiyoda,千代田区,51.5,3,4.6,1,15,26.0,맨션,남동,0,1,0,0,2021,3,8560,166.2135922330097,17.166666666666668,0.06666666666666667,원거리,신축,1
ota,大田区,70.1,2,4.9,11,17,5.1,아파트,서,1,1,0,0,2021,6,5960,85.02139800285308,35.05,0.6470588235294118,도보권,신축,3
nakano,中野区,98.6,5,4.4,8,15,7.5,맨션,북동,0,1,1,0,2025,5,13300,134.88843813387425,19.72,0.5333333333333333,버스권,신축,3
toshima,豊島区,37.7,2,24.6,7,8,3.0,맨션,북서,1,1,0,0,2022,5,4150,110.07957559681697,18.85,0.875,역세권,중고,3
bunkyo,文京区,31.2,1,1.4,8,17,8.9,빌라,남동,1,0,0,0,2024,4,3920,125.64102564102565,31.2,0.47058823529411764,버스권,신축,2
kita,北区,60.6,2,4.9,4,10,3.4,아파트,남서,1,1,0,0,2021,6,5160,85.14851485148515,30.3,0.4,도보권,신축,3
arakawa,荒川区,53.8,2,18.2,1,16,5.2,맨션,북동,0,1,1,0,2021,8,3570,66.35687732342008,26.9,0.0625,도보권,중고,3
itabashi,板橋区,43.1,2,5.1,14,14,4.1,맨션,동,0,1,0,0,2020,12,3760,87.23897911832947,21.55,1.0,도보권,준신축,1
nerima,練馬区,55.1,2,13.6,13,19,1.0,아파트,남동,0,1,0,0,2023,8,4900,88.92921960072594,27.55,0.6842105263157895,역세권,준신축,1
shibuya,渋谷区,37.9,2,41.8,5,16,25.2,맨션,남,0,1,1,0,2024,6,3710,97.8891820580475,18.95,0.3125,원거리,노후,3
shibuya,渋谷区,63.0,3,8.8,2,10,3.9,맨션,북서,0,1,1,0,2020,12,11610,184.28571428571428,21.0,0.2,도보권,준신축,3
itabashi,板橋区,39.3,2,4.6,10,13,15.4,맨션,남서,1,0,0,0,2021,2,2550,64.88549618320612,19.65,0.7692307692307693,원거리,신축,2
ota,大田区,47.7,2,11.3,7,17,1.3,빌라,남,1,1,1,0,2022,3,3910,81.9706498951782,23.85,0.4117647058823529,역세권,준신축,5
koto,江東区,100.5,4,9.2,5,6,17.5,아파트,남동,0,0,1,0,2023,2,7810,77.71144278606965,25.125,0.8333333333333334,원거리,준신축,2
chiyoda,千代田区,52.8,2,11.4,14,14,4.3,빌라,남동,1,0,0,0,2022,12,10860,205.6818181818182,26.4,1.0,도보권,준신축,2
minato,港区,58.0,3,17.1,10,13,1.7,타워맨션,남,0,1,1,0,2021,11,21620,372.7586206896552,19.333333333333332,0.7692307692307693,역세권,중고,3
shibuya,渋谷区,65.3,3,12.3,6,18,1.0,아파트,동,0,1,1,1,2022,4,15250,233.53751914241963,21.766666666666666,0.3333333333333333,역세권,준신축,4
minato,港区,53.1,2,41.3,12,12,20.4,아파트,남서,0,1,1,0,2024,6,7010,132.015065913371,26.55,1.0,원거리,노후,3
minato,港区,104.6,4,39.3,9,18,10.1,맨션,남동,1,1,1,1,2023,11,19780,189.1013384321224,26.15,0.5,버스권,노후,6
chuo,中央区,20.0,1,10.9,12,19,2.6,맨션,동,0,0,0,0,2022,12,4520,226.0,20.0,0.631578947368421,역세권,준신축,0
minato,港区,73.9,3,39.2,12,13,5.0,맨션,서,0,0,0,0,2021,7,10640,143.978349120433,24.633333333333336,0.9230769230769231,도보권,노후,0
nakano,中野区,78.6,4,13.5,8,14,17.1,아파트,동,0,1,1,0,2021,1,6370,81.04325699745547,19.65,0.5714285714285714,원거리,준신축,3
chuo,中央区,81.3,4,17.8,8,16,1.5,타워맨션,남서,0,1,0,0,2020,12,20660,254.12054120541205,20.325,0.5,역세권,중고,1
edogawa,江戸川区,36.3,1,4.5,14,18,18.8,아파트,북서,0,0,0,0,2022,12,2030,55.92286501377411,36.3,0.7777777777777778,원거리,신축,0
arakawa,荒川区,61.1,3,13.4,11,15,1.0,아파트,북서,0,1,1,0,2024,3,4470,73.15875613747954,20.366666666666667,0.7333333333333333,역세권,준신축,3
shibuya,渋谷区,47.4,1,7.2,8,10,1.0,타워맨션,동,0,1,1,0,2023,12,14040,296.20253164556965,47.4,0.8,역세권,준신축,3
minato,港区,79.1,3,11.4,8,17,1.1,빌라,남동,0,0,0,0,2024,10,20000,252.84450063211128,26.366666666666664,0.47058823529411764,역세권,준신축,0
shibuya,渋谷区,95.4,5,31.2,4,14,5.1,아파트,남동,1,0,0,0,2023,3,13310,139.51781970649895,19.080000000000002,0.2857142857142857,도보권,노후,2
minato,港区,67.3,3,6.7,9,15,9.0,아파트,북동,1,1,0,0,2023,10,14810,220.0594353640416,22.433333333333334,0.6,버스권,준신축,3
meguro,目黒区,70.9,4,10.8,1,9,2.7,타워맨션,북동,0,0,1,1,2025,9,14850,209.44992947813822,17.725,0.1111111111111111,역세권,준신축,3
chuo,中央区,38.7,2,3.0,3,6,1.0,빌라,북서,1,0,0,0,2023,8,7960,205.6847545219638,19.35,0.5,역세권,신축,2
koto,江東区,91.2,4,41.0,10,15,10.5,아파트,북,0,0,1,1,2024,9,5130,56.25,22.8,0.6666666666666666,버스권,노후,3
suginami,杉並区,31.3,1,1.7,7,7,10.1,맨션,북서,1,1,0,1,2023,10,4590,146.64536741214056,31.3,1.0,버스권,신축,4
sumida,墨田区,42.6,2,21.9,4,19,1.0,타워맨션,동,1,1,0,1,2020,12,4270,100.23474178403755,21.3,0.21052631578947367,역세권,중고,4
itabashi,板橋区,48.3,2,2.6,3,12,1.0,아파트,북,0,1,0,0,2022,4,3370,69.77225672877847,24.15,0.25,역세권,신축,1
taito,台東区,48.0,2,9.2,8,11,4.4,아파트,서,1,0,0,0,2024,5,4650,96.875,24.0,0.7272727272727273,도보권,준신축,2
chiyoda,千代田区,37.6,1,29.2,7,16,9.6,맨션,남,1,1,1,0,2022,1,6620,176.06382978723403,37.6,0.4375,버스권,중고,5
meguro,目黒区,93.8,3,18.5,12,18,4.4,아파트,남,0,1,1,0,2025,10,16140,172.0682302771855,31.266666666666666,0.6666666666666666,도보권,중고,3
meguro,目黒区,57.9,3,60.0,5,17,4.5,아파트,남,1,0,1,0,2021,9,4360,75.30224525043178,19.3,0.29411764705882354,도보권,노후,4
shinagawa,品川区,55.0,2,19.0,14,17,1.0,아파트,남,0,0,0,0,2021,1,7530,136.9090909090909,27.5,0.8235294117647058,역세권,중고,0
arakawa,荒川区,44.9,1,33.8,10,17,12.2,맨션,남,0,0,0,0,2023,11,2670,59.465478841870826,44.9,0.5882352941176471,버스권,노후,0
meguro,目黒区,66.6,3,5.2,12,14,4.5,맨션,남,1,1,0,0,2022,4,13990,210.06006006006007,22.2,0.8571428571428571,도보권,준신축,3
meguro,目黒区,83.8,5,7.4,1,8,1.9,아파트,북서,1,1,0,0,2021,8,14390,171.7183770883055,16.759999999999998,0.125,역세권,준신축,3
minato,港区,57.1,3,5.9,11,12,6.8,아파트,서,0,1,0,0,2023,11,13580,237.82837127845883,19.033333333333335,0.9166666666666666,도보권,준신축,1
arakawa,荒川区,62.4,3,26.4,13,18,1.1,아파트,북동,1,1,0,0,2023,9,4100,65.7051282051282,20.8,0.7222222222222222,역세권,중고,3
shinagawa,品川区,55.4,2,13.9,12,19,1.7,맨션,남,0,1,1,0,2021,11,8920,161.01083032490976,27.7,0.631578947368421,역세권,준신축,3
setagaya,世田谷区,99.5,4,12.1,6,10,1.0,아파트,북동,0,0,0,0,2025,10,10290,103.41708542713567,24.875,0.6,역세권,준신축,0
minato,港区,75.5,2,60.0,3,9,6.1,아파트,서,0,0,1,0,2023,3,9070,120.13245033112582,37.75,0.3333333333333333,도보권,노후,2
nerima,練馬区,98.3,4,9.3,12,12,3.4,아파트,동,1,0,1,0,2025,2,8570,87.18209562563581,24.575,1.0,도보권,준신축,4
shinagawa,品川区,38.4,2,13.4,12,16,1.1,맨션,남,0,1,0,1,2025,4,8160,212.5,19.2,0.75,역세권,준신축,2
shinjuku,新宿区,38.9,1,19.3,6,10,10.3,맨션,남서,0,1,1,0,2021,10,4620,118.76606683804627,38.9,0.6,버스권,중고,3
nakano,中野区,81.6,4,0.7,9,14,18.2,맨션,동,0,1,1,1,2025,6,10130,124.14215686274511,20.4,0.6428571428571429,원거리,신축,4
meguro,目黒区,109.5,5,15.1,8,9,23.1,아파트,남,0,1,1,0,2023,8,13730,125.38812785388127,21.9,0.8888888888888888,원거리,중고,3
bunkyo,文京区,57.6,2,0.9,1,11,17.2,빌라,서,0,1,1,0,2023,1,5570,96.70138888888889,28.8,0.09090909090909091,원거리,신축,3
chiyoda,千代田区,56.8,3,9.1,13,18,3.8,아파트,남서,0,1,0,0,2022,7,12110,213.2042253521127,18.933333333333334,0.7222222222222222,도보권,준신축,1
bunkyo,文京区,20.0,1,6.9,4,14,3.2,아파트,남,0,0,0,0,2022,8,2610,130.5,20.0,0.2857142857142857,도보권,준신축,0
shinjuku,新宿区,70.0,3,8.5,10,16,3.5,타워맨션,남동,1,1,1,1,2023,5,14450,206.42857142857142,23.333333333333332,0.625,도보권,준신축,6
setagaya,世田谷区,70.2,3,7.4,12,13,1.8,맨션,북동,0,0,0,0,2024,6,10590,150.85470085470084,23.400000000000002,0.9230769230769231,역세권,준신축,0
itabashi,板橋区,62.0,3,42.6,14,17,1.0,타워맨션,북서,1,1,1,0,2024,12,3910,63.064516129032256,20.666666666666668,0.8235294117647058,역세권,노후,5
shibuya,渋谷区,50.4,2,4.6,10,12,2.3,빌라,남서,0,1,1,0,2024,8,9550,189.484126984127,25.2,0.8333333333333334,역세권,신축,3
itabashi,板橋区,66.8,2,2.0,4,11,2.1,맨션,동,1,1,1,0,2023,4,6340,94.91017964071857,33.4,0.36363636363636365,역세권,신축,5
setagaya,世田谷区,20.0,1,26.7,10,13,21.4,아파트,남동,1,1,0,0,2023,3,1850,92.5,20.0,0.7692307692307693,원거리,중고,3
itabashi,板橋区,57.3,1,0.0,2,6,1.5,맨션,남동,1,1,0,0,2023,3,5730,100.0,57.3,0.3333333333333333,역세권,,3
koto,江東区,31.4,2,16.4,11,13,10.0,아파트,북동,0,0,0,0,2024,1,2720,86.62420382165605,15.7,0.8461538461538461,버스권,중고,0
shinjuku,新宿区,66.7,4,21.4,10,17,1.0,타워맨션,남동,0,0,0,1,2023,2,12850,192.6536731634183,16.675,0.5882352941176471,역세권,중고,1
minato,港区,20.0,1,26.8,3,11,2.2,맨션,남동,1,0,1,0,2024,8,4890,244.5,20.0,0.2727272727272727,역세권,중고,4
setagaya,世田谷区,35.5,2,20.6,1,8,8.2,아파트,남,0,1,1,1,2022,8,3580,100.84507042253522,17.75,0.125,버스권,중고,4
meguro,目黒区,61.9,2,0.1,11,17,2.3,타워맨션,동,0,0,1,1,2021,8,15340,247.81906300484653,30.95,0.6470588235294118,역세권,신축,3
shinagawa,品川区,28.1,1,17.6,3,11,5.6,맨션,서,0,1,0,0,2022,3,3740,133.09608540925265,28.1,0.2727272727272727,도보권,중고,1
arakawa,荒川区,70.8,3,60.0,2,18,2.0,아파트,남,0,0,0,1,2024,2,3050,43.079096045197744,23.599999999999998,0.1111111111111111,역세권,노후,1
shinjuku,新宿区,48.5,2,6.1,11,19,11.7,맨션,남,0,0,0,0,2024,3,7860,162.06185567010309,24.25,0.5789473684210527,버스권,준신축,0
shibuya,渋谷区,46.4,2,14.2,1,19,11.1,아파트,북서,0,0,1,0,2025,7,6590,142.02586206896552,23.2,0.05263157894736842,버스권,준신축,2
shibuya,渋谷区,77.7,3,22.8,6,8,9.6,아파트,남동,0,0,1,0,2021,10,10280,132.3037323037323,25.900000000000002,0.75,버스권,중고,2
taito,台東区,129.7,6,4.3,3,6,17.9,타워맨션,남동,0,1,1,1,2023,6,18030,139.01310717039323,21.616666666666664,0.5,원거리,신축,4
shinjuku,新宿区,48.0,2,1.5,4,12,9.6,빌라,남,0,1,0,0,2020,12,5750,119.79166666666667,24.0,0.3333333333333333,버스권,신축,1
ota,大田区,38.1,1,5.8,13,19,4.2,빌라,동,0,0,1,0,2024,8,3110,81.62729658792651,38.1,0.6842105263157895,도보권,준신축,2
edogawa,江戸川区,69.3,3,1.9,13,13,1.0,빌라,동,0,1,1,0,2021,6,4480,64.64646464646465,23.099999999999998,1.0,역세권,신축,3
koto,江東区,56.5,3,12.6,3,17,1.0,아파트,서,0,1,1,0,2022,2,5080,89.91150442477876,18.833333333333332,0.17647058823529413,역세권,준신축,3
itabashi,板橋区,52.8,2,2.6,3,7,20.7,맨션,동,1,1,0,0,2023,10,4230,80.11363636363637,26.4,0.42857142857142855,원거리,신축,3
chiyoda,千代田区,59.5,2,10.7,8,17,1.0,아파트,북,1,1,1,0,2022,1,13100,220.16806722689077,29.75,0.47058823529411764,역세권,준신축,5
sumida,墨田区,121.7,6,19.5,4,13,6.2,빌라,남서,0,1,1,0,2024,8,9260,76.08874281018899,20.283333333333335,0.3076923076923077,도보권,중고,3
bunkyo,文京区,70.1,2,20.3,8,8,2.5,타워맨션,남,0,1,1,0,2023,11,10730,153.0670470756063,35.05,1.0,역세권,중고,3
chiyoda,千代田区,81.7,4,4.6,12,19,11.9,아파트,북동,1,1,1,0,2024,4,14650,179.31456548347612,20.425,0.631578947368421,버스권,신축,5
minato,港区,45.4,2,3.7,6,15,1.0,아파트,동,1,1,1,0,2022,12,14900,328.19383259911893,22.7,0.4,역세권,신축,5
chiyoda,千代田区,45.3,2,4.4,11,14,1.0,빌라,북동,0,0,0,0,2025,3,10900,240.61810154525386,22.65,0.7857142857142857,역세권,신축,0
toshima,豊島区,44.9,2,9.3,14,18,23.7,아파트,서,0,1,1,1,2023,11,4870,108.46325167037863,22.45,0.7777777777777778,원거리,준신축,4
kita,北区,65.8,2,18.5,12,16,23.8,맨션,동,0,1,0,1,2025,7,4830,73.40425531914894,32.9,0.75,원거리,중고,2
shibuya,渋谷区,63.8,2,10.2,4,11,1.0,맨션,북,0,1,0,0,2024,2,14760,231.34796238244516,31.9,0.36363636363636365,역세권,준신축,1
setagaya,世田谷区,78.9,3,34.9,13,15,5.5,타워맨션,남,1,0,1,0,2023,7,10800,136.88212927756652,26.3,0.8666666666666667,도보권,노후,4
adachi,足立区,78.1,3,35.4,10,17,1.9,타워맨션,남동,0,1,0,0,2023,10,4290,54.929577464788736,26.03333333333333,0.5882352941176471,역세권,노후,1
chuo,中央区,144.8,6,16.0,3,7,23.4,맨션,동,1,1,1,0,2024,5,26010,179.6270718232044,24.133333333333336,0.42857142857142855,원거리,중고,5
taito,台東区,63.0,3,27.0,10,17,1.8,아파트,동,1,0,1,1,2022,8,5530,87.77777777777777,21.0,0.5882352941176471,역세권,중고,5
arakawa,荒川区,86.2,4,22.4,4,18,26.0,타워맨션,남,1,1,1,0,2021,2,6240,72.38979118329466,21.55,0.2222222222222222,원거리,중고,5
katsushika,葛飾区,76.1,4,33.9,3,13,3.0,아파트,서,0,1,1,0,2024,1,3120,40.99868593955322,19.025,0.23076923076923078,역세권,노후,3
nerima,練馬区,72.4,2,44.6,10,12,12.4,아파트,동,1,1,1,0,2021,7,3500,48.34254143646408,36.2,0.8333333333333334,버스권,노후,5
meguro,目黒区,58.7,2,30.5,5,11,4.4,맨션,남,1,1,1,0,2025,11,8100,137.98977853492335,29.35,0.45454545454545453,도보권,노후,5
itabashi,板橋区,47.5,2,30.3,2,6,19.0,아파트,남,1,1,0,0,2022,8,1840,38.73684210526316,23.75,0.3333333333333333,원거리,노후,3
kita,北区,67.8,3,11.9,13,16,3.4,아파트,동,0,1,0,1,2021,8,4960,73.15634218289085,22.599999999999998,0.8125,도보권,준신축,2
koto,江東区,22.8,1,16.1,5,16,3.0,맨션,남,0,0,0,0,2021,8,2270,99.56140350877193,22.8,0.3125,역세권,중고,0
koto,江東区,52.9,2,26.5,9,17,2.4,아파트,서,1,1,0,0,2023,7,4520,85.44423440453687,26.45,0.5294117647058824,역세권,중고,3
chiyoda,千代田区,55.3,2,22.0,5,8,1.0,맨션,서,0,1,0,0,2024,3,10990,198.73417721518987,27.65,0.625,역세권,중고,1
shibuya,渋谷区,67.7,2,15.2,2,18,1.0,아파트,남,0,0,1,0,2022,3,11460,169.27621861152141,33.85,0.1111111111111111,역세권,중고,2
arakawa,荒川区,103.9,4,21.2,1,14,18.1,아파트,동,0,1,1,0,2021,9,5100,49.08565928777671,25.975,0.07142857142857142,원거리,중고,3
koto,江東区,20.0,1,15.0,1,3,10.3,아파트,남,0,1,1,0,2022,3,1940,97.0,20.0,0.3333333333333333,버스권,준신축,3
chiyoda,千代田区,54.5,1,8.7,5,19,1.5,맨션,남동,0,0,1,0,2020,12,13500,247.70642201834863,54.5,0.2631578947368421,역세권,준신축,2
chuo,中央区,22.2,1,0.3,14,17,4.3,아파트,북서,0,1,1,0,2021,12,5060,227.92792792792793,22.2,0.8235294117647058,도보권,신축,3
shibuya,渋谷区,79.9,3,26.6,4,18,7.6,타워맨션,남,0,1,0,1,2025,6,15950,199.62453066332915,26.633333333333336,0.2222222222222222,버스권,중고,2
kita,北区,44.1,1,7.8,5,16,2.7,아파트,남서,0,0,0,1,2024,9,3480,78.91156462585033,44.1,0.3125,역세권,준신축,1
kita,北区,66.0,3,27.0,9,11,8.2,빌라,남동,0,1,0,0,2022,2,3390,51.36363636363637,22.0,0.8181818181818182,버스권,중고,1
bunkyo,文京区,67.4,3,9.7,1,17,1.0,아파트,남,0,1,1,1,2021,12,7960,118.10089020771512,22.46666666666667,0.058823529411764705,역세권,준신축,4
shinjuku,新宿区,34.4,2,20.6,6,7,8.0,맨션,남서,0,1,1,0,2025,3,5050,146.80232558139537,17.2,0.8571428571428571,버스권,중고,3
koto,江東区,74.7,3,8.4,5,7,4.4,아파트,남서,0,1,0,0,2022,8,7010,93.84203480589022,24.900000000000002,0.7142857142857143,도보권,준신축,1
shibuya,渋谷区,25.0,1,9.5,2,13,2.2,빌라,남동,0,0,0,0,2024,8,4240,169.6,25.0,0.15384615384615385,역세권,준신축,0
chiyoda,千代田区,56.2,2,7.3,4,7,2.2,아파트,남,1,1,1,0,2024,4,16330,290.56939501779357,28.1,0.5714285714285714,역세권,준신축,5
suginami,杉並区,65.7,3,2.5,11,11,10.2,맨션,남동,0,0,1,0,2022,10,9260,140.94368340943683,21.900000000000002,1.0,버스권,신축,2
koto,江東区,87.4,4,12.5,13,13,1.0,맨션,남동,0,1,0,0,2023,8,9130,104.46224256292905,21.85,1.0,역세권,준신축,1
bunkyo,文京区,45.4,3,34.7,6,19,18.3,타워맨션,남,1,1,0,0,2025,1,5280,116.29955947136564,15.133333333333333,0.3157894736842105,원거리,노후,3
minato,港区,93.7,3,3.1,8,10,3.4,맨션,동,1,0,1,0,2021,2,30930,330.09605122732125,31.233333333333334,0.8,도보권,신축,4
arakawa,荒川区,79.3,3,2.7,13,18,6.6,아파트,남,1,1,0,0,2023,5,7190,90.66834804539722,26.433333333333334,0.7222222222222222,도보권,신축,3
suginami,杉並区,102.2,4,15.8,3,6,25.0,타워맨션,동,0,1,1,0,2025,3,10720,104.89236790606654,25.55,0.5,원거리,중고,3
chiyoda,千代田区,54.4,2,0.4,7,19,5.1,아파트,남동,0,1,0,0,2022,9,12960,238.23529411764707,27.2,0.3684210526315789,도보권,신축,1
suginami,杉並区,50.1,2,22.2,5,18,8.3,아파트,북동,0,0,1,0,2022,2,3810,76.04790419161677,25.05,0.2777777777777778,버스권,중고,2
meguro,目黒区,45.8,2,1.8,10,12,7.9,아파트,남서,0,1,0,1,2023,2,8570,187.117903930131,22.9,0.8333333333333334,버스권,신축,2
shibuya,渋谷区,50.1,2,16.9,5,7,1.9,맨션,북,0,1,1,0,2022,1,10640,212.375249500998,25.05,0.7142857142857143,역세권,중고,3
chiyoda,千代田区,31.5,1,17.4,4,15,11.4,아파트,서,0,1,0,0,2024,12,4900,155.55555555555554,31.5,0.26666666666666666,버스권,중고,1
nerima,練馬区,82.5,3,8.7,4,7,8.7,맨션,서,1,1,0,0,2023,10,6200,75.15151515151516,27.5,0.5714285714285714,버스권,준신축,3
suginami,杉並区,48.8,2,4.2,10,15,2.7,아파트,남서,0,0,0,0,2021,7,4740,97.13114754098362,24.4,0.6666666666666666,역세권,신축,0
suginami,杉並区,69.8,3,23.8,10,13,14.8,아파트,남서,0,1,1,1,2022,8,6850,98.13753581661892,23.266666666666666,0.7692307692307693,버스권,중고,4
shinjuku,新宿区,38.1,2,14.7,11,17,1.5,아파트,북,1,1,1,1,2023,1,6700,175.85301837270342,19.05,0.6470588235294118,역세권,준신축,6
suginami,杉並区,25.8,1,17.7,10,12,11.6,맨션,남서,0,1,0,0,2025,2,2750,106.5891472868217,25.8,0.8333333333333334,버스권,중고,1
bunkyo,文京区,95.0,5,13.1,5,18,4.1,아파트,남동,1,1,1,0,2023,7,14260,150.10526315789474,19.0,0.2777777777777778,도보권,준신축,5
sumida,墨田区,65.9,3,18.8,10,11,2.7,아파트,북동,0,1,0,1,2022,12,5740,87.10166919575113,21.96666666666667,0.9090909090909091,역세권,중고,2
chiyoda,千代田区,85.1,4,3.2,14,16,1.4,맨션,남,0,0,1,0,2022,9,25430,298.82491186839013,21.275,0.875,역세권,신축,2
edogawa,江戸川区,68.1,2,4.2,12,14,4.1,아파트,동,0,1,0,0,2024,9,4800,70.48458149779736,34.05,0.8571428571428571,도보권,신축,1
sumida,墨田区,102.0,5,1.1,1,10,5.5,맨션,북,0,1,1,0,2021,12,9690,95.0,20.4,0.1,도보권,신축,3
shinagawa,品川区,71.0,4,18.8,5,5,3.9,아파트,남서,1,0,0,1,2021,11,9630,135.6338028169014,17.75,1.0,도보권,중고,3
taito,台東区,41.7,2,4.4,7,9,4.6,타워맨션,북동,0,0,0,0,2023,4,7170,171.94244604316546,20.85,0.7777777777777778,도보권,신축,0
suginami,杉並区,81.5,4,4.8,13,15,1.4,타워맨션,남서,1,1,1,0,2021,1,13190,161.840490797546,20.375,0.8666666666666667,역세권,신축,5
chiyoda,千代田区,39.7,1,21.0,11,13,5.9,맨션,북서,1,0,1,0,2025,1,9680,243.82871536523928,39.7,0.8461538461538461,도보권,중고,4
katsushika,葛飾区,59.7,3,1.8,5,7,13.4,맨션,남동,0,0,0,0,2022,6,4340,72.69681742043551,19.900000000000002,0.7142857142857143,버스권,신축,0
chuo,中央区,67.7,3,41.8,8,13,3.7,아파트,남서,0,0,1,1,2025,7,8430,124.51994091580502,22.566666666666666,0.6153846153846154,도보권,노후,3
chuo,中央区,98.1,4,12.9,5,8,1.0,빌라,남서,0,1,0,0,2025,7,17960,183.0784913353721,24.525,0.625,역세권,준신축,1
shinjuku,新宿区,82.2,3,6.6,13,16,3.0,빌라,북서,0,1,0,0,2025,2,10410,126.64233576642336,27.400000000000002,0.8125,역세권,준신축,1
setagaya,世田谷区,76.3,4,3.0,4,12,4.1,아파트,서,0,0,1,0,2022,4,9420,123.46002621231979,19.075,0.3333333333333333,도보권,신축,2
taito,台東区,65.8,2,6.6,4,9,10.3,맨션,북서,1,0,1,0,2023,9,8380,127.35562310030396,32.9,0.4444444444444444,버스권,준신축,4
chiyoda,千代田区,39.7,1,16.2,1,6,12.1,타워맨션,남서,0,1,1,1,2021,12,8770,220.90680100755665,39.7,0.16666666666666666,버스권,중고,4
itabashi,板橋区,77.3,4,19.8,7,17,1.1,타워맨션,서,0,1,1,0,2021,12,6690,86.54592496765848,19.325,0.4117647058823529,역세권,중고,3
taito,台東区,50.9,2,1.0,14,19,4.7,아파트,남서,0,0,1,0,2024,4,6110,120.03929273084479,25.45,0.7368421052631579,도보권,신축,2
katsushika,葛飾区,85.8,4,1.3,11,18,14.3,맨션,남동,0,1,0,0,2022,11,5460,63.63636363636364,21.45,0.6111111111111112,버스권,신축,1
shinagawa,品川区,45.1,2,3.6,1,14,1.4,맨션,남,0,1,1,0,2025,11,9130,202.4390243902439,22.55,0.07142857142857142,역세권,신축,3
koto,江東区,63.2,3,8.6,5,17,2.9,타워맨션,동,1,1,1,1,2022,7,10060,159.1772151898734,21.066666666666666,0.29411764705882354,역세권,준신축,6
chuo,中央区,33.1,2,16.1,9,10,24.9,아파트,남동,0,1,1,0,2022,10,4920,148.6404833836858,16.55,0.9,원거리,중고,3
suginami,杉並区,92.8,4,21.5,5,5,22.4,맨션,남,1,1,1,0,2025,9,9840,106.0344827586207,23.2,1.0,원거리,중고,5
taito,台東区,43.4,2,0.3,14,16,5.9,아파트,서,0,1,1,0,2022,7,5370,123.73271889400922,21.7,0.875,도보권,신축,3
shibuya,渋谷区,78.3,4,0.9,3,11,3.8,타워맨션,동,0,1,0,0,2022,4,20290,259.1315453384419,19.575,0.2727272727272727,도보권,신축,1
shinagawa,品川区,89.1,3,1.2,4,13,1.4,아파트,남,0,0,1,0,2023,11,16180,181.59371492704827,29.7,0.3076923076923077,역세권,신축,2
taito,台東区,107.2,5,27.5,7,13,13.1,맨션,남,0,0,0,0,2024,6,8560,79.85074626865672,21.44,0.5384615384615384,버스권,중고,0
shinagawa,品川区,20.0,1,28.6,9,15,4.7,아파트,남,1,1,0,1,2025,3,2890,144.5,20.0,0.6,도보권,중고,4
minato,港区,66.9,2,12.2,8,8,25.6,맨션,남서,0,1,1,0,2023,4,11400,170.40358744394618,33.45,1.0,원거리,준신축,3
minato,港区,72.9,5,3.6,9,13,5.7,아파트,남,0,1,0,0,2025,7,22670,310.9739368998628,14.580000000000002,0.6923076923076923,도보권,신축,1
chuo,中央区,20.0,1,10.1,1,16,18.0,아파트,동,0,1,1,0,2024,7,3110,155.5,20.0,0.0625,원거리,준신축,3
nerima,練馬区,120.5,6,6.9,2,4,5.8,맨션,서,0,0,1,0,2023,9,10750,89.2116182572614,20.083333333333332,0.5,도보권,준신축,2
toshima,豊島区,56.6,3,17.8,13,13,3.2,아파트,서,0,1,0,0,2024,9,6220,109.89399293286219,18.866666666666667,1.0,도보권,중고,1
meguro,目黒区,50.4,2,1.1,11,15,12.5,맨션,북동,0,1,0,0,2023,9,8910,176.78571428571428,25.2,0.7333333333333333,버스권,신축,1
shibuya,渋谷区,50.1,2,19.3,3,3,11.4,아파트,북동,0,0,1,1,2024,12,6250,124.750499001996,25.05,1.0,버스권,중고,3
taito,台東区,33.0,1,5.5,8,15,1.0,아파트,남서,0,1,1,1,2022,8,4300,130.3030303030303,33.0,0.5333333333333333,역세권,준신축,4
katsushika,葛飾区,38.6,2,33.2,2,14,4.6,타워맨션,동,0,0,1,0,2024,9,1820,47.15025906735751,19.3,0.14285714285714285,도보권,노후,2
chuo,中央区,85.0,3,1.1,3,13,13.1,빌라,서,1,1,0,1,2022,9,14850,174.7058823529412,28.333333333333332,0.23076923076923078,버스권,신축,4
nakano,中野区,45.1,2,29.7,10,12,1.0,타워맨션,남동,0,1,0,0,2021,3,5360,118.8470066518847,22.55,0.8333333333333334,역세권,중고,1
chuo,中央区,75.8,3,13.5,14,17,7.0,아파트,동,1,1,0,0,2023,10,13920,183.6411609498681,25.266666666666666,0.8235294117647058,도보권,준신축,3
meguro,目黒区,72.6,2,60.0,2,12,5.7,아파트,남동,0,0,0,0,2023,4,6880,94.76584022038568,36.3,0.16666666666666666,도보권,노후,0
ota,大田区,37.9,2,4.7,4,17,4.9,타워맨션,남서,1,1,1,0,2024,5,5030,132.71767810026387,18.95,0.23529411764705882,도보권,신축,5
chuo,中央区,70.6,2,55.1,14,17,4.4,맨션,남,1,1,0,0,2022,4,10050,142.35127478753543,35.3,0.8235294117647058,도보권,노후,3
meguro,目黒区,63.2,3,14.8,11,14,6.9,아파트,남,0,0,1,0,2025,9,11240,177.84810126582278,21.066666666666666,0.7857142857142857,도보권,준신축,2
shinagawa,品川区,41.9,1,8.7,1,11,21.6,타워맨션,남,0,1,1,0,2023,6,5660,135.0835322195704,41.9,0.09090909090909091,원거리,준신축,3
meguro,目黒区,80.1,4,7.5,9,17,1.7,빌라,북서,0,1,1,0,2023,5,12970,161.92259675405745,20.025,0.5294117647058824,역세권,준신축,3
setagaya,世田谷区,28.7,2,60.0,12,17,13.2,맨션,남서,0,0,0,1,2022,10,2340,81.53310104529616,14.35,0.7058823529411765,버스권,노후,1
itabashi,板橋区,56.2,2,6.0,8,11,7.5,타워맨션,동,1,0,1,1,2021,9,6360,113.16725978647686,28.1,0.7272727272727273,버스권,준신축,5
kita,北区,41.2,1,12.4,2,3,11.9,아파트,남동,1,1,0,0,2024,12,3060,74.27184466019418,41.2,0.6666666666666666,버스권,준신축,3
nakano,中野区,84.6,5,18.2,4,14,12.0,아파트,동,0,1,0,0,2023,7,7020,82.97872340425532,16.919999999999998,0.2857142857142857,버스권,중고,1
toshima,豊島区,33.7,1,18.4,7,11,15.7,빌라,남,0,0,1,0,2022,8,2390,70.91988130563797,33.7,0.6363636363636364,원거리,중고,2
koto,江東区,73.6,3,9.1,5,8,19.7,아파트,남동,0,1,0,0,2021,5,5300,72.01086956521739,24.53333333333333,0.625,원거리,준신축,1
kita,北区,68.8,2,10.3,8,14,1.0,맨션,동,0,1,1,0,2023,10,5650,82.12209302325581,34.4,0.5714285714285714,역세권,준신축,3
taito,台東区,87.5,5,10.9,3,18,10.8,빌라,남,1,1,0,0,2021,9,7740,88.45714285714286,17.5,0.16666666666666666,버스권,준신축,3
itabashi,板橋区,20.0,1,16.8,3,9,1.0,빌라,동,0,0,1,0,2025,1,1310,65.5,20.0,0.3333333333333333,역세권,중고,2
bunkyo,文京区,20.0,1,0.1,13,16,2.3,맨션,남,0,1,1,0,2023,7,3650,182.5,20.0,0.8125,역세권,신축,3
bunkyo,文京区,61.4,2,4.7,13,15,6.8,맨션,서,0,0,1,0,2023,2,9940,161.88925081433226,30.7,0.8666666666666667,도보권,신축,2
setagaya,世田谷区,49.6,1,41.8,5,8,1.0,아파트,동,0,1,0,0,2023,9,3240,65.3225806451613,49.6,0.625,역세권,노후,1
minato,港区,43.0,1,5.4,9,12,2.2,아파트,남동,0,1,0,0,2021,1,11680,271.6279069767442,43.0,0.75,역세권,준신축,1
itabashi,板橋区,79.9,3,4.6,6,7,9.3,아파트,남서,0,0,1,0,2021,2,5060,63.32916145181476,26.633333333333336,0.8571428571428571,버스권,신축,2
shinjuku,新宿区,69.4,4,23.2,14,14,2.4,맨션,남,1,1,0,0,2023,12,12130,174.78386167146974,17.35,1.0,역세권,중고,3
arakawa,荒川区,103.2,5,3.4,6,7,30.0,아파트,서,0,1,1,0,2023,5,6920,67.05426356589147,20.64,0.8571428571428571,원거리,신축,3
bunkyo,文京区,77.8,2,5.0,9,17,4.3,맨션,남서,0,1,0,0,2024,10,11330,145.6298200514139,38.9,0.5294117647058824,도보권,신축,1
ota,大田区,36.4,2,13.9,2,4,24.7,빌라,남동,0,1,0,0,2023,2,2060,56.5934065934066,18.2,0.5,원거리,준신축,1
minato,港区,41.1,1,2.5,13,15,9.6,빌라,남동,0,1,0,0,2025,9,8190,199.27007299270073,41.1,0.8666666666666667,버스권,신축,1
sumida,墨田区,106.4,5,5.8,13,14,2.7,맨션,북동,1,1,1,0,2023,8,15500,145.6766917293233,21.28,0.9285714285714286,역세권,준신축,5
katsushika,葛飾区,70.5,3,28.3,2,15,2.8,맨션,북,0,1,0,1,2021,7,2530,35.88652482269504,23.5,0.13333333333333333,역세권,중고,2
arakawa,荒川区,116.1,5,31.7,2,12,6.7,빌라,남서,0,1,1,0,2021,3,5110,44.01378122308355,23.22,0.16666666666666666,도보권,노후,3
ota,大田区,78.8,3,1.2,14,19,1.0,아파트,남,0,1,1,0,2021,10,8550,108.502538071066,26.266666666666666,0.7368421052631579,역세권,신축,3
meguro,目黒区,24.1,1,12.3,14,18,13.9,아파트,남,0,1,1,0,2023,8,4290,178.0082987551867,24.1,0.7777777777777778,버스권,준신축,3
nerima,練馬区,53.5,3,14.1,8,14,14.2,맨션,서,0,1,1,1,2021,11,4170,77.94392523364486,17.833333333333332,0.5714285714285714,버스권,준신축,4
chiyoda,千代田区,67.8,3,20.1,10,19,10.9,빌라,남동,1,1,0,0,2022,8,10090,148.82005899705015,22.599999999999998,0.5263157894736842,버스권,중고,3
taito,台東区,92.1,5,28.3,9,11,23.7,아파트,남,1,1,1,0,2021,4,6270,68.07817589576548,18.419999999999998,0.8181818181818182,원거리,중고,5
shinagawa,品川区,43.7,2,4.3,1,2,1.8,아파트,남,0,1,1,1,2024,4,8200,187.64302059496566,21.85,0.5,역세권,신축,4
chuo,中央区,81.5,4,29.7,9,14,8.9,아파트,남서,1,1,0,0,2022,11,11850,145.39877300613497,20.375,0.6428571428571429,버스권,중고,3
taito,台東区,63.7,3,6.4,9,13,6.1,타워맨션,남동,1,0,0,0,2023,1,10430,163.73626373626374,21.233333333333334,0.6923076923076923,도보권,준신축,2
chiyoda,千代田区,53.7,3,31.9,13,13,11.5,타워맨션,북서,0,1,1,0,2024,6,10250,190.87523277467412,17.900000000000002,1.0,버스권,노후,3
edogawa,江戸川区,20.0,1,26.9,7,13,6.6,아파트,남,0,0,0,0,2025,8,990,49.5,20.0,0.5384615384615384,도보권,중고,0
ota,大田区,62.7,2,13.0,2,9,1.0,아파트,동,0,0,1,0,2024,10,4870,77.67145135566187,31.35,0.2222222222222222,역세권,준신축,2
shinjuku,新宿区,84.1,3,9.9,1,13,3.9,아파트,남,0,0,1,0,2022,5,12170,144.70868014268729,28.03333333333333,0.07692307692307693,도보권,준신축,2
setagaya,世田谷区,97.0,4,10.6,1,9,5.0,빌라,북동,1,1,0,0,2025,1,11230,115.77319587628865,24.25,0.1111111111111111,도보권,준신축,3
toshima,豊島区,40.0,1,4.9,1,15,11.0,빌라,북동,1,0,1,0,2021,1,3560,89.0,40.0,0.06666666666666667,버스권,신축,4
setagaya,世田谷区,26.8,2,34.7,7,17,2.5,아파트,남동,1,0,0,0,2023,7,2510,93.65671641791045,13.4,0.4117647058823529,역세권,노후,2
nerima,練馬区,53.3,2,2.2,13,14,10.2,맨션,북서,1,1,1,0,2021,4,4900,91.93245778611633,26.65,0.9285714285714286,버스권,신축,5
chuo,中央区,47.9,1,5.8,8,9,1.7,맨션,서,0,0,1,1,2024,12,13330,278.2881002087683,47.9,0.8888888888888888,역세권,준신축,3
bunkyo,文京区,71.3,3,3.0,8,15,4.1,아파트,남동,1,0,0,1,2021,6,11310,158.62552594670407,23.766666666666666,0.5333333333333333,도보권,신축,3
edogawa,江戸川区,43.8,1,36.3,11,12,8.7,빌라,서,0,0,1,0,2022,9,1400,31.963470319634705,43.8,0.9166666666666666,버스권,노후,2
taito,台東区,33.2,1,60.0,14,18,1.2,맨션,남,0,1,1,0,2025,7,2380,71.6867469879518,33.2,0.7777777777777778,역세권,노후,3
shinagawa,品川区,76.8,4,0.3,4,10,15.9,타워맨션,남서,0,1,1,0,2021,9,13330,173.56770833333334,19.2,0.4,원거리,신축,3
minato,港区,42.4,1,3.6,3,17,4.8,타워맨션,남동,0,1,0,0,2024,7,15830,373.3490566037736,42.4,0.17647058823529413,도보권,신축,1
nakano,中野区,80.4,3,7.1,4,8,16.0,맨션,남,0,1,0,0,2023,2,8320,103.48258706467661,26.8,0.5,원거리,준신축,1
chuo,中央区,79.2,3,0.6,2,18,3.4,아파트,동,0,1,1,0,2024,12,17400,219.6969696969697,26.400000000000002,0.1111111111111111,도보권,신축,3
bunkyo,文京区,96.5,4,3.4,11,19,3.1,맨션,동,0,0,1,0,2023,6,17370,180.0,24.125,0.5789473684210527,도보권,신축,2
setagaya,世田谷区,40.6,1,25.5,3,16,23.6,아파트,남서,1,0,1,0,2023,8,3480,85.71428571428571,40.6,0.1875,원거리,중고,4
koto,江東区,20.0,1,1.2,3,10,3.2,맨션,남,1,1,0,1,2022,7,2420,121.0,20.0,0.3,도보권,신축,4
edogawa,江戸川区,74.5,4,9.7,3,10,28.6,맨션,남,1,1,1,0,2024,2,4440,59.59731543624161,18.625,0.3,원거리,준신축,5
minato,港区,78.5,3,20.0,3,8,1.2,맨션,동,0,1,0,0,2022,3,17710,225.60509554140128,26.166666666666668,0.375,역세권,중고,1
suginami,杉並区,33.0,1,0.3,4,4,13.3,아파트,북서,0,1,1,0,2023,10,3760,113.93939393939394,33.0,1.0,버스권,신축,3
meguro,目黒区,30.6,1,21.9,6,14,11.3,맨션,동,0,1,0,0,2023,10,4110,134.31372549019608,30.6,0.42857142857142855,버스권,중고,1
nakano,中野区,31.5,2,18.4,13,17,12.6,아파트,동,1,1,1,1,2023,7,3710,117.77777777777777,15.75,0.7647058823529411,버스권,중고,6
kita,北区,95.2,4,22.8,7,13,13.8,빌라,남,0,0,0,1,2023,10,6470,67.96218487394958,23.8,0.5384615384615384,버스권,중고,1
ota,大田区,42.5,2,5.6,5,5,1.7,빌라,북,0,1,0,1,2022,6,3300,77.6470588235294,21.25,1.0,역세권,준신축,2
chuo,中央区,81.3,3,2.8,9,13,1.0,맨션,서,0,1,0,0,2023,4,18960,233.21033210332104,27.099999999999998,0.6923076923076923,역세권,신축,1
minato,港区,60.5,2,32.2,13,14,3.5,타워맨션,남,1,1,0,1,2024,3,16610,274.54545454545456,30.25,0.9285714285714286,도보권,노후,4
koto,江東区,32.4,1,18.4,7,10,10.5,아파트,남서,0,1,1,0,2021,1,2730,84.25925925925927,32.4,0.7,버스권,중고,3
meguro,目黒区,48.6,2,39.0,6,13,10.6,맨션,남,1,1,0,1,2021,8,5460,112.34567901234567,24.3,0.46153846153846156,버스권,노후,4
chiyoda,千代田区,59.1,2,8.7,4,8,5.4,타워맨션,남,0,1,0,1,2025,3,18060,305.5837563451777,29.55,0.5,도보권,준신축,2
chuo,中央区,63.8,3,4.3,6,8,7.5,타워맨션,남,0,0,0,1,2023,3,17030,266.9278996865204,21.266666666666666,0.75,버스권,신축,1
shinagawa,品川区,31.1,1,60.0,7,18,6.3,맨션,남서,1,1,1,0,2022,8,3180,102.2508038585209,31.1,0.3888888888888889,도보권,노후,5
minato,港区,47.7,3,4.5,9,16,1.0,아파트,남,0,1,1,0,2021,8,14750,309.2243186582809,15.9,0.5625,역세권,신축,3
shinjuku,新宿区,87.4,3,3.1,1,4,15.9,아파트,북동,1,1,0,0,2024,11,9880,113.04347826086956,29.133333333333336,0.25,원거리,신축,3
shibuya,渋谷区,57.4,3,3.5,11,14,15.4,맨션,남동,0,0,1,0,2021,8,9780,170.38327526132406,19.133333333333333,0.7857142857142857,원거리,신축,2
nakano,中野区,47.2,1,28.8,6,8,5.0,빌라,동,0,1,0,0,2024,3,3390,71.82203389830508,47.2,0.75,도보권,중고,1
ota,大田区,88.1,5,2.8,6,11,1.0,아파트,남,0,1,0,0,2021,7,8000,90.80590238365494,17.619999999999997,0.5454545454545454,역세권,신축,1
chiyoda,千代田区,40.6,2,2.2,9,17,2.8,아파트,서,0,1,0,0,2025,5,9660,237.9310344827586,20.3,0.5294117647058824,역세권,신축,1
bunkyo,文京区,92.1,3,10.9,11,11,12.5,맨션,남서,1,1,0,0,2024,1,13230,143.6482084690554,30.7,1.0,버스권,준신축,3
chuo,中央区,84.6,3,20.5,5,9,2.7,아파트,남서,1,1,1,1,2021,7,15540,183.68794326241135,28.2,0.5555555555555556,역세권,중고,6
chiyoda,千代田区,41.3,1,43.0,4,8,5.2,맨션,남동,0,1,1,0,2025,11,6650,161.0169491525424,41.3,0.5,도보권,노후,3
chuo,中央区,49.4,2,40.2,8,16,12.6,빌라,남동,1,0,0,0,2023,2,5100,103.23886639676114,24.7,0.5,버스권,노후,2
bunkyo,文京区,50.3,1,3.6,13,18,2.4,맨션,남,0,1,1,0,2024,4,9530,189.46322067594434,50.3,0.7222222222222222,역세권,신축,3
setagaya,世田谷区,62.5,2,33.1,3,8,1.0,타워맨션,동,0,1,0,0,2023,12,6550,104.8,31.25,0.375,역세권,노후,1
edogawa,江戸川区,70.5,3,22.3,13,17,4.2,아파트,남동,1,1,0,0,2025,11,4310,61.13475177304964,23.5,0.7647058823529411,도보권,중고,3
meguro,目黒区,41.5,1,17.1,13,17,4.6,맨션,서,0,1,1,1,2025,9,7920,190.84337349397592,41.5,0.7647058823529411,도보권,중고,4
setagaya,世田谷区,49.2,2,1.8,6,7,4.4,빌라,남,0,0,0,1,2025,11,6190,125.8130081300813,24.6,0.8571428571428571,도보권,신축,1
suginami,杉並区,60.8,1,22.3,1,9,2.1,맨션,동,0,1,1,1,2021,5,6760,111.1842105263158,60.8,0.1111111111111111,역세권,중고,4
ota,大田区,72.1,4,21.5,1,19,2.6,맨션,남동,1,1,0,1,2024,6,6860,95.14563106796118,18.025,0.05263157894736842,역세권,중고,4
edogawa,江戸川区,55.4,2,5.6,1,13,15.8,아파트,동,0,1,0,0,2021,1,2820,50.90252707581227,27.7,0.07692307692307693,원거리,준신축,1
shinjuku,新宿区,99.7,5,21.2,4,13,1.0,아파트,북,0,1,0,0,2024,7,13730,137.71313941825477,19.94,0.3076923076923077,역세권,중고,1
chuo,中央区,56.5,3,16.6,13,13,7.0,아파트,남,1,0,1,0,2022,3,11060,195.75221238938053,18.833333333333332,1.0,도보권,중고,4
chuo,中央区,38.5,2,5.7,13,15,7.2,빌라,동,1,1,0,1,2023,5,7650,198.7012987012987,19.25,0.8666666666666667,버스권,준신축,4
adachi,足立区,32.0,1,5.5,5,8,21.4,아파트,서,1,0,0,0,2023,1,1460,45.625,32.0,0.625,원거리,준신축,2
taito,台東区,93.1,4,9.0,3,8,3.2,빌라,남동,1,1,0,0,2023,9,10450,112.24489795918367,23.275,0.375,도보권,준신축,3
kita,北区,73.1,3,0.3,9,16,4.5,타워맨션,남동,0,1,1,1,2021,6,8230,112.58549931600548,24.366666666666664,0.5625,도보권,신축,4
sumida,墨田区,74.9,4,11.5,12,15,10.9,맨션,남,0,1,1,0,2022,1,6460,86.24833110814419,18.725,0.8,버스권,준신축,3
minato,港区,128.2,6,11.4,10,17,10.6,맨션,남,1,0,0,0,2022,5,28830,224.8829953198128,21.366666666666664,0.5882352941176471,버스권,준신축,2
bunkyo,文京区,101.9,4,21.7,11,13,11.0,타워맨션,북동,0,1,0,1,2024,3,12480,122.47301275760549,25.475,0.8461538461538461,버스권,중고,2
koto,江東区,54.6,3,15.6,6,7,5.5,아파트,남서,0,0,1,0,2021,8,4890,89.56043956043956,18.2,0.8571428571428571,도보권,중고,2
sumida,墨田区,95.8,5,6.9,4,14,14.2,타워맨션,남동,1,0,0,0,2022,11,11560,120.66805845511483,19.16,0.2857142857142857,버스권,준신축,2
ota,大田区,77.0,3,1.0,13,18,2.0,아파트,남,0,0,0,0,2024,3,7480,97.14285714285714,25.666666666666668,0.7222222222222222,역세권,신축,0
sumida,墨田区,51.8,3,5.1,6,10,9.7,아파트,남동,0,1,0,0,2023,4,4770,92.08494208494209,17.266666666666666,0.6,버스권,준신축,1
shibuya,渋谷区,20.0,1,44.2,5,13,19.0,맨션,남동,0,1,1,0,2022,9,1560,78.0,20.0,0.38461538461538464,원거리,노후,3
koto,江東区,102.2,4,5.4,14,15,4.3,맨션,북서,1,1,1,0,2025,1,13580,132.87671232876713,25.55,0.9333333333333333,도보권,준신축,5
kita,北区,99.6,4,3.0,11,16,1.6,빌라,남동,0,1,0,0,2023,11,8580,86.14457831325302,24.9,0.6875,역세권,신축,1
shibuya,渋谷区,20.0,1,9.9,11,12,6.0,아파트,서,1,1,0,0,2024,1,4060,203.0,20.0,0.9166666666666666,도보권,준신축,3
shibuya,渋谷区,58.8,2,13.3,14,16,1.9,맨션,서,0,1,0,0,2022,10,12470,212.0748299319728,29.4,0.875,역세권,준신축,1
arakawa,荒川区,84.4,4,0.2,11,19,1.0,빌라,남,0,1,1,0,2024,11,7930,93.95734597156398,21.1,0.5789473684210527,역세권,신축,3
kita,北区,20.0,1,6.0,11,18,6.6,맨션,남동,0,1,1,1,2023,10,2370,118.5,20.0,0.6111111111111112,도보권,준신축,4
sumida,墨田区,87.3,4,22.3,7,10,8.0,빌라,남,1,1,0,0,2021,6,5960,68.27033218785796,21.825,0.7,버스권,중고,3
shibuya,渋谷区,30.3,1,3.3,11,15,13.0,맨션,남서,1,1,1,0,2021,2,6980,230.36303630363037,30.3,0.7333333333333333,버스권,신축,5
taito,台東区,74.8,4,9.5,3,10,1.1,타워맨션,북서,1,0,1,0,2025,11,11950,159.75935828877007,18.7,0.3,역세권,준신축,4
nakano,中野区,68.1,3,2.2,5,12,30.0,아파트,남서,0,1,1,0,2024,8,6580,96.62261380323055,22.7,0.4166666666666667,원거리,신축,3
katsushika,葛飾区,65.1,3,17.3,10,15,15.3,아파트,남동,0,0,1,0,2023,7,3190,49.0015360983103,21.7,0.6666666666666666,원거리,중고,2
nakano,中野区,104.7,4,47.5,13,18,8.4,맨션,남서,1,1,1,1,2023,1,8300,79.2741165234002,26.175,0.7222222222222222,버스권,노후,6
kita,北区,87.2,4,5.5,4,8,1.0,아파트,남동,0,0,0,1,2023,4,7430,85.20642201834862,21.8,0.5,역세권,준신축,1
chiyoda,千代田区,115.1,5,9.6,11,15,3.0,맨션,남서,0,1,0,0,2021,10,24310,211.20764552562989,23.02,0.7333333333333333,역세권,준신축,1
edogawa,江戸川区,76.0,3,16.7,14,17,15.8,맨션,남서,0,1,0,0,2022,10,3550,46.71052631578947,25.333333333333332,0.8235294117647058,원거리,중고,1
minato,港区,59.8,2,12.3,12,14,14.3,빌라,서,0,1,0,0,2022,10,9780,163.54515050167225,29.9,0.8571428571428571,버스권,준신축,1
koto,江東区,80.6,4,9.4,10,12,4.8,아파트,남,1,1,1,1,2025,11,11320,140.4466501240695,20.15,0.8333333333333334,도보권,준신축,6
kita,北区,64.0,4,0.3,9,11,1.0,맨션,남동,0,0,1,0,2025,11,6730,105.15625,16.0,0.8181818181818182,역세권,신축,2
bunkyo,文京区,79.2,3,10.8,14,16,2.0,타워맨션,북,0,1,1,0,2024,10,16080,203.03030303030303,26.400000000000002,0.875,역세권,준신축,3
adachi,足立区,79.0,4,38.2,14,17,21.5,아파트,북동,1,0,0,1,2024,12,2670,33.79746835443038,19.75,0.8235294117647058,원거리,노후,3
nerima,練馬区,39.8,2,0.0,9,11,1.7,타워맨션,남서,0,0,1,0,2023,5,4960,124.62311557788945,19.9,0.8181818181818182,역세권,,2
setagaya,世田谷区,92.8,4,6.2,8,9,13.3,타워맨션,남,0,1,1,0,2025,2,16640,179.31034482758622,23.2,0.8888888888888888,버스권,준신축,3
nakano,中野区,101.7,5,11.5,9,16,6.4,아파트,서,1,1,0,0,2024,8,10920,107.37463126843657,20.34,0.5625,도보권,준신축,3
meguro,目黒区,40.7,1,3.8,10,16,1.1,아파트,남서,0,0,1,0,2022,10,7400,181.8181818181818,40.7,0.625,역세권,신축,2
shinagawa,品川区,96.6,5,2.0,5,19,17.5,맨션,서,1,1,0,1,2022,12,11300,116.97722567287785,19.32,0.2631578947368421,원거리,신축,4
suginami,杉並区,109.4,4,3.6,13,13,1.4,타워맨션,북동,1,0,0,0,2022,3,19390,177.23948811700183,27.35,1.0,역세권,신축,2
chiyoda,千代田区,67.4,3,16.0,12,19,7.5,아파트,남동,1,0,1,0,2024,1,12390,183.82789317507417,22.46666666666667,0.631578947368421,버스권,중고,4
shibuya,渋谷区,69.1,2,11.7,10,10,3.8,빌라,남,0,1,0,0,2022,1,11560,167.29377713458757,34.55,1.0,도보권,준신축,1
shibuya,渋谷区,65.6,2,0.9,5,8,1.0,아파트,남동,0,0,0,0,2021,1,13540,206.40243902439028,32.8,0.625,역세권,신축,0
minato,港区,34.6,2,3.8,1,4,3.4,빌라,남서,0,1,1,0,2022,12,8250,238.4393063583815,17.3,0.25,도보권,신축,3
bunkyo,文京区,97.4,5,3.4,9,12,5.0,아파트,남서,0,1,1,0,2023,3,13390,137.47433264887061,19.48,0.75,도보권,신축,3
chuo,中央区,80.8,3,18.2,12,15,2.8,아파트,북동,1,1,1,0,2024,8,19630,242.94554455445547,26.933333333333334,0.8,역세권,중고,5
chiyoda,千代田区,89.7,4,5.1,7,17,20.5,맨션,남서,0,0,1,0,2023,12,18320,204.23634336677813,22.425,0.4117647058823529,원거리,준신축,2
arakawa,荒川区,48.8,2,7.8,6,15,6.2,타워맨션,남,1,1,1,0,2022,12,5220,106.9672131147541,24.4,0.4,도보권,준신축,5
chuo,中央区,37.9,1,27.7,10,12,2.8,아파트,남동,0,1,1,0,2021,1,5920,156.2005277044855,37.9,0.8333333333333334,역세권,중고,3
shinagawa,品川区,62.4,3,5.1,2,18,11.5,맨션,서,0,1,0,0,2023,9,9290,148.87820512820514,20.8,0.1111111111111111,버스권,준신축,1
kita,北区,43.0,2,15.6,12,18,10.2,아파트,동,0,1,1,1,2023,4,3340,77.67441860465117,21.5,0.6666666666666666,버스권,중고,4
shibuya,渋谷区,26.5,1,5.4,8,12,6.4,맨션,북동,0,1,0,0,2022,4,5310,200.37735849056602,26.5,0.6666666666666666,도보권,준신축,1
taito,台東区,24.3,1,3.9,3,3,1.0,아파트,남,1,1,0,0,2021,6,2680,110.2880658436214,24.3,1.0,역세권,신축,3
nakano,中野区,106.4,4,53.2,2,17,2.2,아파트,북동,0,1,0,1,2023,11,6230,58.55263157894736,26.6,0.11764705882352941,역세권,노후,2
chuo,中央区,100.9,5,12.3,11,16,8.1,빌라,남동,0,0,0,0,2025,9,15790,156.49157581764123,20.18,0.6875,버스권,준신축,0
bunkyo,文京区,43.2,1,3.9,1,1,15.7,빌라,남,0,1,1,1,2024,2,4890,113.19444444444444,43.2,1.0,원거리,신축,4
itabashi,板橋区,55.5,2,15.9,12,13,2.0,빌라,남동,0,0,1,0,2025,7,4010,72.25225225225225,27.75,0.9230769230769231,역세권,중고,2
koto,江東区,31.2,2,6.1,7,13,5.8,맨션,남,0,1,1,0,2021,1,3890,124.67948717948718,15.6,0.5384615384615384,도보권,준신축,3
koto,江東区,47.1,2,19.6,13,18,4.9,맨션,남,0,1,1,0,2025,6,5440,115.49893842887474,23.55,0.7222222222222222,도보권,중고,3
taito,台東区,122.2,5,2.7,4,15,2.4,맨션,북,0,1,1,0,2024,11,16330,133.63338788870703,24.44,0.26666666666666666,역세권,신축,3
chiyoda,千代田区,65.8,3,32.8,1,9,6.3,맨션,동,0,1,1,0,2021,7,10310,156.68693009118542,21.933333333333334,0.1111111111111111,도보권,노후,3
bunkyo,文京区,86.3,4,2.3,10,11,30.0,아파트,남,0,0,0,0,2024,12,10670,123.63847045191194,21.575,0.9090909090909091,원거리,신축,0
bunkyo,文京区,90.8,4,6.5,5,15,24.3,아파트,남,0,1,1,0,2025,11,10860,119.60352422907489,22.7,0.3333333333333333,원거리,준신축,3
katsushika,葛飾区,39.1,2,3.2,2,7,1.0,아파트,남,0,1,1,0,2022,1,2560,65.47314578005115,19.55,0.2857142857142857,역세권,신축,3
koto,江東区,60.6,3,19.0,11,16,3.0,아파트,남,0,0,1,1,2022,4,6300,103.96039603960396,20.2,0.6875,역세권,중고,3
chiyoda,千代田区,90.7,4,19.9,11,15,17.0,아파트,남,0,1,0,0,2025,4,14030,154.68577728776185,22.675,0.7333333333333333,원거리,중고,1
koto,江東区,75.5,3,2.3,2,4,5.6,빌라,남,1,1,0,0,2021,4,7430,98.41059602649007,25.166666666666668,0.5,도보권,신축,3
adachi,足立区,41.8,2,27.1,14,14,3.0,타워맨션,북동,0,1,1,1,2022,6,2660,63.63636363636364,20.9,1.0,역세권,중고,4
minato,港区,75.1,3,37.3,2,7,4.4,맨션,남동,0,1,0,0,2021,3,10410,138.6151797603196,25.03333333333333,0.2857142857142857,도보권,노후,1
itabashi,板橋区,111.9,4,13.8,8,14,2.9,아파트,남동,0,0,0,0,2021,12,6930,61.93029490616622,27.975,0.5714285714285714,역세권,준신축,0
nakano,中野区,97.3,5,2.2,1,12,5.0,아파트,남,0,0,1,0,2025,7,10650,109.45529290853032,19.46,0.08333333333333333,도보권,신축,2
chuo,中央区,86.0,4,4.9,10,14,4.3,타워맨션,남,1,0,1,0,2025,2,27220,316.51162790697674,21.5,0.7142857142857143,도보권,신축,4
chuo,中央区,99.7,5,2.1,11,17,14.3,맨션,남,0,1,1,1,2022,10,23770,238.41524573721162,19.94,0.6470588235294118,버스권,신축,4
adachi,足立区,87.6,5,13.2,4,15,1.0,아파트,동,1,1,1,0,2025,9,6100,69.63470319634703,17.52,0.26666666666666666,역세권,준신축,5
setagaya,世田谷区,106.6,5,28.4,14,19,18.0,맨션,남,0,1,0,0,2023,12,8850,83.02063789868669,21.32,0.7368421052631579,원거리,중고,1
chuo,中央区,71.9,3,9.5,5,8,4.4,타워맨션,북,1,1,1,0,2022,6,17320,240.89012517385257,23.96666666666667,0.625,도보권,준신축,5
shibuya,渋谷区,58.7,3,53.2,1,17,2.3,맨션,남서,0,1,1,0,2024,7,7700,131.17546848381602,19.566666666666666,0.058823529411764705,역세권,노후,3
sumida,墨田区,84.1,3,15.7,2,18,8.9,타워맨션,북,0,1,1,0,2021,12,7200,85.61236623067776,28.03333333333333,0.1111111111111111,버스권,중고,3
shibuya,渋谷区,89.8,4,31.8,3,3,1.1,아파트,남,0,1,1,0,2025,11,14850,165.3674832962138,22.45,1.0,역세권,노후,3
minato,港区,62.0,2,8.5,4,6,7.9,타워맨션,남동,0,1,0,1,2021,4,18720,301.93548387096774,31.0,0.6666666666666666,버스권,준신축,2
katsushika,葛飾区,51.4,1,17.0,13,19,2.9,맨션,동,0,1,0,0,2022,12,3260,63.42412451361868,51.4,0.6842105263157895,역세권,중고,1
chiyoda,千代田区,24.6,1,9.6,14,19,3.4,맨션,동,0,0,1,0,2021,2,6210,252.4390243902439,24.6,0.7368421052631579,도보권,준신축,2
shibuya,渋谷区,67.2,3,20.0,9,16,1.0,맨션,남동,0,0,0,0,2025,3,15630,232.5892857142857,22.400000000000002,0.5625,역세권,중고,0
toshima,豊島区,65.6,3,1.3,7,12,5.1,빌라,남동,0,0,0,0,2025,4,7890,120.27439024390245,21.866666666666664,0.5833333333333334,도보권,신축,0
chiyoda,千代田区,94.6,5,14.0,3,3,14.6,아파트,서,0,1,1,0,2024,3,15940,168.49894291754757,18.919999999999998,1.0,버스권,준신축,3
koto,江東区,53.5,3,4.2,12,18,15.6,아파트,남서,1,1,1,0,2021,4,5180,96.82242990654206,17.833333333333332,0.6666666666666666,원거리,신축,5
chuo,中央区,69.4,2,0.1,5,13,1.0,맨션,남서,0,1,1,1,2025,4,20970,302.1613832853026,34.7,0.38461538461538464,역세권,신축,4
shinjuku,新宿区,74.4,4,4.2,2,10,8.6,맨션,남,1,1,0,0,2025,4,12820,172.31182795698925,18.6,0.2,버스권,신축,3
chuo,中央区,95.1,3,17.4,5,10,13.7,아파트,남동,0,1,1,1,2025,9,15970,167.9284963196635,31.7,0.5,버스권,중고,4
meguro,目黒区,84.0,3,8.5,14,14,2.1,맨션,북서,0,1,0,0,2024,4,16500,196.42857142857142,28.0,1.0,역세권,준신축,1
setagaya,世田谷区,88.2,3,6.7,14,16,9.2,아파트,남서,0,1,0,0,2021,5,9960,112.92517006802721,29.400000000000002,0.875,버스권,준신축,1
adachi,足立区,41.6,1,2.2,10,18,2.4,맨션,남,0,0,1,0,2021,2,3080,74.03846153846153,41.6,0.5555555555555556,역세권,신축,2
bunkyo,文京区,61.8,2,19.9,4,6,2.4,아파트,동,0,0,1,0,2022,10,8090,130.90614886731393,30.9,0.6666666666666666,역세권,중고,2
koto,江東区,21.7,1,5.2,3,11,1.0,맨션,북동,0,1,1,0,2023,4,2380,109.67741935483872,21.7,0.2727272727272727,역세권,준신축,3
nerima,練馬区,69.5,4,13.7,8,11,1.6,맨션,남서,0,0,0,0,2023,6,5330,76.69064748201438,17.375,0.7272727272727273,역세권,준신축,0
nakano,中野区,62.5,3,10.3,8,17,5.0,빌라,서,1,0,0,0,2021,7,6510,104.16,20.833333333333332,0.47058823529411764,도보권,준신축,2
chiyoda,千代田区,122.4,6,0.4,10,16,26.7,아파트,동,1,1,0,0,2023,6,25920,211.76470588235293,20.400000000000002,0.625,원거리,신축,3
arakawa,荒川区,61.6,3,25.5,2,14,14.0,빌라,북서,0,1,0,0,2022,2,2740,44.48051948051948,20.533333333333335,0.14285714285714285,버스권,중고,1
koto,江東区,71.0,3,8.6,13,15,2.4,타워맨션,북동,0,1,0,0,2025,9,10500,147.88732394366198,23.666666666666668,0.8666666666666667,역세권,준신축,1
meguro,目黒区,20.0,1,4.6,3,9,6.3,아파트,남동,0,1,0,1,2021,8,3060,153.0,20.0,0.3333333333333333,도보권,신축,2
suginami,杉並区,80.4,3,32.4,8,11,10.3,맨션,북동,0,1,1,0,2025,6,6290,78.23383084577114,26.8,0.7272727272727273,버스권,노후,3
nakano,中野区,38.4,2,44.7,11,12,1.8,아파트,남,0,1,0,0,2025,7,2420,63.020833333333336,19.2,0.9166666666666666,역세권,노후,1
shinagawa,品川区,97.7,5,16.2,6,15,4.6,맨션,동,1,1,1,0,2021,8,16120,164.99488229273285,19.54,0.4,도보권,중고,5
bunkyo,文京区,59.8,3,9.5,8,15,1.0,타워맨션,남,1,1,0,1,2024,5,15100,252.5083612040134,19.933333333333334,0.5333333333333333,역세권,준신축,4
shinagawa,品川区,50.3,2,17.3,10,18,6.8,타워맨션,남,0,1,1,0,2022,10,8890,176.7395626242545,25.15,0.5555555555555556,도보권,중고,3
koto,江東区,90.0,4,10.1,13,16,6.9,맨션,남서,1,1,0,1,2021,3,10800,120.0,22.5,0.8125,도보권,준신축,4
chiyoda,千代田区,47.7,2,14.9,14,16,7.2,빌라,남동,0,0,0,0,2025,7,7830,164.1509433962264,23.85,0.875,버스권,준신축,0
suginami,杉並区,101.0,5,5.8,4,12,11.0,아파트,남서,0,1,1,0,2023,10,9750,96.53465346534654,20.2,0.3333333333333333,버스권,준신축,3
toshima,豊島区,50.2,3,5.7,1,10,1.0,아파트,남서,0,1,0,0,2022,10,7370,146.81274900398407,16.733333333333334,0.1,역세권,준신축,1
suginami,杉並区,40.2,2,31.3,6,14,3.3,아파트,동,0,1,1,1,2023,5,2910,72.38805970149254,20.1,0.42857142857142855,도보권,노후,4
shinjuku,新宿区,31.3,1,19.3,2,10,1.4,아파트,남동,1,1,1,0,2025,2,5450,174.12140575079871,31.3,0.2,역세권,중고,5
shinjuku,新宿区,75.4,3,6.3,11,16,3.9,아파트,남서,1,1,0,0,2022,4,11270,149.46949602122015,25.133333333333336,0.6875,도보권,준신축,3
shinjuku,新宿区,38.9,1,4.9,8,10,24.1,맨션,남서,0,1,1,0,2024,2,5250,134.96143958868896,38.9,0.8,원거리,신축,3
setagaya,世田谷区,35.4,2,3.3,13,13,22.2,맨션,남서,0,1,1,0,2024,2,4750,134.180790960452,17.7,1.0,원거리,신축,3
bunkyo,文京区,98.2,5,5.3,8,12,4.4,맨션,남동,0,0,0,0,2022,11,14340,146.0285132382892,19.64,0.6666666666666666,도보권,준신축,0
setagaya,世田谷区,78.6,5,57.5,10,10,2.9,아파트,남,0,1,1,1,2025,1,6660,84.73282442748092,15.719999999999999,1.0,역세권,노후,4
sumida,墨田区,73.0,3,46.9,2,17,2.1,맨션,동,0,1,0,0,2023,12,4070,55.75342465753425,24.333333333333332,0.11764705882352941,역세권,노후,1
meguro,目黒区,85.4,3,6.3,7,17,2.5,맨션,남,1,1,0,1,2021,4,19750,231.2646370023419,28.46666666666667,0.4117647058823529,역세권,준신축,4
chuo,中央区,103.1,4,28.8,5,7,12.3,빌라,남서,0,1,0,1,2021,11,11630,112.80310378273522,25.775,0.7142857142857143,버스권,중고,2
chiyoda,千代田区,41.8,1,23.3,7,9,30.0,맨션,남동,0,1,0,0,2022,7,6440,154.06698564593302,41.8,0.7777777777777778,원거리,중고,1
itabashi,板橋区,91.6,3,1.6,3,9,1.5,맨션,남서,0,1,0,0,2023,12,7750,84.60698689956332,30.53333333333333,0.3333333333333333,역세권,신축,1
taito,台東区,71.4,3,1.0,8,16,2.0,아파트,남,0,1,0,1,2024,1,11530,161.484593837535,23.8,0.5,역세권,신축,2
shinagawa,品川区,51.7,2,37.0,1,3,7.6,타워맨션,서,0,0,0,0,2020,12,5020,97.09864603481624,25.85,0.3333333333333333,버스권,노후,0
chuo,中央区,58.1,4,27.0,13,15,6.1,빌라,동,0,1,1,0,2025,6,7980,137.34939759036143,14.525,0.8666666666666667,도보권,중고,3
chiyoda,千代田区,49.6,1,13.5,10,10,1.2,맨션,남서,0,1,1,0,2021,1,13440,270.96774193548384,49.6,1.0,역세권,준신축,3
shinjuku,新宿区,71.3,2,0.7,13,16,7.4,맨션,동,0,1,1,1,2025,8,12060,169.1444600280505,35.65,0.8125,버스권,신축,4
shibuya,渋谷区,46.8,2,9.7,1,2,2.2,맨션,남,0,1,0,0,2022,6,9300,198.71794871794873,23.4,0.5,역세권,준신축,1
suginami,杉並区,63.5,2,40.7,12,15,1.0,빌라,남서,0,1,0,1,2024,3,3190,50.23622047244095,31.75,0.8,역세권,노후,2
suginami,杉並区,96.9,4,1.6,1,2,10.1,타워맨션,서,0,0,0,0,2025,6,13290,137.1517027863777,24.225,0.5,버스권,신축,0
shinagawa,品川区,96.2,4,13.4,4,9,10.4,아파트,남동,0,1,1,1,2021,4,12440,129.31392931392932,24.05,0.4444444444444444,버스권,준신축,4
taito,台東区,54.3,2,4.9,9,9,3.8,아파트,서,0,1,1,0,2022,1,6070,111.7863720073665,27.15,1.0,도보권,신축,3
sumida,墨田区,71.1,4,6.0,10,11,2.1,맨션,남서,1,1,1,0,2025,10,9230,129.817158931083,17.775,0.9090909090909091,역세권,준신축,5
chuo,中央区,59.5,2,28.1,13,14,14.0,맨션,남서,0,1,0,0,2022,11,9500,159.6638655462185,29.75,0.9285714285714286,버스권,중고,1
shibuya,渋谷区,72.8,3,10.6,10,11,7.6,아파트,북서,0,1,1,1,2022,6,12350,169.64285714285714,24.266666666666666,0.9090909090909091,버스권,준신축,4
edogawa,江戸川区,86.2,4,18.5,8,12,5.0,아파트,북서,0,1,1,0,2024,5,3780,43.85150812064965,21.55,0.6666666666666666,도보권,중고,3
suginami,杉並区,119.9,5,9.6,1,16,1.0,아파트,북,0,1,1,0,2022,7,12390,103.33611342785655,23.98,0.0625,역세권,준신축,3
suginami,杉並区,63.3,3,5.5,1,8,5.3,타워맨션,남,1,0,1,0,2021,1,9680,152.9225908372828,21.099999999999998,0.125,도보권,준신축,4
minato,港区,52.8,2,2.6,12,15,1.5,아파트,남서,0,0,1,0,2023,10,16000,303.03030303030306,26.4,0.8,역세권,신축,2
shibuya,渋谷区,87.5,4,3.9,10,18,2.1,아파트,남,1,0,1,0,2022,9,20070,229.37142857142857,21.875,0.5555555555555556,역세권,신축,4
bunkyo,文京区,64.9,3,18.1,9,13,17.5,맨션,남서,0,1,1,0,2021,8,6940,106.9337442218798,21.633333333333336,0.6923076923076923,원거리,중고,3
shinagawa,品川区,109.6,5,4.8,11,16,1.0,맨션,서,0,0,0,1,2022,12,21060,192.15328467153284,21.919999999999998,0.6875,역세권,신축,1
shibuya,渋谷区,51.3,1,33.6,5,18,15.5,타워맨션,남,0,1,0,0,2022,2,7150,139.37621832358676,51.3,0.2777777777777778,원거리,노후,1
nerima,練馬区,71.4,2,10.8,3,5,7.4,타워맨션,남,0,1,0,1,2021,10,6800,95.23809523809523,35.7,0.6,버스권,준신축,2
meguro,目黒区,24.4,1,12.7,10,19,1.0,맨션,남,1,1,0,1,2021,8,5180,212.29508196721312,24.4,0.5263157894736842,역세권,준신축,4
ota,大田区,73.5,4,3.9,14,17,6.7,빌라,동,0,1,1,0,2021,9,4550,61.904761904761905,18.375,0.8235294117647058,도보권,신축,3
nerima,練馬区,123.9,5,18.3,11,15,4.1,맨션,남,1,1,0,0,2021,5,10700,86.35996771589991,24.78,0.7333333333333333,도보권,중고,3
sumida,墨田区,69.7,2,8.0,5,16,1.1,맨션,남,0,1,0,0,2023,6,8150,116.92969870875179,34.85,0.3125,역세권,준신축,1
meguro,目黒区,86.1,4,6.0,8,15,7.3,아파트,동,1,1,1,0,2023,7,14210,165.04065040650408,21.525,0.5333333333333333,버스권,준신축,5
shibuya,渋谷区,100.7,4,11.1,7,18,2.8,타워맨션,남동,0,1,1,0,2022,2,28620,284.2105263157895,25.175,0.3888888888888889,역세권,준신축,3
shibuya,渋谷区,57.3,2,12.2,14,14,11.9,맨션,남서,1,0,0,0,2021,9,11200,195.46247818499128,28.65,1.0,버스권,준신축,2
meguro,目黒区,58.6,2,5.5,5,9,8.6,맨션,남동,1,0,0,1,2023,4,10000,170.64846416382252,29.3,0.5555555555555556,버스권,준신축,3
shibuya,渋谷区,54.1,3,14.9,7,14,1.0,아파트,남서,1,1,0,0,2021,10,9070,167.6524953789279,18.033333333333335,0.5,역세권,준신축,3
nakano,中野区,71.6,3,14.0,6,7,6.3,타워맨션,남서,0,1,0,1,2024,7,10790,150.69832402234638,23.866666666666664,0.8571428571428571,도보권,준신축,2
taito,台東区,70.4,3,15.6,14,16,1.0,타워맨션,남동,0,1,0,0,2024,12,11060,157.10227272727272,23.46666666666667,0.875,역세권,중고,1
bunkyo,文京区,37.4,1,7.7,2,11,3.1,아파트,남서,0,1,0,0,2024,10,4550,121.65775401069519,37.4,0.18181818181818182,도보권,준신축,1
bunkyo,文京区,49.6,1,0.1,2,2,3.1,타워맨션,남,0,0,1,0,2023,1,10780,217.33870967741936,49.6,1.0,도보권,신축,2
minato,港区,47.5,1,1.5,12,18,22.0,타워맨션,북동,1,1,0,0,2024,6,13250,278.94736842105266,47.5,0.6666666666666666,원거리,신축,3
nakano,中野区,89.6,3,0.2,9,16,16.1,빌라,서,0,0,1,0,2021,2,6810,76.00446428571429,29.866666666666664,0.5625,원거리,신축,2
sumida,墨田区,77.6,2,4.1,13,14,9.5,빌라,남동,0,1,1,0,2023,10,7230,93.1701030927835,38.8,0.9285714285714286,버스권,신축,3
shibuya,渋谷区,37.1,1,1.3,8,9,1.4,타워맨션,남서,1,1,1,0,2024,3,14800,398.921832884097,37.1,0.8888888888888888,역세권,신축,5
arakawa,荒川区,73.1,3,6.6,9,12,2.1,아파트,북동,0,1,1,1,2024,2,6050,82.76333789329686,24.366666666666664,0.75,역세권,준신축,4
chiyoda,千代田区,61.1,3,11.5,5,15,1.6,빌라,남,1,1,0,0,2021,12,14080,230.4418985270049,20.366666666666667,0.3333333333333333,역세권,준신축,3
shibuya,渋谷区,94.3,4,19.7,11,12,5.1,맨션,남,1,1,0,1,2021,2,18090,191.83457051961824,23.575,0.9166666666666666,도보권,중고,4
shibuya,渋谷区,82.7,4,9.8,4,5,5.7,맨션,서,0,0,0,1,2024,11,15330,185.36880290205562,20.675,0.8,도보권,준신축,1
bunkyo,文京区,55.3,2,19.0,10,12,12.2,맨션,동,1,0,1,0,2024,10,7870,142.3146473779385,27.65,0.8333333333333334,버스권,중고,4
nakano,中野区,58.8,3,10.6,14,16,7.0,타워맨션,남,0,1,1,0,2022,9,8570,145.7482993197279,19.599999999999998,0.875,도보권,준신축,3
arakawa,荒川区,20.2,1,28.2,4,18,1.9,타워맨션,동,1,1,0,0,2024,1,1540,76.23762376237624,20.2,0.2222222222222222,역세권,중고,3
suginami,杉並区,44.6,2,29.5,11,18,7.9,아파트,남,0,1,0,0,2023,11,3580,80.26905829596413,22.3,0.6111111111111112,버스권,중고,1
chiyoda,千代田区,80.4,3,12.1,10,13,2.5,맨션,남,0,1,1,1,2025,6,22840,284.07960199004975,26.8,0.7692307692307693,역세권,준신축,4
setagaya,世田谷区,64.1,2,11.2,14,16,4.1,맨션,북동,1,0,0,0,2025,3,9660,150.70202808112325,32.05,0.875,도보권,준신축,2
edogawa,江戸川区,90.9,4,42.8,4,14,6.3,아파트,북,0,1,1,0,2023,4,3220,35.42354235423542,22.725,0.2857142857142857,도보권,노후,3
chuo,中央区,67.8,3,13.5,10,14,1.0,맨션,남,0,1,1,0,2020,12,15470,228.17109144542775,22.599999999999998,0.7142857142857143,역세권,준신축,3
toshima,豊島区,62.6,2,39.3,12,17,4.3,빌라,남동,1,1,0,0,2021,5,4040,64.5367412140575,31.3,0.7058823529411765,도보권,노후,3
setagaya,世田谷区,55.2,2,16.5,3,16,2.2,아파트,북동,1,1,0,1,2023,9,5480,99.27536231884058,27.6,0.1875,역세권,중고,4
bunkyo,文京区,66.5,3,8.3,13,15,6.7,아파트,서,1,1,1,1,2024,4,10660,160.30075187969925,22.166666666666668,0.8666666666666667,도보권,준신축,6
sumida,墨田区,61.8,3,24.3,13,17,3.6,아파트,남,1,0,0,1,2025,5,5820,94.1747572815534,20.599999999999998,0.7647058823529411,도보권,중고,3
suginami,杉並区,122.8,6,53.9,5,7,10.3,아파트,북서,0,1,1,0,2021,6,5770,46.986970684039086,20.466666666666665,0.7142857142857143,버스권,노후,3
chuo,中央区,85.4,4,5.5,3,3,1.0,맨션,남서,1,1,1,0,2025,11,26320,308.1967213114754,21.35,1.0,역세권,준신축,5
shibuya,渋谷区,60.3,2,14.3,4,4,1.8,맨션,북서,0,1,0,0,2022,9,10520,174.4610281923715,30.15,1.0,역세권,준신축,1
ota,大田区,50.6,1,10.7,6,16,10.9,아파트,남,0,1,0,0,2024,12,3670,72.5296442687747,50.6,0.375,버스권,준신축,1
arakawa,荒川区,71.8,3,2.4,2,17,10.1,타워맨션,서,0,0,0,0,2022,9,7680,106.96378830083566,23.933333333333334,0.11764705882352941,버스권,신축,0
itabashi,板橋区,43.8,2,24.7,10,14,4.5,아파트,동,0,1,0,0,2021,1,2340,53.42465753424658,21.9,0.7142857142857143,도보권,중고,1
edogawa,江戸川区,66.6,2,1.8,5,18,9.1,맨션,남,0,0,1,0,2021,2,5120,76.87687687687688,33.3,0.2777777777777778,버스권,신축,2
setagaya,世田谷区,102.7,4,26.8,9,9,1.7,맨션,남동,0,1,0,0,2025,11,13350,129.9902629016553,25.675,1.0,역세권,중고,1
setagaya,世田谷区,39.8,3,0.7,5,17,17.1,맨션,북서,0,1,0,1,2024,11,4940,124.12060301507539,13.266666666666666,0.29411764705882354,원거리,신축,2
koto,江東区,62.4,3,5.4,1,19,1.0,맨션,북,1,1,1,0,2020,12,6540,104.8076923076923,20.8,0.05263157894736842,역세권,준신축,5
arakawa,荒川区,58.7,3,7.8,5,16,3.5,맨션,남,0,1,1,1,2023,12,5330,90.8006814310051,19.566666666666666,0.3125,도보권,준신축,4
shinagawa,品川区,62.7,2,13.3,3,17,1.4,타워맨션,남서,0,1,0,1,2023,6,13570,216.42743221690588,31.35,0.17647058823529413,역세권,준신축,2
chiyoda,千代田区,57.5,2,22.5,3,12,6.2,맨션,남동,0,1,1,0,2024,8,11970,208.17391304347825,28.75,0.25,도보권,중고,3
kita,北区,47.5,1,60.0,14,18,1.3,맨션,남,0,0,0,1,2023,3,2690,56.63157894736842,47.5,0.7777777777777778,역세권,노후,1
sumida,墨田区,55.5,2,13.5,12,15,1.1,맨션,동,1,0,0,0,2024,8,6170,111.17117117117117,27.75,0.8,역세권,준신축,2
shibuya,渋谷区,20.0,1,2.5,13,15,4.7,아파트,남,0,1,1,1,2022,11,4160,208.0,20.0,0.8666666666666667,도보권,신축,4
chiyoda,千代田区,98.5,4,6.3,5,11,20.1,맨션,동,0,1,1,0,2022,6,16680,169.34010152284264,24.625,0.45454545454545453,원거리,준신축,3
kita,北区,98.0,4,22.1,4,4,18.8,타워맨션,동,0,1,0,0,2022,2,5820,59.38775510204081,24.5,1.0,원거리,중고,1
chuo,中央区,46.5,2,0.0,10,18,1.0,빌라,남,0,1,0,0,2021,2,10320,221.93548387096774,23.25,0.5555555555555556,역세권,,1
kita,北区,43.4,2,12.4,4,10,1.4,맨션,서,1,0,1,0,2023,10,3850,88.70967741935485,21.7,0.4,역세권,준신축,4
taito,台東区,66.0,3,13.9,13,13,2.4,맨션,북동,1,1,0,0,2024,3,8290,125.60606060606061,22.0,1.0,역세권,준신축,3
bunkyo,文京区,49.4,2,0.9,12,18,5.3,맨션,남서,0,1,0,1,2022,4,8400,170.04048582995952,24.7,0.6666666666666666,도보권,신축,2
nerima,練馬区,91.6,4,2.5,3,13,1.0,아파트,남서,0,0,1,1,2024,9,8080,88.20960698689957,22.9,0.23076923076923078,역세권,신축,3
itabashi,板橋区,55.2,2,18.6,5,16,2.3,아파트,북서,0,0,0,0,2025,11,3200,57.97101449275362,27.6,0.3125,역세권,중고,0
chuo,中央区,99.9,5,21.2,11,13,3.3,타워맨션,남,0,1,1,0,2023,5,24250,242.74274274274273,19.98,0.8461538461538461,도보권,중고,3
setagaya,世田谷区,68.4,3,30.6,4,5,13.2,아파트,북서,0,0,0,0,2023,4,4730,69.15204678362572,22.8,0.8,버스권,노후,0
taito,台東区,72.2,4,6.9,5,9,15.8,타워맨션,서,1,1,0,1,2025,4,9530,131.99445983379502,18.05,0.5555555555555556,원거리,준신축,4
edogawa,江戸川区,66.3,3,6.6,4,9,1.7,아파트,남,0,1,1,0,2024,4,4710,71.04072398190046,22.099999999999998,0.4444444444444444,역세권,준신축,3
meguro,目黒区,51.7,3,6.2,13,18,6.7,아파트,남,0,1,0,0,2021,11,7890,152.61121856866538,17.233333333333334,0.7222222222222222,도보권,준신축,1
chuo,中央区,81.7,3,3.0,13,15,4.5,맨션,남동,0,1,1,0,2022,9,18870,230.9669522643819,27.233333333333334,0.8666666666666667,도보권,신축,3
meguro,目黒区,133.9,6,20.5,4,15,2.0,맨션,남,0,1,0,0,2024,3,21130,157.80433159073934,22.316666666666666,0.26666666666666666,역세권,중고,1
nakano,中野区,54.3,3,0.5,4,18,6.0,맨션,남동,0,0,1,0,2024,8,7050,129.8342541436464,18.099999999999998,0.2222222222222222,도보권,신축,2
shibuya,渋谷区,41.3,1,0.2,4,12,5.0,타워맨션,동,1,1,0,0,2023,9,11250,272.39709443099275,41.3,0.3333333333333333,도보권,신축,3
bunkyo,文京区,44.8,2,4.8,5,11,10.4,맨션,북동,0,1,0,0,2024,8,6330,141.29464285714286,22.4,0.45454545454545453,버스권,신축,1
koto,江東区,46.9,2,15.8,1,1,1.0,타워맨션,북서,1,1,0,0,2021,5,4980,106.18336886993603,23.45,1.0,역세권,중고,3
chiyoda,千代田区,74.3,3,1.9,11,19,3.3,아파트,북동,1,1,1,0,2023,3,19390,260.9690444145357,24.766666666666666,0.5789473684210527,도보권,신축,5
meguro,目黒区,79.6,4,2.3,3,5,10.3,맨션,남동,1,1,1,0,2022,12,16600,208.5427135678392,19.9,0.6,버스권,신축,5
chuo,中央区,82.2,4,6.6,13,14,30.0,빌라,남동,0,1,0,0,2021,7,10160,123.60097323600972,20.55,0.9285714285714286,원거리,준신축,1
katsushika,葛飾区,77.1,4,14.6,1,9,6.1,타워맨션,남서,0,1,1,0,2024,8,5600,72.63294422827498,19.275,0.1111111111111111,도보권,준신축,3
meguro,目黒区,64.7,4,18.1,6,8,3.6,맨션,남서,0,1,1,0,2024,12,11700,180.83462132921173,16.175,0.75,도보권,중고,3
edogawa,江戸川区,65.9,3,22.6,14,16,1.0,타워맨션,북동,0,1,0,0,2024,6,5000,75.87253414264036,21.96666666666667,0.875,역세권,중고,1
chiyoda,千代田区,44.1,2,6.5,1,6,21.2,빌라,남,0,1,1,0,2024,12,7730,175.28344671201813,22.05,0.16666666666666666,원거리,준신축,3
adachi,足立区,59.6,3,27.1,7,18,4.1,맨션,남,0,1,1,0,2022,4,2970,49.83221476510067,19.866666666666667,0.3888888888888889,도보권,중고,3
shinjuku,新宿区,115.1,6,1.2,10,16,2.8,타워맨션,북동,0,1,0,0,2024,1,23610,205.125977410947,19.183333333333334,0.625,역세권,신축,1
nerima,練馬区,63.6,3,32.3,3,7,3.3,아파트,서,0,0,1,0,2022,8,3370,52.9874213836478,21.2,0.42857142857142855,도보권,노후,2
bunkyo,文京区,57.6,2,10.0,7,11,17.0,타워맨션,동,0,1,0,0,2021,3,7330,127.25694444444444,28.8,0.6363636363636364,원거리,준신축,1
adachi,足立区,66.6,2,3.5,2,6,26.9,빌라,남동,0,1,0,1,2022,1,2970,44.5945945945946,33.3,0.3333333333333333,원거리,신축,2
minato,港区,41.6,1,40.6,5,5,10.1,맨션,서,1,1,0,0,2022,3,5500,132.21153846153845,41.6,1.0,버스권,노후,3
bunkyo,文京区,22.2,1,8.5,6,18,3.5,아파트,북서,1,0,1,0,2021,7,2910,131.0810810810811,22.2,0.3333333333333333,도보권,준신축,4
minato,港区,101.1,4,1.9,2,16,7.3,빌라,북동,0,1,1,0,2024,8,21770,215.33135509396638,25.275,0.125,버스권,신축,3
taito,台東区,127.1,6,16.7,10,12,1.0,타워맨션,동,0,0,0,0,2023,7,15910,125.17702596380803,21.183333333333334,0.8333333333333334,역세권,중고,0
chiyoda,千代田区,58.2,2,27.0,7,8,9.6,맨션,남서,0,1,0,0,2023,4,9530,163.74570446735393,29.1,0.875,버스권,중고,1
shinjuku,新宿区,73.2,4,4.9,3,13,2.7,타워맨션,남서,0,1,0,1,2022,12,18460,252.18579234972677,18.3,0.23076923076923078,역세권,신축,2
meguro,目黒区,77.8,4,0.8,12,12,3.2,타워맨션,남서,1,1,1,0,2025,2,20400,262.2107969151671,19.45,1.0,도보권,신축,5
nakano,中野区,73.9,2,6.1,4,9,15.7,타워맨션,동,0,0,0,0,2023,2,7790,105.4127198917456,36.95,0.4444444444444444,원거리,준신축,0
meguro,目黒区,58.8,2,10.3,10,10,1.0,빌라,동,0,1,0,0,2023,8,9510,161.73469387755102,29.4,1.0,역세권,준신축,1
chiyoda,千代田区,102.0,4,11.4,6,15,1.0,아파트,남,0,1,1,0,2022,8,27140,266.078431372549,25.5,0.4,역세권,준신축,3
taito,台東区,20.0,1,8.1,7,8,5.5,아파트,남,0,0,0,0,2021,10,1960,98.0,20.0,0.875,도보권,준신축,0
meguro,目黒区,111.9,5,19.6,2,19,1.5,아파트,남,0,1,0,0,2025,8,14170,126.63092046470062,22.380000000000003,0.10526315789473684,역세권,중고,1
setagaya,世田谷区,76.2,3,16.3,1,9,15.5,아파트,북,1,0,1,0,2025,5,7000,91.86351706036746,25.400000000000002,0.1111111111111111,원거리,중고,4
katsushika,葛飾区,86.0,3,23.5,10,14,5.4,맨션,북동,0,1,0,0,2022,8,4490,52.2093023255814,28.666666666666668,0.7142857142857143,도보권,중고,1
chiyoda,千代田区,122.9,6,50.9,1,19,21.9,맨션,서,1,0,0,0,2022,7,11220,91.29373474369406,20.483333333333334,0.05263157894736842,원거리,노후,2
ota,大田区,93.7,4,11.7,1,17,4.9,아파트,남,1,1,0,0,2025,11,10030,107.04375667022411,23.425,0.058823529411764705,도보권,준신축,3
minato,港区,69.2,3,40.2,14,14,1.0,맨션,남동,1,1,0,1,2023,5,15520,224.27745664739882,23.066666666666666,1.0,역세권,노후,4
setagaya,世田谷区,32.4,1,1.1,14,17,2.8,아파트,남동,0,1,1,0,2024,9,5080,156.79012345679013,32.4,0.8235294117647058,역세권,신축,3
shinagawa,品川区,80.2,4,21.0,1,3,1.0,빌라,북,0,1,0,1,2023,5,9190,114.58852867830423,20.05,0.3333333333333333,역세권,중고,2
nakano,中野区,57.9,2,3.6,10,19,11.2,아파트,동,0,1,0,0,2022,9,5850,101.03626943005182,28.95,0.5263157894736842,버스권,신축,1
nerima,練馬区,34.9,1,25.3,13,13,3.1,맨션,남동,0,0,1,1,2022,7,2210,63.32378223495702,34.9,1.0,도보권,중고,3
chiyoda,千代田区,100.3,4,0.2,4,7,1.5,타워맨션,남동,1,1,1,0,2022,2,37450,373.37986041874376,25.075,0.5714285714285714,역세권,신축,5
minato,港区,88.5,3,15.6,10,10,1.0,아파트,남동,0,1,0,0,2021,8,21690,245.08474576271186,29.5,1.0,역세권,중고,1
arakawa,荒川区,62.8,2,6.9,7,13,1.0,타워맨션,남,1,1,0,0,2023,2,8390,133.59872611464968,31.4,0.5384615384615384,역세권,준신축,3
minato,港区,48.0,2,6.7,2,10,1.5,타워맨션,서,1,0,0,0,2025,7,18760,390.8333333333333,24.0,0.2,역세권,준신축,2
koto,江東区,61.4,3,3.3,13,15,10.9,맨션,동,0,0,0,0,2025,6,7390,120.35830618892508,20.466666666666665,0.8666666666666667,버스권,신축,0
shinagawa,品川区,53.4,2,0.5,3,18,8.6,아파트,북동,0,0,1,0,2024,10,7090,132.77153558052436,26.7,0.16666666666666666,버스권,신축,2
toshima,豊島区,48.3,2,34.7,10,15,10.9,아파트,북서,0,0,0,1,2024,6,3420,70.80745341614907,24.15,0.6666666666666666,버스권,노후,1
ota,大田区,103.7,5,5.1,14,19,5.7,아파트,서,0,0,0,0,2021,1,9320,89.87463837994214,20.740000000000002,0.7368421052631579,도보권,준신축,0
kita,北区,101.6,5,3.1,11,11,2.1,빌라,남동,0,1,0,0,2025,4,8050,79.23228346456693,20.32,1.0,역세권,신축,1
chuo,中央区,79.1,4,57.4,5,14,3.6,빌라,북동,0,0,0,0,2024,7,8010,101.26422250316057,19.775,0.35714285714285715,도보권,노후,0
ota,大田区,96.3,4,60.0,12,19,2.4,빌라,남,0,1,1,0,2025,3,4760,49.428868120456904,24.075,0.631578947368421,역세권,노후,3
koto,江東区,49.9,2,19.6,12,15,1.0,아파트,남동,0,1,0,1,2022,7,4280,85.77154308617234,24.95,0.8,역세권,중고,2
nakano,中野区,77.9,4,1.5,3,3,9.0,타워맨션,서,0,1,0,1,2023,6,11450,146.98331193838254,19.475,1.0,버스권,신축,2
ota,大田区,46.5,2,15.9,13,13,13.3,맨션,남,1,1,1,0,2025,5,5060,108.81720430107526,23.25,1.0,버스권,중고,5
edogawa,江戸川区,49.3,2,39.7,5,7,13.2,맨션,남,0,0,0,0,2023,4,2010,40.77079107505071,24.65,0.7142857142857143,버스권,노후,0
toshima,豊島区,35.2,1,2.9,11,19,1.0,아파트,북동,0,1,0,0,2025,12,5370,152.55681818181816,35.2,0.5789473684210527,역세권,신축,1
shibuya,渋谷区,20.0,2,17.9,8,13,19.1,아파트,남동,0,1,0,0,2020,12,2440,122.0,10.0,0.6153846153846154,원거리,중고,1
meguro,目黒区,65.7,4,17.0,5,6,4.2,맨션,북서,0,1,1,0,2023,4,10330,157.2298325722983,16.425,0.8333333333333334,도보권,중고,3
kita,北区,106.6,5,10.9,4,5,18.3,아파트,동,0,1,0,0,2025,1,7410,69.51219512195122,21.32,0.8,원거리,준신축,1
ota,大田区,88.9,4,3.5,2,6,11.6,아파트,동,1,1,1,0,2023,10,8200,92.23847019122609,22.225,0.3333333333333333,버스권,신축,5
minato,港区,75.2,4,0.8,14,16,14.6,아파트,남서,1,1,1,0,2023,3,18840,250.531914893617,18.8,0.875,버스권,신축,5
kita,北区,112.8,5,1.5,13,19,5.7,빌라,남,1,1,1,0,2022,8,10690,94.76950354609929,22.56,0.6842105263157895,도보권,신축,5
nerima,練馬区,42.0,2,1.7,8,17,3.1,맨션,남서,0,1,0,1,2022,11,4220,100.47619047619048,21.0,0.47058823529411764,도보권,신축,2
koto,江東区,65.4,3,1.6,5,13,6.2,아파트,북서,1,1,1,0,2022,3,6980,106.72782874617737,21.8,0.38461538461538464,도보권,신축,5
nakano,中野区,60.3,2,7.0,8,10,1.0,아파트,북동,1,1,0,0,2021,8,5760,95.5223880597015,30.15,0.8,역세권,준신축,3
taito,台東区,32.3,1,21.1,12,12,12.8,맨션,남,0,1,1,0,2025,4,3300,102.1671826625387,32.3,1.0,버스권,중고,3
shinagawa,品川区,114.7,5,9.3,5,17,2.3,아파트,남서,1,0,0,0,2025,7,15770,137.48910200523105,22.94,0.29411764705882354,역세권,준신축,2
toshima,豊島区,75.2,2,12.8,8,12,17.8,아파트,북,0,1,0,0,2021,2,6270,83.37765957446808,37.6,0.6666666666666666,원거리,준신축,1
taito,台東区,53.9,3,17.4,5,10,5.3,맨션,북서,0,1,0,0,2021,7,4700,87.19851576994435,17.966666666666665,0.5,도보권,중고,1
taito,台東区,62.2,3,5.8,12,12,6.5,아파트,남동,1,0,1,1,2025,8,8730,140.35369774919613,20.733333333333334,1.0,도보권,준신축,5
meguro,目黒区,34.3,1,2.3,14,16,4.4,아파트,북동,0,1,0,0,2025,8,6560,191.2536443148688,34.3,0.875,도보권,신축,1
sumida,墨田区,69.6,4,13.0,7,7,10.1,빌라,동,0,1,1,1,2023,10,6010,86.35057471264369,17.4,1.0,버스권,준신축,4
minato,港区,34.9,1,3.8,5,6,1.7,맨션,남서,0,1,1,0,2025,6,13180,377.65042979942695,34.9,0.8333333333333334,역세권,신축,3
sumida,墨田区,27.8,1,3.7,5,18,9.7,아파트,서,0,1,0,0,2023,1,2530,91.00719424460432,27.8,0.2777777777777778,버스권,신축,1
chiyoda,千代田区,20.0,1,6.2,12,18,6.0,맨션,서,1,1,0,0,2021,11,5500,275.0,20.0,0.6666666666666666,도보권,준신축,3
kita,北区,67.9,3,15.7,10,18,15.4,아파트,동,0,1,0,1,2025,4,4300,63.32842415316642,22.633333333333336,0.5555555555555556,원거리,중고,2
suginami,杉並区,54.5,2,12.6,4,7,6.2,아파트,남동,0,1,0,0,2023,1,5650,103.6697247706422,27.25,0.5714285714285714,도보권,준신축,1
chuo,中央区,20.0,1,6.5,6,11,24.8,맨션,남동,1,1,0,0,2022,11,3580,179.0,20.0,0.5454545454545454,원거리,준신축,3
chiyoda,千代田区,53.6,3,18.6,10,13,12.9,아파트,남서,0,0,1,0,2024,7,8400,156.71641791044775,17.866666666666667,0.7692307692307693,버스권,중고,2
nakano,中野区,39.8,2,3.5,4,19,5.3,아파트,남동,0,1,0,1,2021,2,4090,102.76381909547739,19.9,0.21052631578947367,도보권,신축,2
shibuya,渋谷区,38.3,1,2.5,10,17,6.1,타워맨션,남동,0,1,1,1,2022,4,12540,327.4151436031332,38.3,0.5882352941176471,도보권,신축,4
taito,台東区,42.1,1,7.5,10,14,1.4,아파트,북,1,1,0,0,2025,2,5510,130.87885985748218,42.1,0.7142857142857143,역세권,준신축,3
itabashi,板橋区,58.5,2,19.6,7,8,5.0,아파트,남,0,1,0,1,2021,4,4120,70.42735042735043,29.25,0.875,도보권,중고,2
minato,港区,91.7,3,1.7,13,14,9.1,타워맨션,북서,0,0,0,0,2025,4,28230,307.85169029443836,30.566666666666666,0.9285714285714286,버스권,신축,0
suginami,杉並区,56.3,2,16.9,13,17,13.8,맨션,서,0,1,1,0,2023,4,5980,106.21669626998224,28.15,0.7647058823529411,버스권,중고,3
shinagawa,品川区,29.5,1,7.1,1,13,1.3,맨션,남서,0,1,0,0,2023,2,5270,178.64406779661016,29.5,0.07692307692307693,역세권,준신축,1
shibuya,渋谷区,91.9,4,14.8,10,15,2.4,맨션,북서,0,1,0,0,2023,7,18350,199.67355821545158,22.975,0.6666666666666666,역세권,준신축,1
toshima,豊島区,88.6,4,34.9,5,16,2.4,맨션,남서,0,1,1,0,2021,10,7460,84.19864559819413,22.15,0.3125,역세권,노후,3
arakawa,荒川区,50.0,2,10.6,10,11,9.2,맨션,남동,1,1,1,0,2022,8,4360,87.2,25.0,0.9090909090909091,버스권,준신축,5
shinagawa,品川区,63.9,4,1.1,6,17,16.1,맨션,남동,0,1,1,0,2025,9,10680,167.1361502347418,15.975,0.35294117647058826,원거리,신축,3
minato,港区,26.4,1,16.9,6,8,6.1,아파트,서,0,1,0,1,2024,3,6290,238.25757575757578,26.4,0.75,도보권,중고,2
toshima,豊島区,31.0,1,3.4,5,12,3.8,아파트,남서,0,0,0,0,2025,11,3350,108.06451612903226,31.0,0.4166666666666667,도보권,신축,0
bunkyo,文京区,55.7,2,0.5,11,15,14.4,아파트,서,0,1,1,0,2023,11,7820,140.39497307001795,27.85,0.7333333333333333,버스권,신축,3
katsushika,葛飾区,67.5,3,11.4,2,5,3.8,아파트,북,0,1,0,1,2021,7,3010,44.592592592592595,22.5,0.4,도보권,준신축,2
meguro,目黒区,51.7,2,12.1,7,8,2.3,아파트,동,1,0,1,0,2025,9,10690,206.76982591876208,25.85,0.875,역세권,준신축,4
ota,大田区,86.2,3,1.2,10,11,10.3,아파트,남서,1,1,1,0,2025,5,9810,113.80510440835266,28.733333333333334,0.9090909090909091,버스권,신축,5
katsushika,葛飾区,74.2,3,45.4,10,15,1.5,아파트,남,0,1,1,0,2022,7,2630,35.44474393530997,24.733333333333334,0.6666666666666666,역세권,노후,3
suginami,杉並区,26.3,1,4.1,7,18,1.9,아파트,북서,1,0,1,0,2021,7,2970,112.92775665399239,26.3,0.3888888888888889,역세권,신축,4
meguro,目黒区,48.5,2,15.9,5,8,6.3,아파트,북동,0,1,1,0,2022,1,6840,141.03092783505156,24.25,0.625,도보권,중고,3
chiyoda,千代田区,90.4,4,3.5,1,19,2.9,아파트,북동,1,1,0,1,2023,10,25130,277.9867256637168,22.6,0.05263157894736842,역세권,신축,4
meguro,目黒区,76.2,3,12.2,5,16,1.5,맨션,남,0,1,1,0,2025,8,15170,199.0813648293963,25.400000000000002,0.3125,역세권,준신축,3
kita,北区,41.5,1,18.0,11,15,1.1,맨션,남,1,1,0,1,2023,9,3500,84.33734939759036,41.5,0.7333333333333333,역세권,중고,4
nakano,中野区,83.0,4,20.5,7,14,10.4,맨션,남,1,0,1,0,2023,1,9590,115.5421686746988,20.75,0.5,버스권,중고,4
meguro,目黒区,97.0,4,36.8,13,13,1.0,아파트,서,0,1,0,0,2022,3,8080,83.29896907216495,24.25,1.0,역세권,노후,1
bunkyo,文京区,65.6,3,17.7,14,16,2.5,아파트,북서,0,1,0,1,2023,4,7450,113.56707317073172,21.866666666666664,0.875,역세권,중고,2
suginami,杉並区,101.3,5,6.2,13,14,9.4,맨션,남,0,1,1,0,2022,10,14720,145.31095755182625,20.259999999999998,0.9285714285714286,버스권,준신축,3
kita,北区,20.3,1,18.1,4,4,3.0,맨션,북,1,0,0,0,2021,9,1480,72.90640394088669,20.3,1.0,역세권,중고,2
shibuya,渋谷区,84.5,4,5.0,13,16,6.0,아파트,남동,1,1,0,0,2024,8,17960,212.54437869822485,21.125,0.8125,도보권,신축,3
ota,大田区,72.2,3,60.0,6,13,13.7,맨션,서,0,0,0,0,2022,8,3670,50.83102493074792,24.066666666666666,0.46153846153846156,버스권,노후,0
nakano,中野区,69.3,4,1.6,1,10,2.4,아파트,남서,1,0,1,0,2022,11,8050,116.16161616161617,17.325,0.1,역세권,신축,4
nerima,練馬区,94.8,4,15.2,6,13,16.4,아파트,남,1,0,0,0,2025,6,6830,72.0464135021097,23.7,0.46153846153846156,원거리,중고,2
katsushika,葛飾区,70.1,3,0.9,11,12,3.4,아파트,동,1,1,1,0,2024,11,5200,74.17974322396577,23.366666666666664,0.9166666666666666,도보권,신축,5
edogawa,江戸川区,43.4,1,5.5,3,5,14.6,타워맨션,북서,0,1,1,0,2023,12,3410,78.57142857142857,43.4,0.6,버스권,준신축,3
edogawa,江戸川区,107.7,5,2.1,12,19,5.6,아파트,서,0,1,0,0,2022,7,7900,73.3519034354689,21.54,0.631578947368421,도보권,신축,1
edogawa,江戸川区,45.6,2,20.1,11,17,1.0,아파트,남서,1,1,1,0,2023,8,2410,52.85087719298245,22.8,0.6470588235294118,역세권,중고,5
bunkyo,文京区,101.0,3,4.5,3,17,1.0,타워맨션,북,0,1,0,0,2021,7,16820,166.53465346534654,33.666666666666664,0.17647058823529413,역세권,신축,1
shinjuku,新宿区,33.7,1,1.4,2,5,4.3,맨션,남동,1,1,0,0,2023,12,6450,191.3946587537092,33.7,0.4,도보권,신축,3
itabashi,板橋区,64.8,3,0.2,2,9,1.0,빌라,남동,0,1,1,0,2025,9,5940,91.66666666666667,21.599999999999998,0.2222222222222222,역세권,신축,3
meguro,目黒区,103.8,5,11.5,4,13,2.5,아파트,남,0,1,1,0,2022,5,18450,177.7456647398844,20.759999999999998,0.3076923076923077,역세권,준신축,3
edogawa,江戸川区,80.1,4,2.5,9,13,14.1,맨션,남동,1,1,0,0,2020,12,7000,87.39076154806493,20.025,0.6923076923076923,버스권,신축,3
minato,港区,83.2,4,2.9,13,15,1.4,아파트,남,0,0,1,0,2023,5,24120,289.90384615384613,20.8,0.8666666666666667,역세권,신축,2
koto,江東区,94.8,5,39.1,12,18,7.3,아파트,서,0,1,0,0,2022,4,5040,53.164556962025316,18.96,0.6666666666666666,버스권,노후,1
sumida,墨田区,96.4,4,15.9,3,4,19.4,아파트,남,1,0,0,0,2024,8,6810,70.64315352697095,24.1,0.75,원거리,중고,2
shibuya,渋谷区,61.9,3,4.4,6,8,4.2,맨션,남,1,0,0,0,2023,10,14350,231.82552504038773,20.633333333333333,0.75,도보권,신축,2
arakawa,荒川区,73.7,3,16.4,5,10,4.8,아파트,남동,0,0,0,0,2021,12,4480,60.78697421981004,24.566666666666666,0.5,도보권,중고,0
chuo,中央区,41.7,1,7.6,10,17,16.7,타워맨션,남,0,1,0,0,2024,1,8630,206.95443645083932,41.7,0.5882352941176471,원거리,준신축,1
toshima,豊島区,41.2,1,55.2,9,14,1.0,아파트,남서,0,1,1,0,2021,9,2420,58.7378640776699,41.2,0.6428571428571429,역세권,노후,3
minato,港区,62.9,3,6.3,14,17,4.4,타워맨션,동,0,1,0,0,2021,8,20810,330.8426073131956,20.966666666666665,0.8235294117647058,도보권,준신축,1
suginami,杉並区,49.3,2,12.2,9,19,4.6,아파트,동,0,1,1,0,2021,10,4920,99.79716024340772,24.65,0.47368421052631576,도보권,준신축,3
setagaya,世田谷区,89.1,4,2.2,2,19,20.6,아파트,서,0,0,1,0,2023,3,8830,99.10213243546578,22.275,0.10526315789473684,원거리,신축,2
chuo,中央区,21.0,1,19.6,14,15,1.4,맨션,동,0,1,1,1,2023,10,4680,222.85714285714286,21.0,0.9333333333333333,역세권,중고,4
koto,江東区,45.1,1,4.1,4,10,1.0,아파트,남,0,0,0,0,2023,2,4090,90.68736141906874,45.1,0.4,역세권,신축,0
nakano,中野区,55.1,3,44.0,6,10,3.8,맨션,남서,0,0,0,0,2022,4,3790,68.78402903811252,18.366666666666667,0.6,도보권,노후,0
ota,大田区,65.5,3,41.7,3,7,9.7,맨션,남,0,0,1,0,2025,5,3350,51.14503816793893,21.833333333333332,0.42857142857142855,버스권,노후,2
minato,港区,146.5,6,30.9,2,12,30.0,아파트,서,0,0,1,0,2021,3,15120,103.20819112627986,24.416666666666668,0.16666666666666666,원거리,노후,2
minato,港区,30.4,1,1.0,13,18,8.9,타워맨션,서,1,1,0,0,2024,8,11060,363.8157894736842,30.4,0.7222222222222222,버스권,신축,3
chuo,中央区,85.9,4,5.2,14,19,13.2,맨션,남서,0,1,0,1,2023,7,22850,266.0069848661234,21.475,0.7368421052631579,버스권,준신축,2
itabashi,板橋区,84.7,3,1.1,3,16,1.0,빌라,동,0,0,1,0,2024,11,5820,68.71310507674144,28.233333333333334,0.1875,역세권,신축,2
nakano,中野区,73.4,4,6.4,4,9,15.9,아파트,서,0,1,0,0,2024,12,6260,85.28610354223433,18.35,0.4444444444444444,원거리,준신축,1
shibuya,渋谷区,48.2,2,5.6,9,15,6.6,타워맨션,북,0,1,0,0,2021,10,11330,235.0622406639004,24.1,0.6,도보권,준신축,1
minato,港区,26.9,1,32.1,11,13,1.0,아파트,동,1,1,1,0,2024,8,6460,240.14869888475837,26.9,0.8461538461538461,역세권,노후,5
meguro,目黒区,93.9,3,1.4,1,15,16.2,아파트,남,0,0,1,0,2021,6,11680,124.38764643237486,31.3,0.06666666666666667,원거리,신축,2
meguro,目黒区,74.7,3,4.5,4,16,2.3,아파트,남,0,1,1,0,2025,5,16310,218.3400267737617,24.900000000000002,0.25,역세권,신축,3
bunkyo,文京区,51.3,2,17.1,10,13,2.1,아파트,북동,0,0,1,0,2023,4,6500,126.7056530214425,25.65,0.7692307692307693,역세권,중고,2
katsushika,葛飾区,88.6,3,11.0,6,9,12.2,타워맨션,남서,0,1,1,0,2021,2,6620,74.71783295711062,29.53333333333333,0.6666666666666666,버스권,준신축,3
taito,台東区,39.6,2,1.1,9,15,1.0,아파트,남,0,0,0,0,2022,5,4680,118.18181818181817,19.8,0.6,역세권,신축,0
ota,大田区,50.2,1,16.3,11,14,1.0,빌라,남,1,1,0,0,2021,1,3700,73.70517928286853,50.2,0.7857142857142857,역세권,중고,3
kita,北区,79.2,3,4.7,3,10,10.9,맨션,남서,0,1,0,1,2021,9,6090,76.89393939393939,26.400000000000002,0.3,버스권,신축,2
bunkyo,文京区,80.5,4,47.1,14,18,5.1,맨션,동,1,1,0,0,2025,1,7870,97.7639751552795,20.125,0.7777777777777778,도보권,노후,3
taito,台東区,38.9,2,41.2,5,18,7.4,아파트,서,0,0,1,1,2021,10,1850,47.55784061696658,19.45,0.2777777777777778,버스권,노후,3
toshima,豊島区,62.5,3,11.3,4,7,1.0,타워맨션,남서,1,0,0,0,2021,1,8150,130.4,20.833333333333332,0.5714285714285714,역세권,준신축,2
chuo,中央区,98.1,5,34.3,8,16,4.5,맨션,서,0,1,1,0,2024,8,15130,154.23037716615698,19.619999999999997,0.5,도보권,노후,3
chuo,中央区,49.5,3,2.3,6,14,1.0,빌라,남동,0,1,0,0,2021,2,11150,225.25252525252526,16.5,0.42857142857142855,역세권,신축,1
setagaya,世田谷区,60.6,2,13.0,11,15,14.4,맨션,북동,1,1,0,0,2022,10,7160,118.15181518151815,30.3,0.7333333333333333,버스권,준신축,3
shinagawa,品川区,31.7,1,28.7,2,10,12.2,아파트,동,0,1,1,0,2023,8,3120,98.42271293375394,31.7,0.2,버스권,중고,3
setagaya,世田谷区,88.4,4,17.1,8,19,1.0,맨션,동,1,1,0,0,2024,7,13050,147.62443438914025,22.1,0.42105263157894735,역세권,중고,3
suginami,杉並区,70.2,2,0.7,7,9,12.8,맨션,북,1,1,0,0,2021,9,8200,116.8091168091168,35.1,0.7777777777777778,버스권,신축,3
chiyoda,千代田区,76.3,3,4.7,6,18,30.0,맨션,북서,0,1,1,1,2023,7,15880,208.12581913499346,25.433333333333334,0.3333333333333333,원거리,신축,4
bunkyo,文京区,86.5,4,14.9,12,13,4.6,맨션,남,0,1,1,0,2021,11,13000,150.28901734104045,21.625,0.9230769230769231,도보권,준신축,3
bunkyo,文京区,50.5,2,15.4,11,15,1.4,아파트,북,0,1,1,0,2023,1,6000,118.81188118811882,25.25,0.7333333333333333,역세권,중고,3
chiyoda,千代田区,31.9,1,5.0,6,11,3.0,아파트,남,1,0,0,0,2022,1,7360,230.72100313479626,31.9,0.5454545454545454,역세권,신축,2
suginami,杉並区,73.1,4,2.2,9,17,14.1,아파트,남,1,1,0,0,2023,8,9030,123.5294117647059,18.275,0.5294117647058824,버스권,신축,3
chiyoda,千代田区,28.1,1,7.3,9,17,1.0,맨션,북동,0,1,1,0,2024,1,7630,271.53024911032026,28.1,0.5294117647058824,역세권,준신축,3
sumida,墨田区,49.6,2,7.7,7,9,1.0,아파트,서,0,1,0,0,2022,12,4600,92.74193548387096,24.8,0.7777777777777778,역세권,준신축,1
bunkyo,文京区,42.7,2,23.8,14,17,3.3,타워맨션,북동,0,0,1,0,2021,8,5520,129.27400468384073,21.35,0.8235294117647058,도보권,중고,2
shibuya,渋谷区,101.2,4,22.4,1,13,13.1,맨션,서,0,1,1,0,2023,9,14390,142.19367588932806,25.3,0.07692307692307693,버스권,중고,3
bunkyo,文京区,77.2,4,10.4,5,19,5.7,빌라,서,0,0,0,0,2023,10,8230,106.60621761658031,19.3,0.2631578947368421,도보권,준신축,0
chiyoda,千代田区,42.6,2,2.0,9,18,1.8,아파트,남동,1,0,1,0,2021,1,11690,274.4131455399061,21.3,0.5,역세권,신축,4
koto,江東区,89.4,3,49.1,8,8,1.6,타워맨션,동,0,1,0,0,2024,1,6770,75.72706935123043,29.8,1.0,역세권,노후,1
chuo,中央区,43.7,1,21.7,3,3,25.2,타워맨션,남,0,0,1,0,2022,11,6410,146.68192219679634,43.7,1.0,원거리,중고,2
toshima,豊島区,52.4,3,18.8,14,17,6.9,맨션,남서,0,1,0,1,2022,6,5690,108.58778625954199,17.466666666666665,0.8235294117647058,도보권,중고,2
kita,北区,104.2,6,35.1,3,12,1.0,아파트,남동,0,1,1,1,2023,11,5160,49.520153550863725,17.366666666666667,0.25,역세권,노후,4
sumida,墨田区,35.5,2,2.2,14,16,4.7,빌라,남서,0,0,1,0,2022,8,3430,96.61971830985915,17.75,0.875,도보권,신축,2
meguro,目黒区,59.4,2,14.7,8,17,3.9,아파트,서,0,1,0,0,2021,1,7750,130.47138047138048,29.7,0.47058823529411764,도보권,준신축,1
chiyoda,千代田区,65.0,2,4.7,14,18,5.7,타워맨션,북서,0,0,0,0,2023,11,20730,318.9230769230769,32.5,0.7777777777777778,도보권,신축,0
suginami,杉並区,65.9,3,22.3,1,16,30.0,아파트,북서,0,1,1,0,2023,8,3730,56.60091047040971,21.96666666666667,0.0625,원거리,중고,3
shinjuku,新宿区,53.4,2,23.8,7,7,1.7,맨션,북서,1,1,0,1,2023,7,7250,135.7677902621723,26.7,1.0,역세권,중고,4
shinagawa,品川区,44.3,2,22.1,7,16,5.9,아파트,남서,0,0,1,0,2025,10,6310,142.43792325056435,22.15,0.4375,도보권,중고,2
chiyoda,千代田区,72.6,3,30.2,9,16,1.0,아파트,남,1,1,1,0,2024,5,16020,220.6611570247934,24.2,0.5625,역세권,노후,5
chuo,中央区,82.7,4,41.8,9,11,2.8,아파트,남동,0,1,1,0,2021,3,11090,134.09915356711002,20.675,0.8181818181818182,역세권,노후,3
suginami,杉並区,77.4,4,6.0,13,14,4.0,아파트,남서,1,1,1,0,2024,8,10780,139.2764857881137,19.35,0.9285714285714286,도보권,준신축,5
chuo,中央区,86.5,4,16.5,13,19,4.1,맨션,서,1,0,0,0,2021,7,17850,206.35838150289018,21.625,0.6842105263157895,도보권,중고,2
shibuya,渋谷区,70.7,3,1.7,6,9,15.1,아파트,남동,0,1,0,0,2024,3,11120,157.2842998585573,23.566666666666666,0.6666666666666666,원거리,신축,1
itabashi,板橋区,68.5,3,11.3,14,16,1.0,맨션,남,0,1,1,0,2024,7,6610,96.4963503649635,22.833333333333332,0.875,역세권,준신축,3
shinjuku,新宿区,48.5,2,34.9,10,16,4.3,타워맨션,동,1,0,1,0,2022,10,5840,120.41237113402062,24.25,0.625,도보권,노후,4
shinjuku,新宿区,70.6,3,8.7,14,19,11.9,타워맨션,남,0,0,0,1,2023,1,14600,206.7988668555241,23.53333333333333,0.7368421052631579,버스권,준신축,1
bunkyo,文京区,85.3,4,9.3,1,16,6.5,아파트,북동,0,1,0,0,2025,9,11470,134.46658851113716,21.325,0.0625,도보권,준신축,1
nakano,中野区,79.4,3,31.5,6,6,3.0,맨션,남,0,1,0,0,2022,9,6060,76.32241813602015,26.46666666666667,1.0,역세권,노후,1
shinagawa,品川区,45.8,2,13.6,10,12,4.7,아파트,남,0,1,0,1,2021,1,6270,136.8995633187773,22.9,0.8333333333333334,도보권,준신축,2
setagaya,世田谷区,80.5,3,19.3,4,16,4.1,아파트,남서,0,1,0,0,2022,7,7920,98.38509316770187,26.833333333333332,0.25,도보권,중고,1
shibuya,渋谷区,91.8,4,4.7,10,13,1.2,타워맨션,남동,1,0,1,1,2022,3,33590,365.9041394335512,22.95,0.7692307692307693,역세권,신축,5
nerima,練馬区,42.8,1,1.4,5,13,20.2,맨션,북,0,1,1,0,2021,8,2600,60.74766355140187,42.8,0.38461538461538464,원거리,신축,3
nerima,練馬区,66.9,2,30.0,4,17,3.5,아파트,동,0,1,0,0,2024,11,3830,57.24962630792227,33.45,0.23529411764705882,도보권,중고,1
chuo,中央区,88.8,4,17.4,9,10,1.0,빌라,남,0,1,1,0,2021,3,17240,194.14414414414415,22.2,0.9,역세권,중고,3
shinagawa,品川区,81.8,3,2.2,4,4,6.8,타워맨션,북서,0,1,0,0,2021,2,14270,174.44987775061125,27.266666666666666,1.0,도보권,신축,1
minato,港区,74.6,3,55.3,12,14,5.3,아파트,남서,1,1,0,0,2025,3,11930,159.91957104557642,24.866666666666664,0.8571428571428571,도보권,노후,3
kita,北区,61.0,3,9.5,9,14,7.5,아파트,북,1,1,1,1,2023,8,5200,85.24590163934427,20.333333333333332,0.6428571428571429,버스권,준신축,6
adachi,足立区,60.4,3,4.7,13,19,12.0,맨션,북동,0,1,1,0,2023,6,4220,69.86754966887418,20.133333333333333,0.6842105263157895,버스권,신축,3
setagaya,世田谷区,61.6,3,2.1,10,19,1.0,아파트,서,0,1,1,0,2022,1,8830,143.34415584415584,20.533333333333335,0.5263157894736842,역세권,신축,3
toshima,豊島区,62.5,2,31.9,12,14,1.0,아파트,서,0,1,0,0,2022,8,5090,81.44,31.25,0.8571428571428571,역세권,노후,1
shibuya,渋谷区,62.7,2,0.7,13,17,2.8,아파트,남,0,0,1,1,2022,5,16610,264.91228070175436,31.35,0.7647058823529411,역세권,신축,3
itabashi,板橋区,51.2,2,12.4,3,14,5.5,맨션,북서,0,1,0,0,2021,1,3050,59.5703125,25.6,0.21428571428571427,도보권,준신축,1
nakano,中野区,58.6,3,4.7,1,9,12.3,아파트,남,0,0,0,0,2024,3,5910,100.8532423208191,19.533333333333335,0.1111111111111111,버스권,신축,0
shinagawa,品川区,79.5,3,7.3,13,17,6.7,맨션,서,0,0,0,0,2025,6,15980,201.0062893081761,26.5,0.7647058823529411,도보권,준신축,0
kita,北区,86.4,5,0.3,7,16,6.1,맨션,서,1,1,0,1,2021,10,7110,82.29166666666666,17.28,0.4375,도보권,신축,4
sumida,墨田区,70.1,3,3.7,5,7,12.0,아파트,동,0,1,0,0,2022,3,5550,79.17261055634808,23.366666666666664,0.7142857142857143,버스권,신축,1
setagaya,世田谷区,81.6,3,28.7,14,18,11.8,아파트,동,0,0,1,0,2024,12,7910,96.93627450980392,27.2,0.7777777777777778,버스권,중고,2
setagaya,世田谷区,95.2,3,0.9,11,19,3.1,아파트,남동,1,1,0,0,2023,9,13540,142.2268907563025,31.733333333333334,0.5789473684210527,도보권,신축,3
arakawa,荒川区,50.5,3,30.8,5,11,5.7,타워맨션,동,0,1,1,0,2024,9,3730,73.86138613861387,16.833333333333332,0.45454545454545453,도보권,노후,3
shibuya,渋谷区,46.7,2,7.5,9,9,2.0,타워맨션,남동,0,1,1,0,2022,3,14650,313.70449678800856,23.35,1.0,역세권,준신축,3
koto,江東区,36.3,1,4.0,8,10,6.9,맨션,남,0,1,1,0,2023,4,4310,118.73278236914601,36.3,0.8,도보권,신축,3
toshima,豊島区,77.0,4,4.3,5,5,1.0,아파트,북동,1,0,0,0,2024,4,8730,113.37662337662337,19.25,1.0,역세권,신축,2
arakawa,荒川区,56.7,2,3.5,11,12,1.0,맨션,남,0,1,0,0,2024,7,5620,99.11816578483244,28.35,0.9166666666666666,역세권,신축,1
shinagawa,品川区,72.3,4,0.6,13,18,5.1,아파트,서,1,1,0,0,2024,2,12760,176.4868603042877,18.075,0.7222222222222222,도보권,신축,3
taito,台東区,124.8,6,26.2,12,16,1.0,맨션,동,1,0,0,1,2021,1,13900,111.37820512820512,20.8,0.75,역세권,중고,3
katsushika,葛飾区,71.8,3,18.5,11,13,5.6,빌라,남동,0,1,0,0,2022,8,3010,41.922005571030645,23.933333333333334,0.8461538461538461,도보권,중고,1
toshima,豊島区,92.7,4,1.2,4,7,3.2,빌라,북동,0,1,1,0,2024,2,9950,107.33549083063646,23.175,0.5714285714285714,도보권,신축,3
toshima,豊島区,78.6,3,13.6,6,14,7.6,맨션,북서,0,1,0,0,2022,7,7680,97.70992366412214,26.2,0.42857142857142855,버스권,준신축,1
arakawa,荒川区,65.5,3,1.3,13,16,1.0,아파트,남,0,0,1,1,2023,1,6860,104.73282442748092,21.833333333333332,0.8125,역세권,신축,3
shinagawa,品川区,52.9,2,2.4,4,16,18.6,맨션,남동,0,0,1,0,2025,7,8030,151.79584120982986,26.45,0.25,원거리,신축,2
meguro,目黒区,91.7,5,20.8,1,7,5.1,맨션,남,1,0,1,1,2025,5,15350,167.39367502726282,18.34,0.14285714285714285,도보권,중고,5
meguro,目黒区,29.1,2,2.5,9,17,1.3,맨션,서,0,1,1,0,2023,5,6020,206.87285223367698,14.55,0.5294117647058824,역세권,신축,3
minato,港区,70.0,4,4.8,12,13,1.1,맨션,동,0,1,1,0,2022,11,21040,300.57142857142856,17.5,0.9230769230769231,역세권,신축,3
chiyoda,千代田区,52.0,2,31.6,10,10,5.5,빌라,서,0,1,1,0,2022,7,7600,146.15384615384616,26.0,1.0,도보권,노후,3
toshima,豊島区,43.4,1,40.6,12,13,11.0,맨션,남,1,1,1,0,2021,4,3390,78.11059907834101,43.4,0.9230769230769231,버스권,노후,5
chiyoda,千代田区,56.4,2,4.4,13,13,5.1,빌라,서,0,0,0,0,2025,4,11730,207.97872340425533,28.2,1.0,도보권,신축,0
chiyoda,千代田区,89.7,4,9.7,9,9,10.6,맨션,동,0,1,0,0,2024,5,16450,183.38907469342251,22.425,1.0,버스권,준신축,1
nakano,中野区,72.1,3,4.0,14,15,1.0,아파트,남서,1,1,1,0,2025,2,10540,146.1858529819695,24.03333333333333,0.9333333333333333,역세권,신축,5
shibuya,渋谷区,101.3,5,10.7,1,13,8.8,맨션,남,0,1,0,0,2025,9,19760,195.06416584402766,20.259999999999998,0.07692307692307693,버스권,준신축,1
shinagawa,品川区,70.9,3,1.7,10,19,1.8,타워맨션,남서,1,0,1,0,2021,11,18350,258.81523272214383,23.633333333333336,0.5263157894736842,역세권,신축,4
minato,港区,58.7,3,18.0,6,15,10.7,맨션,남서,1,0,0,0,2021,12,10510,179.04599659284497,19.566666666666666,0.4,버스권,중고,2
setagaya,世田谷区,67.0,4,36.8,10,11,6.8,아파트,남,1,0,1,0,2021,9,5090,75.97014925373135,16.75,0.9090909090909091,도보권,노후,4
nakano,中野区,87.1,4,3.7,10,13,30.0,아파트,남,1,1,0,0,2022,3,9300,106.77382319173364,21.775,0.7692307692307693,원거리,신축,3
minato,港区,20.0,1,21.1,13,13,1.5,맨션,서,0,1,1,0,2022,6,5320,266.0,20.0,1.0,역세권,중고,3
shinjuku,新宿区,63.8,3,4.2,5,8,2.9,아파트,동,0,1,1,0,2024,3,10990,172.25705329153607,21.266666666666666,0.625,역세권,신축,3
suginami,杉並区,76.7,3,6.3,8,18,1.0,아파트,남,0,0,1,1,2022,4,9770,127.37940026075619,25.566666666666666,0.4444444444444444,역세권,준신축,3
chuo,中央区,76.9,3,31.4,7,14,14.8,아파트,남,1,1,1,0,2022,6,10760,139.92197659297787,25.633333333333336,0.5,버스권,노후,5
arakawa,荒川区,100.1,5,7.7,8,11,10.4,타워맨션,북서,0,1,0,0,2021,10,9490,94.80519480519482,20.02,0.7272727272727273,버스권,준신축,1
koto,江東区,101.3,5,22.8,6,16,2.9,아파트,남,0,1,1,0,2023,4,9070,89.5360315893386,20.259999999999998,0.375,역세권,중고,3
sumida,墨田区,20.0,1,7.9,9,11,14.0,아파트,남동,1,0,1,0,2021,8,1910,95.5,20.0,0.8181818181818182,버스권,준신축,4
nakano,中野区,89.9,4,27.0,9,16,5.8,아파트,남동,0,0,0,0,2022,5,6230,69.2992213570634,22.475,0.5625,도보권,중고,0
minato,港区,40.5,2,24.1,7,16,3.9,아파트,북동,0,0,1,0,2025,9,8190,202.22222222222223,20.25,0.4375,도보권,중고,2
chuo,中央区,50.6,3,23.5,7,14,1.7,아파트,남동,1,1,1,0,2024,7,9220,182.21343873517787,16.866666666666667,0.5,역세권,중고,5
shibuya,渋谷区,79.5,4,31.7,9,15,11.3,아파트,남동,0,1,1,0,2021,7,9040,113.71069182389937,19.875,0.6,버스권,노후,3
shibuya,渋谷区,42.1,1,19.8,2,10,10.6,맨션,북서,0,1,1,0,2024,11,5100,121.14014251781472,42.1,0.2,버스권,중고,3
arakawa,荒川区,84.4,4,8.8,9,14,3.6,아파트,남서,1,0,1,1,2021,7,6890,81.63507109004739,21.1,0.6428571428571429,도보권,준신축,5
chiyoda,千代田区,68.3,3,30.5,4,4,1.0,타워맨션,남동,1,1,0,1,2025,4,18180,266.17862371888725,22.766666666666666,1.0,역세권,노후,4
shinagawa,品川区,77.8,3,28.2,4,5,1.0,맨션,남동,0,1,1,0,2021,2,9090,116.83804627249357,25.933333333333334,0.8,역세권,중고,3
shinjuku,新宿区,69.7,3,14.1,2,9,6.2,아파트,남서,0,0,0,0,2024,5,10300,147.7761836441894,23.233333333333334,0.2222222222222222,도보권,준신축,0
shibuya,渋谷区,92.8,4,39.2,1,3,1.0,빌라,남동,0,1,1,0,2022,10,11100,119.61206896551724,23.2,0.3333333333333333,역세권,노후,3
koto,江東区,56.4,3,3.1,6,17,17.0,아파트,남,0,1,1,0,2023,9,5270,93.43971631205675,18.8,0.35294117647058826,원거리,신축,3
adachi,足立区,48.3,2,4.4,13,17,5.6,맨션,동,0,1,0,0,2024,4,3360,69.56521739130436,24.15,0.7647058823529411,도보권,신축,1
bunkyo,文京区,59.5,2,11.1,9,13,7.9,아파트,북,0,1,0,0,2025,3,6800,114.28571428571429,29.75,0.6923076923076923,버스권,준신축,1
minato,港区,49.1,3,37.8,2,6,8.3,맨션,남서,0,0,1,0,2022,4,6410,130.54989816700612,16.366666666666667,0.3333333333333333,버스권,노후,2
chiyoda,千代田区,96.3,5,23.0,1,8,3.2,맨션,북서,0,1,1,1,2023,1,18000,186.9158878504673,19.259999999999998,0.125,도보권,중고,4
bunkyo,文京区,93.9,4,15.4,3,4,7.2,아파트,남서,1,1,1,0,2022,5,11290,120.234291799787,23.475,0.75,버스권,중고,5
minato,港区,113.9,5,24.1,9,13,3.7,빌라,서,1,0,1,0,2022,7,21420,188.0597014925373,22.78,0.6923076923076923,도보권,중고,4
edogawa,江戸川区,75.7,3,10.2,10,12,8.9,아파트,동,0,1,0,1,2021,2,4860,64.2007926023778,25.233333333333334,0.8333333333333334,버스권,준신축,2
shibuya,渋谷区,97.9,3,7.6,12,13,30.0,아파트,동,1,1,1,0,2021,9,14480,147.90602655771195,32.63333333333333,0.9230769230769231,원거리,준신축,5
chiyoda,千代田区,52.0,3,38.4,4,5,8.6,빌라,동,0,1,1,0,2022,12,5360,103.07692307692308,17.333333333333332,0.8,버스권,노후,3
koto,江東区,59.4,2,54.0,11,14,1.0,빌라,동,0,0,1,0,2024,3,3160,53.1986531986532,29.7,0.7857142857142857,역세권,노후,2
itabashi,板橋区,63.2,2,7.9,4,16,2.5,아파트,동,0,0,0,0,2024,5,4430,70.09493670886076,31.6,0.25,역세권,준신축,0
shinjuku,新宿区,81.5,4,6.4,10,12,13.2,맨션,남,0,1,1,0,2023,3,13340,163.68098159509202,20.375,0.8333333333333334,버스권,준신축,3
shibuya,渋谷区,96.1,4,43.5,5,12,1.0,아파트,남,1,1,1,0,2021,8,12650,131.633714880333,24.025,0.4166666666666667,역세권,노후,5
shinagawa,品川区,42.3,1,16.6,2,19,2.3,맨션,남서,1,1,0,0,2024,9,7260,171.63120567375887,42.3,0.10526315789473684,역세권,중고,3
meguro,目黒区,29.6,1,60.0,2,11,7.3,아파트,남,0,0,0,0,2024,7,2680,90.54054054054053,29.6,0.18181818181818182,버스권,노후,0
itabashi,板橋区,94.8,5,18.0,1,13,6.4,맨션,남서,1,1,1,0,2023,6,7640,80.59071729957806,18.96,0.07692307692307693,도보권,중고,5
minato,港区,70.3,4,39.7,2,4,2.1,맨션,남,0,1,0,0,2023,12,12230,173.96870554765292,17.575,0.5,역세권,노후,1
itabashi,板橋区,80.0,3,8.9,12,12,7.0,맨션,북동,0,0,1,1,2023,7,6850,85.625,26.666666666666668,1.0,도보권,준신축,3
arakawa,荒川区,80.7,4,11.2,14,17,2.4,아파트,남동,0,1,0,0,2022,8,6400,79.30607187112763,20.175,0.8235294117647058,역세권,준신축,1
nakano,中野区,87.6,4,6.4,1,17,4.0,아파트,북,0,1,0,0,2022,6,8080,92.23744292237444,21.9,0.058823529411764705,도보권,준신축,1
setagaya,世田谷区,62.7,2,26.4,6,18,11.4,빌라,남동,0,1,0,0,2022,7,4330,69.05901116427432,31.35,0.3333333333333333,버스권,중고,1
shinagawa,品川区,61.6,3,12.5,13,19,1.0,빌라,남서,0,1,0,0,2021,9,8780,142.53246753246754,20.533333333333335,0.6842105263157895,역세권,준신축,1
meguro,目黒区,84.3,4,0.9,3,4,3.4,아파트,남,0,1,1,0,2022,9,16590,196.79715302491104,21.075,0.75,도보권,신축,3
meguro,目黒区,51.2,3,2.6,11,11,7.7,맨션,북동,0,1,0,0,2021,3,8210,160.3515625,17.066666666666666,1.0,버스권,신축,1
suginami,杉並区,77.8,3,19.5,1,13,30.0,아파트,남,0,1,0,0,2024,12,6070,78.02056555269922,25.933333333333334,0.07692307692307693,원거리,중고,1
shibuya,渋谷区,66.7,3,6.2,1,5,7.1,타워맨션,남서,0,0,1,1,2025,5,15720,235.6821589205397,22.233333333333334,0.2,버스권,준신축,3
chiyoda,千代田区,94.2,5,8.3,5,9,4.0,맨션,북동,0,0,1,1,2024,5,21050,223.46072186836517,18.84,0.5555555555555556,도보권,준신축,3
taito,台東区,63.0,3,7.9,6,9,6.2,아파트,남동,0,0,1,0,2022,2,6330,100.47619047619048,21.0,0.6666666666666666,도보권,준신축,2
shinagawa,品川区,71.7,3,51.7,5,12,10.3,아파트,북서,0,0,0,1,2023,6,4980,69.4560669456067,23.900000000000002,0.4166666666666667,버스권,노후,1
sumida,墨田区,81.3,4,0.1,2,15,4.3,맨션,동,0,1,1,0,2025,11,9100,111.93111931119311,20.325,0.13333333333333333,도보권,신축,3
nakano,中野区,92.9,4,1.8,1,13,13.3,아파트,남서,0,1,1,0,2024,8,11730,126.264800861141,23.225,0.07692307692307693,버스권,신축,3
nerima,練馬区,98.5,5,18.0,8,11,3.9,아파트,동,1,0,0,0,2023,1,6970,70.76142131979695,19.7,0.7272727272727273,도보권,중고,2
katsushika,葛飾区,35.0,1,31.3,5,18,5.1,아파트,남서,0,0,1,1,2023,8,1430,40.857142857142854,35.0,0.2777777777777778,도보권,노후,3
nakano,中野区,79.9,3,29.6,7,10,1.0,맨션,북,0,1,0,0,2024,11,6340,79.34918648310388,26.633333333333336,0.7,역세권,중고,1
arakawa,荒川区,20.0,1,7.1,13,13,5.2,맨션,서,1,1,1,0,2022,9,1770,88.5,20.0,1.0,도보권,준신축,5
suginami,杉並区,82.9,4,6.0,1,7,3.1,아파트,남,0,1,0,0,2024,1,8510,102.65379975874546,20.725,0.14285714285714285,도보권,준신축,1
kita,北区,99.8,5,3.9,12,13,3.3,아파트,북동,0,0,0,0,2023,5,7830,78.45691382765531,19.96,0.9230769230769231,도보권,신축,0
nakano,中野区,45.9,1,5.2,2,9,11.3,타워맨션,남,0,0,1,0,2021,2,6000,130.718954248366,45.9,0.2222222222222222,버스권,준신축,2
edogawa,江戸川区,44.6,1,30.4,6,16,30.0,타워맨션,북동,0,1,1,0,2023,6,2310,51.79372197309417,44.6,0.375,원거리,노후,3
bunkyo,文京区,50.7,2,6.3,2,2,2.9,아파트,북서,1,1,0,0,2024,5,7290,143.7869822485207,25.35,1.0,역세권,준신축,3
minato,港区,67.6,3,41.1,8,15,8.6,맨션,북서,0,0,0,0,2023,10,9480,140.23668639053255,22.53333333333333,0.5333333333333333,버스권,노후,0
shinagawa,品川区,91.8,4,7.6,13,16,1.0,빌라,남동,0,1,0,0,2021,12,14400,156.86274509803923,22.95,0.8125,역세권,준신축,1
edogawa,江戸川区,82.2,4,37.6,2,19,2.1,타워맨션,남,0,1,1,0,2024,8,4540,55.23114355231144,20.55,0.10526315789473684,역세권,노후,3
shinagawa,品川区,71.3,3,18.9,6,9,1.2,맨션,남,1,1,1,1,2023,9,14900,208.97615708274895,23.766666666666666,0.6666666666666666,역세권,중고,6
edogawa,江戸川区,86.9,3,37.4,4,6,1.3,아파트,남서,0,0,1,0,2025,4,3500,40.27617951668584,28.96666666666667,0.6666666666666666,역세권,노후,2
shinagawa,品川区,95.8,5,41.4,7,9,13.1,아파트,남서,0,1,1,0,2025,1,7790,81.3152400835073,19.16,0.7777777777777778,버스권,노후,3
chiyoda,千代田区,95.7,5,33.7,5,13,17.4,아파트,서,0,1,1,1,2022,5,10520,109.92685475444095,19.14,0.38461538461538464,원거리,노후,4
shinagawa,品川区,130.7,6,11.9,6,18,2.6,아파트,남서,0,1,1,0,2023,10,20330,155.54705432287682,21.78333333333333,0.3333333333333333,역세권,준신축,3
shinagawa,品川区,69.4,3,15.4,8,15,3.1,아파트,북서,0,1,1,0,2023,10,9800,141.21037463976944,23.133333333333336,0.5333333333333333,도보권,중고,3
chiyoda,千代田区,84.0,4,20.2,10,16,2.2,아파트,동,1,0,1,0,2023,10,18370,218.6904761904762,21.0,0.625,역세권,중고,4
sumida,墨田区,84.1,5,9.8,14,14,1.5,맨션,서,1,0,0,0,2022,1,10030,119.2627824019025,16.82,1.0,역세권,준신축,2
adachi,足立区,42.7,1,14.4,12,19,1.0,아파트,남,0,1,0,0,2021,1,2360,55.26932084309133,42.7,0.631578947368421,역세권,준신축,1
nakano,中野区,81.0,4,6.2,13,17,3.4,아파트,남,0,0,0,1,2025,5,9960,122.96296296296296,20.25,0.7647058823529411,도보권,준신축,1
itabashi,板橋区,64.9,4,19.0,7,19,9.8,타워맨션,남서,1,1,1,0,2024,6,5800,89.36825885978428,16.225,0.3684210526315789,버스권,중고,5
meguro,目黒区,66.9,2,0.9,4,7,1.0,맨션,동,0,1,0,0,2023,8,12870,192.37668161434976,33.45,0.5714285714285714,역세권,신축,1
bunkyo,文京区,107.8,5,8.8,1,9,6.7,빌라,북,0,1,1,1,2025,4,13320,123.56215213358071,21.56,0.1111111111111111,도보권,준신축,4
shinagawa,品川区,42.1,1,11.1,14,17,7.3,빌라,남,1,0,0,0,2022,4,4840,114.96437054631829,42.1,0.8235294117647058,버스권,준신축,2
shinagawa,品川区,75.3,4,16.1,1,6,2.1,타워맨션,남,0,0,0,1,2024,5,15910,211.28818061088978,18.825,0.16666666666666666,역세권,중고,1
chuo,中央区,52.4,2,2.0,2,17,8.0,빌라,남,0,0,0,1,2025,6,9270,176.9083969465649,26.2,0.11764705882352941,버스권,신축,1
toshima,豊島区,27.8,1,6.2,6,15,1.0,맨션,북서,0,1,1,0,2023,3,3470,124.82014388489209,27.8,0.4,역세권,준신축,3
setagaya,世田谷区,48.7,1,10.6,12,13,1.2,빌라,북서,0,1,0,0,2023,4,5600,114.98973305954824,48.7,0.9230769230769231,역세권,준신축,1
minato,港区,30.4,1,13.2,10,19,27.0,맨션,남서,0,1,1,0,2021,7,6570,216.1184210526316,30.4,0.5263157894736842,원거리,준신축,3
bunkyo,文京区,45.1,2,6.0,1,12,4.5,빌라,남동,0,1,0,0,2025,1,4810,106.65188470066518,22.55,0.08333333333333333,도보권,준신축,1
chuo,中央区,116.4,5,16.4,12,15,1.4,아파트,북동,0,1,0,0,2025,1,27320,234.7079037800687,23.28,0.8,역세권,중고,1
koto,江東区,35.8,1,5.7,7,16,4.8,타워맨션,북,0,1,1,0,2022,12,4490,125.41899441340783,35.8,0.4375,도보권,준신축,3
shinagawa,品川区,56.0,2,5.9,14,17,1.0,아파트,남동,0,1,1,0,2024,6,9000,160.71428571428572,28.0,0.8235294117647058,역세권,준신축,3
shinjuku,新宿区,93.6,4,1.6,8,9,1.7,아파트,서,0,1,1,0,2025,5,15700,167.73504273504275,23.4,0.8888888888888888,역세권,신축,3
koto,江東区,88.9,3,37.6,11,18,2.5,아파트,북동,0,0,1,0,2023,10,5480,61.64229471316085,29.633333333333336,0.6111111111111112,역세권,노후,2
koto,江東区,38.7,2,10.2,12,19,2.2,아파트,북,1,1,1,1,2021,9,4140,106.9767441860465,19.35,0.631578947368421,역세권,준신축,6
chuo,中央区,21.8,1,4.5,6,14,3.0,아파트,동,0,1,1,0,2024,5,5070,232.56880733944953,21.8,0.42857142857142855,역세권,신축,3
nakano,中野区,74.8,3,5.1,13,19,13.7,아파트,서,1,1,1,0,2025,4,9550,127.67379679144385,24.933333333333334,0.6842105263157895,버스권,준신축,5
nakano,中野区,66.6,3,6.3,3,11,1.1,맨션,남서,0,1,1,0,2020,12,8220,123.42342342342343,22.2,0.2727272727272727,역세권,준신축,3
meguro,目黒区,129.7,6,13.2,12,19,1.0,타워맨션,남동,0,0,1,0,2025,8,34320,264.6106399383192,21.616666666666664,0.631578947368421,역세권,준신축,2
nakano,中野区,20.0,1,1.1,13,19,10.0,타워맨션,남,1,0,1,0,2024,5,3340,167.0,20.0,0.6842105263157895,버스권,신축,4
setagaya,世田谷区,63.6,3,2.4,3,16,1.0,맨션,남,0,1,0,1,2020,12,8650,136.0062893081761,21.2,0.1875,역세권,신축,2
arakawa,荒川区,20.0,1,12.3,11,19,5.8,맨션,북동,0,1,0,0,2023,11,1330,66.5,20.0,0.5789473684210527,도보권,준신축,1
kita,北区,96.0,4,17.2,1,17,5.1,맨션,북,1,1,0,0,2022,9,6620,68.95833333333333,24.0,0.058823529411764705,도보권,중고,3
shibuya,渋谷区,86.8,4,6.8,7,16,2.2,맨션,남서,0,0,1,1,2021,2,21670,249.65437788018434,21.7,0.4375,역세권,준신축,3
adachi,足立区,87.2,3,60.0,12,18,30.0,맨션,북동,0,0,0,0,2023,9,2300,26.376146788990823,29.066666666666666,0.6666666666666666,원거리,노후,0
taito,台東区,49.0,2,15.3,3,19,1.0,맨션,남,0,0,1,0,2023,6,5720,116.73469387755102,24.5,0.15789473684210525,역세권,중고,2
chiyoda,千代田区,66.8,3,21.3,8,16,2.4,타워맨션,동,0,1,0,1,2022,2,17220,257.78443113772454,22.266666666666666,0.5,역세권,중고,2
bunkyo,文京区,61.8,3,0.8,12,14,14.5,아파트,남,1,1,0,0,2021,9,10050,162.62135922330097,20.599999999999998,0.8571428571428571,버스권,신축,3
shinjuku,新宿区,45.6,2,24.4,1,13,2.7,타워맨션,남서,1,1,0,0,2022,4,6810,149.3421052631579,22.8,0.07692307692307693,역세권,중고,3
minato,港区,67.5,3,21.8,11,16,1.0,빌라,남,0,1,1,1,2024,6,16780,248.59259259259258,22.5,0.6875,역세권,중고,4
ota,大田区,62.5,4,2.9,2,3,17.1,맨션,남,0,1,1,1,2023,8,5850,93.6,15.625,0.6666666666666666,원거리,신축,4
minato,港区,50.0,2,5.9,9,17,2.5,맨션,서,0,0,0,0,2022,12,13290,265.8,25.0,0.5294117647058824,역세권,준신축,0
ota,大田区,102.6,5,33.1,2,9,7.6,빌라,남,1,1,1,0,2024,1,6520,63.54775828460039,20.52,0.2222222222222222,버스권,노후,5
itabashi,板橋区,60.4,2,7.5,11,13,25.2,맨션,동,0,1,1,0,2022,7,4380,72.51655629139073,30.2,0.8461538461538461,원거리,준신축,3
taito,台東区,35.1,1,18.3,4,17,1.0,아파트,남,0,0,0,1,2025,8,3830,109.11680911680911,35.1,0.23529411764705882,역세권,중고,1
sumida,墨田区,80.3,3,2.7,7,15,1.8,아파트,북서,0,1,0,0,2023,3,7950,99.00373599003737,26.766666666666666,0.4666666666666667,역세권,신축,1
suginami,杉並区,72.1,3,17.7,5,9,16.5,타워맨션,남동,0,1,0,1,2023,6,8460,117.33703190013871,24.03333333333333,0.5555555555555556,원거리,중고,2
meguro,目黒区,83.2,4,10.6,13,17,20.0,맨션,동,0,1,0,0,2024,12,12850,154.4471153846154,20.8,0.7647058823529411,원거리,준신축,1
nakano,中野区,55.1,2,43.8,7,9,2.0,타워맨션,서,0,1,1,0,2022,7,4110,74.59165154264973,27.55,0.7777777777777778,역세권,노후,3
nerima,練馬区,20.0,1,0.4,12,17,7.8,맨션,남동,0,1,0,0,2025,4,2210,110.5,20.0,0.7058823529411765,버스권,신축,1
minato,港区,96.4,4,9.5,14,17,1.0,타워맨션,서,0,0,1,1,2023,6,41700,432.5726141078838,24.1,0.8235294117647058,역세권,준신축,3
ota,大田区,101.5,5,12.3,6,9,1.7,맨션,북서,1,0,0,0,2023,6,9000,88.66995073891626,20.3,0.6666666666666666,역세권,준신축,2
nerima,練馬区,47.9,1,2.3,7,9,3.7,맨션,서,1,0,0,0,2021,7,4070,84.9686847599165,47.9,0.7777777777777778,도보권,신축,2
edogawa,江戸川区,71.0,3,0.8,8,15,1.0,아파트,북서,1,1,0,0,2021,4,4580,64.50704225352112,23.666666666666668,0.5333333333333333,역세권,신축,3
sumida,墨田区,33.4,1,50.9,14,19,1.9,맨션,북동,1,1,1,0,2024,12,2410,72.1556886227545,33.4,0.7368421052631579,역세권,노후,5
shinagawa,品川区,51.7,2,46.7,5,14,6.0,맨션,북서,1,1,0,1,2023,5,4780,92.45647969052224,25.85,0.35714285714285715,도보권,노후,4
nerima,練馬区,49.8,2,18.2,3,4,4.9,아파트,북동,1,1,1,0,2025,3,3780,75.90361445783132,24.9,0.75,도보권,중고,5
chiyoda,千代田区,55.1,3,33.9,6,6,2.0,맨션,남서,0,0,1,0,2022,7,8880,161.16152450090743,18.366666666666667,1.0,역세권,노후,2
toshima,豊島区,62.2,3,16.9,2,18,1.0,맨션,남,0,0,1,0,2021,6,7460,119.93569131832797,20.733333333333334,0.1111111111111111,역세권,중고,2
meguro,目黒区,85.9,4,36.8,6,7,14.5,맨션,동,0,1,0,0,2023,7,7310,85.09895227008148,21.475,0.8571428571428571,버스권,노후,1
bunkyo,文京区,61.5,3,2.7,14,16,3.5,타워맨션,남,0,1,1,0,2025,6,13000,211.3821138211382,20.5,0.875,도보권,신축,3
adachi,足立区,79.3,3,4.5,5,9,4.5,아파트,남동,0,0,1,0,2022,5,4430,55.86380832282472,26.433333333333334,0.5555555555555556,도보권,신축,2
shinjuku,新宿区,82.4,3,4.5,2,9,2.1,아파트,북,0,1,0,1,2020,12,10890,132.16019417475727,27.46666666666667,0.2222222222222222,역세권,신축,2
katsushika,葛飾区,20.0,1,6.5,5,19,3.1,아파트,북동,0,1,1,0,2021,11,960,48.0,20.0,0.2631578947368421,도보권,준신축,3
chiyoda,千代田区,92.0,4,16.5,8,17,12.7,맨션,남서,1,1,1,0,2022,12,18500,201.08695652173913,23.0,0.47058823529411764,버스권,중고,5
setagaya,世田谷区,107.5,6,21.7,10,11,8.3,타워맨션,남서,0,1,0,0,2021,6,12770,118.79069767441861,17.916666666666668,0.9090909090909091,버스권,중고,1
minato,港区,62.9,2,1.9,6,9,1.9,맨션,남서,0,1,0,1,2022,6,19840,315.4213036565978,31.45,0.6666666666666666,역세권,신축,2
shinjuku,新宿区,44.5,2,4.8,14,17,3.0,맨션,남동,1,0,0,0,2021,4,7740,173.93258426966293,22.25,0.8235294117647058,역세권,신축,2
taito,台東区,46.0,2,12.4,9,12,30.0,맨션,남동,1,1,1,0,2021,8,4630,100.65217391304348,23.0,0.75,원거리,준신축,5
taito,台東区,76.1,3,1.3,10,13,1.0,맨션,남,0,1,0,1,2025,7,12900,169.5137976346912,25.366666666666664,0.7692307692307693,역세권,신축,2
chuo,中央区,75.2,4,3.0,5,9,14.1,아파트,동,1,1,0,1,2025,11,16090,213.9627659574468,18.8,0.5555555555555556,버스권,신축,4
taito,台東区,46.8,2,6.3,11,15,2.1,아파트,북동,1,1,0,0,2024,5,6770,144.65811965811966,23.4,0.7333333333333333,역세권,준신축,3
shibuya,渋谷区,44.9,2,5.5,3,15,4.0,맨션,남,0,1,1,0,2022,3,10440,232.51670378619156,22.45,0.2,도보권,준신축,3
setagaya,世田谷区,46.5,1,28.7,14,19,3.1,아파트,남동,0,1,0,0,2023,5,4730,101.72043010752688,46.5,0.7368421052631579,도보권,중고,1
minato,港区,72.9,3,12.5,12,15,4.0,빌라,동,1,1,1,0,2025,8,20340,279.0123456790123,24.3,0.8,도보권,준신축,5
shibuya,渋谷区,57.6,2,2.2,8,17,1.6,맨션,남,1,1,1,0,2022,7,15800,274.30555555555554,28.8,0.47058823529411764,역세권,신축,5
nerima,練馬区,66.1,3,6.1,3,16,5.5,맨션,서,1,1,1,0,2025,3,6600,99.84871406959154,22.03333333333333,0.1875,도보권,준신축,5
meguro,目黒区,28.8,2,5.2,3,15,23.3,아파트,북,0,1,1,1,2023,1,4000,138.88888888888889,14.4,0.2,원거리,준신축,4
meguro,目黒区,83.5,4,5.4,8,11,8.8,타워맨션,남서,0,1,0,0,2025,3,16640,199.2814371257485,20.875,0.7272727272727273,버스권,준신축,1
bunkyo,文京区,68.9,4,2.4,13,19,1.0,아파트,남서,0,1,0,0,2022,5,11620,168.65021770682148,17.225,0.6842105263157895,역세권,신축,1
chiyoda,千代田区,36.2,1,16.4,12,13,4.1,맨션,남,1,1,1,1,2024,7,9050,249.99999999999997,36.2,0.9230769230769231,도보권,중고,6
taito,台東区,95.1,4,43.9,2,10,11.9,아파트,남,0,1,0,0,2021,7,5140,54.04837013669822,23.775,0.2,버스권,노후,1
bunkyo,文京区,113.0,5,4.0,6,18,1.0,아파트,남서,1,1,1,0,2024,9,21050,186.28318584070797,22.6,0.3333333333333333,역세권,신축,5
toshima,豊島区,69.6,3,2.1,4,13,10.4,맨션,북동,0,1,0,0,2024,12,9670,138.9367816091954,23.2,0.3076923076923077,버스권,신축,1
minato,港区,49.4,2,17.6,7,10,4.9,맨션,남동,0,0,0,0,2025,5,13110,265.3846153846154,24.7,0.7,도보권,중고,0
koto,江東区,20.0,1,1.3,7,15,2.7,타워맨션,남,1,1,1,0,2023,1,3000,150.0,20.0,0.4666666666666667,역세권,신축,5
suginami,杉並区,92.7,4,12.5,12,17,2.2,맨션,북서,1,1,1,1,2022,4,12980,140.02157497303128,23.175,0.7058823529411765,역세권,준신축,6
chiyoda,千代田区,73.0,3,11.7,1,15,1.0,타워맨션,남,1,1,0,0,2021,9,24060,329.5890410958904,24.333333333333332,0.06666666666666667,역세권,준신축,3
setagaya,世田谷区,73.4,4,28.7,5,14,15.1,맨션,남동,1,1,0,0,2025,6,5560,75.74931880108991,18.35,0.35714285714285715,원거리,중고,3
minato,港区,96.1,5,8.8,3,4,8.3,맨션,남서,0,1,0,0,2025,9,23610,245.68158168574402,19.22,0.75,버스권,준신축,1
shibuya,渋谷区,77.6,3,0.4,2,17,15.0,아파트,서,0,0,1,0,2022,12,13380,172.42268041237114,25.866666666666664,0.11764705882352941,버스권,신축,2
setagaya,世田谷区,20.0,1,21.6,5,15,8.2,타워맨션,남동,1,1,1,0,2022,11,2460,123.0,20.0,0.3333333333333333,버스권,중고,5
itabashi,板橋区,37.6,2,5.9,13,19,5.9,아파트,남동,0,0,1,0,2021,10,2780,73.93617021276596,18.8,0.6842105263157895,도보권,준신축,2
shinjuku,新宿区,40.4,2,5.0,7,18,5.0,아파트,남동,0,1,1,0,2025,5,7390,182.92079207920793,20.2,0.3888888888888889,도보권,신축,3
chuo,中央区,40.5,1,7.5,12,16,1.4,타워맨션,동,0,1,0,0,2022,10,13150,324.69135802469134,40.5,0.75,역세권,준신축,1
shibuya,渋谷区,61.9,2,25.6,12,19,1.8,아파트,남동,0,1,1,1,2025,5,12540,202.5848142164782,30.95,0.631578947368421,역세권,중고,4
nakano,中野区,74.9,3,13.7,3,6,1.0,맨션,남서,0,1,1,0,2023,11,8150,108.81174899866488,24.96666666666667,0.5,역세권,준신축,3
shibuya,渋谷区,46.2,2,22.4,10,15,1.3,아파트,동,1,1,0,1,2022,3,9280,200.86580086580085,23.1,0.6666666666666666,역세권,중고,4
shinagawa,品川区,58.9,3,1.3,3,18,2.0,빌라,남서,0,1,0,0,2025,6,9230,156.70628183361632,19.633333333333333,0.16666666666666666,역세권,신축,1
suginami,杉並区,104.1,5,36.8,6,12,14.7,아파트,동,0,0,0,0,2022,7,6010,57.732949087415946,20.82,0.5,버스권,노후,0
adachi,足立区,77.0,3,17.4,9,19,1.0,타워맨션,서,0,0,1,0,2022,5,5470,71.03896103896103,25.666666666666668,0.47368421052631576,역세권,중고,2
toshima,豊島区,48.4,1,8.5,6,19,3.3,맨션,서,1,1,1,0,2021,12,5950,122.93388429752066,48.4,0.3157894736842105,도보권,준신축,5
koto,江東区,101.1,6,37.9,6,16,8.2,아파트,남,0,1,1,0,2021,2,5660,55.984174085064296,16.849999999999998,0.375,버스권,노후,3
meguro,目黒区,74.0,4,10.5,7,9,22.3,타워맨션,동,0,1,0,0,2023,7,10890,147.16216216216216,18.5,0.7777777777777778,원거리,준신축,1
nakano,中野区,65.6,3,1.0,12,18,1.6,아파트,남,0,0,1,0,2022,11,8400,128.0487804878049,21.866666666666664,0.6666666666666666,역세권,신축,2
shinjuku,新宿区,63.8,3,16.2,2,4,1.0,아파트,남서,1,1,0,0,2023,4,8860,138.871473354232,21.266666666666666,0.5,역세권,중고,3
chuo,中央区,20.0,1,23.9,7,9,6.7,아파트,남서,0,1,1,0,2021,1,2580,129.0,20.0,0.7777777777777778,도보권,중고,3
meguro,目黒区,60.1,3,4.1,13,18,2.3,아파트,서,1,1,0,0,2023,7,11910,198.16971713810315,20.033333333333335,0.7222222222222222,역세권,신축,3
nakano,中野区,20.0,1,40.1,10,19,1.0,빌라,남,0,1,0,0,2023,1,1350,67.5,20.0,0.5263157894736842,역세권,노후,1
meguro,目黒区,24.5,1,18.4,9,13,7.4,맨션,북동,1,0,0,1,2024,8,3920,160.0,24.5,0.6923076923076923,버스권,중고,3
nakano,中野区,54.5,3,0.7,6,10,3.5,맨션,남,1,1,0,0,2024,7,6820,125.13761467889908,18.166666666666668,0.6,도보권,신축,3
edogawa,江戸川区,64.3,3,14.5,14,19,1.4,맨션,남,1,1,0,0,2022,12,5250,81.64852255054433,21.433333333333334,0.7368421052631579,역세권,준신축,3
suginami,杉並区,20.6,1,2.4,7,16,27.1,아파트,북,0,1,0,0,2021,11,1530,74.27184466019418,20.6,0.4375,원거리,신축,1
shinagawa,品川区,113.8,5,13.4,6,16,20.3,타워맨션,북동,0,1,1,1,2021,3,14230,125.04393673110721,22.759999999999998,0.375,원거리,준신축,4
shibuya,渋谷区,25.9,1,4.6,11,12,3.9,맨션,남서,0,1,1,0,2022,10,6290,242.85714285714286,25.9,0.9166666666666666,도보권,신축,3
chiyoda,千代田区,77.6,4,15.9,3,9,9.4,빌라,북동,0,1,0,1,2025,10,12350,159.1494845360825,19.4,0.3333333333333333,버스권,중고,2
minato,港区,25.3,1,12.1,2,7,15.7,아파트,서,0,1,1,1,2025,1,4120,162.84584980237153,25.3,0.2857142857142857,원거리,준신축,4
chiyoda,千代田区,31.0,1,10.3,13,17,15.8,맨션,남서,0,1,1,1,2023,7,5820,187.74193548387098,31.0,0.7647058823529411,원거리,준신축,4
nakano,中野区,73.2,3,8.2,2,8,6.7,아파트,남서,1,0,1,0,2024,11,7890,107.78688524590163,24.400000000000002,0.25,도보권,준신축,4
chiyoda,千代田区,83.4,4,17.4,2,2,1.1,맨션,동,1,1,0,0,2024,4,20560,246.52278177458032,20.85,1.0,역세권,중고,3
arakawa,荒川区,107.9,5,43.2,11,17,10.7,아파트,동,0,1,0,0,2024,12,4890,45.31974050046339,21.580000000000002,0.6470588235294118,버스권,노후,1
shibuya,渋谷区,33.5,1,15.7,12,15,1.0,타워맨션,북,0,1,0,0,2021,4,8650,258.2089552238806,33.5,0.8,역세권,중고,1
shibuya,渋谷区,66.7,3,7.5,3,17,4.5,맨션,남서,1,0,0,0,2022,12,13600,203.89805097451273,22.233333333333334,0.17647058823529413,도보권,준신축,2
shibuya,渋谷区,67.8,3,6.5,6,11,1.6,맨션,남동,0,1,1,0,2025,1,19480,287.3156342182891,22.599999999999998,0.5454545454545454,역세권,준신축,3
shibuya,渋谷区,86.5,4,3.1,12,19,1.9,타워맨션,북서,0,0,1,0,2021,7,26030,300.9248554913295,21.625,0.631578947368421,역세권,신축,2
kita,北区,44.4,2,11.8,12,14,7.8,맨션,북동,1,1,1,0,2024,7,4010,90.31531531531532,22.2,0.8571428571428571,버스권,준신축,5
chiyoda,千代田区,31.5,1,13.7,9,14,1.8,맨션,북,1,1,1,0,2023,12,8800,279.36507936507934,31.5,0.6428571428571429,역세권,준신축,5
bunkyo,文京区,51.0,2,13.2,7,11,14.6,맨션,남,0,0,1,0,2025,9,7670,150.3921568627451,25.5,0.6363636363636364,버스권,준신축,2
ota,大田区,86.0,3,55.5,5,10,6.6,맨션,남서,0,1,1,0,2025,8,4800,55.81395348837209,28.666666666666668,0.5,도보권,노후,3
shinjuku,新宿区,52.2,2,2.1,11,12,1.1,맨션,북서,1,1,1,1,2023,11,11670,223.5632183908046,26.1,0.9166666666666666,역세권,신축,6
edogawa,江戸川区,59.0,3,20.7,14,16,20.4,맨션,남서,1,1,1,0,2025,1,3970,67.28813559322033,19.666666666666668,0.875,원거리,중고,5
shinagawa,品川区,81.4,4,46.1,6,18,1.0,빌라,남,1,1,0,0,2025,3,7900,97.05159705159704,20.35,0.3333333333333333,역세권,노후,3
bunkyo,文京区,114.5,5,3.3,13,17,8.7,맨션,북동,0,1,1,1,2023,4,19490,170.2183406113537,22.9,0.7647058823529411,버스권,신축,4
shibuya,渋谷区,61.6,2,5.5,12,12,1.0,맨션,북,1,1,1,0,2024,9,18430,299.18831168831167,30.8,1.0,역세권,준신축,5
ota,大田区,52.9,2,5.7,4,4,15.7,빌라,남,0,1,1,0,2022,10,3020,57.088846880907376,26.45,1.0,원거리,준신축,3
minato,港区,76.4,3,11.9,6,10,2.3,맨션,북,1,1,1,0,2023,1,25500,333.76963350785337,25.46666666666667,0.6,역세권,준신축,5
meguro,目黒区,88.7,4,9.6,6,11,1.8,아파트,남,1,1,1,1,2024,4,17140,193.23562570462232,22.175,0.5454545454545454,역세권,준신축,6
bunkyo,文京区,75.4,4,1.2,1,14,13.9,타워맨션,북,0,0,0,0,2023,1,11740,155.70291777188328,18.85,0.07142857142857142,버스권,신축,0
meguro,目黒区,94.0,6,24.3,9,15,2.4,타워맨션,서,0,0,1,0,2021,8,16670,177.3404255319149,15.666666666666666,0.6,역세권,중고,2
suginami,杉並区,95.7,4,9.2,12,17,4.1,아파트,남동,1,0,1,0,2022,8,9400,98.22361546499478,23.925,0.7058823529411765,도보권,준신축,4
shibuya,渋谷区,95.0,5,11.0,2,9,1.0,아파트,남서,0,1,0,0,2021,8,18420,193.89473684210526,19.0,0.2222222222222222,역세권,준신축,1
itabashi,板橋区,84.5,4,18.2,6,9,1.0,아파트,동,1,0,0,1,2024,8,6330,74.91124260355029,21.125,0.6666666666666666,역세권,중고,3
shinagawa,品川区,66.1,3,11.7,1,14,2.9,타워맨션,남동,0,1,0,0,2021,1,13580,205.446293494705,22.03333333333333,0.07142857142857142,역세권,준신축,1
bunkyo,文京区,94.5,4,27.7,3,13,3.1,맨션,남,1,0,1,0,2023,4,12960,137.14285714285714,23.625,0.23076923076923078,도보권,중고,4
shibuya,渋谷区,48.7,1,2.2,5,10,1.0,타워맨션,서,0,1,1,1,2025,8,15020,308.4188911704312,48.7,0.5,역세권,신축,4
setagaya,世田谷区,90.6,3,5.1,7,19,23.1,빌라,북서,0,1,1,0,2024,5,8910,98.34437086092716,30.2,0.3684210526315789,원거리,준신축,3
kita,北区,53.7,2,5.0,5,13,7.4,아파트,남서,1,0,1,0,2022,6,4640,86.40595903165735,26.85,0.38461538461538464,버스권,신축,4
chuo,中央区,63.0,2,3.0,4,10,1.0,맨션,남동,0,0,1,0,2023,4,18130,287.77777777777777,31.5,0.4,역세권,신축,2
minato,港区,60.4,2,10.1,10,19,30.0,타워맨션,남,1,1,1,0,2025,5,18090,299.50331125827813,30.2,0.5263157894736842,원거리,준신축,5
shinjuku,新宿区,68.3,2,7.7,4,17,2.6,아파트,남동,0,1,1,0,2022,10,12760,186.8228404099561,34.15,0.23529411764705882,역세권,준신축,3
chiyoda,千代田区,111.6,5,13.6,9,11,6.3,아파트,북서,0,1,0,1,2024,1,20660,185.12544802867384,22.32,0.8181818181818182,도보권,준신축,2
setagaya,世田谷区,37.1,1,57.4,6,9,5.2,타워맨션,북서,1,0,1,1,2021,11,3420,92.1832884097035,37.1,0.6666666666666666,도보권,노후,5
chuo,中央区,58.1,3,0.9,1,3,7.7,아파트,남,0,1,1,0,2024,3,9900,170.3958691910499,19.366666666666667,0.3333333333333333,버스권,신축,3
koto,江東区,107.4,5,20.0,12,18,14.4,빌라,서,1,1,0,0,2021,3,8440,78.58472998137802,21.48,0.6666666666666666,버스권,중고,3
shibuya,渋谷区,88.7,4,1.7,6,13,1.0,타워맨션,북서,0,1,0,0,2025,6,27580,310.93573844419393,22.175,0.46153846153846156,역세권,신축,1
kita,北区,77.5,3,18.2,10,12,1.0,빌라,북,0,1,0,0,2025,4,4880,62.96774193548387,25.833333333333332,0.8333333333333334,역세권,중고,1
toshima,豊島区,57.1,3,10.1,9,16,1.6,맨션,서,0,1,1,1,2024,10,8040,140.80560420315237,19.033333333333335,0.5625,역세권,준신축,4
chuo,中央区,87.5,4,7.0,4,11,4.6,아파트,남동,0,0,0,1,2024,12,18060,206.4,21.875,0.36363636363636365,도보권,준신축,1
meguro,目黒区,88.0,5,6.0,5,10,2.9,맨션,남동,0,0,0,0,2024,7,17260,196.13636363636363,17.6,0.5,역세권,준신축,0
setagaya,世田谷区,70.4,4,0.2,13,15,1.0,아파트,서,0,0,0,0,2023,1,10430,148.15340909090907,17.6,0.8666666666666667,역세권,신축,0
bunkyo,文京区,63.1,3,2.6,14,18,5.0,아파트,남,0,1,0,0,2023,11,9760,154.67511885895405,21.033333333333335,0.7777777777777778,도보권,신축,1
taito,台東区,110.2,5,0.6,9,18,3.4,아파트,남,1,1,0,1,2025,5,15710,142.5589836660617,22.04,0.5,도보권,신축,4
itabashi,板橋区,80.6,4,24.2,5,17,4.9,맨션,북서,0,1,0,0,2024,1,5330,66.12903225806453,20.15,0.29411764705882354,도보권,중고,1
adachi,足立区,66.0,3,11.1,3,17,9.2,맨션,남,0,0,1,0,2021,7,3560,53.93939393939394,22.0,0.17647058823529413,버스권,준신축,2
chiyoda,千代田区,67.0,2,28.9,2,2,3.4,맨션,북,0,0,0,1,2025,3,10210,152.38805970149255,33.5,1.0,도보권,중고,1
chiyoda,千代田区,88.2,4,5.8,2,3,2.3,아파트,서,1,1,0,0,2024,10,23830,270.1814058956916,22.05,0.6666666666666666,역세권,준신축,3
minato,港区,25.6,1,42.0,12,13,1.8,맨션,동,0,1,1,0,2023,2,5050,197.265625,25.6,0.9230769230769231,역세권,노후,3
edogawa,江戸川区,42.3,2,16.1,4,12,8.9,아파트,남동,0,0,0,0,2022,11,2140,50.59101654846336,21.15,0.3333333333333333,버스권,중고,0
taito,台東区,51.7,1,2.4,6,19,3.3,맨션,북동,0,1,0,0,2021,5,5210,100.77369439071566,51.7,0.3157894736842105,도보권,신축,1
nakano,中野区,56.0,3,14.6,2,13,7.3,아파트,남동,0,1,0,0,2025,2,5540,98.92857142857143,18.666666666666668,0.15384615384615385,버스권,준신축,1
setagaya,世田谷区,63.2,2,12.2,6,18,17.3,아파트,남,1,1,0,0,2022,9,5730,90.66455696202532,31.6,0.3333333333333333,원거리,준신축,3
shinjuku,新宿区,75.9,4,32.1,8,9,1.8,맨션,남,1,0,0,1,2025,8,13040,171.80500658761528,18.975,0.8888888888888888,역세권,노후,3
chuo,中央区,64.3,3,12.6,10,12,1.8,맨션,남서,0,1,1,0,2022,4,15080,234.52566096423018,21.433333333333334,0.8333333333333334,역세권,준신축,3
edogawa,江戸川区,85.0,4,30.1,3,8,19.5,맨션,남,1,1,1,0,2025,9,3970,46.705882352941174,21.25,0.375,원거리,노후,5
bunkyo,文京区,38.8,2,12.0,4,19,9.4,맨션,북,1,0,0,0,2021,11,4050,104.38144329896907,19.4,0.21052631578947367,버스권,준신축,2
chuo,中央区,77.2,3,27.0,6,12,9.6,아파트,북서,1,0,1,0,2025,3,13120,169.94818652849742,25.733333333333334,0.5,버스권,중고,4
meguro,目黒区,35.2,1,22.9,13,13,7.4,빌라,서,0,1,0,1,2022,7,3650,103.69318181818181,35.2,1.0,버스권,중고,2
adachi,足立区,43.3,1,2.2,2,7,1.0,아파트,동,0,0,0,0,2022,6,2430,56.120092378752894,43.3,0.2857142857142857,역세권,신축,0
suginami,杉並区,42.2,3,9.3,13,15,6.7,맨션,북,0,1,0,0,2023,10,5450,129.1469194312796,14.066666666666668,0.8666666666666667,도보권,준신축,1
arakawa,荒川区,62.9,2,25.5,3,4,5.7,아파트,남서,0,1,0,1,2025,4,3660,58.18759936406995,31.45,0.75,도보권,중고,2
nakano,中野区,63.7,3,17.2,11,19,3.1,타워맨션,남,0,1,1,1,2023,6,9170,143.95604395604394,21.233333333333334,0.5789473684210527,도보권,중고,4
shibuya,渋谷区,45.5,1,5.8,8,15,14.9,맨션,남서,0,0,0,1,2023,4,8860,194.72527472527472,45.5,0.5333333333333333,버스권,준신축,1
meguro,目黒区,89.7,4,7.8,2,8,2.2,아파트,동,0,1,1,0,2022,1,15430,172.01783723522854,22.425,0.25,역세권,준신축,3
koto,江東区,59.1,3,29.1,14,16,5.7,맨션,남,0,0,1,0,2023,4,5680,96.1082910321489,19.7,0.875,도보권,중고,2
minato,港区,67.6,3,34.0,3,10,9.7,아파트,서,0,1,0,1,2023,1,8700,128.698224852071,22.53333333333333,0.3,버스권,노후,2
chuo,中央区,53.2,2,13.8,8,13,2.6,아파트,동,0,0,0,0,2021,2,9480,178.1954887218045,26.6,0.6153846153846154,역세권,준신축,0
kita,北区,85.9,5,1.5,2,5,13.6,타워맨션,남동,1,0,0,0,2023,8,8980,104.54016298020954,17.18,0.4,버스권,신축,2
suginami,杉並区,60.4,2,11.4,9,17,9.9,아파트,남,0,0,1,0,2023,9,6410,106.12582781456953,30.2,0.5294117647058824,버스권,준신축,2
ota,大田区,78.8,4,3.0,4,17,14.6,맨션,남동,0,0,1,1,2022,11,8170,103.68020304568529,19.7,0.23529411764705882,버스권,신축,3
toshima,豊島区,93.7,4,14.0,6,11,5.6,맨션,남,0,1,0,0,2025,5,10650,113.66061899679829,23.425,0.5454545454545454,도보권,준신축,1
taito,台東区,54.2,2,1.2,1,9,3.8,맨션,남,0,0,0,0,2023,2,6790,125.27675276752767,27.1,0.1111111111111111,도보권,신축,0
adachi,足立区,64.7,2,49.6,12,19,7.3,맨션,남,0,0,0,0,2023,7,2040,31.530139103554866,32.35,0.631578947368421,버스권,노후,0
meguro,目黒区,61.3,1,11.2,6,13,2.5,아파트,남,0,1,1,0,2023,5,10330,168.51549755301795,61.3,0.46153846153846156,역세권,준신축,3
chiyoda,千代田区,43.4,1,4.0,6,8,1.6,맨션,남,0,0,1,0,2025,8,14550,335.2534562211982,43.4,0.75,역세권,신축,2
sumida,墨田区,82.8,4,0.9,2,18,1.0,아파트,남,0,0,0,0,2025,4,9510,114.85507246376812,20.7,0.1111111111111111,역세권,신축,0
ota,大田区,72.6,3,12.7,14,18,1.0,맨션,남,0,1,1,0,2022,2,6620,91.18457300275483,24.2,0.7777777777777778,역세권,준신축,3
itabashi,板橋区,64.0,4,10.9,2,19,18.8,아파트,북서,0,0,0,0,2024,6,3220,50.3125,16.0,0.10526315789473684,원거리,준신축,0
minato,港区,85.7,4,10.6,12,16,1.0,타워맨션,서,0,1,0,0,2022,11,27720,323.4539089848308,21.425,0.75,역세권,준신축,1
shinagawa,品川区,102.0,4,4.5,13,13,1.0,맨션,북동,0,1,0,0,2024,9,20470,200.68627450980392,25.5,1.0,역세권,신축,1
taito,台東区,66.1,2,10.6,3,5,9.5,맨션,남,1,1,1,0,2024,4,8590,129.95461422087746,33.05,0.6,버스권,준신축,5
chuo,中央区,75.7,3,11.9,9,10,20.5,맨션,남서,0,1,0,0,2021,12,11530,152.3117569352708,25.233333333333334,0.9,원거리,준신축,1
shibuya,渋谷区,100.8,4,22.1,1,6,4.8,아파트,북,0,1,0,0,2025,7,15340,152.1825396825397,25.2,0.16666666666666666,도보권,중고,1
toshima,豊島区,56.7,3,5.1,4,8,4.3,아파트,남,0,1,0,0,2024,6,6750,119.04761904761904,18.900000000000002,0.5,도보권,준신축,1
shinagawa,品川区,33.1,1,6.7,5,7,10.4,맨션,남동,1,1,1,0,2022,5,5860,177.0392749244713,33.1,0.7142857142857143,버스권,준신축,5
chiyoda,千代田区,45.2,3,60.0,13,18,6.9,아파트,남,1,1,0,0,2025,1,5840,129.20353982300884,15.066666666666668,0.7222222222222222,도보권,노후,3
setagaya,世田谷区,100.5,5,15.6,2,17,30.0,아파트,남동,0,1,0,0,2023,9,6830,67.96019900497512,20.1,0.11764705882352941,원거리,중고,1
chuo,中央区,63.1,3,24.2,12,18,17.6,타워맨션,남,0,0,0,0,2022,12,10290,163.0744849445325,21.033333333333335,0.6666666666666666,원거리,중고,0
ota,大田区,94.6,5,9.9,13,17,9.3,맨션,남,1,1,1,1,2020,12,9860,104.22832980972517,18.919999999999998,0.7647058823529411,버스권,준신축,6
minato,港区,104.1,4,50.7,5,17,17.1,아파트,남,1,0,1,1,2021,2,11680,112.19980787704131,26.025,0.29411764705882354,원거리,노후,5
chiyoda,千代田区,48.0,2,45.3,5,14,1.0,맨션,남서,0,0,1,1,2025,3,7670,159.79166666666666,24.0,0.35714285714285715,역세권,노후,3
koto,江東区,126.7,5,3.6,7,15,7.9,아파트,동,0,1,0,0,2022,4,11790,93.05445935280189,25.34,0.4666666666666667,버스권,신축,1
chiyoda,千代田区,60.3,3,5.6,14,17,1.0,빌라,동,0,0,0,0,2023,11,14720,244.11276948590384,20.099999999999998,0.8235294117647058,역세권,준신축,0
kita,北区,81.1,4,17.2,1,5,5.9,아파트,북동,0,1,1,0,2023,1,6390,78.79161528976573,20.275,0.2,도보권,중고,3
chuo,中央区,79.7,3,4.4,2,12,2.0,맨션,남서,0,1,0,0,2025,4,21820,273.77666248431615,26.566666666666666,0.16666666666666666,역세권,신축,1
chiyoda,千代田区,31.8,1,19.0,6,13,2.2,맨션,남,0,1,1,0,2024,12,6820,214.46540880503144,31.8,0.46153846153846156,역세권,중고,3
koto,江東区,88.2,3,1.0,3,19,1.2,아파트,동,1,1,0,0,2024,3,9040,102.49433106575964,29.400000000000002,0.15789473684210525,역세권,신축,3
shibuya,渋谷区,43.5,1,17.7,13,17,2.7,맨션,남동,0,0,0,0,2023,10,9920,228.04597701149424,43.5,0.7647058823529411,역세권,중고,0
chiyoda,千代田区,48.6,3,10.5,13,18,4.6,아파트,남,1,1,0,0,2024,3,11930,245.47325102880657,16.2,0.7222222222222222,도보권,준신축,3
minato,港区,20.0,1,8.6,4,9,16.6,맨션,남서,1,0,1,0,2021,10,3830,191.5,20.0,0.4444444444444444,원거리,준신축,4
minato,港区,61.0,3,1.9,14,16,2.8,맨션,남서,0,1,1,0,2022,9,19860,325.57377049180326,20.333333333333332,0.875,역세권,신축,3
chiyoda,千代田区,57.8,2,21.1,3,14,9.7,아파트,남동,1,1,0,1,2021,4,9860,170.58823529411765,28.9,0.21428571428571427,버스권,중고,4
meguro,目黒区,59.2,3,8.1,11,16,1.7,맨션,북동,1,1,0,0,2022,12,11540,194.93243243243242,19.733333333333334,0.6875,역세권,준신축,3
sumida,墨田区,94.1,5,45.3,2,3,30.0,아파트,북서,1,1,0,0,2021,6,4040,42.93304994686504,18.82,0.6666666666666666,원거리,노후,3
minato,港区,72.3,3,22.1,6,6,1.0,아파트,서,0,1,1,0,2024,11,16190,223.92807745504842,24.099999999999998,1.0,역세권,중고,3
itabashi,板橋区,99.7,4,43.5,9,16,1.3,맨션,남동,1,1,1,0,2021,11,4720,47.3420260782347,24.925,0.5625,역세권,노후,5
chuo,中央区,85.1,3,5.1,4,15,2.7,빌라,동,1,1,1,1,2022,9,18460,216.92126909518214,28.366666666666664,0.26666666666666666,역세권,준신축,6
meguro,目黒区,20.0,1,17.5,4,5,12.4,타워맨션,남,1,0,1,1,2024,11,3980,199.0,20.0,0.8,버스권,중고,5
chuo,中央区,82.4,4,1.6,6,15,25.8,타워맨션,남서,0,1,0,0,2023,12,16360,198.54368932038832,20.6,0.4,원거리,신축,1
shibuya,渋谷区,20.0,1,9.4,13,17,2.0,빌라,남,0,0,0,1,2021,3,4200,210.0,20.0,0.7647058823529411,역세권,준신축,1
taito,台東区,20.0,1,1.6,5,12,1.9,타워맨션,남,0,0,0,0,2023,8,2970,148.5,20.0,0.4166666666666667,역세권,신축,0
bunkyo,文京区,107.8,5,20.8,7,16,2.5,아파트,남서,0,1,0,0,2024,3,13360,123.93320964749536,21.56,0.4375,역세권,중고,1
minato,港区,99.2,5,1.7,5,8,1.0,타워맨션,서,0,1,1,1,2022,5,41520,418.5483870967742,19.84,0.625,역세권,신축,4
chuo,中央区,75.2,2,13.9,4,11,3.1,맨션,남동,0,0,0,0,2021,2,13730,182.57978723404256,37.6,0.36363636363636365,도보권,준신축,0
nerima,練馬区,56.2,3,18.1,1,11,2.9,아파트,서,0,0,1,0,2023,5,3820,67.97153024911032,18.733333333333334,0.09090909090909091,역세권,중고,2
chuo,中央区,37.9,1,40.4,11,15,13.2,빌라,동,1,0,1,0,2023,2,3960,104.48548812664907,37.9,0.7333333333333333,버스권,노후,4
suginami,杉並区,49.5,2,20.2,3,11,30.0,맨션,남동,0,1,1,1,2023,10,4310,87.07070707070707,24.75,0.2727272727272727,원거리,중고,4
chuo,中央区,64.9,3,5.0,14,18,8.2,맨션,북서,0,0,0,0,2023,12,14060,216.64098613251153,21.633333333333336,0.7777777777777778,버스권,신축,0
shibuya,渋谷区,44.1,1,13.1,3,7,5.2,맨션,남동,0,0,0,0,2024,6,8440,191.38321995464852,44.1,0.42857142857142855,도보권,준신축,0
katsushika,葛飾区,67.7,3,7.0,4,18,8.2,아파트,남서,0,1,1,0,2022,6,3760,55.53914327917282,22.566666666666666,0.2222222222222222,버스권,준신축,3
nerima,練馬区,63.3,3,26.5,14,19,9.9,아파트,남동,0,0,0,1,2024,1,3550,56.08214849921011,21.099999999999998,0.7368421052631579,버스권,중고,1
nerima,練馬区,54.9,3,0.4,14,16,1.0,아파트,북동,0,1,0,0,2023,3,5100,92.89617486338798,18.3,0.875,역세권,신축,1
sumida,墨田区,89.8,3,30.3,2,8,4.6,아파트,남,0,1,1,0,2025,3,6270,69.82182628062361,29.933333333333334,0.25,도보권,노후,3
suginami,杉並区,54.3,2,4.9,9,16,6.6,아파트,남동,1,1,0,0,2025,6,7650,140.88397790055248,27.15,0.5625,도보권,신축,3
chuo,中央区,63.1,2,4.6,12,13,2.7,타워맨션,북동,1,1,1,0,2023,9,22630,358.63708399366084,31.55,0.9230769230769231,역세권,신축,5
adachi,足立区,111.5,5,29.3,10,14,17.1,아파트,북,0,0,1,0,2022,3,3270,29.327354260089685,22.3,0.7142857142857143,원거리,중고,2
chuo,中央区,110.5,5,10.3,11,13,7.2,아파트,동,0,1,0,0,2025,3,20960,189.68325791855204,22.1,0.8461538461538461,버스권,준신축,1
meguro,目黒区,86.9,4,15.3,6,19,1.0,빌라,남,1,0,1,0,2022,8,12230,140.73647871116225,21.725,0.3157894736842105,역세권,중고,4
edogawa,江戸川区,46.4,2,7.5,11,18,8.1,맨션,남,0,1,1,0,2025,8,3530,76.07758620689656,23.2,0.6111111111111112,버스권,준신축,3
nerima,練馬区,46.5,2,1.8,9,9,1.3,맨션,동,1,1,0,0,2025,11,5590,120.21505376344086,23.25,1.0,역세권,신축,3
chiyoda,千代田区,102.6,5,10.9,5,10,4.6,맨션,남동,0,0,0,0,2025,9,20970,204.3859649122807,20.52,0.5,도보권,준신축,0
shinjuku,新宿区,63.2,3,29.7,14,18,26.0,맨션,남서,0,0,0,0,2023,3,5640,89.24050632911393,21.066666666666666,0.7777777777777778,원거리,중고,0
shibuya,渋谷区,56.5,4,15.9,11,15,3.5,빌라,동,0,1,1,0,2023,6,9040,160.0,14.125,0.7333333333333333,도보권,중고,3
bunkyo,文京区,98.8,5,6.8,7,11,6.2,맨션,남동,1,1,0,0,2025,9,13900,140.68825910931176,19.759999999999998,0.6363636363636364,도보권,준신축,3
toshima,豊島区,78.2,3,21.8,8,13,2.8,빌라,남,0,1,0,0,2024,11,7950,101.66240409207161,26.066666666666666,0.6153846153846154,역세권,중고,1
chuo,中央区,82.3,3,0.8,9,11,1.0,아파트,동,0,0,1,0,2023,9,22190,269.6233292831106,27.433333333333334,0.8181818181818182,역세권,신축,2
minato,港区,61.6,3,5.2,7,8,3.3,빌라,동,1,0,0,0,2022,2,13210,214.44805194805195,20.533333333333335,0.875,도보권,준신축,2
koto,江東区,57.5,2,5.7,5,14,1.0,아파트,남,0,0,0,0,2024,7,6210,108.0,28.75,0.35714285714285715,역세권,준신축,0
shibuya,渋谷区,65.4,2,4.1,11,19,1.0,빌라,동,1,1,0,0,2024,2,12760,195.1070336391437,32.7,0.5789473684210527,역세권,신축,3
kita,北区,57.0,2,21.6,2,5,8.4,빌라,남서,0,1,1,1,2025,11,3890,68.24561403508773,28.5,0.4,버스권,중고,4
minato,港区,49.8,2,3.4,2,5,5.1,아파트,남,1,1,1,0,2023,1,15050,302.2088353413655,24.9,0.4,도보권,신축,5
chuo,中央区,114.6,5,2.5,3,12,1.9,타워맨션,남서,1,1,0,0,2021,1,39760,346.94589877835955,22.919999999999998,0.25,역세권,신축,3
koto,江東区,65.5,3,5.1,12,18,4.8,타워맨션,북서,0,1,1,0,2025,8,9850,150.38167938931298,21.833333333333332,0.6666666666666666,도보권,준신축,3
bunkyo,文京区,95.6,4,9.6,9,14,1.9,아파트,남,0,0,0,0,2023,12,15200,158.9958158995816,23.9,0.6428571428571429,역세권,준신축,0
taito,台東区,60.9,2,6.5,2,16,3.2,빌라,북동,0,1,0,0,2025,1,5400,88.66995073891626,30.45,0.125,도보권,준신축,1
minato,港区,24.3,1,10.6,6,7,1.0,아파트,남,0,0,0,0,2023,12,7230,297.53086419753083,24.3,0.8571428571428571,역세권,준신축,0
koto,江東区,51.3,2,2.6,9,9,1.0,타워맨션,남동,1,0,1,1,2022,5,8980,175.0487329434698,25.65,1.0,역세권,신축,5
suginami,杉並区,47.6,2,7.7,13,16,3.3,빌라,남,0,1,0,1,2024,5,5350,112.39495798319328,23.8,0.8125,도보권,준신축,2
setagaya,世田谷区,91.7,5,28.3,1,11,1.0,빌라,동,1,1,0,0,2022,9,7770,84.7328244274809,18.34,0.09090909090909091,역세권,중고,3
adachi,足立区,36.4,1,24.5,3,7,5.5,맨션,동,0,1,0,0,2024,7,1660,45.604395604395606,36.4,0.42857142857142855,도보권,중고,1
arakawa,荒川区,70.5,4,0.2,10,10,12.0,아파트,남동,0,1,1,0,2024,4,6380,90.49645390070921,17.625,1.0,버스권,신축,3
bunkyo,文京区,142.4,6,25.6,12,17,2.1,타워맨션,남동,0,1,1,0,2025,6,25540,179.35393258426964,23.733333333333334,0.7058823529411765,역세권,중고,3
toshima,豊島区,91.1,4,18.8,12,18,4.8,아파트,남,1,1,0,0,2023,1,9480,104.06147091108673,22.775,0.6666666666666666,도보권,중고,3
shinagawa,品川区,66.2,2,7.8,1,15,1.4,타워맨션,남동,0,1,0,0,2023,9,16300,246.22356495468276,33.1,0.06666666666666667,역세권,준신축,1
toshima,豊島区,64.7,2,3.3,8,12,2.1,아파트,남서,0,0,0,0,2023,10,8170,126.27511591962906,32.35,0.6666666666666666,역세권,신축,0
minato,港区,73.2,2,39.2,6,19,14.0,아파트,남,0,1,0,0,2022,3,9240,126.22950819672131,36.6,0.3157894736842105,버스권,노후,1
setagaya,世田谷区,69.1,3,40.6,2,7,6.4,맨션,동,1,0,1,0,2022,9,5000,72.35890014471781,23.03333333333333,0.2857142857142857,도보권,노후,4
meguro,目黒区,67.6,4,11.5,4,9,9.8,맨션,서,1,0,0,0,2025,10,9990,147.7810650887574,16.9,0.4444444444444444,버스권,준신축,2
shinjuku,新宿区,93.8,5,8.3,2,4,1.0,맨션,남동,1,1,1,0,2022,6,19260,205.33049040511727,18.759999999999998,0.5,역세권,준신축,5
chiyoda,千代田区,46.0,1,3.8,2,11,5.1,타워맨션,남서,0,1,1,0,2024,8,14070,305.8695652173913,46.0,0.18181818181818182,도보권,신축,3
nakano,中野区,26.7,1,22.3,3,17,1.0,맨션,남동,0,1,1,0,2025,2,3040,113.85767790262173,26.7,0.17647058823529413,역세권,중고,3
chuo,中央区,74.7,3,26.1,2,13,1.5,아파트,동,0,0,0,0,2023,9,11510,154.0829986613119,24.900000000000002,0.15384615384615385,역세권,중고,0
chiyoda,千代田区,63.0,3,3.9,10,19,7.4,맨션,서,0,1,0,0,2024,8,14730,233.8095238095238,21.0,0.5263157894736842,버스권,신축,1
chiyoda,千代田区,42.9,2,1.3,4,18,1.2,아파트,동,1,1,1,1,2023,11,12960,302.09790209790214,21.45,0.2222222222222222,역세권,신축,6
taito,台東区,70.1,4,5.0,1,14,14.3,아파트,남,1,1,0,0,2025,9,8560,122.11126961483596,17.525,0.07142857142857142,버스권,신축,3
bunkyo,文京区,96.6,4,8.9,9,17,4.0,아파트,남동,0,0,1,1,2024,12,13500,139.75155279503107,24.15,0.5294117647058824,도보권,준신축,3
setagaya,世田谷区,106.0,5,7.8,4,16,1.0,맨션,남동,0,1,0,0,2024,2,15420,145.47169811320754,21.2,0.25,역세권,준신축,1
setagaya,世田谷区,53.2,2,40.9,1,4,12.2,맨션,남서,1,1,1,0,2024,6,4430,83.27067669172932,26.6,0.25,버스권,노후,5
bunkyo,文京区,91.5,5,11.8,8,17,10.8,타워맨션,남,0,1,1,0,2023,9,17050,186.33879781420765,18.3,0.47058823529411764,버스권,준신축,3
shinagawa,品川区,25.7,1,21.9,10,12,8.8,타워맨션,남,0,1,0,0,2025,7,3950,153.69649805447472,25.7,0.8333333333333334,버스권,중고,1
shinagawa,品川区,81.9,3,7.6,9,10,6.5,빌라,남,0,1,0,0,2024,4,11740,143.34554334554335,27.3,0.9,도보권,준신축,1
chuo,中央区,80.5,3,1.0,1,6,1.6,맨션,북,0,1,0,0,2024,3,20800,258.3850931677019,26.833333333333332,0.16666666666666666,역세권,신축,1
minato,港区,110.3,5,7.2,8,12,2.8,아파트,남,1,1,0,1,2021,8,33830,306.70897552130555,22.06,0.6666666666666666,역세권,준신축,4
chiyoda,千代田区,87.5,3,4.7,7,13,7.5,아파트,북,1,1,0,0,2024,4,21170,241.94285714285715,29.166666666666668,0.5384615384615384,버스권,신축,3
shibuya,渋谷区,57.8,2,9.0,11,18,4.2,맨션,동,1,0,1,1,2021,10,12520,216.6089965397924,28.9,0.6111111111111112,도보권,준신축,5
adachi,足立区,72.0,2,0.7,13,18,1.0,맨션,북동,0,1,1,0,2020,12,4390,60.97222222222222,36.0,0.7222222222222222,역세권,신축,3
bunkyo,文京区,38.0,2,1.1,7,8,9.2,빌라,남서,0,1,1,0,2023,11,4720,124.21052631578948,19.0,0.875,버스권,신축,3
chiyoda,千代田区,75.5,4,34.5,9,12,4.1,아파트,남,0,1,0,0,2021,8,10030,132.8476821192053,18.875,0.75,도보권,노후,1
shibuya,渋谷区,68.7,4,12.2,2,13,11.7,아파트,남서,0,0,0,0,2025,8,10360,150.80058224163028,17.175,0.15384615384615385,버스권,준신축,0
shinjuku,新宿区,41.7,1,3.7,8,8,1.9,맨션,남서,0,1,1,1,2024,7,10120,242.68585131894483,41.7,1.0,역세권,신축,4
suginami,杉並区,56.0,3,0.8,7,7,7.4,맨션,남서,0,1,1,0,2023,3,5800,103.57142857142857,18.666666666666668,1.0,버스권,신축,3
katsushika,葛飾区,64.7,2,1.9,1,4,7.0,맨션,남동,0,1,0,0,2025,2,4430,68.46986089644513,32.35,0.25,도보권,신축,1
edogawa,江戸川区,100.0,4,28.5,9,19,4.5,맨션,동,0,0,0,0,2020,12,4350,43.5,25.0,0.47368421052631576,도보권,중고,0
itabashi,板橋区,48.0,3,4.0,9,17,9.2,아파트,동,0,0,0,0,2021,8,3240,67.5,16.0,0.5294117647058824,버스권,신축,0
taito,台東区,78.7,3,6.0,2,3,4.7,맨션,북동,0,1,0,0,2021,9,7740,98.34815756035577,26.233333333333334,0.6666666666666666,도보권,준신축,1
koto,江東区,111.2,5,10.7,9,19,11.2,아파트,동,0,0,0,0,2022,6,8620,77.5179856115108,22.240000000000002,0.47368421052631576,버스권,준신축,0
shibuya,渋谷区,84.3,4,8.7,11,19,9.9,아파트,북,0,1,0,0,2023,6,13970,165.717674970344,21.075,0.5789473684210527,버스권,준신축,1
meguro,目黒区,45.4,3,14.5,10,17,6.4,타워맨션,남서,0,1,1,0,2021,6,9180,202.2026431718062,15.133333333333333,0.5882352941176471,도보권,준신축,3
chiyoda,千代田区,84.3,3,3.5,12,12,3.0,맨션,서,0,1,1,0,2024,8,29030,344.3653618030842,28.099999999999998,1.0,역세권,신축,3
setagaya,世田谷区,98.5,4,13.4,11,11,9.5,맨션,북동,0,1,0,0,2025,4,12180,123.65482233502539,24.625,1.0,버스권,준신축,1
chiyoda,千代田区,30.3,2,3.5,1,1,1.3,빌라,남,1,1,1,0,2025,11,7110,234.65346534653466,15.15,1.0,역세권,신축,5
taito,台東区,20.0,1,2.8,9,10,4.2,맨션,북서,0,1,1,0,2025,8,2790,139.5,20.0,0.9,도보권,신축,3
shinagawa,品川区,67.4,4,27.3,3,18,1.4,아파트,남서,0,0,0,0,2023,1,7940,117.80415430267061,16.85,0.16666666666666666,역세권,중고,0
suginami,杉並区,61.2,4,19.1,3,18,13.4,맨션,남동,1,0,1,1,2023,10,6130,100.16339869281045,15.3,0.16666666666666666,버스권,중고,5
shibuya,渋谷区,61.2,3,0.9,9,9,1.3,아파트,서,0,1,1,0,2024,1,15080,246.40522875816993,20.400000000000002,1.0,역세권,신축,3
shinagawa,品川区,114.5,5,3.4,1,19,3.9,아파트,남동,0,0,0,0,2023,11,14630,127.77292576419214,22.9,0.05263157894736842,도보권,신축,0
arakawa,荒川区,65.5,2,0.3,8,18,10.3,아파트,북,0,1,1,1,2021,5,4710,71.90839694656489,32.75,0.4444444444444444,버스권,신축,4
chiyoda,千代田区,69.4,3,13.0,1,4,19.7,맨션,동,0,1,1,0,2023,5,11270,162.39193083573485,23.133333333333336,0.25,원거리,준신축,3
meguro,目黒区,48.3,2,26.5,7,8,3.3,타워맨션,북,1,1,0,0,2023,1,8030,166.25258799171843,24.15,0.875,도보권,중고,3
minato,港区,39.8,2,29.6,3,12,3.6,맨션,남서,0,1,0,0,2024,3,6820,171.356783919598,19.9,0.25,도보권,중고,1
edogawa,江戸川区,74.3,3,7.7,11,18,19.1,아파트,남서,0,0,1,1,2021,7,3850,51.81695827725438,24.766666666666666,0.6111111111111112,원거리,준신축,3
nerima,練馬区,31.0,1,20.0,9,18,2.9,맨션,서,0,1,1,0,2025,6,2580,83.2258064516129,31.0,0.5,역세권,중고,3
nerima,練馬区,42.6,2,14.6,14,19,13.7,맨션,남,0,1,1,1,2024,12,4570,107.27699530516432,21.3,0.7368421052631579,버스권,준신축,4
minato,港区,60.1,2,17.2,11,18,1.0,아파트,북서,0,1,0,0,2025,6,15200,252.9118136439268,30.05,0.6111111111111112,역세권,중고,1
itabashi,板橋区,78.1,3,12.1,13,16,13.8,빌라,남,1,1,0,0,2023,10,5370,68.75800256081946,26.03333333333333,0.8125,버스권,준신축,3
meguro,目黒区,72.1,3,16.6,14,15,17.3,타워맨션,남서,0,1,0,0,2025,2,10720,148.68238557558948,24.03333333333333,0.9333333333333333,원거리,중고,1
minato,港区,87.1,4,16.5,7,17,1.0,아파트,북서,1,1,0,0,2025,5,21770,249.94259471871413,21.775,0.4117647058823529,역세권,중고,3
meguro,目黒区,65.3,1,18.9,14,15,4.7,아파트,동,0,1,1,0,2025,2,9980,152.83307810107198,65.3,0.9333333333333333,도보권,중고,3
taito,台東区,105.6,5,17.5,11,19,4.3,빌라,남,0,0,1,0,2024,7,11460,108.52272727272728,21.119999999999997,0.5789473684210527,도보권,중고,2
minato,港区,51.4,2,4.8,9,17,2.3,빌라,남서,0,1,1,0,2025,9,15660,304.6692607003891,25.7,0.5294117647058824,역세권,신축,3
shibuya,渋谷区,79.9,4,2.2,10,18,6.8,맨션,동,0,1,1,0,2025,2,21380,267.5844806007509,19.975,0.5555555555555556,도보권,신축,3
chuo,中央区,41.5,1,4.2,13,14,4.5,맨션,동,0,1,1,1,2023,2,12490,300.96385542168673,41.5,0.9285714285714286,도보권,신축,4
nerima,練馬区,65.8,3,10.8,12,15,1.9,아파트,남,0,1,0,0,2024,12,6120,93.00911854103344,21.933333333333334,0.8,역세권,준신축,1
nakano,中野区,65.1,3,16.1,5,19,4.3,아파트,북,0,1,0,0,2025,1,5590,85.86789554531491,21.7,0.2631578947368421,도보권,중고,1
ota,大田区,66.7,3,4.3,14,14,6.4,맨션,북동,0,1,1,1,2021,6,7040,105.54722638680659,22.233333333333334,1.0,도보권,신축,4
bunkyo,文京区,53.4,4,6.0,5,17,2.8,타워맨션,남서,0,0,1,1,2021,5,9720,182.02247191011236,13.35,0.29411764705882354,역세권,준신축,3
adachi,足立区,60.5,2,9.0,12,16,10.2,아파트,남,0,0,1,0,2024,8,3880,64.13223140495867,30.25,0.75,버스권,준신축,2
adachi,足立区,103.1,5,1.4,3,19,12.8,빌라,북동,0,0,1,0,2020,12,4700,45.586808923375365,20.619999999999997,0.15789473684210525,버스권,신축,2
bunkyo,文京区,20.0,1,26.3,1,15,2.5,맨션,남서,0,0,0,0,2022,11,2020,101.0,20.0,0.06666666666666667,역세권,중고,0
itabashi,板橋区,61.4,2,29.7,7,14,1.0,아파트,남서,0,1,1,0,2025,2,4010,65.30944625407166,30.7,0.5,역세권,중고,3
bunkyo,文京区,107.4,5,0.3,4,13,1.1,맨션,남,0,1,1,1,2021,6,21820,203.1657355679702,21.48,0.3076923076923077,역세권,신축,4
bunkyo,文京区,65.5,3,19.3,13,15,6.8,아파트,동,0,0,1,0,2024,6,7650,116.79389312977099,21.833333333333332,0.8666666666666667,도보권,중고,2
sumida,墨田区,20.0,1,7.2,9,14,3.5,아파트,남,0,1,1,0,2022,6,2090,104.5,20.0,0.6428571428571429,도보권,준신축,3
minato,港区,62.2,2,10.1,2,6,1.0,아파트,동,1,1,0,0,2024,5,20910,336.17363344051444,31.1,0.3333333333333333,역세권,준신축,3
suginami,杉並区,101.1,5,5.7,7,7,10.2,아파트,동,0,1,1,0,2023,6,10010,99.01088031651831,20.22,1.0,버스권,준신축,3
sumida,墨田区,51.4,1,8.9,8,13,3.2,빌라,남,0,0,1,1,2025,9,5030,97.85992217898833,51.4,0.6153846153846154,도보권,준신축,3
setagaya,世田谷区,46.7,1,1.5,10,16,2.8,맨션,남,1,1,0,0,2022,5,7830,167.66595289079228,46.7,0.625,역세권,신축,3
setagaya,世田谷区,29.2,1,8.0,7,10,4.1,아파트,동,0,1,0,0,2021,7,3430,117.46575342465754,29.2,0.7,도보권,준신축,1
sumida,墨田区,63.9,2,8.4,5,10,1.0,아파트,북동,0,0,1,0,2021,5,6470,101.25195618153364,31.95,0.5,역세권,준신축,2
koto,江東区,66.8,3,55.6,8,10,1.0,맨션,동,0,1,0,0,2024,10,4090,61.227544910179645,22.266666666666666,0.8,역세권,노후,1
minato,港区,54.6,2,15.0,8,14,1.6,아파트,남서,0,1,0,1,2021,9,13970,255.86080586080584,27.3,0.5714285714285714,역세권,준신축,2
adachi,足立区,76.7,3,20.9,5,5,9.0,빌라,남,0,1,0,0,2021,1,2770,36.11473272490222,25.566666666666666,1.0,버스권,중고,1
meguro,目黒区,79.7,3,11.8,6,18,2.6,아파트,동,1,1,1,0,2025,1,15780,197.99247176913426,26.566666666666666,0.3333333333333333,역세권,준신축,5
minato,港区,76.0,3,3.3,2,14,3.8,맨션,동,0,1,1,1,2025,2,23670,311.44736842105266,25.333333333333332,0.14285714285714285,도보권,신축,4
chuo,中央区,84.1,4,9.0,9,18,16.0,타워맨션,남동,0,1,0,0,2021,7,18080,214.98216409036863,21.025,0.5,원거리,준신축,1
shinjuku,新宿区,85.4,4,6.3,8,13,19.0,빌라,남,0,1,1,0,2023,6,8900,104.21545667447306,21.35,0.6153846153846154,원거리,준신축,3
suginami,杉並区,110.4,6,10.8,14,19,5.9,아파트,북서,0,0,0,0,2025,2,11330,102.62681159420289,18.400000000000002,0.7368421052631579,도보권,준신축,0
shinjuku,新宿区,80.9,3,24.7,14,16,1.4,아파트,동,1,1,0,0,2021,3,8880,109.76514215080346,26.96666666666667,0.875,역세권,중고,3
suginami,杉並区,83.8,3,5.2,13,19,1.6,아파트,북서,1,0,1,0,2021,8,9820,117.18377088305489,27.933333333333334,0.6842105263157895,역세권,준신축,4
bunkyo,文京区,75.0,4,3.0,2,18,7.9,타워맨션,남서,0,1,1,0,2024,5,13760,183.46666666666667,18.75,0.1111111111111111,버스권,신축,3
shinagawa,品川区,114.4,4,1.7,2,18,4.6,빌라,동,0,1,0,1,2021,8,14840,129.7202797202797,28.6,0.1111111111111111,도보권,신축,2
chiyoda,千代田区,68.9,3,6.9,3,8,22.8,아파트,북동,1,0,1,0,2022,12,11530,167.34397677793902,22.96666666666667,0.375,원거리,준신축,4
minato,港区,41.2,1,7.5,12,13,1.0,맨션,남동,0,1,1,0,2023,10,13890,337.13592233009706,41.2,0.9230769230769231,역세권,준신축,3
chiyoda,千代田区,86.9,3,13.6,1,16,18.3,맨션,남,0,1,1,0,2021,6,15360,176.7548906789413,28.96666666666667,0.0625,원거리,준신축,3
meguro,目黒区,71.4,3,6.7,2,6,4.3,아파트,남서,0,1,1,0,2022,6,11070,155.04201680672267,23.8,0.3333333333333333,도보권,준신축,3
shinjuku,新宿区,25.8,2,4.6,4,9,4.2,빌라,남동,0,0,1,0,2021,6,3350,129.84496124031008,12.9,0.4444444444444444,도보권,신축,2
shibuya,渋谷区,47.1,2,16.4,10,18,6.2,타워맨션,북,0,0,0,0,2023,6,11380,241.61358811040338,23.55,0.5555555555555556,도보권,중고,0
kita,北区,91.0,3,23.7,3,18,8.6,아파트,동,0,0,1,0,2022,11,5570,61.20879120879121,30.333333333333332,0.16666666666666666,버스권,중고,2
adachi,足立区,43.7,1,10.2,3,10,2.1,아파트,남,1,1,1,0,2022,4,3030,69.33638443935926,43.7,0.3,역세권,준신축,5
chuo,中央区,23.7,1,0.7,11,12,13.7,아파트,동,0,1,1,0,2020,12,4250,179.32489451476795,23.7,0.9166666666666666,버스권,신축,3
katsushika,葛飾区,30.7,1,8.8,11,11,3.8,맨션,남서,0,1,0,0,2021,3,1990,64.82084690553746,30.7,1.0,도보권,준신축,1
chiyoda,千代田区,59.4,3,1.8,12,18,1.8,아파트,서,0,1,0,1,2025,9,19260,324.24242424242425,19.8,0.6666666666666666,역세권,신축,2
shinagawa,品川区,108.6,3,29.5,6,6,1.8,아파트,서,0,0,1,0,2025,3,12490,115.00920810313076,36.199999999999996,1.0,역세권,중고,2
minato,港区,77.8,3,36.4,12,15,20.7,아파트,남동,0,1,1,0,2023,10,10850,139.46015424164526,25.933333333333334,0.8,원거리,노후,3
minato,港区,81.7,4,25.0,10,12,12.0,타워맨션,남서,1,1,1,0,2022,11,20520,251.1627906976744,20.425,0.8333333333333334,버스권,중고,5
shinjuku,新宿区,65.8,3,33.2,12,15,1.0,맨션,남동,0,1,0,1,2024,5,8520,129.48328267477206,21.933333333333334,0.8,역세권,노후,2
katsushika,葛飾区,125.6,6,16.6,5,9,13.5,맨션,남,0,1,0,0,2022,9,8270,65.84394904458598,20.933333333333334,0.5555555555555556,버스권,중고,1
adachi,足立区,42.1,1,14.4,2,7,6.2,맨션,남,0,1,0,0,2022,8,2260,53.68171021377672,42.1,0.2857142857142857,도보권,준신축,1
ota,大田区,84.5,4,4.4,8,16,12.3,아파트,남동,1,0,0,0,2023,8,7990,94.55621301775147,21.125,0.5,버스권,신축,2
chuo,中央区,105.9,5,2.0,10,19,2.1,아파트,북동,1,0,0,0,2024,4,24880,234.9386213408876,21.18,0.5263157894736842,역세권,신축,2
katsushika,葛飾区,113.4,5,1.9,13,16,6.4,맨션,남서,1,1,1,0,2023,11,9570,84.39153439153439,22.68,0.8125,도보권,신축,5
koto,江東区,65.6,3,8.7,1,13,12.9,아파트,남,0,1,0,0,2024,7,6940,105.79268292682927,21.866666666666664,0.07692307692307693,버스권,준신축,1
minato,港区,35.8,1,1.1,1,15,1.4,아파트,북,0,1,0,1,2025,4,10390,290.22346368715085,35.8,0.06666666666666667,역세권,신축,2
shinagawa,品川区,105.4,5,55.3,6,10,1.0,아파트,서,0,0,0,0,2025,1,9740,92.40986717267552,21.080000000000002,0.6,역세권,노후,0
adachi,足立区,104.7,5,17.8,13,17,24.1,타워맨션,서,0,0,0,0,2022,11,5600,53.48615090735434,20.94,0.7647058823529411,원거리,중고,0
sumida,墨田区,68.4,3,16.3,14,19,1.6,타워맨션,남,1,1,1,1,2023,9,8920,130.40935672514618,22.8,0.7368421052631579,역세권,중고,6
koto,江東区,22.8,1,13.7,6,19,1.5,맨션,남서,0,0,1,0,2022,12,2480,108.7719298245614,22.8,0.3157894736842105,역세권,준신축,2
nerima,練馬区,100.3,5,31.0,9,11,1.0,맨션,서,0,1,1,1,2025,1,8230,82.05383848454636,20.06,0.8181818181818182,역세권,노후,4
shinagawa,品川区,31.9,2,2.3,14,19,5.4,아파트,북서,1,1,0,1,2024,4,5370,168.3385579937304,15.95,0.7368421052631579,도보권,신축,4
taito,台東区,107.9,5,44.6,4,8,9.9,타워맨션,남서,0,0,1,1,2023,3,8020,74.32808155699722,21.580000000000002,0.5,버스권,노후,3
edogawa,江戸川区,79.9,3,11.7,4,16,13.4,타워맨션,남,0,1,0,1,2024,2,5510,68.96120150187734,26.633333333333336,0.25,버스권,준신축,2
bunkyo,文京区,102.6,4,4.9,7,14,5.2,아파트,남,0,1,0,0,2023,10,15780,153.80116959064327,25.65,0.5,도보권,신축,1
chuo,中央区,64.6,3,12.2,12,12,1.0,아파트,남서,0,1,0,0,2022,10,12360,191.33126934984523,21.53333333333333,1.0,역세권,준신축,1
minato,港区,113.4,5,3.1,14,16,16.7,타워맨션,남,1,1,1,1,2022,10,40900,360.67019400352734,22.68,0.875,원거리,신축,6
chiyoda,千代田区,80.8,3,7.0,7,13,1.4,아파트,서,0,0,0,0,2022,2,18970,234.7772277227723,26.933333333333334,0.5384615384615384,역세권,준신축,0
chiyoda,千代田区,68.0,2,15.7,14,14,3.7,아파트,서,1,0,1,0,2024,8,13190,193.97058823529412,34.0,1.0,도보권,중고,4
shibuya,渋谷区,46.6,3,19.3,11,12,5.5,맨션,북서,0,0,1,0,2025,4,8370,179.61373390557938,15.533333333333333,0.9166666666666666,도보권,중고,2
kita,北区,65.5,3,2.0,11,18,1.0,아파트,남동,0,1,0,0,2022,8,6000,91.6030534351145,21.833333333333332,0.6111111111111112,역세권,신축,1
chiyoda,千代田区,54.9,3,3.9,10,19,5.1,맨션,북동,0,0,0,1,2025,5,14110,257.0127504553734,18.3,0.5263157894736842,도보권,신축,1
shinagawa,品川区,61.0,3,6.5,5,15,1.2,아파트,서,0,1,1,0,2024,1,10320,169.18032786885246,20.333333333333332,0.3333333333333333,역세권,준신축,3
chuo,中央区,65.0,2,37.9,9,18,1.2,맨션,북동,0,1,0,0,2022,10,8610,132.46153846153845,32.5,0.5,역세권,노후,1
meguro,目黒区,45.3,2,7.6,11,13,25.6,맨션,동,0,1,1,1,2024,2,7360,162.47240618101546,22.65,0.8461538461538461,원거리,준신축,4
setagaya,世田谷区,40.6,1,3.7,14,14,10.4,맨션,남서,0,0,0,0,2025,12,5660,139.40886699507388,40.6,1.0,버스권,신축,0
suginami,杉並区,90.0,3,5.8,4,9,2.3,타워맨션,남서,0,1,1,0,2024,5,15070,167.44444444444446,30.0,0.4444444444444444,역세권,준신축,3
toshima,豊島区,81.4,4,38.1,3,13,2.9,아파트,남동,1,1,0,0,2024,8,6420,78.86977886977887,20.35,0.23076923076923078,역세권,노후,3
chuo,中央区,103.8,6,9.2,10,11,8.3,타워맨션,북서,0,0,1,0,2021,6,22100,212.90944123314065,17.3,0.9090909090909091,버스권,준신축,2
minato,港区,59.3,4,12.8,4,15,18.8,타워맨션,서,1,0,1,0,2024,11,15280,257.672849915683,14.825,0.26666666666666666,원거리,준신축,4
nerima,練馬区,59.0,1,9.3,11,14,7.2,아파트,동,1,1,0,1,2022,10,5010,84.91525423728814,59.0,0.7857142857142857,버스권,준신축,4
nakano,中野区,64.2,3,0.2,11,13,9.4,빌라,북동,1,0,1,1,2023,1,7220,112.46105919003115,21.400000000000002,0.8461538461538461,버스권,신축,5
nakano,中野区,58.2,2,0.3,14,18,9.4,아파트,서,0,1,1,0,2022,10,6550,112.54295532646047,29.1,0.7777777777777778,버스권,신축,3
bunkyo,文京区,84.9,4,9.7,2,19,4.6,아파트,북동,1,1,1,0,2022,11,9590,112.95641931684334,21.225,0.10526315789473684,도보권,준신축,5
shibuya,渋谷区,41.7,1,8.6,10,11,29.0,맨션,남,0,0,1,1,2022,4,7370,176.7386091127098,41.7,0.9090909090909091,원거리,준신축,3
meguro,目黒区,40.9,1,0.5,13,16,4.4,아파트,서,0,1,1,0,2023,10,8420,205.8679706601467,40.9,0.8125,도보권,신축,3
setagaya,世田谷区,70.1,3,14.4,3,17,1.0,빌라,남,0,1,0,0,2020,12,6380,91.01283880171185,23.366666666666664,0.17647058823529413,역세권,준신축,1
shinagawa,品川区,69.2,3,11.6,6,13,19.1,아파트,남,0,0,1,0,2021,2,7210,104.1907514450867,23.066666666666666,0.46153846153846156,원거리,준신축,2
chuo,中央区,86.9,4,20.6,1,17,4.8,아파트,남동,1,1,0,0,2021,9,14010,161.21979286536248,21.725,0.058823529411764705,도보권,중고,3
meguro,目黒区,84.4,4,16.7,8,11,3.5,빌라,동,0,1,1,0,2023,5,10330,122.39336492890995,21.1,0.7272727272727273,도보권,중고,3
setagaya,世田谷区,39.8,2,24.8,9,11,15.0,빌라,동,1,0,1,0,2023,6,3560,89.44723618090453,19.9,0.8181818181818182,버스권,중고,4
shinagawa,品川区,93.6,4,13.9,5,17,1.9,타워맨션,남,1,1,0,0,2025,1,21860,233.54700854700857,23.4,0.29411764705882354,역세권,준신축,3
setagaya,世田谷区,50.6,2,7.1,9,14,1.1,타워맨션,서,1,1,0,1,2022,7,9350,184.78260869565216,25.3,0.6428571428571429,역세권,준신축,4
chiyoda,千代田区,80.7,3,5.0,1,2,6.0,아파트,남서,1,1,0,0,2021,4,18100,224.28748451053283,26.900000000000002,0.5,도보권,신축,3
shinagawa,品川区,49.1,1,39.6,6,10,1.0,맨션,동,0,1,1,0,2022,7,5500,112.0162932790224,49.1,0.6,역세권,노후,3
shinjuku,新宿区,35.6,1,41.8,5,10,1.0,아파트,북,0,0,0,1,2025,3,3020,84.8314606741573,35.6,0.5,역세권,노후,1
chuo,中央区,92.7,4,35.4,10,14,6.7,타워맨션,남,0,1,1,0,2023,11,17680,190.722761596548,23.175,0.7142857142857143,도보권,노후,3
toshima,豊島区,49.2,2,40.7,13,17,1.0,맨션,남,0,1,0,1,2023,3,4200,85.36585365853658,24.6,0.7647058823529411,역세권,노후,2
shinjuku,新宿区,71.7,3,33.9,10,19,1.6,아파트,남서,0,1,0,0,2025,3,8810,122.87308228730822,23.900000000000002,0.5263157894736842,역세권,노후,1
meguro,目黒区,81.3,4,4.5,2,8,1.0,타워맨션,남,0,0,1,0,2023,7,18890,232.34932349323495,20.325,0.25,역세권,신축,2
meguro,目黒区,25.4,1,27.7,5,14,4.1,타워맨션,북서,0,0,0,0,2025,10,3680,144.88188976377953,25.4,0.35714285714285715,도보권,중고,0
sumida,墨田区,84.8,4,16.2,6,16,1.0,타워맨션,남,1,1,1,1,2021,8,10920,128.77358490566039,21.2,0.375,역세권,중고,6
sumida,墨田区,67.4,3,13.5,7,11,3.1,아파트,북동,0,1,1,0,2022,9,5200,77.1513353115727,22.46666666666667,0.6363636363636364,도보권,준신축,3
chiyoda,千代田区,80.7,4,4.8,2,16,2.8,빌라,남서,1,1,0,0,2023,12,18300,226.76579925650557,20.175,0.125,역세권,신축,3
ota,大田区,67.9,4,6.0,13,13,3.9,맨션,북,0,0,1,0,2023,8,7040,103.68188512518408,16.975,1.0,도보권,준신축,2
suginami,杉並区,65.5,3,27.0,3,11,5.3,아파트,서,0,1,0,1,2024,4,5290,80.76335877862596,21.833333333333332,0.2727272727272727,도보권,중고,2
toshima,豊島区,84.9,3,11.4,3,14,1.1,아파트,남,0,1,1,1,2025,10,12350,145.4652532391048,28.3,0.21428571428571427,역세권,준신축,4
ota,大田区,49.0,2,1.5,12,17,5.0,아파트,북,1,1,1,1,2022,7,4770,97.34693877551021,24.5,0.7058823529411765,도보권,신축,6
bunkyo,文京区,58.9,3,29.7,10,11,4.5,맨션,남동,0,1,0,0,2024,9,6530,110.86587436332768,19.633333333333333,0.9090909090909091,도보권,중고,1
kita,北区,82.0,3,6.0,10,16,4.7,맨션,북동,1,0,1,0,2025,2,7080,86.34146341463415,27.333333333333332,0.625,도보권,준신축,4
chiyoda,千代田区,57.8,3,22.0,13,17,5.1,맨션,남서,0,1,0,1,2022,7,13480,233.21799307958477,19.266666666666666,0.7647058823529411,도보권,중고,2
chiyoda,千代田区,73.8,4,30.4,5,16,2.2,맨션,남동,1,1,1,1,2023,8,17420,236.04336043360433,18.45,0.3125,역세권,노후,6
sumida,墨田区,66.7,3,60.0,14,17,16.5,아파트,서,0,1,1,0,2025,11,2880,43.1784107946027,22.233333333333334,0.8235294117647058,원거리,노후,3
nerima,練馬区,82.4,4,1.8,9,15,2.4,맨션,동,0,0,1,1,2021,7,7610,92.35436893203882,20.6,0.6,역세권,신축,3
toshima,豊島区,40.6,1,18.7,2,14,1.1,아파트,남,0,1,0,0,2022,2,4620,113.79310344827586,40.6,0.14285714285714285,역세권,중고,1
arakawa,荒川区,96.3,5,20.9,5,15,5.0,맨션,서,0,1,0,0,2022,3,5580,57.94392523364486,19.259999999999998,0.3333333333333333,도보권,중고,1
nerima,練馬区,84.2,3,7.9,14,17,4.4,맨션,남,1,1,1,0,2022,7,8550,101.54394299287411,28.066666666666666,0.8235294117647058,도보권,준신축,5
taito,台東区,77.9,4,21.5,6,12,3.0,아파트,남동,0,0,0,0,2024,6,6840,87.80487804878048,19.475,0.5,역세권,중고,0
kita,北区,81.8,5,31.0,11,11,5.5,아파트,서,1,1,0,0,2023,9,5300,64.79217603911981,16.36,1.0,도보권,노후,3
toshima,豊島区,71.4,3,21.5,4,8,1.0,타워맨션,남서,1,1,1,0,2025,2,10490,146.9187675070028,23.8,0.5,역세권,중고,5
nakano,中野区,80.1,3,1.3,12,19,24.4,맨션,남동,0,0,0,0,2024,5,8300,103.62047440699126,26.7,0.631578947368421,원거리,신축,0
chiyoda,千代田区,64.2,3,6.1,7,16,5.9,아파트,남,0,0,1,0,2024,11,16100,250.77881619937693,21.400000000000002,0.4375,도보권,준신축,2
nerima,練馬区,66.9,3,0.2,13,14,11.9,아파트,남,0,1,1,0,2022,9,6870,102.69058295964125,22.3,0.9285714285714286,버스권,신축,3
chuo,中央区,39.6,1,9.2,12,14,8.0,아파트,남동,0,1,0,0,2021,3,6960,175.75757575757575,39.6,0.8571428571428571,버스권,준신축,1
ota,大田区,33.2,1,6.7,11,17,8.9,아파트,북서,1,1,0,0,2024,2,2750,82.83132530120481,33.2,0.6470588235294118,버스권,준신축,3
itabashi,板橋区,76.9,3,21.6,3,13,1.0,맨션,서,1,1,0,0,2024,12,5270,68.53055916775033,25.633333333333336,0.23076923076923078,역세권,중고,3
shibuya,渋谷区,73.2,3,3.7,6,6,5.0,맨션,북,1,0,0,1,2025,10,18150,247.95081967213113,24.400000000000002,1.0,도보권,신축,3
chuo,中央区,66.1,3,15.9,5,16,6.7,아파트,남서,0,0,1,0,2022,4,11990,181.39183055975795,22.03333333333333,0.3125,도보권,중고,2
taito,台東区,93.6,5,15.4,3,15,5.7,아파트,남서,0,1,1,1,2025,9,10330,110.36324786324786,18.72,0.2,도보권,중고,4
meguro,目黒区,67.6,4,2.3,3,6,7.7,아파트,남,0,1,0,0,2023,6,9450,139.79289940828403,16.9,0.5,버스권,신축,1
arakawa,荒川区,71.9,2,32.7,1,4,4.2,맨션,남,0,0,0,0,2023,9,3900,54.24200278164116,35.95,0.25,도보권,노후,0
chiyoda,千代田区,34.9,2,60.0,4,4,2.8,타워맨션,남,0,1,1,0,2025,1,6860,196.56160458452723,17.45,1.0,역세권,노후,3
koto,江東区,20.0,1,9.9,6,8,2.3,아파트,동,0,1,1,1,2025,10,2230,111.5,20.0,0.75,역세권,준신축,4
shinjuku,新宿区,37.2,1,22.4,10,14,14.1,빌라,남서,0,1,0,0,2022,11,3640,97.84946236559139,37.2,0.7142857142857143,버스권,중고,1
shibuya,渋谷区,50.4,3,18.0,13,19,2.4,맨션,남,0,1,1,0,2023,4,11320,224.6031746031746,16.8,0.6842105263157895,역세권,중고,3
chuo,中央区,81.7,3,0.9,13,19,22.2,아파트,북,1,1,1,0,2023,1,16090,196.94002447980415,27.233333333333334,0.6842105263157895,원거리,신축,5
edogawa,江戸川区,77.5,3,24.8,7,17,2.6,맨션,북동,0,1,1,0,2021,5,3910,50.45161290322581,25.833333333333332,0.4117647058823529,역세권,중고,3
nakano,中野区,84.0,3,1.9,3,13,1.1,타워맨션,남서,0,1,0,0,2021,12,12900,153.57142857142858,28.0,0.23076923076923078,역세권,신축,1
kita,北区,60.1,2,8.0,1,15,3.0,맨션,남,0,1,0,1,2021,2,5200,86.522462562396,30.05,0.06666666666666667,역세권,준신축,2
chuo,中央区,54.2,2,8.0,5,5,3.8,맨션,남,0,0,1,0,2024,2,12460,229.8892988929889,27.1,1.0,도보권,준신축,2
minato,港区,96.5,4,4.7,12,15,8.8,아파트,북,0,1,0,0,2024,12,20730,214.81865284974094,24.125,0.8,버스권,신축,1
toshima,豊島区,98.9,5,17.5,10,18,10.0,맨션,서,1,1,1,0,2023,1,11750,118.80687563195146,19.78,0.5555555555555556,버스권,중고,5
toshima,豊島区,73.5,4,4.0,6,17,7.3,아파트,남,0,0,1,0,2021,11,8620,117.27891156462584,18.375,0.35294117647058826,버스권,신축,2
shibuya,渋谷区,64.3,3,47.0,8,10,30.0,맨션,북,1,1,0,0,2021,3,5130,79.78227060653188,21.433333333333334,0.8,원거리,노후,3
toshima,豊島区,63.5,2,11.3,6,17,1.1,맨션,서,0,1,0,0,2024,9,9190,144.7244094488189,31.75,0.35294117647058826,역세권,준신축,1
nakano,中野区,95.3,5,5.2,2,15,1.0,맨션,남서,0,1,0,1,2024,12,12640,132.63378803777545,19.06,0.13333333333333333,역세권,준신축,2
kita,北区,29.2,1,16.9,6,19,10.4,타워맨션,북동,1,1,1,0,2021,10,2870,98.28767123287672,29.2,0.3157894736842105,버스권,중고,5
taito,台東区,93.8,5,17.3,4,12,2.5,아파트,남서,0,1,1,0,2021,7,8970,95.62899786780385,18.759999999999998,0.3333333333333333,역세권,중고,3
chiyoda,千代田区,69.4,2,12.2,5,7,3.6,빌라,남동,0,1,1,0,2021,4,12370,178.24207492795387,34.7,0.7142857142857143,도보권,준신축,3
taito,台東区,73.0,2,16.8,12,14,7.4,맨션,북서,1,1,0,0,2021,5,8160,111.78082191780823,36.5,0.8571428571428571,버스권,중고,3
ota,大田区,76.1,4,8.1,10,17,8.5,맨션,남서,1,1,1,0,2025,5,6920,90.9329829172142,19.025,0.5882352941176471,버스권,준신축,5
shinagawa,品川区,34.5,1,13.4,14,15,2.5,맨션,남서,1,1,0,1,2024,3,7110,206.08695652173913,34.5,0.9333333333333333,역세권,준신축,4
koto,江東区,20.0,1,11.9,8,9,11.3,맨션,동,0,1,0,0,2025,4,1830,91.5,20.0,0.8888888888888888,버스권,준신축,1
edogawa,江戸川区,51.1,2,6.5,11,14,6.3,맨션,남,0,1,0,0,2024,7,4290,83.95303326810176,25.55,0.7857142857142857,도보권,준신축,1
kita,北区,70.0,4,13.0,4,15,2.2,타워맨션,남서,0,1,1,0,2025,8,8740,124.85714285714286,17.5,0.26666666666666666,역세권,준신축,3
shibuya,渋谷区,38.2,1,2.7,3,18,1.4,타워맨션,남서,0,1,1,1,2023,9,13840,362.30366492146595,38.2,0.16666666666666666,역세권,신축,4
ota,大田区,47.5,2,6.2,11,18,8.9,맨션,남서,0,0,0,0,2024,8,3530,74.3157894736842,23.75,0.6111111111111112,버스권,준신축,0
ota,大田区,106.8,5,7.7,4,17,1.0,맨션,북동,0,0,1,1,2024,3,11850,110.95505617977528,21.36,0.23529411764705882,역세권,준신축,3
meguro,目黒区,63.2,3,5.8,9,19,1.0,아파트,동,0,1,1,0,2025,5,12160,192.40506329113924,21.066666666666666,0.47368421052631576,역세권,준신축,3
shibuya,渋谷区,104.8,5,0.6,4,8,1.0,타워맨션,남동,0,1,0,0,2025,10,34170,326.0496183206107,20.96,0.5,역세권,신축,1
meguro,目黒区,43.1,2,14.4,12,12,8.9,아파트,서,1,0,0,0,2022,3,5440,126.21809744779581,21.55,1.0,버스권,준신축,2
koto,江東区,106.3,5,28.8,5,14,6.2,아파트,북동,0,1,1,0,2023,11,7800,73.37723424270932,21.259999999999998,0.35714285714285715,도보권,중고,3
shibuya,渋谷区,44.2,2,4.5,1,3,1.3,타워맨션,남서,0,0,0,0,2022,10,13000,294.11764705882354,22.1,0.3333333333333333,역세권,신축,0
meguro,目黒区,78.1,3,1.8,8,19,4.1,아파트,남,0,0,1,0,2023,6,14020,179.5134443021767,26.03333333333333,0.42105263157894735,도보권,신축,2
ota,大田区,24.7,1,4.6,1,2,1.4,아파트,북서,1,0,0,0,2021,7,1880,76.11336032388664,24.7,0.5,역세권,신축,2
adachi,足立区,33.3,1,7.1,6,9,2.6,빌라,남,0,1,0,0,2024,8,1900,57.057057057057065,33.3,0.6666666666666666,역세권,준신축,1
koto,江東区,91.8,4,2.7,3,14,1.9,맨션,남동,0,0,1,0,2022,5,11020,120.04357298474946,22.95,0.21428571428571427,역세권,신축,2
bunkyo,文京区,72.9,3,11.0,12,17,11.5,타워맨션,남동,1,0,1,0,2025,1,14430,197.9423868312757,24.3,0.7058823529411765,버스권,준신축,4
adachi,足立区,89.5,5,3.2,13,15,24.5,아파트,남,0,0,1,0,2023,5,5090,56.87150837988827,17.9,0.8666666666666667,원거리,신축,2
toshima,豊島区,79.5,4,5.0,3,19,9.2,맨션,남,1,1,0,0,2021,3,9480,119.24528301886792,19.875,0.15789473684210525,버스권,신축,3
meguro,目黒区,60.5,3,3.5,7,17,1.0,아파트,서,1,0,1,1,2025,6,12170,201.15702479338842,20.166666666666668,0.4117647058823529,역세권,신축,5
bunkyo,文京区,72.1,4,4.6,9,9,9.8,아파트,남서,0,1,0,0,2024,2,10570,146.60194174757282,18.025,1.0,버스권,신축,1
chiyoda,千代田区,60.1,3,1.6,11,18,3.7,빌라,북동,0,1,1,0,2024,2,12440,206.9883527454243,20.033333333333335,0.6111111111111112,도보권,신축,3
chiyoda,千代田区,93.1,4,15.4,4,9,1.0,아파트,서,0,1,0,0,2021,7,17310,185.92910848549948,23.275,0.4444444444444444,역세권,중고,1
shinagawa,品川区,89.6,5,44.2,14,19,5.0,아파트,남서,1,1,1,0,2022,3,7340,81.91964285714286,17.919999999999998,0.7368421052631579,도보권,노후,5
minato,港区,74.0,4,2.3,5,18,4.4,아파트,남서,1,1,1,0,2024,3,22490,303.9189189189189,18.5,0.2777777777777778,도보권,신축,5
setagaya,世田谷区,57.5,2,2.8,8,13,3.3,타워맨션,서,0,0,0,0,2021,12,8150,141.7391304347826,28.75,0.6153846153846154,도보권,신축,0
taito,台東区,39.9,1,4.4,7,18,1.0,맨션,서,0,0,0,0,2024,8,4790,120.05012531328322,39.9,0.3888888888888889,역세권,신축,0
kita,北区,40.7,2,1.4,2,10,17.2,맨션,남,1,0,1,0,2024,7,3860,94.84029484029483,20.35,0.2,원거리,신축,4
bunkyo,文京区,44.2,2,20.8,1,3,3.8,맨션,동,1,1,1,1,2023,2,5440,123.07692307692307,22.1,0.3333333333333333,도보권,중고,6
setagaya,世田谷区,80.1,3,6.4,3,9,2.1,맨션,남동,0,1,0,0,2025,3,10850,135.45568039950064,26.7,0.3333333333333333,역세권,준신축,1
bunkyo,文京区,62.8,2,12.7,5,13,1.0,아파트,북서,0,0,1,1,2024,9,7970,126.91082802547771,31.4,0.38461538461538464,역세권,준신축,3
ota,大田区,66.8,2,1.2,2,11,11.3,맨션,동,0,1,0,1,2023,2,7390,110.62874251497007,33.4,0.18181818181818182,버스권,신축,2
bunkyo,文京区,79.7,4,13.0,1,17,1.8,타워맨션,남동,0,0,1,0,2022,7,12770,160.22584692597238,19.925,0.058823529411764705,역세권,준신축,2
bunkyo,文京区,87.4,4,6.2,7,16,14.2,맨션,남,0,1,1,0,2024,11,13890,158.92448512585813,21.85,0.4375,버스권,준신축,3
shibuya,渋谷区,81.7,3,14.9,14,15,7.5,타워맨션,동,0,1,0,1,2024,9,17990,220.19583843329252,27.233333333333334,0.9333333333333333,버스권,준신축,2
bunkyo,文京区,78.0,3,17.9,13,18,18.8,맨션,남서,1,1,1,0,2025,2,9690,124.23076923076923,26.0,0.7222222222222222,원거리,중고,5
chiyoda,千代田区,89.4,3,11.3,6,15,13.3,빌라,동,0,1,1,0,2024,11,16220,181.4317673378076,29.8,0.4,버스권,준신축,3
toshima,豊島区,72.1,3,1.7,12,19,4.5,아파트,동,1,1,0,0,2024,3,11050,153.25936199722608,24.03333333333333,0.631578947368421,도보권,신축,3
chuo,中央区,81.4,2,1.2,8,15,2.5,맨션,북동,0,1,1,0,2023,5,21820,268.05896805896805,40.7,0.5333333333333333,역세권,신축,3
shinagawa,品川区,41.6,1,7.9,10,15,8.2,아파트,동,0,1,0,0,2024,1,6090,146.39423076923077,41.6,0.6666666666666666,버스권,준신축,1
koto,江東区,43.6,1,17.1,8,19,8.8,타워맨션,서,1,0,0,1,2021,1,4700,107.79816513761467,43.6,0.42105263157894735,버스권,중고,3
chuo,中央区,47.1,2,27.3,14,14,10.2,아파트,북동,1,1,1,1,2024,8,7800,165.60509554140125,23.55,1.0,버스권,중고,6
taito,台東区,54.8,2,8.9,5,12,12.2,아파트,남서,0,1,0,0,2022,11,5280,96.35036496350365,27.4,0.4166666666666667,버스권,준신축,1
meguro,目黒区,32.0,2,25.9,9,11,1.0,타워맨션,남,0,0,1,0,2025,10,6300,196.875,16.0,0.8181818181818182,역세권,중고,2
shinagawa,品川区,84.6,4,4.2,9,12,12.9,타워맨션,동,0,1,1,0,2025,9,18070,213.59338061465724,21.15,0.75,버스권,신축,3
nerima,練馬区,20.0,1,0.6,13,17,1.4,타워맨션,남,1,1,1,1,2021,8,2630,131.5,20.0,0.7647058823529411,역세권,신축,6
shinagawa,品川区,63.8,2,0.6,12,17,9.6,맨션,남,0,1,1,0,2021,4,11190,175.3918495297806,31.9,0.7058823529411765,버스권,신축,3
sumida,墨田区,26.5,1,3.5,13,14,3.2,아파트,남동,0,1,0,0,2022,1,2250,84.90566037735849,26.5,0.9285714285714286,도보권,신축,1
shinagawa,品川区,52.1,2,5.9,8,16,8.1,맨션,남동,0,1,0,0,2023,8,8700,166.98656429942417,26.05,0.5,버스권,준신축,1
adachi,足立区,60.8,2,18.8,13,13,3.4,아파트,남동,1,1,0,0,2022,12,3040,50.0,30.4,1.0,도보권,중고,3
kita,北区,57.4,2,25.6,7,9,1.8,맨션,북동,0,1,1,1,2022,9,4130,71.95121951219512,28.7,0.7777777777777778,역세권,중고,4
koto,江東区,59.3,2,6.4,7,12,6.9,맨션,북서,0,0,1,1,2024,7,7190,121.247892074199,29.65,0.5833333333333334,도보권,준신축,3
minato,港区,55.2,1,42.4,7,18,1.7,맨션,서,1,1,1,0,2024,8,11590,209.96376811594203,55.2,0.3888888888888889,역세권,노후,5
katsushika,葛飾区,75.4,4,28.1,10,13,2.9,아파트,남,0,1,0,0,2024,10,2770,36.737400530503976,18.85,0.7692307692307693,역세권,중고,1
katsushika,葛飾区,34.5,2,1.4,4,4,13.1,빌라,남서,0,1,1,0,2024,3,2070,60.0,17.25,1.0,버스권,신축,3
setagaya,世田谷区,73.2,3,0.6,7,17,1.0,맨션,동,0,1,0,1,2025,12,10880,148.63387978142075,24.400000000000002,0.4117647058823529,역세권,신축,2
bunkyo,文京区,54.7,2,14.5,5,16,1.6,타워맨션,북,0,1,0,0,2022,11,7910,144.6069469835466,27.35,0.3125,역세권,준신축,1
shinagawa,品川区,69.6,3,4.0,11,17,1.1,아파트,남,0,0,1,1,2025,1,12180,175.00000000000003,23.2,0.6470588235294118,역세권,신축,3
setagaya,世田谷区,94.8,5,14.8,12,12,5.8,타워맨션,남,0,1,1,0,2022,9,15240,160.7594936708861,18.96,1.0,도보권,준신축,3
meguro,目黒区,27.1,1,8.3,7,17,1.0,맨션,북서,0,0,0,0,2024,4,3760,138.74538745387454,27.1,0.4117647058823529,역세권,준신축,0
taito,台東区,65.6,3,17.9,12,19,1.0,타워맨션,남서,0,1,0,0,2021,11,8930,136.12804878048783,21.866666666666664,0.631578947368421,역세권,중고,1
arakawa,荒川区,63.0,2,3.9,8,10,19.1,맨션,북동,1,1,1,0,2025,8,5180,82.22222222222223,31.5,0.8,원거리,신축,5
ota,大田区,76.1,3,1.0,13,18,2.0,빌라,남동,1,1,0,0,2021,3,7320,96.18922470433641,25.366666666666664,0.7222222222222222,역세권,신축,3
adachi,足立区,67.2,3,1.6,13,17,2.5,타워맨션,북,0,0,1,1,2021,12,5850,87.05357142857143,22.400000000000002,0.7647058823529411,역세권,신축,3
nakano,中野区,75.6,3,32.0,14,18,17.9,아파트,남,1,1,0,0,2021,12,4700,62.16931216931217,25.2,0.7777777777777778,원거리,노후,3
minato,港区,59.2,2,10.5,1,2,4.8,아파트,동,0,1,1,0,2021,8,13680,231.08108108108107,29.6,0.5,도보권,준신축,3
shinagawa,品川区,64.2,2,13.7,2,11,8.2,맨션,북동,0,0,1,0,2021,1,7250,112.92834890965732,32.1,0.18181818181818182,버스권,준신축,2
chiyoda,千代田区,69.9,3,52.5,13,17,9.2,아파트,동,0,1,1,1,2021,8,7820,111.87410586552217,23.3,0.7647058823529411,버스권,노후,4
itabashi,板橋区,107.7,5,5.7,5,9,3.5,아파트,남,0,1,0,1,2025,4,9740,90.4363974001857,21.54,0.5555555555555556,도보권,준신축,2
shinjuku,新宿区,88.8,3,1.1,9,19,5.7,빌라,북서,1,1,0,0,2022,12,14270,160.6981981981982,29.599999999999998,0.47368421052631576,도보권,신축,3
setagaya,世田谷区,41.4,2,2.3,11,16,1.0,타워맨션,북서,0,0,0,0,2022,1,6750,163.04347826086956,20.7,0.6875,역세권,신축,0
shinagawa,品川区,62.5,2,1.4,13,18,2.6,아파트,북,0,0,0,0,2021,12,9830,157.28,31.25,0.7222222222222222,역세권,신축,0
sumida,墨田区,77.7,3,12.0,1,4,9.0,맨션,남동,0,0,0,0,2021,9,5690,73.23037323037323,25.900000000000002,0.25,버스권,준신축,0
nerima,練馬区,53.5,3,10.8,6,12,1.0,타워맨션,북서,0,0,1,0,2021,12,4690,87.66355140186916,17.833333333333332,0.5,역세권,준신축,2
itabashi,板橋区,111.6,5,13.3,4,5,1.5,아파트,동,0,1,1,0,2022,5,7230,64.78494623655914,22.32,0.8,역세권,준신축,3
kita,北区,87.8,4,5.2,6,12,10.6,타워맨션,남동,0,1,0,0,2021,6,8270,94.19134396355354,21.95,0.5,버스권,준신축,1
suginami,杉並区,20.0,1,23.5,14,14,1.3,아파트,남서,1,0,0,0,2024,3,2160,108.0,20.0,1.0,역세권,중고,2
shibuya,渋谷区,42.9,2,1.3,7,7,5.9,맨션,동,0,1,0,1,2025,3,10030,233.7995337995338,21.45,1.0,도보권,신축,2
meguro,目黒区,80.8,4,7.4,4,13,4.6,맨션,동,1,1,0,1,2021,10,12900,159.65346534653466,20.2,0.3076923076923077,도보권,준신축,4
bunkyo,文京区,67.3,3,13.5,11,14,2.4,아파트,서,0,1,1,0,2021,8,9470,140.71322436849925,22.433333333333334,0.7857142857142857,역세권,준신축,3
chiyoda,千代田区,94.0,4,10.2,4,6,1.0,타워맨션,남동,1,1,0,0,2024,6,33390,355.21276595744683,23.5,0.6666666666666666,역세권,준신축,3
koto,江東区,65.6,4,12.5,1,17,2.9,아파트,남,0,1,0,0,2024,12,6510,99.23780487804879,16.4,0.058823529411764705,역세권,준신축,1
itabashi,板橋区,37.4,1,17.8,1,10,6.4,아파트,북,0,0,1,0,2021,11,2120,56.68449197860963,37.4,0.1,도보권,중고,2
nerima,練馬区,38.5,2,11.7,5,17,8.7,타워맨션,남동,1,0,1,0,2022,8,4270,110.9090909090909,19.25,0.29411764705882354,버스권,준신축,4
shinagawa,品川区,37.5,1,33.5,6,9,6.8,아파트,서,1,0,1,1,2021,11,3520,93.86666666666666,37.5,0.6666666666666666,도보권,노후,5
minato,港区,20.0,1,28.0,1,3,1.0,맨션,남,0,1,0,0,2021,8,4080,204.0,20.0,0.3333333333333333,역세권,중고,1
meguro,目黒区,44.3,2,11.7,6,17,1.0,아파트,남동,1,0,0,0,2024,12,7010,158.23927765237022,22.15,0.35294117647058826,역세권,준신축,2
meguro,目黒区,68.4,3,9.0,14,14,4.6,타워맨션,북서,0,1,1,1,2022,12,16680,243.85964912280699,22.8,1.0,도보권,준신축,4
arakawa,荒川区,62.0,3,57.5,4,6,15.9,맨션,남,0,0,0,0,2023,2,2060,33.225806451612904,20.666666666666668,0.6666666666666666,원거리,노후,0
shinjuku,新宿区,54.9,3,34.5,8,15,13.0,타워맨션,남,0,1,0,0,2023,8,7170,130.60109289617486,18.3,0.5333333333333333,버스권,노후,1
minato,港区,34.9,1,20.6,2,6,8.0,맨션,남,0,0,0,0,2021,12,5140,147.27793696275072,34.9,0.3333333333333333,버스권,중고,0
chuo,中央区,77.2,2,5.6,4,16,6.6,맨션,서,0,0,0,0,2021,3,15350,198.8341968911917,38.6,0.25,도보권,준신축,0
nakano,中野区,43.9,2,2.9,4,10,1.0,맨션,동,0,0,1,0,2021,5,4610,105.0113895216401,21.95,0.4,역세권,신축,2
edogawa,江戸川区,39.4,1,39.2,5,13,3.5,아파트,남동,0,1,0,0,2022,12,1500,38.07106598984772,39.4,0.38461538461538464,도보권,노후,1
edogawa,江戸川区,105.3,5,4.7,14,17,2.3,맨션,남동,1,1,0,0,2025,1,8940,84.9002849002849,21.06,0.8235294117647058,역세권,신축,3
minato,港区,24.8,1,10.9,3,12,25.4,맨션,남동,0,1,0,1,2024,9,5000,201.61290322580643,24.8,0.25,원거리,준신축,2
chiyoda,千代田区,84.2,4,32.0,14,18,9.7,아파트,동,0,1,0,1,2023,8,12550,149.0498812351544,21.05,0.7777777777777778,버스권,노후,2
chuo,中央区,70.6,3,6.7,3,8,20.9,빌라,남서,0,0,0,0,2023,7,9040,128.04532577903683,23.53333333333333,0.375,원거리,준신축,0
setagaya,世田谷区,107.1,5,2.3,3,14,27.2,아파트,서,0,0,0,0,2021,12,10440,97.47899159663866,21.419999999999998,0.21428571428571427,원거리,신축,0
shinjuku,新宿区,55.7,2,60.0,5,19,1.0,아파트,남,0,1,0,0,2024,9,5350,96.05026929982046,27.85,0.2631578947368421,역세권,노후,1
shinjuku,新宿区,58.2,2,15.5,2,13,4.4,맨션,남,0,1,0,0,2023,7,9000,154.63917525773195,29.1,0.15384615384615385,도보권,중고,1
bunkyo,文京区,82.8,3,1.6,7,10,26.5,빌라,남,0,0,1,0,2021,4,9480,114.4927536231884,27.599999999999998,0.7,원거리,신축,2
toshima,豊島区,84.1,3,2.8,14,19,6.7,아파트,남,1,1,0,0,2023,10,12720,151.2485136741974,28.03333333333333,0.7368421052631579,도보권,신축,3
itabashi,板橋区,89.6,4,1.6,8,14,8.1,아파트,북서,0,1,0,0,2025,7,6900,77.00892857142857,22.4,0.5714285714285714,버스권,신축,1
adachi,足立区,33.0,1,3.7,14,16,2.9,맨션,서,1,1,1,0,2025,8,2670,80.9090909090909,33.0,0.875,역세권,신축,5
shinagawa,品川区,82.2,3,2.4,9,15,1.0,타워맨션,남서,0,0,1,1,2024,7,24130,293.5523114355231,27.400000000000002,0.6,역세권,신축,3
shinjuku,新宿区,65.9,2,19.0,10,11,2.0,타워맨션,동,0,1,0,0,2025,5,14940,226.7071320182094,32.95,0.9090909090909091,역세권,중고,1
toshima,豊島区,39.4,2,7.9,14,14,17.1,빌라,북서,0,1,0,0,2023,8,3090,78.42639593908629,19.7,1.0,원거리,준신축,1
bunkyo,文京区,74.1,4,12.7,11,18,3.1,아파트,동,0,1,1,0,2024,1,11350,153.17139001349528,18.525,0.6111111111111112,도보권,준신축,3
chuo,中央区,61.7,2,17.2,6,16,11.4,맨션,동,0,1,1,0,2025,4,11960,193.84116693679093,30.85,0.375,버스권,중고,3
itabashi,板橋区,58.5,2,14.4,1,4,3.8,타워맨션,동,0,1,1,0,2021,3,5200,88.88888888888889,29.25,0.25,도보권,준신축,3
katsushika,葛飾区,48.2,2,30.1,10,15,1.0,타워맨션,남,0,1,1,0,2021,5,2700,56.016597510373444,24.1,0.6666666666666666,역세권,노후,3
meguro,目黒区,99.5,4,6.1,3,5,5.7,빌라,남서,1,1,0,0,2021,9,13540,136.08040201005025,24.875,0.6,도보권,준신축,3
nerima,練馬区,55.2,2,10.2,2,5,16.1,타워맨션,북서,0,1,1,1,2023,3,4970,90.03623188405797,27.6,0.4,원거리,준신축,4
edogawa,江戸川区,97.5,4,15.3,1,2,2.8,타워맨션,북동,0,1,1,0,2022,9,6360,65.23076923076923,24.375,0.5,역세권,중고,3
sumida,墨田区,45.0,2,1.0,12,18,4.3,아파트,서,0,1,1,0,2023,2,5050,112.22222222222223,22.5,0.6666666666666666,도보권,신축,3
toshima,豊島区,75.4,3,16.2,4,16,3.3,맨션,남,0,0,0,0,2022,5,6720,89.12466843501326,25.133333333333336,0.25,도보권,중고,0
taito,台東区,63.7,3,38.2,12,15,4.2,맨션,서,0,1,1,1,2020,12,5040,79.12087912087912,21.233333333333334,0.8,도보권,노후,4
chiyoda,千代田区,49.7,2,59.9,2,8,8.8,아파트,남,0,0,1,1,2025,1,5390,108.45070422535211,24.85,0.25,버스권,노후,3
setagaya,世田谷区,53.5,2,14.1,1,8,9.3,맨션,남서,1,1,0,1,2023,1,7320,136.82242990654206,26.75,0.125,버스권,준신축,4
itabashi,板橋区,36.6,2,11.8,4,5,10.3,맨션,서,0,1,1,0,2022,11,2890,78.96174863387978,18.3,0.8,버스권,준신축,3
adachi,足立区,92.7,4,24.6,14,18,20.6,빌라,남서,0,1,1,1,2022,5,3970,42.82632146709817,23.175,0.7777777777777778,원거리,중고,4
minato,港区,44.1,2,4.3,8,12,2.7,타워맨션,남동,1,0,1,0,2023,9,18320,415.4195011337868,22.05,0.6666666666666666,역세권,신축,4
minato,港区,34.7,1,23.8,12,12,4.4,타워맨션,남,0,1,1,1,2024,8,10710,308.64553314121036,34.7,1.0,도보권,중고,4
edogawa,江戸川区,20.0,1,8.8,11,19,8.7,맨션,남동,0,0,0,0,2023,5,1360,68.0,20.0,0.5789473684210527,버스권,준신축,0
chiyoda,千代田区,48.5,2,12.7,6,14,1.0,맨션,서,0,0,0,0,2025,3,12790,263.7113402061856,24.25,0.42857142857142855,역세권,준신축,0
chiyoda,千代田区,60.7,2,1.0,5,14,1.0,아파트,북동,1,1,0,0,2023,8,14310,235.7495881383855,30.35,0.35714285714285715,역세권,신축,3
chuo,中央区,83.4,4,21.8,1,16,2.6,타워맨션,남,0,1,1,0,2021,7,17590,210.91127098321343,20.85,0.0625,역세권,중고,3
adachi,足立区,61.4,3,10.8,7,19,17.8,타워맨션,북동,0,1,1,0,2022,5,3350,54.56026058631922,20.466666666666665,0.3684210526315789,원거리,준신축,3
chiyoda,千代田区,20.0,1,27.9,10,12,13.3,맨션,서,0,1,1,0,2022,11,3060,153.0,20.0,0.8333333333333334,버스권,중고,3
meguro,目黒区,97.9,4,30.2,7,9,7.6,타워맨션,남동,1,1,0,0,2024,10,14550,148.62104187946883,24.475,0.7777777777777778,버스권,노후,3
taito,台東区,30.4,1,12.0,1,13,10.4,맨션,남서,0,1,1,1,2022,2,3520,115.78947368421053,30.4,0.07692307692307693,버스권,준신축,4
arakawa,荒川区,101.7,5,5.0,14,15,20.8,타워맨션,서,1,1,1,0,2023,12,10540,103.63815142576205,20.34,0.9333333333333333,원거리,신축,5
sumida,墨田区,42.9,2,27.8,12,19,18.2,맨션,남,1,1,0,0,2023,2,3220,75.05827505827506,21.45,0.631578947368421,원거리,중고,3
meguro,目黒区,40.7,1,12.1,3,6,11.9,맨션,남,0,1,0,0,2023,9,6460,158.7223587223587,40.7,0.5,버스권,준신축,1
sumida,墨田区,20.0,1,8.5,1,4,8.7,타워맨션,남서,1,1,0,0,2021,4,2230,111.5,20.0,0.25,버스권,준신축,3
arakawa,荒川区,71.1,3,5.5,6,11,8.6,아파트,서,0,1,1,0,2025,10,5840,82.13783403656822,23.7,0.5454545454545454,버스권,준신축,3
adachi,足立区,112.6,6,3.2,7,7,11.2,아파트,동,0,1,1,0,2023,2,7850,69.7158081705151,18.766666666666666,1.0,버스권,신축,3
meguro,目黒区,71.0,3,11.7,10,17,1.3,아파트,동,1,1,0,0,2025,2,12160,171.26760563380282,23.666666666666668,0.5882352941176471,역세권,준신축,3
taito,台東区,118.7,5,3.1,3,9,3.7,맨션,남,1,1,0,1,2023,7,16970,142.96545914069083,23.740000000000002,0.3333333333333333,도보권,신축,4
taito,台東区,83.5,3,12.7,8,13,4.3,타워맨션,북서,0,1,1,1,2022,10,10830,129.7005988023952,27.833333333333332,0.6153846153846154,도보권,준신축,4
chiyoda,千代田区,75.0,4,2.7,13,17,7.5,맨션,남,1,0,1,0,2023,6,18650,248.66666666666666,18.75,0.7647058823529411,버스권,신축,4
suginami,杉並区,66.8,3,28.0,14,15,4.1,아파트,서,0,1,0,1,2024,4,5830,87.27544910179641,22.266666666666666,0.9333333333333333,도보권,중고,2
setagaya,世田谷区,66.3,3,17.6,14,15,4.5,아파트,남동,0,1,0,0,2022,6,7150,107.84313725490196,22.099999999999998,0.9333333333333333,도보권,중고,1
edogawa,江戸川区,71.4,3,0.5,8,16,2.8,빌라,남동,1,1,0,0,2023,6,5010,70.16806722689076,23.8,0.5,역세권,신축,3
itabashi,板橋区,33.9,2,31.3,13,17,3.0,아파트,남서,0,1,0,0,2023,12,1960,57.817109144542776,16.95,0.7647058823529411,역세권,노후,1
sumida,墨田区,113.4,5,43.1,2,13,15.7,아파트,남,1,1,1,0,2022,8,5030,44.35626102292769,22.68,0.15384615384615385,원거리,노후,5
sumida,墨田区,101.9,5,11.6,10,15,1.1,아파트,남,1,0,1,1,2022,7,10940,107.36015701668302,20.380000000000003,0.6666666666666666,역세권,준신축,5
shinagawa,品川区,41.3,1,1.6,11,18,8.4,맨션,남동,1,1,0,0,2021,10,7450,180.38740920096853,41.3,0.6111111111111112,버스권,신축,3
chuo,中央区,64.2,3,8.5,8,13,2.9,빌라,남서,0,1,0,0,2020,12,11410,177.7258566978193,21.400000000000002,0.6153846153846154,역세권,준신축,1
shibuya,渋谷区,82.6,4,22.3,9,10,3.7,빌라,남동,0,1,1,0,2024,2,11140,134.86682808716708,20.65,0.9,도보권,중고,3
suginami,杉並区,44.4,2,8.0,14,14,10.1,맨션,남,0,1,1,1,2024,1,6080,136.93693693693695,22.2,1.0,버스권,준신축,4
minato,港区,75.4,3,8.0,7,16,7.0,아파트,남서,0,1,0,0,2025,5,19260,255.43766578249335,25.133333333333336,0.4375,도보권,준신축,1
suginami,杉並区,43.2,2,9.8,10,13,3.8,아파트,남,0,1,0,0,2024,7,5150,119.21296296296296,21.6,0.7692307692307693,도보권,준신축,1
arakawa,荒川区,64.9,2,1.5,8,9,11.2,아파트,북동,0,1,1,0,2022,10,4550,70.10785824345146,32.45,0.8888888888888888,버스권,신축,3
shinjuku,新宿区,101.2,5,0.7,6,13,1.0,아파트,북서,1,1,1,0,2024,9,18690,184.68379446640316,20.240000000000002,0.46153846153846156,역세권,신축,5
sumida,墨田区,43.5,1,7.6,4,9,10.9,맨션,북서,0,1,0,0,2021,7,4010,92.183908045977,43.5,0.4444444444444444,버스권,준신축,1
arakawa,荒川区,96.2,3,13.5,10,18,7.2,타워맨션,북,0,1,0,0,2021,11,7220,75.05197505197505,32.06666666666667,0.5555555555555556,버스권,준신축,1
meguro,目黒区,87.4,4,8.8,7,7,1.0,맨션,남서,1,1,0,0,2021,4,18370,210.18306636155606,21.85,1.0,역세권,준신축,3
shinjuku,新宿区,78.3,3,5.0,7,15,7.3,아파트,남서,0,0,1,0,2023,12,10760,137.42017879948915,26.099999999999998,0.4666666666666667,버스권,신축,2
minato,港区,31.6,1,25.0,13,14,19.7,아파트,북동,0,1,0,0,2023,1,4110,130.0632911392405,31.6,0.9285714285714286,원거리,중고,1
ota,大田区,72.7,2,33.0,12,16,1.0,맨션,남동,0,1,0,0,2022,2,4450,61.21045392022008,36.35,0.75,역세권,노후,1
shibuya,渋谷区,97.7,4,7.2,13,14,12.0,맨션,동,0,1,1,0,2022,9,17310,177.17502558853633,24.425,0.9285714285714286,버스권,준신축,3
itabashi,板橋区,20.0,1,0.4,12,12,14.0,빌라,서,1,1,1,0,2024,3,1640,82.0,20.0,1.0,버스권,신축,5
bunkyo,文京区,115.7,5,5.9,6,17,8.9,타워맨션,남,0,1,0,0,2021,10,19660,169.92221261884183,23.14,0.35294117647058826,버스권,준신축,1
chiyoda,千代田区,53.8,3,4.6,1,17,17.6,아파트,남,1,0,1,0,2023,12,10410,193.49442379182156,17.933333333333334,0.058823529411764705,원거리,신축,4
toshima,豊島区,68.1,4,21.9,4,6,12.3,맨션,남서,0,1,1,0,2025,6,7210,105.87371512481646,17.025,0.6666666666666666,버스권,중고,3
shibuya,渋谷区,43.6,1,17.8,4,5,2.5,아파트,동,1,1,1,1,2020,12,8570,196.55963302752292,43.6,0.8,역세권,중고,6
shibuya,渋谷区,109.6,5,7.2,6,13,1.0,맨션,북서,0,1,1,1,2021,9,20200,184.3065693430657,21.919999999999998,0.46153846153846156,역세권,준신축,4
taito,台東区,20.0,1,0.7,3,10,14.1,아파트,남서,1,1,1,0,2021,6,2470,123.5,20.0,0.3,버스권,신축,5
shinagawa,品川区,87.9,4,3.2,10,14,1.9,타워맨션,동,1,1,0,0,2021,11,23240,264.39135381114903,21.975,0.7142857142857143,역세권,신축,3
taito,台東区,43.1,1,11.6,12,15,6.1,맨션,서,1,0,1,1,2022,1,6160,142.92343387470999,43.1,0.8,도보권,준신축,5
chuo,中央区,23.2,1,5.4,1,12,7.2,빌라,남동,0,1,1,0,2021,2,3390,146.1206896551724,23.2,0.08333333333333333,버스권,준신축,3
nakano,中野区,76.0,3,40.4,12,16,7.2,맨션,남동,1,1,0,0,2024,1,5090,66.97368421052632,25.333333333333332,0.75,버스권,노후,3
koto,江東区,113.9,6,12.8,13,14,3.3,맨션,동,0,0,1,0,2022,7,10850,95.25899912203687,18.983333333333334,0.9285714285714286,도보권,준신축,2
shinjuku,新宿区,117.7,5,2.9,6,15,1.0,빌라,남,0,1,1,0,2024,6,19840,168.5641461342396,23.54,0.4,역세권,신축,3
toshima,豊島区,64.9,3,6.5,14,15,1.0,아파트,서,0,1,1,1,2022,10,8360,128.81355932203388,21.633333333333336,0.9333333333333333,역세권,준신축,4
minato,港区,69.6,2,1.1,2,10,6.6,빌라,동,0,1,1,0,2021,4,15740,226.14942528735634,34.8,0.2,도보권,신축,3
koto,江東区,54.7,2,1.4,9,12,8.8,아파트,동,1,1,1,0,2021,3,5620,102.74223034734918,27.35,0.75,버스권,신축,5
chiyoda,千代田区,20.0,1,27.8,14,16,1.0,타워맨션,남서,0,0,0,0,2022,6,5030,251.5,20.0,0.875,역세권,중고,0
chuo,中央区,33.2,1,43.6,6,7,1.8,아파트,북동,0,1,0,0,2023,12,4740,142.77108433734938,33.2,0.8571428571428571,역세권,노후,1
arakawa,荒川区,63.9,3,23.6,4,7,9.1,아파트,남동,1,1,1,0,2023,6,4060,63.53677621283255,21.3,0.5714285714285714,버스권,중고,5
sumida,墨田区,20.0,1,12.0,2,8,16.5,맨션,남동,0,1,0,1,2021,8,1420,71.0,20.0,0.25,원거리,준신축,2
meguro,目黒区,88.3,3,1.9,3,17,1.0,아파트,남,0,0,0,0,2021,6,13630,154.36013590033974,29.433333333333334,0.17647058823529413,역세권,신축,0
minato,港区,95.3,4,11.6,3,11,14.9,타워맨션,동,1,0,0,0,2024,2,28160,295.48793284365166,23.825,0.2727272727272727,버스권,준신축,2
shibuya,渋谷区,35.4,1,26.9,11,16,30.0,아파트,남동,0,1,1,0,2023,8,4610,130.22598870056498,35.4,0.6875,원거리,중고,3
setagaya,世田谷区,83.0,4,14.3,5,17,2.7,아파트,남동,0,0,0,0,2025,2,10040,120.96385542168674,20.75,0.29411764705882354,역세권,준신축,0
chiyoda,千代田区,42.4,2,16.8,11,19,10.2,타워맨션,남,0,0,1,0,2025,5,10820,255.18867924528303,21.2,0.5789473684210527,버스권,중고,2
nerima,練馬区,86.8,5,28.1,8,11,16.1,맨션,남서,0,1,0,0,2023,2,4410,50.806451612903224,17.36,0.7272727272727273,원거리,중고,1
shibuya,渋谷区,37.0,2,18.7,13,13,4.6,타워맨션,동,1,1,1,0,2021,11,8660,234.05405405405406,18.5,1.0,도보권,중고,5
adachi,足立区,61.6,3,8.0,9,17,1.0,맨션,남,0,1,0,0,2025,7,3730,60.55194805194805,20.533333333333335,0.5294117647058824,역세권,준신축,1
itabashi,板橋区,123.5,6,0.1,1,15,28.5,아파트,동,0,1,0,0,2021,4,7390,59.83805668016194,20.583333333333332,0.06666666666666667,원거리,신축,1
nakano,中野区,63.4,3,4.4,6,18,20.3,아파트,북동,0,1,1,0,2025,7,5080,80.12618296529969,21.133333333333333,0.3333333333333333,원거리,신축,3
taito,台東区,113.0,5,2.8,8,10,3.3,아파트,남,0,1,1,0,2025,8,15040,133.09734513274336,22.6,0.8,도보권,신축,3
ota,大田区,76.3,4,26.4,9,14,2.1,아파트,남동,0,0,1,0,2021,10,4860,63.69593709043251,19.075,0.6428571428571429,역세권,중고,2
nakano,中野区,80.0,3,6.4,5,13,9.4,맨션,남서,1,1,0,0,2025,11,9650,120.625,26.666666666666668,0.38461538461538464,버스권,준신축,3
sumida,墨田区,48.5,1,13.5,8,14,1.0,맨션,북서,0,0,0,0,2025,5,5320,109.69072164948453,48.5,0.5714285714285714,역세권,준신축,0
shibuya,渋谷区,85.6,4,24.2,13,18,3.8,맨션,북동,1,1,1,0,2024,8,16550,193.34112149532712,21.4,0.7222222222222222,도보권,중고,5
minato,港区,62.2,3,6.8,14,18,9.4,빌라,남동,0,0,1,0,2024,8,13220,212.540192926045,20.733333333333334,0.7777777777777778,버스권,준신축,2
sumida,墨田区,68.1,3,1.7,7,7,4.2,아파트,남,0,1,0,0,2024,10,7650,112.33480176211455,22.7,1.0,도보권,신축,1
minato,港区,36.3,2,8.0,14,19,20.7,빌라,남,1,0,0,0,2020,12,5510,151.79063360881543,18.15,0.7368421052631579,원거리,준신축,2
nakano,中野区,64.8,2,10.0,12,13,4.7,맨션,북,1,1,1,1,2023,5,7520,116.0493827160494,32.4,0.9230769230769231,도보권,준신축,6
suginami,杉並区,41.9,2,0.1,12,16,30.0,맨션,북,1,1,1,0,2023,8,4710,112.41050119331743,20.95,0.75,원거리,신축,5
shibuya,渋谷区,73.6,3,2.6,8,19,2.6,타워맨션,북서,0,1,1,0,2024,11,24660,335.054347826087,24.53333333333333,0.42105263157894735,역세권,신축,3
ota,大田区,56.8,2,9.1,13,19,2.6,맨션,동,1,1,0,0,2021,9,5740,101.05633802816902,28.4,0.6842105263157895,역세권,준신축,3
shinjuku,新宿区,75.2,3,2.0,8,12,3.4,맨션,북동,0,0,0,0,2021,8,12350,164.2287234042553,25.066666666666666,0.6666666666666666,도보권,신축,0
shibuya,渋谷区,95.7,4,1.8,9,16,12.6,맨션,남,0,1,1,0,2022,1,20050,209.50888192267502,23.925,0.5625,버스권,신축,3
shibuya,渋谷区,37.1,2,60.0,10,18,7.2,아파트,남서,1,0,0,0,2025,4,3910,105.39083557951481,18.55,0.5555555555555556,버스권,노후,2
meguro,目黒区,53.0,2,9.3,5,18,5.3,아파트,남,0,1,1,0,2022,11,9040,170.56603773584905,26.5,0.2777777777777778,도보권,준신축,3
itabashi,板橋区,108.5,5,2.7,3,17,30.0,타워맨션,남동,1,0,1,0,2021,1,9090,83.77880184331798,21.7,0.17647058823529413,원거리,신축,4
chuo,中央区,20.0,1,2.4,14,19,4.8,타워맨션,남서,1,1,0,0,2022,3,6740,337.0,20.0,0.7368421052631579,도보권,신축,3
minato,港区,79.6,4,1.9,3,8,2.1,아파트,동,1,1,1,0,2023,1,27510,345.6030150753769,19.9,0.375,역세권,신축,5
nakano,中野区,64.8,3,41.8,3,5,2.4,아파트,남동,1,1,0,0,2021,2,3980,61.41975308641975,21.599999999999998,0.6,역세권,노후,3
ota,大田区,101.9,3,5.5,10,16,3.1,타워맨션,남서,0,1,1,0,2021,12,13130,128.85181550539744,33.96666666666667,0.625,도보권,준신축,3
setagaya,世田谷区,88.6,4,5.6,9,19,16.1,아파트,남동,1,0,0,0,2021,6,8610,97.1783295711061,22.15,0.47368421052631576,원거리,준신축,2
sumida,墨田区,76.0,3,25.7,14,16,5.8,아파트,북동,1,1,1,0,2024,10,5820,76.57894736842105,25.333333333333332,0.875,도보권,중고,5
nakano,中野区,28.3,1,8.9,4,11,6.4,맨션,남,0,1,0,0,2025,3,3490,123.32155477031802,28.3,0.36363636363636365,도보권,준신축,1
shinagawa,品川区,87.9,4,0.5,5,18,20.8,맨션,동,0,1,1,0,2022,7,12670,144.1410693970421,21.975,0.2777777777777778,원거리,신축,3
chiyoda,千代田区,20.0,2,29.7,9,13,8.5,타워맨션,동,0,1,1,0,2025,9,3630,181.5,10.0,0.6923076923076923,버스권,중고,3
chuo,中央区,79.3,3,9.9,14,18,4.6,아파트,북서,0,1,1,1,2022,12,13800,174.02269861286254,26.433333333333334,0.7777777777777778,도보권,준신축,4
chiyoda,千代田区,97.8,5,3.7,13,19,16.0,아파트,북서,0,1,1,0,2023,10,17850,182.5153374233129,19.56,0.6842105263157895,원거리,신축,3
suginami,杉並区,67.2,3,15.4,13,14,3.4,아파트,남,1,0,0,0,2021,9,7180,106.84523809523809,22.400000000000002,0.9285714285714286,도보권,중고,2
shinjuku,新宿区,37.6,2,6.6,14,19,1.8,맨션,남,1,1,0,0,2025,1,8210,218.35106382978722,18.8,0.7368421052631579,역세권,준신축,3
chuo,中央区,58.0,2,5.0,10,15,7.5,맨션,북동,1,1,1,0,2022,2,12110,208.79310344827587,29.0,0.6666666666666666,버스권,신축,5
nakano,中野区,27.0,1,6.6,2,14,7.5,아파트,남동,1,0,1,0,2025,7,3180,117.77777777777777,27.0,0.14285714285714285,버스권,준신축,4
bunkyo,文京区,74.6,3,4.8,9,16,10.3,맨션,동,0,0,0,0,2021,11,9240,123.86058981233245,24.866666666666664,0.5625,버스권,신축,0
nakano,中野区,25.4,1,3.0,13,15,6.1,아파트,남동,0,1,1,0,2024,12,3220,126.7716535433071,25.4,0.8666666666666667,도보권,신축,3
minato,港区,84.3,3,23.9,9,18,8.5,아파트,남동,0,1,0,0,2025,5,13970,165.717674970344,28.099999999999998,0.5,버스권,중고,1
shinagawa,品川区,56.9,3,34.2,11,19,1.2,아파트,북서,0,1,0,1,2023,7,6850,120.38664323374341,18.966666666666665,0.5789473684210527,역세권,노후,2
minato,港区,128.9,6,13.7,6,19,3.3,맨션,남,0,1,1,0,2025,9,34900,270.7525213343677,21.483333333333334,0.3157894736842105,도보권,준신축,3
chiyoda,千代田区,68.8,3,1.9,3,17,1.0,아파트,남,1,1,0,0,2024,12,19310,280.6686046511628,22.933333333333334,0.17647058823529413,역세권,신축,3
toshima,豊島区,107.5,5,1.8,11,16,6.9,맨션,남,0,0,1,0,2023,12,16790,156.1860465116279,21.5,0.6875,도보권,신축,2
shibuya,渋谷区,44.1,1,18.4,4,6,9.4,맨션,동,0,1,1,0,2022,12,7800,176.87074829931973,44.1,0.6666666666666666,버스권,중고,3
chuo,中央区,39.8,2,7.7,1,14,5.2,타워맨션,동,0,1,0,0,2022,5,10070,253.01507537688445,19.9,0.07142857142857142,도보권,준신축,1
minato,港区,34.2,1,0.8,12,15,22.6,빌라,동,1,0,0,0,2022,10,6400,187.13450292397658,34.2,0.8,원거리,신축,2
minato,港区,60.4,2,0.6,13,19,2.2,맨션,남,0,0,1,0,2021,2,24270,401.82119205298017,30.2,0.6842105263157895,역세권,신축,2
minato,港区,53.9,3,19.9,1,5,1.0,맨션,서,0,0,0,1,2023,6,12640,234.5083487940631,17.966666666666665,0.2,역세권,중고,1
shinagawa,品川区,66.8,3,4.1,6,12,1.5,아파트,북서,0,1,0,1,2022,9,11290,169.0119760479042,22.266666666666666,0.5,역세권,신축,2
shinagawa,品川区,74.9,5,30.7,1,7,22.9,맨션,서,0,1,1,0,2020,12,6900,92.12283044058745,14.98,0.14285714285714285,원거리,노후,3
chiyoda,千代田区,66.9,2,1.6,4,17,3.6,아파트,남,1,0,1,0,2024,2,15020,224.51420029895365,33.45,0.23529411764705882,도보권,신축,4
nakano,中野区,29.9,1,33.9,2,16,1.2,맨션,남서,1,1,0,0,2021,4,2390,79.93311036789298,29.9,0.125,역세권,노후,3
minato,港区,81.0,4,10.8,6,19,3.6,빌라,동,0,1,0,1,2022,12,16240,200.49382716049382,20.25,0.3157894736842105,도보권,준신축,2
shibuya,渋谷区,36.2,1,4.9,13,16,4.9,맨션,남동,1,0,0,1,2021,7,7700,212.70718232044197,36.2,0.8125,도보권,신축,3
bunkyo,文京区,84.9,4,34.3,4,11,12.4,맨션,남,0,1,1,1,2024,11,8460,99.64664310954063,21.225,0.36363636363636365,버스권,노후,4
katsushika,葛飾区,71.5,3,16.7,4,16,16.4,맨션,북서,0,1,1,0,2022,11,3410,47.69230769230769,23.833333333333332,0.25,원거리,중고,3
chuo,中央区,88.0,4,42.3,8,15,6.1,아파트,북서,0,1,0,1,2025,11,12240,139.0909090909091,22.0,0.5333333333333333,도보권,노후,2
nerima,練馬区,88.3,4,2.5,5,16,1.7,빌라,동,0,1,0,0,2023,3,6310,71.46092865232163,22.075,0.3125,역세권,신축,1
suginami,杉並区,64.9,3,22.5,11,11,4.0,빌라,남,0,0,0,1,2021,11,4420,68.10477657935284,21.633333333333336,1.0,도보권,중고,1
minato,港区,57.2,2,17.7,9,15,2.3,아파트,남서,0,1,1,0,2022,4,15430,269.75524475524475,28.6,0.6,역세권,중고,3
chuo,中央区,20.0,1,1.4,5,8,20.5,빌라,남,0,1,0,0,2022,9,3410,170.5,20.0,0.625,원거리,신축,1
chuo,中央区,67.4,3,0.3,4,16,9.0,빌라,남,0,1,1,0,2022,1,11750,174.33234421364983,22.46666666666667,0.25,버스권,신축,3
chuo,中央区,82.0,4,43.8,7,17,7.5,아파트,남,0,0,1,1,2024,8,9400,114.63414634146342,20.5,0.4117647058823529,버스권,노후,3
meguro,目黒区,51.8,3,20.7,14,17,4.0,맨션,북서,0,1,0,0,2024,7,7660,147.87644787644788,17.266666666666666,0.8235294117647058,도보권,중고,1
shibuya,渋谷区,37.2,2,17.5,1,16,1.6,타워맨션,남서,1,1,0,0,2020,12,10150,272.84946236559136,18.6,0.0625,역세권,중고,3
kita,北区,34.6,1,5.8,6,19,7.9,아파트,북동,1,1,0,0,2023,9,2510,72.54335260115607,34.6,0.3157894736842105,버스권,준신축,3
minato,港区,75.7,3,12.3,1,7,1.4,타워맨션,북,0,1,0,0,2024,4,26180,345.8388375165125,25.233333333333334,0.14285714285714285,역세권,준신축,1
toshima,豊島区,79.8,4,28.5,3,19,3.3,맨션,남서,0,1,1,0,2022,2,7440,93.23308270676692,19.95,0.15789473684210525,도보권,중고,3
sumida,墨田区,71.6,3,0.7,5,8,14.7,타워맨션,동,1,0,0,0,2021,12,10180,142.17877094972067,23.866666666666664,0.625,버스권,신축,2
setagaya,世田谷区,95.1,5,17.0,9,15,4.0,맨션,동,0,1,1,0,2024,1,11290,118.71713985278654,19.02,0.6,도보권,중고,3
ota,大田区,88.3,4,29.0,6,16,4.3,타워맨션,남서,0,1,1,0,2023,3,7840,88.78822197055493,22.075,0.375,도보권,중고,3
meguro,目黒区,56.3,2,17.8,14,15,8.3,아파트,서,0,1,1,0,2021,1,7070,125.57726465364121,28.15,0.9333333333333333,버스권,중고,3
edogawa,江戸川区,76.2,3,20.4,4,17,17.8,맨션,남동,1,1,0,0,2024,6,3900,51.181102362204726,25.400000000000002,0.23529411764705882,원거리,중고,3
itabashi,板橋区,74.7,3,17.5,8,13,1.0,빌라,북동,0,1,1,0,2022,5,4130,55.287817938420346,24.900000000000002,0.6153846153846154,역세권,중고,3
minato,港区,35.4,2,18.0,14,17,14.0,타워맨션,북서,0,1,0,0,2024,5,8800,248.58757062146893,17.7,0.8235294117647058,버스권,중고,1
meguro,目黒区,56.3,2,38.7,10,17,3.4,아파트,북서,1,1,1,0,2021,12,5740,101.9538188277087,28.15,0.5882352941176471,도보권,노후,5
koto,江東区,47.8,2,30.6,6,9,9.5,아파트,서,1,1,0,1,2022,3,3210,67.15481171548117,23.9,0.6666666666666666,버스권,노후,4
toshima,豊島区,87.2,3,18.0,11,15,5.2,아파트,북서,1,0,0,0,2022,5,9810,112.5,29.066666666666666,0.7333333333333333,도보권,중고,2
nakano,中野区,52.5,2,13.4,14,15,1.8,타워맨션,남동,0,1,1,0,2025,4,7450,141.9047619047619,26.25,0.9333333333333333,역세권,준신축,3
setagaya,世田谷区,64.2,2,10.8,12,16,14.6,맨션,남,1,1,0,1,2023,10,8500,132.39875389408098,32.1,0.75,버스권,준신축,4
minato,港区,77.8,3,45.6,7,17,6.7,빌라,서,0,1,1,1,2024,12,10500,134.96143958868896,25.933333333333334,0.4117647058823529,도보권,노후,4
koto,江東区,70.9,4,32.5,10,17,1.8,아파트,동,0,0,0,0,2022,4,4960,69.9576868829337,17.725,0.5882352941176471,역세권,노후,0
nakano,中野区,51.7,2,17.4,1,2,1.8,아파트,남,0,1,1,0,2023,10,4610,89.16827852998065,25.85,0.5,역세권,중고,3
ota,大田区,51.4,2,21.1,12,14,5.1,맨션,남,1,0,0,0,2023,12,4930,95.91439688715954,25.7,0.8571428571428571,도보권,중고,2
bunkyo,文京区,48.8,3,12.7,8,19,1.0,타워맨션,동,1,1,1,0,2025,6,10220,209.42622950819674,16.266666666666666,0.42105263157894735,역세권,준신축,5
shibuya,渋谷区,76.4,3,3.9,1,5,23.1,아파트,북동,0,0,0,0,2021,2,10530,137.82722513089004,25.46666666666667,0.2,원거리,신축,0
suginami,杉並区,69.4,4,3.0,9,13,3.3,아파트,남동,0,1,0,0,2024,10,8150,117.43515850144091,17.35,0.6923076923076923,도보권,신축,1
sumida,墨田区,91.3,5,16.6,2,11,8.7,아파트,남서,0,1,0,0,2025,10,6380,69.87951807228916,18.259999999999998,0.18181818181818182,버스권,중고,1
adachi,足立区,60.8,2,6.6,4,14,1.0,맨션,동,0,1,1,1,2021,5,4120,67.76315789473685,30.4,0.2857142857142857,역세권,준신축,4
shinagawa,品川区,59.0,2,42.4,14,18,3.7,아파트,서,0,1,1,0,2023,1,4930,83.55932203389831,29.5,0.7777777777777778,도보권,노후,3
bunkyo,文京区,68.4,4,22.9,5,9,10.1,맨션,북서,0,1,0,0,2023,9,7510,109.7953216374269,17.1,0.5555555555555556,버스권,중고,1
itabashi,板橋区,44.6,2,17.7,5,16,13.5,맨션,남,0,1,1,0,2025,2,3190,71.52466367713004,22.3,0.3125,버스권,중고,3
itabashi,板橋区,75.3,4,0.7,5,5,1.0,아파트,남동,1,1,0,0,2024,1,7740,102.78884462151395,18.825,1.0,역세권,신축,3
setagaya,世田谷区,64.7,3,21.1,10,15,13.9,아파트,남,0,1,0,0,2024,3,6650,102.78207109737248,21.566666666666666,0.6666666666666666,버스권,중고,1
shinagawa,品川区,25.6,1,60.0,8,17,20.6,아파트,남동,1,1,0,0,2025,8,1930,75.390625,25.6,0.47058823529411764,원거리,노후,3
taito,台東区,38.6,2,17.4,4,18,22.7,맨션,남서,0,0,1,0,2021,8,2640,68.39378238341969,19.3,0.2222222222222222,원거리,중고,2
setagaya,世田谷区,83.3,4,10.0,9,19,7.4,맨션,동,0,1,0,0,2022,9,10020,120.28811524609844,20.825,0.47368421052631576,버스권,준신축,1
katsushika,葛飾区,89.3,5,34.5,12,12,25.3,아파트,남서,0,1,1,0,2023,6,3420,38.297872340425535,17.86,1.0,원거리,노후,3
minato,港区,20.0,1,60.0,14,14,2.3,맨션,남,0,1,1,0,2023,11,3530,176.5,20.0,1.0,역세권,노후,3
chuo,中央区,64.7,4,15.4,7,17,8.3,빌라,남,1,1,0,0,2025,7,11060,170.94281298299845,16.175,0.4117647058823529,버스권,중고,3
chiyoda,千代田区,50.5,2,29.9,4,8,5.7,아파트,남,0,0,0,0,2024,1,8260,163.56435643564356,25.25,0.5,도보권,중고,0
shinjuku,新宿区,53.4,3,2.6,7,12,3.0,맨션,북서,1,1,0,1,2024,7,9580,179.40074906367042,17.8,0.5833333333333334,역세권,신축,4
setagaya,世田谷区,69.9,3,60.0,7,7,4.7,아파트,동,0,1,1,0,2023,7,4560,65.23605150214591,23.3,1.0,도보권,노후,3
shinagawa,品川区,94.6,4,59.5,2,19,1.0,아파트,서,0,0,1,0,2023,4,8260,87.31501057082453,23.65,0.10526315789473684,역세권,노후,2
koto,江東区,60.2,3,59.9,14,19,14.8,아파트,북,1,0,1,0,2021,7,3090,51.328903654485046,20.066666666666666,0.7368421052631579,버스권,노후,4
chiyoda,千代田区,85.7,3,20.6,1,11,12.5,아파트,남동,0,0,1,0,2024,8,12940,150.99183197199534,28.566666666666666,0.09090909090909091,버스권,중고,2
kita,北区,78.2,3,14.9,8,12,3.0,아파트,남동,0,1,0,0,2023,8,5730,73.27365728900256,26.066666666666666,0.6666666666666666,역세권,준신축,1
koto,江東区,33.7,1,1.3,7,8,1.0,맨션,남서,1,1,0,0,2022,2,4540,134.7181008902077,33.7,0.875,역세권,신축,3
arakawa,荒川区,67.3,3,6.2,9,16,1.1,맨션,남,1,1,0,0,2021,6,5630,83.6552748885587,22.433333333333334,0.5625,역세권,준신축,3
bunkyo,文京区,95.4,5,3.9,5,17,3.8,아파트,남동,0,1,0,0,2022,2,13840,145.0733752620545,19.080000000000002,0.29411764705882354,도보권,신축,1
bunkyo,文京区,20.0,1,7.1,3,19,2.8,아파트,남서,0,1,1,0,2021,9,2870,143.5,20.0,0.15789473684210525,역세권,준신축,3
shibuya,渋谷区,40.2,1,5.5,2,10,11.9,빌라,남,1,1,1,0,2022,2,6680,166.16915422885572,40.2,0.2,버스권,준신축,5
suginami,杉並区,65.8,2,2.6,8,10,3.5,아파트,동,0,1,0,1,2025,6,8200,124.62006079027356,32.9,0.8,도보권,신축,2
minato,港区,38.2,1,19.7,13,13,3.9,맨션,동,1,0,1,1,2025,8,11120,291.0994764397906,38.2,1.0,도보권,중고,5
sumida,墨田区,80.9,3,1.9,5,17,9.2,아파트,남동,1,1,1,1,2025,11,10150,125.46353522867737,26.96666666666667,0.29411764705882354,버스권,신축,6
koto,江東区,35.2,1,6.6,10,16,5.1,맨션,북동,1,1,0,0,2024,5,4690,133.23863636363635,35.2,0.625,도보권,준신축,3
meguro,目黒区,52.5,2,6.0,8,15,4.7,타워맨션,남동,1,1,0,0,2024,2,13360,254.47619047619048,26.25,0.5333333333333333,도보권,준신축,3
minato,港区,65.8,3,60.0,2,3,6.8,아파트,남동,0,1,0,0,2025,2,8620,131.0030395136778,21.933333333333334,0.6666666666666666,도보권,노후,1
minato,港区,82.8,3,7.9,3,4,7.6,아파트,남서,1,0,1,0,2023,11,18780,226.81159420289856,27.599999999999998,0.75,버스권,준신축,4
setagaya,世田谷区,57.4,3,22.1,14,18,1.0,타워맨션,남,0,1,1,0,2025,10,8970,156.27177700348432,19.133333333333333,0.7777777777777778,역세권,중고,3
taito,台東区,55.4,2,2.7,1,18,21.2,타워맨션,남,0,0,0,0,2024,1,7790,140.61371841155236,27.7,0.05555555555555555,원거리,신축,0
toshima,豊島区,22.0,1,6.7,8,9,30.0,맨션,남,0,1,0,0,2025,3,2900,131.8181818181818,22.0,0.8888888888888888,원거리,준신축,1
minato,港区,103.4,3,4.8,14,17,4.3,아파트,남서,0,1,0,0,2022,10,28080,271.5667311411992,34.46666666666667,0.8235294117647058,도보권,신축,1
bunkyo,文京区,21.9,1,25.5,4,6,2.6,타워맨션,서,0,1,1,0,2021,5,2880,131.5068493150685,21.9,0.6666666666666666,역세권,중고,3
koto,江東区,66.5,3,3.4,8,11,21.3,맨션,북,0,0,0,1,2023,8,5740,86.3157894736842,22.166666666666668,0.7272727272727273,원거리,신축,1
setagaya,世田谷区,43.5,1,20.5,9,13,3.2,맨션,남,0,1,1,0,2024,2,5400,124.13793103448276,43.5,0.6923076923076923,도보권,중고,3
bunkyo,文京区,68.3,2,5.3,10,10,16.6,빌라,동,0,0,0,0,2021,5,5680,83.16251830161055,34.15,1.0,원거리,준신축,0
adachi,足立区,99.0,4,5.3,5,17,8.4,맨션,남동,0,1,0,0,2022,1,6370,64.34343434343434,24.75,0.29411764705882354,버스권,준신축,1
shinjuku,新宿区,54.7,2,1.3,12,16,19.3,아파트,동,0,1,0,1,2024,2,7370,134.73491773308956,27.35,0.75,원거리,신축,2
taito,台東区,50.2,3,1.3,10,17,15.7,아파트,동,0,0,1,0,2021,6,4710,93.82470119521912,16.733333333333334,0.5882352941176471,원거리,신축,2
shinjuku,新宿区,23.4,1,5.6,10,11,9.1,아파트,서,1,1,0,0,2021,3,3530,150.85470085470087,23.4,0.9090909090909091,버스권,준신축,3
bunkyo,文京区,93.2,4,19.9,2,3,9.2,아파트,남동,1,1,0,0,2023,4,11260,120.81545064377681,23.3,0.6666666666666666,버스권,중고,3
meguro,目黒区,56.4,2,13.9,8,13,4.1,아파트,남서,0,1,0,1,2022,8,8020,142.19858156028369,28.2,0.6153846153846154,도보권,준신축,2
sumida,墨田区,29.7,1,9.2,7,13,7.5,타워맨션,남동,0,1,1,0,2023,7,3930,132.32323232323233,29.7,0.5384615384615384,버스권,준신축,3
setagaya,世田谷区,71.3,3,9.4,8,13,1.6,빌라,남동,0,1,1,0,2022,4,7590,106.45161290322581,23.766666666666666,0.6153846153846154,역세권,준신축,3
toshima,豊島区,55.0,2,30.7,5,18,1.1,맨션,남,0,1,1,1,2025,3,6850,124.54545454545455,27.5,0.2777777777777778,역세권,노후,4
edogawa,江戸川区,50.7,3,23.6,6,19,5.2,맨션,동,0,1,1,0,2022,4,2930,57.79092702169625,16.900000000000002,0.3157894736842105,도보권,중고,3
koto,江東区,48.4,2,14.8,7,11,8.1,맨션,동,0,0,1,0,2021,12,4390,90.70247933884298,24.2,0.6363636363636364,버스권,준신축,2
arakawa,荒川区,123.6,6,23.1,11,13,2.5,맨션,동,1,0,1,0,2022,1,8620,69.7411003236246,20.599999999999998,0.8461538461538461,역세권,중고,4
ota,大田区,116.1,5,14.0,3,4,1.2,맨션,동,0,0,1,0,2022,8,7130,61.41257536606374,23.22,0.75,역세권,준신축,2
arakawa,荒川区,67.2,2,22.5,8,9,1.0,아파트,남,0,1,0,0,2024,3,4940,73.51190476190476,33.6,0.8888888888888888,역세권,중고,1
bunkyo,文京区,71.0,4,14.0,6,12,18.6,아파트,남동,0,1,0,0,2021,1,5920,83.38028169014085,17.75,0.5,원거리,준신축,1
nakano,中野区,60.9,3,6.4,10,12,4.3,맨션,서,1,1,1,0,2024,12,8340,136.94581280788177,20.3,0.8333333333333334,도보권,준신축,5
bunkyo,文京区,52.7,2,2.3,4,10,3.2,맨션,남동,0,0,0,1,2024,5,10130,192.2201138519924,26.35,0.4,도보권,신축,1
arakawa,荒川区,80.3,2,60.0,4,7,8.1,타워맨션,서,1,1,1,1,2022,1,4670,58.15691158156912,40.15,0.5714285714285714,버스권,노후,6
nerima,練馬区,69.1,3,5.1,4,19,5.9,맨션,북,1,0,1,1,2025,2,7330,106.0781476121563,23.03333333333333,0.21052631578947367,도보권,준신축,5
adachi,足立区,74.6,3,23.7,6,18,6.3,빌라,동,0,0,1,0,2023,7,3360,45.0402144772118,24.866666666666664,0.3333333333333333,도보권,중고,2
toshima,豊島区,51.8,2,6.1,12,13,1.7,아파트,서,0,1,1,0,2023,2,7310,141.11969111969114,25.9,0.9230769230769231,역세권,준신축,3
shinagawa,品川区,65.2,2,1.0,4,15,1.0,아파트,북동,0,1,0,1,2025,8,12100,185.58282208588957,32.6,0.26666666666666666,역세권,신축,2
meguro,目黒区,101.5,5,6.0,1,13,2.9,맨션,동,0,0,0,0,2021,6,17420,171.6256157635468,20.3,0.07692307692307693,역세권,준신축,0
bunkyo,文京区,62.5,2,23.6,1,19,7.7,맨션,남서,0,1,1,0,2020,12,5680,90.88,31.25,0.05263157894736842,버스권,중고,3
bunkyo,文京区,70.0,4,3.0,10,12,2.8,아파트,남동,1,1,1,0,2024,10,13860,198.0,17.5,0.8333333333333334,역세권,신축,5
taito,台東区,68.4,3,8.0,3,17,2.9,아파트,서,0,1,1,0,2021,1,7850,114.76608187134502,22.8,0.17647058823529413,역세권,준신축,3
chiyoda,千代田区,66.5,3,9.3,1,17,4.7,맨션,동,0,1,1,0,2022,7,15780,237.29323308270676,22.166666666666668,0.058823529411764705,도보권,준신축,3
chiyoda,千代田区,97.5,5,6.4,2,15,4.2,맨션,북,0,1,1,0,2025,4,25280,259.28205128205127,19.5,0.13333333333333333,도보권,준신축,3
nerima,練馬区,56.9,3,15.3,3,19,11.2,빌라,북서,1,1,1,0,2022,8,4110,72.23198594024605,18.966666666666665,0.15789473684210525,버스권,중고,5
shibuya,渋谷区,42.9,2,0.2,5,5,12.5,맨션,남,0,1,1,0,2025,3,9780,227.97202797202797,21.45,1.0,버스권,신축,3
bunkyo,文京区,70.2,2,13.2,13,18,1.7,아파트,동,1,0,1,0,2021,1,8700,123.93162393162393,35.1,0.7222222222222222,역세권,준신축,4
minato,港区,104.5,5,1.8,11,13,2.9,맨션,북서,0,1,1,1,2023,1,32080,306.9856459330144,20.9,0.8461538461538461,역세권,신축,4
shinagawa,品川区,38.4,1,24.3,10,15,5.7,빌라,남서,0,1,0,0,2022,12,3680,95.83333333333334,38.4,0.6666666666666666,도보권,중고,1
kita,北区,32.5,2,9.4,1,5,2.1,아파트,북동,0,1,0,0,2025,2,2690,82.76923076923077,16.25,0.2,역세권,준신축,1
minato,港区,68.9,3,46.0,13,14,20.0,타워맨션,북서,0,0,0,0,2025,7,9180,133.2365747460087,22.96666666666667,0.9285714285714286,원거리,노후,0
shinjuku,新宿区,85.6,4,13.9,9,19,1.1,맨션,남서,1,1,1,0,2023,12,17460,203.97196261682245,21.4,0.47368421052631576,역세권,준신축,5
minato,港区,64.0,2,7.5,6,12,6.3,타워맨션,남,0,1,1,1,2023,4,23180,362.1875,32.0,0.5,도보권,준신축,4
adachi,足立区,104.5,5,15.0,8,14,4.7,맨션,남,0,0,1,0,2025,3,5960,57.03349282296651,20.9,0.5714285714285714,도보권,준신축,2
chuo,中央区,41.3,2,57.8,6,9,20.7,맨션,북서,0,1,1,0,2021,6,3040,73.60774818401937,20.65,0.6666666666666666,원거리,노후,3
shinjuku,新宿区,55.0,2,17.6,7,19,3.4,맨션,남,1,0,1,1,2025,2,9840,178.9090909090909,27.5,0.3684210526315789,도보권,중고,5
shibuya,渋谷区,71.8,3,2.9,8,16,1.6,맨션,남,0,0,1,1,2022,11,20310,282.8690807799443,23.933333333333334,0.5,역세권,신축,3
bunkyo,文京区,54.0,2,1.7,9,13,5.4,맨션,남,0,1,0,0,2025,1,9130,169.07407407407408,27.0,0.6923076923076923,도보권,신축,1
sumida,墨田区,20.0,1,0.3,3,12,1.0,맨션,남,0,1,1,1,2025,7,2710,135.5,20.0,0.25,역세권,신축,4
taito,台東区,22.3,1,4.7,14,16,1.0,아파트,남서,0,1,1,0,2023,3,3360,150.6726457399103,22.3,0.875,역세권,신축,3
shibuya,渋谷区,99.6,5,4.5,4,6,13.8,빌라,동,0,0,1,1,2022,4,15920,159.8393574297189,19.919999999999998,0.6666666666666666,버스권,신축,3
minato,港区,105.6,5,11.9,10,18,5.5,맨션,남,0,0,1,0,2025,6,29280,277.2727272727273,21.119999999999997,0.5555555555555556,도보권,준신축,2
ota,大田区,69.3,3,31.7,4,15,5.3,빌라,북서,0,1,0,0,2023,12,3170,45.743145743145746,23.099999999999998,0.26666666666666666,도보권,노후,1
arakawa,荒川区,93.9,4,22.1,3,10,3.9,맨션,남동,1,0,1,0,2024,9,7200,76.6773162939297,23.475,0.3,도보권,중고,4
bunkyo,文京区,100.9,4,12.7,9,10,1.1,맨션,남서,0,0,1,0,2024,8,14030,139.04856293359762,25.225,0.9,역세권,준신축,2
toshima,豊島区,20.0,1,2.1,4,4,6.7,맨션,남서,0,0,0,0,2024,1,2850,142.5,20.0,1.0,도보권,신축,0
chuo,中央区,66.7,3,14.9,11,14,8.8,아파트,남동,0,1,1,0,2022,2,11770,176.46176911544228,22.233333333333334,0.7857142857142857,버스권,준신축,3
adachi,足立区,80.9,3,9.3,1,15,15.3,타워맨션,남동,0,1,1,0,2024,4,5730,70.82818294190358,26.96666666666667,0.06666666666666667,원거리,준신축,3
shinagawa,品川区,76.8,3,36.2,9,15,2.3,맨션,동,0,1,0,0,2023,5,9770,127.21354166666667,25.599999999999998,0.6,역세권,노후,1
chiyoda,千代田区,100.2,5,15.2,4,13,5.2,아파트,남,1,1,0,0,2023,6,22020,219.76047904191617,20.04,0.3076923076923077,도보권,중고,3
minato,港区,85.7,4,0.8,10,19,2.8,맨션,남,0,1,1,0,2024,12,34580,403.50058343057174,21.425,0.5263157894736842,역세권,신축,3
koto,江東区,58.4,2,26.6,8,19,22.8,맨션,동,0,1,0,0,2022,2,3400,58.21917808219178,29.2,0.42105263157894735,원거리,중고,1
chuo,中央区,88.5,3,14.1,10,14,3.5,맨션,서,0,1,1,0,2022,4,14490,163.72881355932202,29.5,0.7142857142857143,도보권,준신축,3
katsushika,葛飾区,79.4,3,7.0,3,15,13.4,아파트,동,0,1,0,1,2024,8,4790,60.32745591939546,26.46666666666667,0.2,버스권,준신축,2
edogawa,江戸川区,82.4,3,48.6,1,11,25.9,아파트,서,0,0,0,0,2024,11,2030,24.635922330097085,27.46666666666667,0.09090909090909091,원거리,노후,0
katsushika,葛飾区,50.1,1,5.5,13,19,2.8,아파트,남동,0,1,0,0,2023,5,3360,67.06586826347305,50.1,0.6842105263157895,역세권,준신축,1
bunkyo,文京区,36.1,1,4.4,10,19,6.1,빌라,서,0,1,1,1,2022,1,4450,123.26869806094183,36.1,0.5263157894736842,도보권,신축,4
chiyoda,千代田区,88.5,4,29.6,8,9,2.8,빌라,남,0,1,0,0,2023,3,13300,150.28248587570621,22.125,0.8888888888888888,역세권,중고,1
minato,港区,90.1,4,6.1,7,17,5.6,타워맨션,서,0,0,0,0,2021,2,23440,260.15538290788015,22.525,0.4117647058823529,도보권,준신축,0
minato,港区,73.2,4,22.2,2,7,7.7,아파트,남동,0,1,1,0,2025,11,14650,200.13661202185793,18.3,0.2857142857142857,버스권,중고,3
itabashi,板橋区,41.8,1,9.9,12,12,1.0,맨션,남서,0,0,1,0,2023,7,3300,78.94736842105263,41.8,1.0,역세권,준신축,2
sumida,墨田区,90.8,4,12.5,3,18,2.9,아파트,북서,1,1,1,1,2025,5,8990,99.00881057268722,22.7,0.16666666666666666,역세권,준신축,6
setagaya,世田谷区,83.0,4,12.5,4,14,22.4,맨션,북서,0,1,1,0,2021,6,9030,108.79518072289157,20.75,0.2857142857142857,원거리,준신축,3
arakawa,荒川区,59.1,3,38.4,9,18,1.0,아파트,남서,0,0,1,0,2022,12,2470,41.793570219966156,19.7,0.5,역세권,노후,2
minato,港区,75.0,4,22.9,1,4,2.7,아파트,남,0,1,1,0,2024,2,20340,271.2,18.75,0.25,역세권,중고,3
koto,江東区,23.8,1,3.1,7,13,3.5,아파트,남,0,1,0,1,2022,10,2490,104.62184873949579,23.8,0.5384615384615384,도보권,신축,2
setagaya,世田谷区,52.9,2,34.4,7,18,4.5,타워맨션,남,1,1,0,0,2023,2,6120,115.68998109640832,26.45,0.3888888888888889,도보권,노후,3
koto,江東区,98.6,5,60.0,2,18,10.8,맨션,북동,1,1,1,0,2022,10,4790,48.580121703853955,19.72,0.1111111111111111,버스권,노후,5
shinagawa,品川区,44.4,1,0.5,12,16,1.9,아파트,서,1,0,0,1,2022,10,8480,190.990990990991,44.4,0.75,역세권,신축,3
meguro,目黒区,80.2,3,26.5,4,15,3.2,아파트,남서,1,1,0,1,2024,6,10450,130.29925187032418,26.733333333333334,0.26666666666666666,도보권,중고,4
taito,台東区,76.3,4,6.9,14,18,7.0,타워맨션,서,1,0,1,0,2024,6,11710,153.47313237221493,19.075,0.7777777777777778,도보권,준신축,4
minato,港区,85.5,4,3.0,12,18,4.3,아파트,남,1,0,0,0,2022,4,25630,299.766081871345,21.375,0.6666666666666666,도보권,신축,2
toshima,豊島区,20.0,1,3.8,3,10,1.0,맨션,남동,0,1,1,1,2021,4,2820,141.0,20.0,0.3,역세권,신축,4
shibuya,渋谷区,21.1,1,7.6,14,19,1.7,맨션,북,1,1,1,0,2022,10,5210,246.91943127962082,21.1,0.7368421052631579,역세권,준신축,5
minato,港区,89.0,4,1.6,5,8,5.8,맨션,남,0,0,1,1,2024,11,27510,309.1011235955056,22.25,0.625,도보권,신축,3
minato,港区,58.5,3,12.1,1,19,2.7,맨션,남동,1,0,1,0,2024,7,18870,322.56410256410254,19.5,0.05263157894736842,역세권,준신축,4
bunkyo,文京区,85.1,3,7.4,14,19,1.0,맨션,남동,0,1,1,1,2025,1,17620,207.05052878965924,28.366666666666664,0.7368421052631579,역세권,준신축,4
minato,港区,93.9,4,16.6,13,19,7.4,아파트,동,0,1,1,0,2021,6,16020,170.6070287539936,23.475,0.6842105263157895,버스권,중고,3
meguro,目黒区,76.9,4,54.0,13,16,8.7,아파트,남,0,1,0,1,2024,10,7570,98.43953185955786,19.225,0.8125,버스권,노후,2
bunkyo,文京区,73.4,3,34.8,7,18,8.4,맨션,남동,1,1,0,0,2025,2,6990,95.23160762942778,24.46666666666667,0.3888888888888889,버스권,노후,3
minato,港区,20.0,1,5.9,7,11,10.2,아파트,북동,0,1,1,0,2022,11,3600,180.0,20.0,0.6363636363636364,버스권,준신축,3
shinjuku,新宿区,66.5,3,14.2,11,11,4.7,타워맨션,서,0,0,1,0,2023,11,13360,200.90225563909775,22.166666666666668,1.0,도보권,준신축,2
toshima,豊島区,72.0,4,12.6,1,9,7.7,타워맨션,남,0,1,1,0,2021,6,8750,121.52777777777777,18.0,0.1111111111111111,버스권,준신축,3
chuo,中央区,62.0,3,8.8,4,7,1.5,맨션,남,0,1,1,0,2021,3,18160,292.9032258064516,20.666666666666668,0.5714285714285714,역세권,준신축,3
nakano,中野区,68.3,3,36.1,2,9,3.8,빌라,동,1,1,1,1,2022,10,4220,61.786237188872626,22.766666666666666,0.2222222222222222,도보권,노후,6
chiyoda,千代田区,55.9,3,33.4,13,18,6.0,아파트,북동,1,1,1,0,2022,12,9720,173.88193202146692,18.633333333333333,0.7222222222222222,도보권,노후,5
kita,北区,87.4,4,8.3,12,18,6.2,아파트,남동,1,0,1,0,2022,4,7580,86.72768878718534,21.85,0.6666666666666666,도보권,준신축,4
minato,港区,84.7,4,0.7,12,17,7.2,맨션,남,1,1,0,1,2023,10,22970,271.19244391971665,21.175,0.7058823529411765,버스권,신축,4
taito,台東区,48.1,2,4.9,6,6,22.8,아파트,남동,0,1,1,1,2022,6,3950,82.12058212058211,24.05,1.0,원거리,신축,4
nerima,練馬区,80.2,3,8.0,9,15,1.0,아파트,동,1,1,1,0,2023,4,7600,94.76309226932668,26.733333333333334,0.6,역세권,준신축,5
shinjuku,新宿区,71.4,3,56.7,11,12,10.9,타워맨션,남서,0,1,0,0,2022,6,7230,101.26050420168066,23.8,0.9166666666666666,버스권,노후,1
arakawa,荒川区,61.7,2,2.3,9,17,8.1,맨션,북서,0,0,0,0,2022,1,5030,81.52350081037277,30.85,0.5294117647058824,버스권,신축,0
meguro,目黒区,98.7,5,5.0,8,17,4.7,아파트,남,0,1,0,0,2020,12,16700,169.19959473150962,19.740000000000002,0.47058823529411764,도보권,신축,1
arakawa,荒川区,37.9,2,42.9,1,11,4.4,맨션,서,0,0,0,0,2023,7,1680,44.32717678100264,18.95,0.09090909090909091,도보권,노후,0
meguro,目黒区,52.7,2,1.0,3,7,3.6,맨션,동,0,0,0,0,2024,12,9390,178.1783681214421,26.35,0.42857142857142855,도보권,신축,0
toshima,豊島区,28.6,1,0.1,1,13,4.2,아파트,남서,0,0,1,0,2024,1,3730,130.41958041958043,28.6,0.07692307692307693,도보권,신축,2
setagaya,世田谷区,73.3,3,12.9,3,16,4.3,타워맨션,남,1,1,0,0,2025,3,11900,162.34652114597546,24.433333333333334,0.1875,도보권,준신축,3
katsushika,葛飾区,69.4,2,0.7,5,16,1.0,아파트,남,0,0,1,1,2021,4,4750,68.44380403458213,34.7,0.3125,역세권,신축,3
shinagawa,品川区,76.5,4,15.4,13,18,5.5,아파트,남,1,1,1,0,2025,4,12630,165.09803921568627,19.125,0.7222222222222222,도보권,중고,5
shinjuku,新宿区,52.3,1,9.6,12,12,21.8,맨션,남동,1,0,0,0,2025,11,7810,149.33078393881453,52.3,1.0,원거리,준신축,2
shibuya,渋谷区,84.8,4,9.6,11,18,2.6,맨션,남서,0,1,0,1,2021,5,18650,219.92924528301887,21.2,0.6111111111111112,역세권,준신축,2
toshima,豊島区,94.3,4,7.8,13,18,18.3,아파트,북동,0,1,1,0,2023,3,8930,94.69777306468717,23.575,0.7222222222222222,원거리,준신축,3
nakano,中野区,61.4,2,7.6,13,18,1.0,맨션,북서,0,1,1,0,2024,9,8630,140.55374592833877,30.7,0.7222222222222222,역세권,준신축,3
koto,江東区,96.7,5,32.3,8,12,17.2,맨션,남,0,0,0,0,2022,2,5840,60.39296794208893,19.34,0.6666666666666666,원거리,노후,0
chiyoda,千代田区,94.0,4,2.5,3,18,4.4,아파트,북동,0,0,1,0,2023,12,20680,220.0,23.5,0.16666666666666666,도보권,신축,2
ota,大田区,62.6,3,3.6,4,18,3.8,아파트,남서,1,1,1,0,2023,3,5850,93.45047923322683,20.866666666666667,0.2222222222222222,도보권,신축,5
toshima,豊島区,77.5,4,4.0,9,9,1.5,맨션,남서,0,1,0,0,2020,12,10570,136.38709677419354,19.375,1.0,역세권,신축,1
meguro,目黒区,44.8,2,23.5,7,10,10.9,타워맨션,동,0,1,0,0,2023,1,6470,144.41964285714286,22.4,0.7,버스권,중고,1
suginami,杉並区,66.5,3,1.8,14,14,11.3,아파트,서,1,0,1,0,2024,12,9100,136.8421052631579,22.166666666666668,1.0,버스권,신축,4
shinjuku,新宿区,68.3,3,6.8,8,18,3.6,아파트,남,1,1,0,0,2023,1,11720,171.59590043923865,22.766666666666666,0.4444444444444444,도보권,준신축,3
setagaya,世田谷区,29.1,1,6.6,6,12,1.0,맨션,남동,0,1,1,0,2020,12,4290,147.42268041237114,29.1,0.5,역세권,준신축,3
shinagawa,品川区,121.5,6,12.4,11,13,2.6,타워맨션,남,0,0,0,1,2021,7,24970,205.51440329218107,20.25,0.8461538461538461,역세권,준신축,1
chuo,中央区,38.7,1,4.8,3,3,13.2,아파트,북,0,1,1,0,2023,11,7400,191.2144702842377,38.7,1.0,버스권,신축,3
minato,港区,78.4,4,10.8,14,19,2.0,아파트,동,1,1,0,0,2021,3,21130,269.515306122449,19.6,0.7368421052631579,역세권,준신축,3
minato,港区,101.5,5,14.7,1,14,1.0,타워맨션,남동,0,0,0,1,2021,9,32810,323.2512315270936,20.3,0.07142857142857142,역세권,준신축,1
edogawa,江戸川区,92.4,4,10.8,5,12,7.1,아파트,남동,0,0,1,0,2024,4,5240,56.70995670995671,23.1,0.4166666666666667,버스권,준신축,2
arakawa,荒川区,28.2,1,0.2,9,19,8.6,아파트,남서,1,1,1,0,2021,1,2400,85.1063829787234,28.2,0.47368421052631576,버스권,신축,5
toshima,豊島区,20.0,1,28.6,7,8,12.6,아파트,남,0,0,0,0,2022,1,1530,76.5,20.0,0.875,버스권,중고,0
shinjuku,新宿区,60.0,3,20.7,10,16,1.5,맨션,동,0,1,0,0,2023,7,8240,137.33333333333334,20.0,0.625,역세권,중고,1
chiyoda,千代田区,75.0,3,10.2,10,16,18.8,맨션,서,0,1,0,1,2022,12,12170,162.26666666666668,25.0,0.625,원거리,준신축,2
kita,北区,84.2,4,14.9,1,14,2.6,맨션,남,0,1,1,0,2024,1,7710,91.56769596199524,21.05,0.07142857142857142,역세권,준신축,3
shinagawa,品川区,66.0,4,30.5,12,13,4.7,맨션,남,1,1,0,1,2022,1,9130,138.33333333333334,16.5,0.9230769230769231,도보권,노후,4
minato,港区,35.0,2,1.1,9,14,4.6,타워맨션,남,0,1,0,0,2024,2,15590,445.42857142857144,17.5,0.6428571428571429,도보권,신축,1
chuo,中央区,90.2,5,5.2,6,19,1.4,아파트,동,1,0,1,0,2021,11,19050,211.19733924611972,18.04,0.3157894736842105,역세권,준신축,4
nakano,中野区,100.8,5,4.1,13,13,1.0,아파트,북서,0,0,1,0,2022,9,11800,117.06349206349206,20.16,1.0,역세권,신축,2
meguro,目黒区,27.8,1,3.5,1,14,5.5,빌라,북,0,0,0,0,2024,3,3430,123.38129496402877,27.8,0.07142857142857142,도보권,신축,0
chiyoda,千代田区,20.0,1,2.8,6,12,3.4,타워맨션,동,0,0,0,0,2023,11,6260,313.0,20.0,0.5,도보권,신축,0
shinjuku,新宿区,59.4,2,16.8,8,14,14.8,맨션,남서,0,0,1,0,2023,3,8390,141.24579124579125,29.7,0.5714285714285714,버스권,중고,2
bunkyo,文京区,78.0,4,60.0,4,4,4.1,아파트,북동,0,1,0,0,2025,11,5400,69.23076923076923,19.5,1.0,도보권,노후,1
itabashi,板橋区,62.9,3,16.2,8,16,3.7,아파트,남동,1,0,1,0,2023,8,4960,78.85532591414945,20.966666666666665,0.5,도보권,중고,4
meguro,目黒区,85.6,4,17.0,3,4,14.2,아파트,서,0,1,0,0,2021,1,9860,115.18691588785047,21.4,0.75,버스권,중고,1
taito,台東区,43.3,1,1.6,11,19,1.0,아파트,북서,0,1,1,0,2024,1,6220,143.64896073903003,43.3,0.5789473684210527,역세권,신축,3
shibuya,渋谷区,73.9,3,60.0,11,19,1.0,맨션,동,1,1,1,0,2024,9,11380,153.99188092016237,24.633333333333336,0.5789473684210527,역세권,노후,5
shibuya,渋谷区,96.8,4,11.9,7,18,2.0,타워맨션,남서,1,1,1,0,2022,9,26610,274.89669421487605,24.2,0.3888888888888889,역세권,준신축,5
ota,大田区,76.0,3,23.6,6,7,7.1,아파트,남,1,1,1,0,2025,1,5950,78.28947368421052,25.333333333333332,0.8571428571428571,버스권,중고,5
sumida,墨田区,26.9,1,20.5,4,4,17.1,맨션,북동,1,1,1,0,2022,8,2100,78.06691449814127,26.9,1.0,원거리,중고,5
adachi,足立区,45.1,1,12.6,10,18,5.6,맨션,남,0,0,0,0,2021,8,2780,61.64079822616408,45.1,0.5555555555555556,도보권,준신축,0
arakawa,荒川区,20.0,1,4.6,10,14,5.7,아파트,남,0,1,0,0,2021,2,1350,67.5,20.0,0.7142857142857143,도보권,신축,1
shinjuku,新宿区,73.3,4,13.8,12,15,3.2,타워맨션,남동,1,1,1,0,2021,9,16930,230.968622100955,18.325,0.8,도보권,준신축,5
minato,港区,56.2,2,7.7,9,12,12.3,빌라,남동,0,1,0,0,2024,4,11520,204.98220640569394,28.1,0.75,버스권,준신축,1
shinjuku,新宿区,44.1,2,38.4,11,13,3.6,빌라,동,0,0,1,0,2023,3,4160,94.33106575963718,22.05,0.8461538461538461,도보권,노후,2
koto,江東区,41.4,2,1.2,10,12,10.1,아파트,남동,0,1,1,0,2022,3,4750,114.73429951690822,20.7,0.8333333333333334,버스권,신축,3
nerima,練馬区,82.0,4,23.1,8,14,1.0,아파트,북,0,0,1,0,2025,11,5460,66.58536585365853,20.5,0.5714285714285714,역세권,중고,2
bunkyo,文京区,33.5,1,5.2,1,1,1.0,맨션,남동,0,1,0,0,2024,12,5460,162.98507462686567,33.5,1.0,역세권,준신축,1
shinagawa,品川区,37.1,3,2.4,5,14,10.0,타워맨션,남동,1,0,0,0,2023,8,8610,232.0754716981132,12.366666666666667,0.35714285714285715,버스권,신축,2
chiyoda,千代田区,69.2,3,49.5,9,14,2.9,맨션,남,1,0,1,0,2023,8,12890,186.27167630057804,23.066666666666666,0.6428571428571429,역세권,노후,4
koto,江東区,82.1,3,18.3,7,7,6.2,맨션,남서,0,1,0,0,2022,7,7290,88.79415347137638,27.366666666666664,1.0,도보권,중고,1
kita,北区,49.2,1,7.9,11,14,8.7,아파트,서,0,1,0,0,2024,3,3770,76.6260162601626,49.2,0.7857142857142857,버스권,준신축,1
minato,港区,54.4,2,9.7,14,14,1.7,아파트,남,0,1,1,0,2023,6,14140,259.9264705882353,27.2,1.0,역세권,준신축,3
minato,港区,91.6,4,57.2,10,17,1.0,타워맨션,남서,1,0,1,0,2025,8,23950,261.4628820960699,22.9,0.5882352941176471,역세권,노후,4
chiyoda,千代田区,45.4,1,9.5,4,16,8.4,타워맨션,남동,0,1,1,0,2023,8,11510,253.5242290748899,45.4,0.25,버스권,준신축,3
toshima,豊島区,87.0,3,13.2,9,12,13.9,맨션,서,0,1,0,1,2023,6,9730,111.83908045977012,29.0,0.75,버스권,준신축,2
meguro,目黒区,53.1,2,20.3,6,13,15.3,맨션,북서,0,0,1,0,2024,11,5140,96.79849340866289,26.55,0.46153846153846156,원거리,중고,2
minato,港区,98.4,5,12.5,13,16,22.4,빌라,동,0,0,0,0,2022,3,14760,150.0,19.68,0.8125,원거리,준신축,0
minato,港区,76.3,3,29.7,14,16,3.7,맨션,동,0,1,0,0,2023,3,17000,222.80471821756225,25.433333333333334,0.875,도보권,중고,1
toshima,豊島区,40.2,2,29.6,1,14,1.0,아파트,남서,0,1,0,0,2021,5,3300,82.08955223880596,20.1,0.07142857142857142,역세권,중고,1
ota,大田区,74.8,3,19.3,2,18,14.4,맨션,남서,0,1,1,0,2021,11,5590,74.73262032085562,24.933333333333334,0.1111111111111111,버스권,중고,3
chuo,中央区,30.1,1,0.1,7,19,23.0,타워맨션,남서,0,1,1,0,2024,8,7790,258.80398671096344,30.1,0.3684210526315789,원거리,신축,3
meguro,目黒区,20.0,1,3.8,11,16,20.3,아파트,남,1,1,0,1,2023,12,3700,185.0,20.0,0.6875,원거리,신축,4
meguro,目黒区,61.8,2,12.9,7,18,11.5,빌라,서,0,1,0,0,2022,1,6840,110.67961165048544,30.9,0.3888888888888889,버스권,준신축,1
bunkyo,文京区,30.4,2,19.0,10,15,2.8,타워맨션,남,0,0,0,0,2022,9,5450,179.2763157894737,15.2,0.6666666666666666,역세권,중고,0
meguro,目黒区,87.4,5,3.9,3,10,1.0,맨션,동,1,1,0,0,2025,3,19070,218.19221967963387,17.48,0.3,역세권,신축,3
chiyoda,千代田区,100.6,5,15.1,9,13,8.7,아파트,남,0,1,0,0,2022,1,17740,176.34194831013917,20.119999999999997,0.6923076923076923,버스권,중고,1
nerima,練馬区,31.7,1,8.8,13,17,3.9,맨션,남,0,1,1,0,2020,12,2530,79.81072555205047,31.7,0.7647058823529411,도보권,준신축,3
suginami,杉並区,42.7,1,2.7,4,15,1.0,아파트,남동,1,1,1,0,2021,1,5790,135.59718969555036,42.7,0.26666666666666666,역세권,신축,5
setagaya,世田谷区,27.9,1,4.8,1,17,5.1,아파트,남,0,1,0,1,2022,5,3430,122.93906810035843,27.9,0.058823529411764705,도보권,신축,2
adachi,足立区,67.3,3,4.8,13,18,3.8,맨션,북서,0,0,0,0,2021,11,4240,63.001485884101044,22.433333333333334,0.7222222222222222,도보권,신축,0
shinjuku,新宿区,101.5,4,24.1,9,18,23.3,타워맨션,북서,1,1,1,0,2023,9,12860,126.69950738916256,25.375,0.5,원거리,중고,5
sumida,墨田区,66.2,3,2.5,9,16,1.4,아파트,남,1,1,1,1,2025,9,7950,120.0906344410876,22.066666666666666,0.5625,역세권,신축,6
chiyoda,千代田区,59.7,2,13.9,10,17,3.7,빌라,남,0,1,1,0,2021,4,9870,165.32663316582915,29.85,0.5882352941176471,도보권,준신축,3
setagaya,世田谷区,74.9,4,16.3,2,19,3.4,타워맨션,동,0,1,1,1,2023,12,10970,146.46194926568757,18.725,0.10526315789473684,도보권,중고,4
katsushika,葛飾区,20.0,1,30.6,14,14,9.1,맨션,북,0,1,0,0,2022,4,920,46.0,20.0,1.0,버스권,노후,1
chiyoda,千代田区,58.4,3,0.5,3,19,4.7,맨션,서,1,1,0,0,2021,1,15520,265.75342465753425,19.466666666666665,0.15789473684210525,도보권,신축,3
nakano,中野区,20.0,1,17.2,10,16,6.1,타워맨션,남동,0,1,1,1,2024,7,2800,140.0,20.0,0.625,도보권,중고,4
suginami,杉並区,51.2,2,6.7,6,18,9.1,빌라,서,0,1,1,0,2021,9,4520,88.28125,25.6,0.3333333333333333,버스권,준신축,3
bunkyo,文京区,68.7,3,3.7,4,16,5.5,아파트,남동,0,1,0,0,2022,9,7770,113.1004366812227,22.900000000000002,0.25,도보권,신축,1
chuo,中央区,58.7,3,6.1,5,13,16.3,맨션,남동,0,1,0,0,2022,8,10340,176.14991482112436,19.566666666666666,0.38461538461538464,원거리,준신축,1
nakano,中野区,56.8,2,1.7,3,8,7.9,맨션,남,0,0,1,0,2024,5,7530,132.57042253521126,28.4,0.375,버스권,신축,2
meguro,目黒区,69.8,2,15.6,5,18,2.1,빌라,남,1,1,1,1,2022,6,11420,163.61031518624642,34.9,0.2777777777777778,역세권,중고,6
taito,台東区,35.7,1,3.6,9,14,4.5,빌라,남,1,1,1,0,2024,1,4360,122.12885154061624,35.7,0.6428571428571429,도보권,신축,5
shibuya,渋谷区,75.7,3,6.4,2,8,2.1,아파트,남서,1,1,0,0,2024,7,17690,233.68560105680316,25.233333333333334,0.25,역세권,준신축,3
chiyoda,千代田区,44.9,2,0.5,2,11,5.8,빌라,남,0,1,0,0,2021,9,8340,185.74610244988864,22.45,0.18181818181818182,도보권,신축,1
suginami,杉並区,55.7,3,4.8,11,17,4.5,아파트,남서,0,1,0,0,2022,5,6250,112.20825852782764,18.566666666666666,0.6470588235294118,도보권,신축,1
nakano,中野区,65.7,2,1.2,9,16,19.4,아파트,남동,1,1,0,0,2021,2,6130,93.30289193302892,32.85,0.5625,원거리,신축,3
chiyoda,千代田区,57.1,1,6.6,1,6,19.5,맨션,북동,0,1,1,0,2025,2,9250,161.99649737302977,57.1,0.16666666666666666,원거리,준신축,3
bunkyo,文京区,77.2,3,11.6,3,13,28.6,아파트,남,0,1,1,0,2023,9,8430,109.19689119170984,25.733333333333334,0.23076923076923078,원거리,준신축,3
minato,港区,20.0,1,24.0,4,15,5.7,아파트,동,1,1,1,0,2023,1,4470,223.5,20.0,0.26666666666666666,도보권,중고,5
chiyoda,千代田区,76.6,4,0.9,11,11,3.9,아파트,남서,0,0,0,0,2022,12,19290,251.8276762402089,19.15,1.0,도보권,신축,0
meguro,目黒区,91.4,4,19.0,3,10,1.5,아파트,남,1,1,0,0,2022,11,14390,157.43982494529538,22.85,0.3,역세권,중고,3
adachi,足立区,59.7,2,9.4,4,7,1.8,아파트,남,0,1,0,0,2025,5,3720,62.31155778894472,29.85,0.5714285714285714,역세권,준신축,1
chiyoda,千代田区,74.4,3,6.3,13,19,1.1,맨션,남동,1,1,1,0,2021,3,22290,299.59677419354836,24.8,0.6842105263157895,역세권,준신축,5
minato,港区,112.5,5,6.8,12,19,1.0,맨션,남,0,1,0,0,2024,10,42610,378.75555555555553,22.5,0.631578947368421,역세권,준신축,1
edogawa,江戸川区,87.9,3,60.0,13,16,3.1,맨션,동,0,0,1,0,2023,4,3490,39.7042093287827,29.3,0.8125,도보권,노후,2
sumida,墨田区,99.2,5,9.7,13,14,9.7,맨션,서,0,1,1,0,2021,4,9800,98.79032258064515,19.84,0.9285714285714286,버스권,준신축,3
nakano,中野区,71.8,2,39.7,7,18,3.2,맨션,남서,0,0,1,0,2023,9,5320,74.09470752089136,35.9,0.3888888888888889,도보권,노후,2
itabashi,板橋区,64.1,2,21.3,9,15,3.6,타워맨션,남,1,1,0,0,2020,12,5030,78.47113884555382,32.05,0.6,도보권,중고,3
shinjuku,新宿区,41.5,2,9.5,8,13,5.6,맨션,동,0,1,0,0,2024,11,7060,170.12048192771084,20.75,0.6153846153846154,도보권,준신축,1
sumida,墨田区,60.2,2,30.4,1,17,14.5,타워맨션,남서,1,1,0,0,2025,8,5830,96.843853820598,30.1,0.058823529411764705,버스권,노후,3
nerima,練馬区,40.9,1,1.4,11,14,1.9,아파트,남동,1,1,1,1,2021,9,4050,99.02200488997555,40.9,0.7857142857142857,역세권,신축,6
shibuya,渋谷区,79.1,4,17.7,6,17,5.0,아파트,남서,0,1,1,0,2025,9,16120,203.79266750948167,19.775,0.35294117647058826,도보권,중고,3
bunkyo,文京区,35.6,1,16.6,7,11,4.9,맨션,남동,0,0,1,1,2021,11,4860,136.51685393258427,35.6,0.6363636363636364,도보권,중고,3
arakawa,荒川区,38.9,1,3.2,13,14,7.3,맨션,동,0,0,1,0,2025,6,3060,78.66323907455013,38.9,0.9285714285714286,버스권,신축,2
suginami,杉並区,21.7,1,3.6,13,17,1.0,아파트,남,0,1,1,0,2022,8,3040,140.0921658986175,21.7,0.7647058823529411,역세권,신축,3
setagaya,世田谷区,79.3,3,6.1,11,15,1.0,아파트,북서,0,1,0,0,2023,5,10690,134.8045397225725,26.433333333333334,0.7333333333333333,역세권,준신축,1
katsushika,葛飾区,61.1,3,3.1,6,7,9.6,아파트,남,1,1,1,0,2024,1,4940,80.85106382978724,20.366666666666667,0.8571428571428571,버스권,신축,5
shinagawa,品川区,75.9,3,31.2,2,2,6.6,맨션,북동,1,0,1,0,2025,1,8230,108.43214756258234,25.3,1.0,도보권,노후,4
chiyoda,千代田区,82.6,4,12.7,4,9,1.0,아파트,남,0,1,0,0,2023,1,17030,206.17433414043586,20.65,0.4444444444444444,역세권,준신축,1
shinjuku,新宿区,36.9,1,7.2,3,5,5.1,빌라,남동,0,0,1,0,2021,11,4710,127.64227642276423,36.9,0.6,도보권,준신축,2
shinagawa,品川区,43.1,1,24.9,12,14,3.8,빌라,남,0,1,1,0,2022,6,5040,116.93735498839906,43.1,0.8571428571428571,도보권,중고,3
koto,江東区,36.5,1,59.1,9,19,1.0,아파트,남,0,1,0,0,2021,6,1800,49.31506849315068,36.5,0.47368421052631576,역세권,노후,1
meguro,目黒区,68.8,3,60.0,13,17,15.8,맨션,남서,1,0,0,0,2024,6,6680,97.09302325581396,22.933333333333334,0.7647058823529411,원거리,노후,2
toshima,豊島区,48.9,1,12.4,1,11,8.4,아파트,북동,0,1,0,0,2021,1,4160,85.07157464212679,48.9,0.09090909090909091,버스권,준신축,1
shibuya,渋谷区,55.2,2,3.2,6,14,15.2,맨션,남,1,1,0,0,2024,12,10660,193.1159420289855,27.6,0.42857142857142855,원거리,신축,3
ota,大田区,29.6,1,25.6,13,19,1.0,타워맨션,남서,0,1,0,1,2024,11,2910,98.3108108108108,29.6,0.6842105263157895,역세권,중고,2
setagaya,世田谷区,65.8,3,39.7,12,17,1.5,빌라,남동,1,0,1,0,2023,10,5610,85.25835866261399,21.933333333333334,0.7058823529411765,역세권,노후,4
shinagawa,品川区,80.4,4,11.7,3,7,10.2,타워맨션,남동,0,0,0,0,2023,7,13190,164.05472636815918,20.1,0.42857142857142855,버스권,준신축,0
setagaya,世田谷区,83.2,4,13.4,13,15,1.0,타워맨션,남,0,1,1,0,2024,3,14380,172.83653846153845,20.8,0.8666666666666667,역세권,준신축,3
taito,台東区,78.3,4,7.9,12,12,1.3,맨션,남,0,1,0,0,2023,8,9910,126.56449553001278,19.575,1.0,역세권,준신축,1
adachi,足立区,78.2,3,28.1,3,16,12.9,맨션,북서,0,0,0,0,2022,3,3110,39.769820971867006,26.066666666666666,0.1875,버스권,중고,0
nerima,練馬区,59.5,2,4.2,10,13,16.1,맨션,북,0,0,1,0,2025,1,4920,82.6890756302521,29.75,0.7692307692307693,원거리,신축,2
shibuya,渋谷区,31.5,2,0.4,14,15,3.0,아파트,서,1,1,0,0,2022,5,8930,283.4920634920635,15.75,0.9333333333333333,역세권,신축,3
setagaya,世田谷区,30.8,1,2.5,1,6,5.9,맨션,북동,0,0,1,0,2021,9,3450,112.01298701298701,30.8,0.16666666666666666,도보권,신축,2
bunkyo,文京区,77.2,2,33.5,9,10,3.7,맨션,남서,1,0,1,0,2022,9,8760,113.47150259067357,38.6,0.9,도보권,노후,4
taito,台東区,85.8,5,10.7,2,7,1.9,맨션,남동,1,1,0,0,2022,12,10570,123.1934731934732,17.16,0.2857142857142857,역세권,준신축,3
bunkyo,文京区,71.3,4,1.2,6,13,2.9,아파트,서,0,1,0,1,2022,11,9950,139.55119214586256,17.825,0.46153846153846156,역세권,신축,2
taito,台東区,82.5,4,8.3,6,15,7.7,빌라,북서,0,0,1,0,2024,5,8210,99.51515151515152,20.625,0.4,버스권,준신축,2
itabashi,板橋区,46.4,1,31.4,4,12,10.9,타워맨션,남,0,1,0,0,2024,6,3570,76.9396551724138,46.4,0.3333333333333333,버스권,노후,1
katsushika,葛飾区,40.1,1,50.4,7,13,1.0,맨션,북동,1,1,0,1,2024,7,1560,38.90274314214464,40.1,0.5384615384615384,역세권,노후,4
sumida,墨田区,93.8,4,25.5,6,15,7.3,맨션,북서,1,0,0,0,2021,9,6900,73.56076759061834,23.45,0.4,버스권,중고,2
sumida,墨田区,65.6,3,3.1,1,8,2.9,아파트,남동,0,1,0,0,2023,9,5600,85.3658536585366,21.866666666666664,0.125,역세권,신축,1
meguro,目黒区,87.9,4,54.5,10,12,4.7,아파트,남,0,1,0,0,2023,9,7470,84.98293515358361,21.975,0.8333333333333334,도보권,노후,1
shibuya,渋谷区,111.3,6,0.9,7,13,1.0,아파트,남,0,0,1,0,2021,1,29980,269.3620844564241,18.55,0.5384615384615384,역세권,신축,2
katsushika,葛飾区,102.4,5,34.9,10,15,1.0,타워맨션,남,1,1,0,1,2024,11,5690,55.56640625,20.48,0.6666666666666666,역세권,노후,4
bunkyo,文京区,50.7,2,4.7,7,16,1.1,아파트,동,0,1,1,0,2021,2,7890,155.6213017751479,25.35,0.4375,역세권,신축,3
itabashi,板橋区,79.3,4,2.7,13,17,3.6,맨션,북서,1,1,1,0,2023,9,7260,91.55107187894073,19.825,0.7647058823529411,도보권,신축,5
shinjuku,新宿区,20.0,1,1.5,14,17,8.7,맨션,동,0,1,0,0,2024,4,3410,170.5,20.0,0.8235294117647058,버스권,신축,1
suginami,杉並区,50.5,2,4.7,5,10,12.5,아파트,남동,0,0,1,1,2024,11,5860,116.03960396039604,25.25,0.5,버스권,신축,3
katsushika,葛飾区,52.1,2,6.1,10,16,1.0,맨션,남,0,0,0,0,2024,8,3410,65.4510556621881,26.05,0.625,역세권,준신축,0
taito,台東区,45.7,2,13.2,10,13,3.1,맨션,남서,0,1,0,0,2022,7,4820,105.47045951859955,22.85,0.7692307692307693,도보권,준신축,1
nerima,練馬区,88.5,4,6.6,8,19,1.3,타워맨션,남,0,1,1,0,2024,2,11740,132.65536723163842,22.125,0.42105263157894735,역세권,준신축,3
meguro,目黒区,80.2,4,21.8,14,15,13.2,빌라,남,1,1,0,0,2022,6,10470,130.54862842892769,20.05,0.9333333333333333,버스권,중고,3
minato,港区,96.1,5,6.6,10,17,25.2,아파트,남동,1,0,1,1,2023,8,20310,211.3423517169615,19.22,0.5882352941176471,원거리,준신축,5
setagaya,世田谷区,57.3,3,57.7,3,9,1.0,맨션,서,0,0,0,0,2021,1,3710,64.74694589877836,19.099999999999998,0.3333333333333333,역세권,노후,0
kita,北区,54.8,2,3.4,13,14,1.0,아파트,남,0,1,0,0,2023,7,5020,91.6058394160584,27.4,0.9285714285714286,역세권,신축,1
bunkyo,文京区,62.1,3,5.3,1,1,13.3,빌라,남,0,1,0,1,2023,4,7830,126.08695652173913,20.7,1.0,버스권,준신축,2
toshima,豊島区,52.4,2,8.8,7,12,1.0,빌라,북,0,1,1,0,2021,4,5600,106.8702290076336,26.2,0.5833333333333334,역세권,준신축,3
shinjuku,新宿区,64.8,3,7.3,7,9,1.9,타워맨션,북서,0,1,0,0,2025,8,13430,207.2530864197531,21.599999999999998,0.7777777777777778,역세권,준신축,1
shinagawa,品川区,52.4,2,5.4,1,14,3.8,빌라,동,1,1,1,0,2022,4,6860,130.91603053435114,26.2,0.07142857142857142,도보권,준신축,5
shinjuku,新宿区,74.6,4,6.1,11,14,6.7,아파트,남,0,1,1,1,2023,10,14170,189.94638069705096,18.65,0.7857142857142857,도보권,준신축,4
chuo,中央区,45.6,2,0.4,10,10,13.7,아파트,서,1,1,0,0,2022,10,10040,220.17543859649123,22.8,1.0,버스권,신축,3
shibuya,渋谷区,29.9,2,9.4,1,14,1.3,타워맨션,북서,1,1,0,0,2021,6,8300,277.5919732441472,14.95,0.07142857142857142,역세권,준신축,3
toshima,豊島区,62.1,3,10.1,14,15,1.0,아파트,북서,0,0,1,0,2025,7,8210,132.2061191626409,20.7,0.9333333333333333,역세권,준신축,2
minato,港区,63.8,3,22.1,12,19,30.0,아파트,남,1,0,1,0,2021,11,10190,159.717868338558,21.266666666666666,0.631578947368421,원거리,중고,4
chuo,中央区,109.6,5,33.0,12,12,4.9,아파트,북동,1,0,0,1,2024,2,17850,162.86496350364965,21.919999999999998,1.0,도보권,노후,3
minato,港区,85.9,4,12.2,7,15,30.0,아파트,남동,0,1,0,0,2022,4,14520,169.0337601862631,21.475,0.4666666666666667,원거리,준신축,1
sumida,墨田区,48.7,2,3.2,4,13,13.8,아파트,남서,0,1,0,0,2023,6,4500,92.40246406570841,24.35,0.3076923076923077,버스권,신축,1
bunkyo,文京区,35.1,1,19.1,10,10,5.8,맨션,서,0,0,0,0,2021,10,4290,122.22222222222221,35.1,1.0,도보권,중고,0
setagaya,世田谷区,110.9,6,21.1,4,4,1.2,맨션,남서,0,1,0,0,2022,8,11670,105.22993688007213,18.483333333333334,1.0,역세권,중고,1
setagaya,世田谷区,66.7,3,4.0,4,19,4.5,맨션,남,0,0,1,0,2022,4,9910,148.57571214392803,22.233333333333334,0.21052631578947367,도보권,신축,2
shinjuku,新宿区,41.2,2,17.3,6,13,17.3,아파트,남동,0,1,1,0,2024,10,4950,120.14563106796116,20.6,0.46153846153846156,원거리,중고,3
minato,港区,62.5,3,29.3,14,15,15.1,맨션,동,0,1,1,0,2024,9,8630,138.08,20.833333333333332,0.9333333333333333,원거리,중고,3
chuo,中央区,63.6,2,4.2,5,12,2.4,빌라,남서,0,0,1,1,2022,6,15990,251.41509433962264,31.8,0.4166666666666667,역세권,신축,3
itabashi,板橋区,81.1,3,44.7,12,15,5.4,아파트,남서,1,0,1,1,2024,2,4020,49.56843403205919,27.03333333333333,0.8,도보권,노후,5
shibuya,渋谷区,22.3,1,5.8,2,13,6.1,아파트,남서,1,0,0,1,2022,5,4620,207.1748878923767,22.3,0.15384615384615385,도보권,준신축,3
suginami,杉並区,100.0,5,0.5,13,18,3.7,아파트,남,0,0,0,1,2022,8,14630,146.3,20.0,0.7222222222222222,도보권,신축,1
minato,港区,38.8,2,57.6,5,7,19.6,아파트,남,1,1,1,0,2024,9,4130,106.44329896907217,19.4,0.7142857142857143,원거리,노후,5
chiyoda,千代田区,20.0,1,23.8,10,15,1.8,타워맨션,남서,0,0,1,0,2025,11,6090,304.5,20.0,0.6666666666666666,역세권,중고,2
shinjuku,新宿区,55.3,2,5.9,5,6,8.7,맨션,서,0,1,1,0,2022,3,8230,148.8245931283906,27.65,0.8333333333333334,버스권,준신축,3
minato,港区,43.9,2,19.3,7,19,7.4,맨션,남서,1,1,0,0,2022,8,8460,192.71070615034168,21.95,0.3684210526315789,버스권,중고,3
chuo,中央区,33.3,2,51.4,14,19,4.4,빌라,서,0,1,1,0,2022,8,3730,112.01201201201202,16.65,0.7368421052631579,도보권,노후,3
chiyoda,千代田区,88.5,5,21.2,3,17,3.5,아파트,서,1,0,1,0,2021,8,16540,186.89265536723164,17.7,0.17647058823529413,도보권,중고,4
chuo,中央区,73.3,4,1.2,14,18,4.8,아파트,북서,0,1,1,0,2022,11,18180,248.0218281036835,18.325,0.7777777777777778,도보권,신축,3
toshima,豊島区,25.3,1,4.4,4,11,1.0,맨션,남,1,1,0,0,2020,12,3930,155.33596837944663,25.3,0.36363636363636365,역세권,신축,3
meguro,目黒区,54.2,2,3.8,3,16,5.3,아파트,남,1,0,1,0,2025,11,10210,188.37638376383762,27.1,0.1875,도보권,신축,4
edogawa,江戸川区,73.5,2,51.0,12,15,8.8,맨션,남동,0,0,0,0,2022,12,2680,36.46258503401361,36.75,0.8,버스권,노후,0
chiyoda,千代田区,96.2,3,4.5,14,18,7.5,맨션,남,1,1,1,1,2024,2,32370,336.48648648648646,32.06666666666667,0.7777777777777778,버스권,신축,6
nerima,練馬区,39.3,2,20.1,1,17,4.3,아파트,북서,0,0,1,0,2023,1,2260,57.50636132315522,19.65,0.058823529411764705,도보권,중고,2
taito,台東区,104.7,5,28.1,11,19,5.0,맨션,남서,0,1,0,0,2021,11,7440,71.06017191977077,20.94,0.5789473684210527,도보권,중고,1
shinagawa,品川区,20.0,1,18.3,10,17,15.8,아파트,남,0,0,1,0,2024,6,2130,106.5,20.0,0.5882352941176471,원거리,중고,2
taito,台東区,37.9,1,5.9,3,15,4.9,타워맨션,남서,0,1,0,0,2023,1,5790,152.77044854881268,37.9,0.2,도보권,준신축,1
toshima,豊島区,66.2,3,22.8,12,14,30.0,맨션,남,0,1,1,0,2023,4,6170,93.202416918429,22.066666666666666,0.8571428571428571,원거리,중고,3
chiyoda,千代田区,62.3,3,15.5,7,16,5.9,타워맨션,서,1,0,1,1,2020,12,17400,279.2937399678973,20.766666666666666,0.4375,도보권,중고,5
sumida,墨田区,92.3,4,1.0,3,13,16.0,맨션,북서,1,1,0,0,2023,9,8810,95.44962080173347,23.075,0.23076923076923078,원거리,신축,3
setagaya,世田谷区,73.7,3,3.1,3,7,6.1,타워맨션,동,0,1,0,0,2024,4,11180,151.69606512890095,24.566666666666666,0.42857142857142855,도보권,신축,1
itabashi,板橋区,23.2,1,2.0,6,6,5.3,타워맨션,남서,0,1,1,0,2025,1,2620,112.93103448275862,23.2,1.0,도보권,신축,3
meguro,目黒区,59.6,3,25.8,2,17,1.0,아파트,북동,0,1,1,0,2022,10,7320,122.81879194630872,19.866666666666667,0.11764705882352941,역세권,중고,3
taito,台東区,84.4,4,7.2,13,19,10.9,맨션,남동,1,1,0,1,2024,10,12100,143.3649289099526,21.1,0.6842105263157895,버스권,준신축,4
itabashi,板橋区,60.6,3,0.6,11,12,15.3,타워맨션,남서,0,1,0,0,2022,3,5760,95.04950495049505,20.2,0.9166666666666666,원거리,신축,1
minato,港区,73.4,3,13.7,11,17,5.3,아파트,서,0,0,0,0,2022,1,16960,231.0626702997275,24.46666666666667,0.6470588235294118,도보권,준신축,0
shinagawa,品川区,52.4,2,37.8,2,7,1.5,맨션,북,0,0,0,0,2022,6,5200,99.23664122137404,26.2,0.2857142857142857,역세권,노후,0
kita,北区,109.3,5,12.4,7,17,8.2,타워맨션,북,0,0,1,0,2021,4,9820,89.84446477584629,21.86,0.4117647058823529,버스권,준신축,2
edogawa,江戸川区,93.7,5,14.2,8,19,2.9,맨션,남,0,1,1,0,2023,10,6760,72.14514407684098,18.740000000000002,0.42105263157894735,역세권,준신축,3
edogawa,江戸川区,84.0,4,2.3,2,15,10.6,맨션,남,1,0,0,1,2024,10,6190,73.69047619047619,21.0,0.13333333333333333,버스권,신축,3
bunkyo,文京区,53.7,2,25.5,2,4,1.6,아파트,북서,0,0,0,1,2024,4,5140,95.7169459962756,26.85,0.5,역세권,중고,1
nerima,練馬区,89.0,4,14.7,3,14,12.4,아파트,북,0,0,1,0,2022,2,5450,61.235955056179776,22.25,0.21428571428571427,버스권,준신축,2
adachi,足立区,38.0,1,13.7,6,12,26.8,맨션,남동,0,1,0,1,2022,8,1790,47.10526315789474,38.0,0.5,원거리,준신축,2
koto,江東区,57.4,3,19.5,10,14,1.1,맨션,북서,0,0,0,0,2022,10,5310,92.50871080139373,19.133333333333333,0.7142857142857143,역세권,중고,0
chiyoda,千代田区,66.4,3,1.6,4,13,1.0,아파트,동,0,1,1,0,2025,4,18690,281.4759036144578,22.133333333333336,0.3076923076923077,역세권,신축,3
shinagawa,品川区,74.1,4,7.8,11,16,6.0,맨션,남,1,0,1,0,2025,8,13900,187.58434547908234,18.525,0.6875,도보권,준신축,4
shinjuku,新宿区,95.5,5,19.2,7,10,1.0,빌라,북서,0,1,1,0,2025,7,12690,132.87958115183247,19.1,0.7,역세권,중고,3
itabashi,板橋区,82.3,3,2.9,10,13,17.9,빌라,남,0,1,1,0,2025,4,5840,70.95990279465371,27.433333333333334,0.7692307692307693,원거리,신축,3
ota,大田区,81.4,4,14.5,14,19,1.0,아파트,동,1,0,1,0,2024,7,8430,103.56265356265355,20.35,0.7368421052631579,역세권,준신축,4
shinjuku,新宿区,88.9,3,43.7,2,16,6.1,맨션,남,0,1,0,0,2025,1,7540,84.81439820022497,29.633333333333336,0.125,도보권,노후,1
ota,大田区,106.8,5,4.4,6,11,3.8,맨션,서,0,0,0,1,2024,12,11140,104.30711610486891,21.36,0.5454545454545454,도보권,신축,1
setagaya,世田谷区,91.2,4,2.5,8,16,5.4,맨션,북서,0,1,1,1,2023,4,12760,139.91228070175438,22.8,0.5,도보권,신축,4
bunkyo,文京区,79.3,3,8.4,2,10,9.6,맨션,남,1,1,0,1,2021,4,11810,148.92812105926862,26.433333333333334,0.2,버스권,준신축,4
edogawa,江戸川区,42.0,1,3.8,3,6,2.6,맨션,남동,0,1,0,0,2024,6,3370,80.23809523809524,42.0,0.5,역세권,신축,1
kita,北区,135.3,6,33.5,6,12,7.2,맨션,남동,0,1,1,0,2024,2,8460,62.52771618625277,22.55,0.5,버스권,노후,3
arakawa,荒川区,53.8,2,22.2,5,11,6.4,맨션,남동,0,1,1,0,2024,8,3740,69.51672862453532,26.9,0.45454545454545453,도보권,중고,3
nerima,練馬区,60.1,3,3.0,11,18,2.9,아파트,남서,0,1,0,1,2024,1,5330,88.6855241264559,20.033333333333335,0.6111111111111112,역세권,신축,2
minato,港区,56.3,2,3.2,3,6,5.9,아파트,남,1,0,0,0,2024,5,16960,301.24333925399645,28.15,0.5,도보권,신축,2
edogawa,江戸川区,67.4,1,13.0,10,16,14.1,아파트,남,0,1,1,1,2024,2,4490,66.61721068249257,67.4,0.625,버스권,준신축,4
chuo,中央区,46.4,2,11.7,13,14,1.0,아파트,북동,0,1,0,0,2024,1,10370,223.49137931034483,23.2,0.9285714285714286,역세권,준신축,1
toshima,豊島区,51.2,2,3.4,3,17,3.9,아파트,남동,0,1,0,0,2021,11,5920,115.625,25.6,0.17647058823529413,도보권,신축,1
nakano,中野区,45.1,2,60.0,1,4,3.0,타워맨션,동,1,1,1,0,2021,8,3260,72.28381374722838,22.55,0.25,역세권,노후,5
ota,大田区,53.4,3,7.9,12,16,3.4,아파트,남,1,1,0,0,2021,10,4870,91.19850187265918,17.8,0.75,도보권,준신축,3
chuo,中央区,40.5,2,3.9,14,17,4.4,맨션,남동,1,1,0,0,2024,12,8960,221.23456790123456,20.25,0.8235294117647058,도보권,신축,3
shinjuku,新宿区,92.2,4,9.2,13,17,6.2,아파트,서,1,0,0,0,2024,2,14180,153.79609544468545,23.05,0.7647058823529411,도보권,준신축,2
toshima,豊島区,48.4,1,7.8,11,12,5.1,빌라,남,0,1,0,0,2023,7,5370,110.9504132231405,48.4,0.9166666666666666,도보권,준신축,1
chuo,中央区,99.6,5,16.0,10,14,4.6,아파트,동,0,1,1,1,2021,5,16990,170.58232931726909,19.919999999999998,0.7142857142857143,도보권,중고,4
chiyoda,千代田区,60.0,2,9.5,3,8,18.8,아파트,남서,1,1,0,0,2022,9,8740,145.66666666666666,30.0,0.375,원거리,준신축,3
shibuya,渋谷区,68.5,3,7.0,8,9,8.8,아파트,동,1,1,1,0,2024,6,14730,215.03649635036496,22.833333333333332,0.8888888888888888,버스권,준신축,5
taito,台東区,101.4,5,8.9,10,16,2.7,아파트,남동,0,1,0,1,2025,7,13830,136.3905325443787,20.28,0.625,역세권,준신축,2
shinagawa,品川区,55.8,3,25.7,13,18,10.0,타워맨션,남동,0,0,1,1,2021,3,7270,130.28673835125448,18.599999999999998,0.7222222222222222,버스권,중고,3
chiyoda,千代田区,80.9,3,0.1,10,11,13.6,아파트,남서,0,0,1,0,2021,7,15670,193.69592088998763,26.96666666666667,0.9090909090909091,버스권,신축,2
shinagawa,品川区,20.0,1,18.0,9,14,7.2,아파트,남,0,1,1,0,2022,10,2450,122.5,20.0,0.6428571428571429,버스권,중고,3
bunkyo,文京区,62.7,3,32.4,6,14,5.2,아파트,남,0,1,1,0,2022,4,6150,98.08612440191388,20.900000000000002,0.42857142857142855,도보권,노후,3
koto,江東区,101.9,4,6.2,11,13,5.5,빌라,남,1,0,0,0,2021,5,8700,85.37782139352306,25.475,0.8461538461538461,도보권,준신축,2
chuo,中央区,95.2,4,9.5,4,12,2.0,아파트,남,1,1,0,0,2022,6,20530,215.65126050420167,23.8,0.3333333333333333,역세권,준신축,3
nakano,中野区,77.7,4,3.8,10,15,2.2,아파트,북서,1,1,0,0,2022,5,8240,106.04890604890605,19.425,0.6666666666666666,역세권,신축,3
suginami,杉並区,81.4,4,12.7,4,13,6.3,아파트,남,0,1,0,0,2025,1,8290,101.84275184275184,20.35,0.3076923076923077,도보권,준신축,1
meguro,目黒区,22.1,1,6.1,2,19,1.0,타워맨션,서,1,1,1,0,2021,9,5260,238.00904977375563,22.1,0.10526315789473684,역세권,준신축,5
chuo,中央区,30.5,1,1.9,11,14,5.6,아파트,남서,0,0,1,0,2025,10,7190,235.7377049180328,30.5,0.7857142857142857,도보권,신축,2
shibuya,渋谷区,27.1,1,50.4,13,17,4.2,아파트,남서,0,1,1,0,2022,11,3390,125.09225092250922,27.1,0.7647058823529411,도보권,노후,3
meguro,目黒区,65.5,3,16.4,4,5,6.2,아파트,북서,1,1,1,0,2024,3,10600,161.8320610687023,21.833333333333332,0.8,도보권,중고,5
bunkyo,文京区,57.4,2,13.7,14,14,1.0,타워맨션,남,0,0,0,0,2024,1,10240,178.39721254355402,28.7,1.0,역세권,준신축,0
chiyoda,千代田区,42.5,1,10.3,7,13,9.6,아파트,남서,0,0,1,0,2022,4,8510,200.23529411764707,42.5,0.5384615384615384,버스권,준신축,2
bunkyo,文京区,27.5,1,21.2,1,1,2.7,맨션,남서,1,1,0,0,2021,7,3340,121.45454545454545,27.5,1.0,역세권,중고,3
itabashi,板橋区,43.1,1,53.0,11,12,3.2,맨션,동,0,0,1,0,2021,11,1680,38.97911832946635,43.1,0.9166666666666666,도보권,노후,2
adachi,足立区,101.2,5,6.3,4,13,4.0,빌라,남,0,1,1,0,2021,3,5290,52.27272727272727,20.240000000000002,0.3076923076923077,도보권,준신축,3
shinagawa,品川区,61.7,3,8.6,14,18,13.0,맨션,동,0,1,1,0,2023,1,10620,172.12317666126418,20.566666666666666,0.7777777777777778,버스권,준신축,3
taito,台東区,60.8,3,7.8,4,12,6.6,타워맨션,동,0,0,0,0,2024,7,9330,153.45394736842107,20.266666666666666,0.3333333333333333,도보권,준신축,0
katsushika,葛飾区,69.9,4,10.3,5,10,1.6,아파트,남동,0,1,0,0,2025,8,3720,53.21888412017167,17.475,0.5,역세권,준신축,1
taito,台東区,60.3,2,11.0,2,14,3.4,맨션,북서,0,1,1,0,2022,9,6960,115.42288557213931,30.15,0.14285714285714285,도보권,준신축,3
chuo,中央区,69.9,3,18.0,13,14,4.4,빌라,남,0,1,0,0,2022,6,11420,163.37625178826895,23.3,0.9285714285714286,도보권,중고,1
nakano,中野区,53.2,2,4.1,3,9,7.1,빌라,남서,1,0,0,0,2023,7,5940,111.65413533834585,26.6,0.3333333333333333,버스권,신축,2
adachi,足立区,65.8,3,29.7,1,7,15.8,맨션,북,0,0,1,0,2023,1,2460,37.38601823708207,21.933333333333334,0.14285714285714285,원거리,중고,2
shinagawa,品川区,104.9,5,24.5,3,19,8.4,타워맨션,동,0,0,1,0,2021,11,14980,142.80266920877025,20.98,0.15789473684210525,버스권,중고,2
shibuya,渋谷区,63.4,4,11.1,6,16,9.6,아파트,북,0,1,0,0,2022,8,7500,118.29652996845427,15.85,0.375,버스권,준신축,1
koto,江東区,20.0,1,33.6,11,18,3.6,타워맨션,남동,0,1,1,0,2023,5,2130,106.5,20.0,0.6111111111111112,도보권,노후,3
nakano,中野区,82.4,4,6.2,9,13,1.8,맨션,남동,1,1,1,0,2025,10,12220,148.3009708737864,20.6,0.6923076923076923,역세권,준신축,5
taito,台東区,41.3,1,1.3,12,19,2.2,맨션,남,0,0,0,0,2021,5,5120,123.97094430992738,41.3,0.631578947368421,역세권,신축,0
arakawa,荒川区,20.0,1,5.8,6,9,11.9,맨션,남,1,0,1,0,2022,12,1730,86.5,20.0,0.6666666666666666,버스권,준신축,4
edogawa,江戸川区,69.8,2,10.6,7,19,5.0,맨션,북동,0,0,0,0,2024,5,4290,61.46131805157594,34.9,0.3684210526315789,도보권,준신축,0
minato,港区,24.0,2,7.0,2,5,1.7,맨션,서,1,1,1,0,2021,4,7060,294.1666666666667,12.0,0.4,역세권,준신축,5
chuo,中央区,73.7,4,8.9,9,19,16.3,맨션,북서,0,1,1,0,2025,4,13870,188.1953867028494,18.425,0.47368421052631576,원거리,준신축,3
shinjuku,新宿区,63.0,2,0.3,9,9,1.4,맨션,남,0,0,1,0,2023,11,15630,248.0952380952381,31.5,1.0,역세권,신축,2
edogawa,江戸川区,65.1,3,11.3,11,16,15.1,아파트,남,1,0,0,0,2025,9,3910,60.06144393241168,21.7,0.6875,원거리,준신축,2
taito,台東区,50.7,1,32.3,10,14,4.4,아파트,남,1,0,1,0,2025,4,4350,85.79881656804733,50.7,0.7142857142857143,도보권,노후,4
chiyoda,千代田区,33.0,1,21.0,9,10,1.0,아파트,남서,1,0,0,0,2025,11,7110,215.45454545454547,33.0,0.9,역세권,중고,2
bunkyo,文京区,78.3,4,21.7,4,10,1.0,아파트,동,0,0,1,0,2024,4,8600,109.83397190293742,19.575,0.4,역세권,중고,2
chuo,中央区,36.0,2,4.8,10,19,1.4,아파트,남,1,0,1,0,2023,4,10820,300.55555555555554,18.0,0.5263157894736842,역세권,신축,4
meguro,目黒区,84.7,4,0.6,10,17,21.7,빌라,남서,0,1,1,0,2024,10,13600,160.56670602125146,21.175,0.5882352941176471,원거리,신축,3
minato,港区,86.2,5,21.7,8,19,1.7,아파트,북서,0,1,1,0,2021,6,18710,217.05336426914153,17.240000000000002,0.42105263157894735,역세권,중고,3
minato,港区,46.9,2,1.0,6,19,10.2,타워맨션,남,0,1,1,1,2021,5,16640,354.79744136460556,23.45,0.3157894736842105,버스권,신축,4
minato,港区,85.3,3,56.2,2,7,25.4,타워맨션,남동,0,1,1,0,2025,10,12060,141.3833528722157,28.433333333333334,0.2857142857142857,원거리,노후,3
koto,江東区,70.9,3,12.9,4,15,3.3,아파트,남,0,1,1,1,2025,11,8330,117.48942172073342,23.633333333333336,0.26666666666666666,도보권,준신축,4
nerima,練馬区,46.5,1,9.9,4,6,1.0,맨션,남서,1,1,1,0,2025,3,4770,102.58064516129032,46.5,0.6666666666666666,역세권,준신축,5
edogawa,江戸川区,98.8,5,0.1,12,16,15.1,아파트,남서,0,0,0,1,2025,9,7180,72.67206477732793,19.759999999999998,0.75,원거리,신축,1
meguro,目黒区,97.3,4,8.4,13,18,1.0,아파트,남동,0,0,1,0,2021,6,17510,179.9588900308325,24.325,0.7222222222222222,역세권,준신축,2
meguro,目黒区,49.6,3,1.7,11,14,1.1,맨션,서,0,1,1,1,2024,3,11420,230.24193548387098,16.533333333333335,0.7857142857142857,역세권,신축,4
arakawa,荒川区,67.8,3,39.4,12,16,22.9,타워맨션,동,0,1,0,0,2024,10,3650,53.83480825958702,22.599999999999998,0.75,원거리,노후,1
taito,台東区,64.6,3,52.4,5,6,2.1,타워맨션,북서,0,0,0,1,2025,5,5560,86.06811145510837,21.53333333333333,0.8333333333333334,역세권,노후,1
shinagawa,品川区,49.9,2,17.4,9,14,3.1,맨션,북동,1,1,1,0,2022,8,7370,147.69539078156313,24.95,0.6428571428571429,도보권,중고,5
nerima,練馬区,51.9,2,10.8,6,16,13.9,아파트,남서,1,1,0,0,2023,9,4190,80.73217726396918,25.95,0.375,버스권,준신축,3
chiyoda,千代田区,20.0,1,18.7,14,14,2.5,맨션,남서,0,1,1,0,2025,8,5480,274.0,20.0,1.0,역세권,중고,3
minato,港区,83.4,4,3.9,11,16,2.8,맨션,북서,0,1,0,0,2023,11,29520,353.9568345323741,20.85,0.6875,역세권,신축,1
meguro,目黒区,72.7,3,0.4,4,17,3.7,타워맨션,남,0,1,1,0,2024,12,17330,238.37689133425033,24.233333333333334,0.23529411764705882,도보권,신축,3
toshima,豊島区,35.9,1,15.1,7,19,4.3,맨션,북,0,1,0,0,2024,4,4120,114.76323119777159,35.9,0.3684210526315789,도보권,중고,1
bunkyo,文京区,89.1,4,2.2,5,12,7.2,맨션,남,0,1,1,0,2022,4,12850,144.21997755331088,22.275,0.4166666666666667,버스권,신축,3
shinjuku,新宿区,71.3,2,15.5,1,6,3.1,아파트,남서,1,1,1,0,2022,7,11350,159.1865357643759,35.65,0.16666666666666666,도보권,중고,5
toshima,豊島区,36.5,2,19.3,8,19,6.4,타워맨션,남동,0,1,0,0,2024,4,5190,142.1917808219178,18.25,0.42105263157894735,도보권,중고,1
edogawa,江戸川区,29.4,1,28.9,6,9,5.5,맨션,남서,0,0,1,0,2025,9,1680,57.142857142857146,29.4,0.6666666666666666,도보권,중고,2
shinagawa,品川区,26.0,1,2.4,7,10,1.0,빌라,북동,0,1,0,0,2021,2,3250,125.0,26.0,0.7,역세권,신축,1
shinjuku,新宿区,25.0,1,44.2,9,17,2.8,빌라,남동,0,1,0,0,2023,1,2070,82.8,25.0,0.5294117647058824,역세권,노후,1
chuo,中央区,73.9,3,4.5,8,17,1.0,타워맨션,남동,0,1,0,1,2024,1,23650,320.0270635994587,24.633333333333336,0.47058823529411764,역세권,신축,2
arakawa,荒川区,65.5,2,0.1,11,13,2.0,맨션,동,1,1,1,1,2022,5,8350,127.48091603053435,32.75,0.8461538461538461,역세권,신축,6
toshima,豊島区,57.1,2,1.2,7,8,4.5,아파트,남동,0,1,0,1,2022,9,7750,135.72679509632223,28.55,0.875,도보권,신축,2
meguro,目黒区,91.6,5,2.0,8,11,1.7,빌라,남동,0,0,0,0,2025,10,16830,183.73362445414847,18.32,0.7272727272727273,역세권,신축,0
koto,江東区,69.7,3,21.6,12,12,1.0,아파트,북서,0,1,1,0,2021,1,5700,81.7790530846485,23.233333333333334,1.0,역세권,중고,3
suginami,杉並区,75.6,3,1.7,2,6,10.4,아파트,서,0,0,0,0,2023,9,6430,85.05291005291006,25.2,0.3333333333333333,버스권,신축,0
minato,港区,106.2,5,11.1,12,14,2.5,빌라,동,0,0,0,0,2023,3,27440,258.3804143126177,21.240000000000002,0.8571428571428571,역세권,준신축,0
meguro,目黒区,52.7,3,22.8,13,14,8.9,타워맨션,동,0,1,0,1,2021,6,7500,142.31499051233396,17.566666666666666,0.9285714285714286,버스권,중고,2
koto,江東区,62.2,2,27.0,9,10,4.0,타워맨션,북동,0,1,1,0,2021,9,4640,74.59807073954984,31.1,0.9,도보권,중고,3
setagaya,世田谷区,66.1,3,60.0,4,14,3.5,맨션,남서,0,1,0,1,2021,2,4430,67.01966717095311,22.03333333333333,0.2857142857142857,도보권,노후,2
chuo,中央区,60.9,3,5.8,12,13,1.0,아파트,남서,1,1,0,0,2025,4,16150,265.1888341543514,20.3,0.9230769230769231,역세권,준신축,3
setagaya,世田谷区,35.7,2,37.6,7,19,14.7,타워맨션,남,0,0,1,0,2022,3,3280,91.8767507002801,17.85,0.3684210526315789,버스권,노후,2
chiyoda,千代田区,41.0,1,23.4,7,17,1.0,맨션,북동,0,1,0,0,2024,10,8880,216.58536585365854,41.0,0.4117647058823529,역세권,중고,1
suginami,杉並区,33.0,1,8.1,4,5,6.7,타워맨션,남,0,1,0,0,2021,9,4370,132.42424242424244,33.0,0.8,도보권,준신축,1
nakano,中野区,106.6,5,0.5,2,15,7.4,맨션,남서,0,0,1,0,2024,9,11330,106.28517823639775,21.32,0.13333333333333333,버스권,신축,2
meguro,目黒区,32.6,1,16.5,9,15,11.1,맨션,동,0,1,0,0,2023,12,4590,140.79754601226992,32.6,0.6,버스권,중고,1
sumida,墨田区,94.9,5,56.3,13,19,30.0,아파트,동,1,0,1,0,2021,6,3670,38.6722866174921,18.98,0.6842105263157895,원거리,노후,4
itabashi,板橋区,109.6,5,7.8,4,5,5.1,아파트,남,1,1,0,0,2021,7,7320,66.78832116788321,21.919999999999998,0.8,도보권,준신축,3
shinjuku,新宿区,43.0,2,6.1,4,10,4.0,맨션,서,0,1,1,0,2024,3,6830,158.8372093023256,21.5,0.4,도보권,준신축,3
minato,港区,58.2,2,33.7,10,13,8.5,타워맨션,북,0,1,0,0,2023,7,9830,168.9003436426117,29.1,0.7692307692307693,버스권,노후,1
ota,大田区,25.7,1,6.5,3,9,2.5,타워맨션,남,1,1,1,0,2023,1,3480,135.40856031128405,25.7,0.3333333333333333,역세권,준신축,5
nakano,中野区,95.3,4,2.4,3,19,8.7,아파트,남동,1,0,0,0,2022,10,10390,109.02413431269675,23.825,0.15789473684210525,버스권,신축,2
chuo,中央区,20.0,1,7.2,6,11,5.4,아파트,남동,1,1,0,1,2024,12,4640,232.0,20.0,0.5454545454545454,도보권,준신축,4
sumida,墨田区,52.2,2,5.7,8,9,4.9,맨션,북서,1,0,0,0,2021,12,5270,100.95785440613027,26.1,0.8888888888888888,도보권,준신축,2
katsushika,葛飾区,62.3,2,3.3,14,14,1.9,빌라,동,0,1,1,0,2023,7,4160,66.77367576243981,31.15,1.0,역세권,신축,3
toshima,豊島区,44.9,3,20.4,8,10,2.7,타워맨션,남서,0,0,1,0,2021,10,6200,138.08463251670378,14.966666666666667,0.8,역세권,중고,2
shinagawa,品川区,78.3,3,17.0,14,19,2.2,빌라,동,0,1,0,0,2021,12,10440,133.33333333333334,26.099999999999998,0.7368421052631579,역세권,중고,1
shinagawa,品川区,80.9,3,2.3,11,13,8.4,아파트,남,1,1,1,0,2025,7,14410,178.12113720642768,26.96666666666667,0.8461538461538461,버스권,신축,5
kita,北区,37.5,1,2.1,13,17,6.3,아파트,남,0,0,0,0,2023,12,3040,81.06666666666666,37.5,0.7647058823529411,도보권,신축,0
bunkyo,文京区,20.0,1,2.3,4,19,5.3,아파트,남,0,0,1,0,2022,7,2850,142.5,20.0,0.21052631578947367,도보권,신축,2
setagaya,世田谷区,69.0,2,3.0,12,16,4.1,맨션,동,0,1,0,0,2024,9,9590,138.9855072463768,34.5,0.75,도보권,신축,1
edogawa,江戸川区,58.1,3,29.8,2,10,1.7,타워맨션,서,0,1,1,0,2022,12,3640,62.65060240963855,19.366666666666667,0.2,역세권,중고,3
setagaya,世田谷区,97.4,3,3.7,5,17,1.1,아파트,남,0,1,0,0,2021,3,11830,121.45790554414783,32.46666666666667,0.29411764705882354,역세권,신축,1
bunkyo,文京区,113.9,6,17.5,14,19,14.6,아파트,남서,1,1,0,1,2021,9,13080,114.83757682177348,18.983333333333334,0.7368421052631579,버스권,중고,4
chiyoda,千代田区,61.6,2,15.0,8,12,3.4,맨션,북서,1,1,0,0,2022,3,13170,213.7987012987013,30.8,0.6666666666666666,도보권,준신축,3
sumida,墨田区,89.0,4,14.5,5,16,4.8,빌라,북동,0,1,0,0,2022,9,7240,81.34831460674157,22.25,0.3125,도보권,준신축,1
arakawa,荒川区,86.1,3,3.4,12,14,2.3,아파트,남서,0,0,1,0,2021,6,7930,92.10220673635308,28.7,0.8571428571428571,역세권,신축,2
sumida,墨田区,47.3,1,5.1,9,19,4.7,맨션,북서,0,1,1,0,2025,6,6060,128.1183932346723,47.3,0.47368421052631576,도보권,준신축,3
setagaya,世田谷区,66.6,4,10.1,2,15,6.9,아파트,동,0,1,0,0,2024,4,6510,97.74774774774775,16.65,0.13333333333333333,도보권,준신축,1
suginami,杉並区,32.3,1,11.8,1,2,12.1,아파트,남,0,1,0,0,2025,4,3340,103.40557275541796,32.3,0.5,버스권,준신축,1
suginami,杉並区,54.9,3,51.7,10,15,4.4,맨션,남,1,1,0,0,2024,4,4220,76.86703096539162,18.3,0.6666666666666666,도보권,노후,3
toshima,豊島区,41.6,2,8.7,7,10,1.0,아파트,남,0,1,0,0,2023,2,4490,107.9326923076923,20.8,0.7,역세권,준신축,1
shibuya,渋谷区,38.7,1,21.6,4,11,14.5,아파트,남서,0,0,1,1,2024,10,6880,177.77777777777777,38.7,0.36363636363636365,버스권,중고,3
chuo,中央区,38.1,1,0.8,3,6,1.2,아파트,서,0,0,1,0,2025,2,8230,216.01049868766404,38.1,0.5,역세권,신축,2
chuo,中央区,96.8,5,9.8,14,17,1.4,타워맨션,남동,0,1,1,0,2021,1,30170,311.6735537190083,19.36,0.8235294117647058,역세권,준신축,3
kita,北区,80.8,3,46.1,7,18,1.5,맨션,북서,0,1,0,0,2025,8,4150,51.36138613861387,26.933333333333334,0.3888888888888889,역세권,노후,1
chuo,中央区,70.4,2,14.4,2,2,6.0,맨션,동,0,1,0,0,2021,12,13230,187.92613636363635,35.2,1.0,도보권,준신축,1
edogawa,江戸川区,70.6,2,31.2,5,15,8.6,맨션,남서,0,0,0,0,2025,7,3510,49.716713881019835,35.3,0.3333333333333333,버스권,노후,0
meguro,目黒区,92.7,5,6.6,5,18,7.1,아파트,남동,1,0,0,0,2025,9,14390,155.2319309600863,18.54,0.2777777777777778,버스권,준신축,2
toshima,豊島区,67.2,4,18.0,5,14,4.5,맨션,남동,0,1,0,0,2025,3,8620,128.27380952380952,16.8,0.35714285714285715,도보권,중고,1
meguro,目黒区,72.5,3,8.1,5,19,29.9,타워맨션,남,0,1,1,0,2021,2,11220,154.75862068965517,24.166666666666668,0.2631578947368421,원거리,준신축,3
shinagawa,品川区,72.4,3,37.1,10,16,1.0,타워맨션,남,0,1,1,0,2023,5,10560,145.8563535911602,24.133333333333336,0.625,역세권,노후,3
minato,港区,59.2,2,21.9,11,19,5.2,아파트,동,0,1,1,0,2023,6,12650,213.68243243243242,29.6,0.5789473684210527,도보권,중고,3
shinagawa,品川区,115.7,5,2.6,8,14,1.0,아파트,남서,0,0,0,1,2024,8,20890,180.55315471045807,23.14,0.5714285714285714,역세권,신축,1
bunkyo,文京区,74.8,3,9.0,11,14,20.2,타워맨션,북,0,1,1,1,2021,9,10070,134.62566844919786,24.933333333333334,0.7857142857142857,원거리,준신축,4
itabashi,板橋区,23.0,1,21.4,11,18,1.0,맨션,서,0,0,1,0,2025,7,1460,63.47826086956522,23.0,0.6111111111111112,역세권,중고,2
nakano,中野区,51.9,2,30.8,5,11,1.0,아파트,동,1,1,1,0,2023,6,4050,78.03468208092485,25.95,0.45454545454545453,역세권,노후,5
shinjuku,新宿区,47.9,2,6.5,2,5,1.0,아파트,남,0,1,0,1,2022,12,8080,168.6847599164927,23.95,0.4,역세권,준신축,2
minato,港区,53.3,2,3.6,12,16,26.9,아파트,북,1,0,1,0,2021,1,9670,181.42589118198876,26.65,0.75,원거리,신축,4
shibuya,渋谷区,92.8,5,4.8,7,9,5.3,맨션,남,0,0,1,0,2022,5,20650,222.52155172413794,18.56,0.7777777777777778,도보권,신축,2
chuo,中央区,36.8,1,7.2,7,11,2.9,맨션,동,0,1,0,0,2023,4,9390,255.1630434782609,36.8,0.6363636363636364,역세권,준신축,1
meguro,目黒区,49.4,2,0.2,5,6,5.0,빌라,남서,0,0,0,0,2022,9,7960,161.1336032388664,24.7,0.8333333333333334,도보권,신축,0
meguro,目黒区,79.1,4,16.8,3,4,13.4,아파트,북서,0,1,1,0,2022,12,10550,133.3754740834387,19.775,0.75,버스권,중고,3
chiyoda,千代田区,105.2,4,13.1,6,16,11.8,아파트,남동,1,1,1,0,2022,1,21910,208.2699619771863,26.3,0.375,버스권,준신축,5
sumida,墨田区,55.8,2,0.8,7,16,8.8,아파트,남서,1,0,0,0,2021,10,5360,96.0573476702509,27.9,0.4375,버스권,신축,2
sumida,墨田区,73.7,3,3.5,9,9,11.3,빌라,남동,1,1,1,0,2024,8,6940,94.16553595658073,24.566666666666666,1.0,버스권,신축,5
chiyoda,千代田区,76.6,2,3.9,14,14,4.4,타워맨션,남,1,0,1,1,2025,11,28290,369.3211488250653,38.3,1.0,도보권,신축,5
nerima,練馬区,82.3,4,37.3,14,15,1.9,아파트,남동,0,1,0,0,2023,1,4100,49.817739975698665,20.575,0.9333333333333333,역세권,노후,1
setagaya,世田谷区,45.4,2,18.5,11,19,13.0,맨션,북동,0,1,1,0,2022,6,5670,124.8898678414097,22.7,0.5789473684210527,버스권,중고,3
ota,大田区,52.4,1,13.2,7,15,1.0,아파트,동,0,1,0,0,2022,8,4280,81.67938931297711,52.4,0.4666666666666667,역세권,준신축,1
chuo,中央区,95.2,4,4.7,5,15,1.7,맨션,남,0,1,0,0,2022,1,21700,227.94117647058823,23.8,0.3333333333333333,역세권,신축,1
shinjuku,新宿区,49.7,1,12.2,6,7,5.3,아파트,북,1,1,1,0,2022,2,6710,135.01006036217302,49.7,0.8571428571428571,도보권,준신축,5
sumida,墨田区,49.5,2,15.9,10,18,1.0,맨션,남서,1,1,0,0,2023,11,5580,112.72727272727273,24.75,0.5555555555555556,역세권,중고,3
shinjuku,新宿区,73.8,3,26.0,7,18,1.7,아파트,남서,0,0,0,0,2025,11,10070,136.44986449864498,24.599999999999998,0.3888888888888889,역세권,중고,0
meguro,目黒区,72.0,3,4.2,6,16,1.0,아파트,남,0,0,1,0,2025,9,13820,191.94444444444446,24.0,0.375,역세권,신축,2
meguro,目黒区,80.8,3,12.7,2,15,5.5,아파트,남,0,1,1,0,2021,3,11850,146.65841584158417,26.933333333333334,0.13333333333333333,도보권,준신축,3
koto,江東区,71.0,4,11.7,2,7,1.8,아파트,남,0,1,1,0,2022,9,8050,113.38028169014085,17.75,0.2857142857142857,역세권,준신축,3
minato,港区,106.7,5,12.6,12,14,10.6,맨션,남,1,0,0,0,2022,8,24760,232.05248359887534,21.34,0.8571428571428571,버스권,준신축,2
shibuya,渋谷区,29.4,1,10.4,14,15,30.0,아파트,북동,0,0,1,0,2022,5,4260,144.89795918367346,29.4,0.9333333333333333,원거리,준신축,2
shinagawa,品川区,36.1,1,0.4,2,17,6.1,맨션,북,0,1,0,0,2023,3,5720,158.44875346260386,36.1,0.11764705882352941,도보권,신축,1
shibuya,渋谷区,34.8,1,60.0,4,11,9.2,아파트,동,1,1,1,0,2022,12,3490,100.28735632183908,34.8,0.36363636363636365,버스권,노후,5
setagaya,世田谷区,66.3,3,45.8,4,12,30.0,아파트,남동,0,1,1,0,2025,9,3810,57.46606334841629,22.099999999999998,0.3333333333333333,원거리,노후,3
koto,江東区,67.9,4,3.3,2,5,1.3,타워맨션,동,0,1,1,0,2024,1,11110,163.62297496318112,16.975,0.4,역세권,신축,3
bunkyo,文京区,61.9,2,28.3,11,18,28.8,맨션,동,0,1,0,0,2024,5,5410,87.39903069466882,30.95,0.6111111111111112,원거리,중고,1
shibuya,渋谷区,62.4,2,15.0,1,17,4.0,맨션,남서,0,1,0,0,2023,12,10150,162.6602564102564,31.2,0.058823529411764705,도보권,준신축,1
shibuya,渋谷区,42.9,1,0.3,4,10,1.0,아파트,남동,0,0,0,0,2025,5,10950,255.24475524475525,42.9,0.4,역세권,신축,0
kita,北区,103.1,5,16.5,4,18,30.0,맨션,남,1,1,1,0,2022,8,7470,72.45392822502426,20.619999999999997,0.2222222222222222,원거리,중고,5
chiyoda,千代田区,97.3,5,19.6,6,17,1.0,아파트,동,0,0,1,0,2021,4,16360,168.13977389516958,19.46,0.35294117647058826,역세권,중고,2
koto,江東区,58.4,3,60.0,10,12,21.3,맨션,북,0,1,0,1,2023,3,2740,46.917808219178085,19.466666666666665,0.8333333333333334,원거리,노후,2
ota,大田区,65.4,3,49.0,4,16,3.7,아파트,동,1,0,0,0,2025,8,3610,55.19877675840978,21.8,0.25,도보권,노후,2
shinagawa,品川区,56.2,1,19.3,14,19,10.4,타워맨션,남서,1,0,1,1,2024,4,11610,206.58362989323842,56.2,0.7368421052631579,버스권,중고,5
shinjuku,新宿区,44.9,2,1.6,7,7,8.3,타워맨션,남,0,0,1,1,2022,12,10490,233.630289532294,22.45,1.0,버스권,신축,3
minato,港区,89.0,4,1.1,3,5,1.0,아파트,동,1,0,0,0,2025,9,28990,325.7303370786517,22.25,0.6,역세권,신축,2
chiyoda,千代田区,87.0,4,54.7,14,17,21.9,타워맨션,동,0,1,1,0,2022,4,9520,109.42528735632185,21.75,0.8235294117647058,원거리,노후,3
nakano,中野区,97.2,5,4.4,2,8,2.2,아파트,남동,0,0,1,0,2021,1,8780,90.32921810699588,19.44,0.25,역세권,신축,2
edogawa,江戸川区,60.1,3,6.1,6,12,8.7,맨션,남동,0,1,0,1,2021,2,4290,71.3810316139767,20.033333333333335,0.5,버스권,준신축,2
minato,港区,50.6,2,5.9,7,12,1.0,아파트,북동,1,1,1,0,2022,11,14710,290.7114624505929,25.3,0.5833333333333334,역세권,준신축,5
nakano,中野区,73.1,4,13.3,8,15,1.5,맨션,서,0,1,0,0,2024,10,8660,118.46785225718195,18.275,0.5333333333333333,역세권,준신축,1
suginami,杉並区,88.3,4,2.4,5,15,7.7,아파트,북서,1,0,1,0,2021,3,9640,109.17327293318233,22.075,0.3333333333333333,버스권,신축,4
minato,港区,87.5,4,7.1,1,16,4.6,아파트,남동,1,1,0,0,2021,7,19570,223.65714285714284,21.875,0.0625,도보권,준신축,3
ota,大田区,52.7,3,2.1,4,18,19.9,아파트,북,1,0,1,0,2021,5,3810,72.29601518026566,17.566666666666666,0.2222222222222222,원거리,신축,4
minato,港区,31.7,1,31.0,13,18,2.0,아파트,남서,0,1,0,0,2024,3,7380,232.80757097791798,31.7,0.7222222222222222,역세권,노후,1
taito,台東区,49.5,1,3.9,2,13,1.8,맨션,북서,0,1,1,0,2020,12,4730,95.55555555555556,49.5,0.15384615384615385,역세권,신축,3
chiyoda,千代田区,85.5,4,13.4,6,13,1.0,아파트,남서,1,1,0,0,2021,11,18680,218.4795321637427,21.375,0.46153846153846156,역세권,준신축,3
itabashi,板橋区,35.1,1,1.3,1,11,6.3,타워맨션,서,1,0,0,0,2021,6,3350,95.44159544159544,35.1,0.09090909090909091,도보권,신축,2
itabashi,板橋区,71.8,4,0.2,12,18,4.5,맨션,남,1,1,0,0,2024,7,7560,105.2924791086351,17.95,0.6666666666666666,도보권,신축,3
suginami,杉並区,78.0,3,16.9,4,7,1.0,아파트,남동,1,1,0,0,2024,4,8590,110.12820512820512,26.0,0.5714285714285714,역세권,중고,3
shibuya,渋谷区,81.5,3,19.3,14,17,25.8,빌라,남서,0,1,0,0,2023,1,9410,115.4601226993865,27.166666666666668,0.8235294117647058,원거리,중고,1
chuo,中央区,20.0,1,9.0,9,14,1.9,아파트,북서,0,1,1,0,2024,7,4580,229.0,20.0,0.6428571428571429,역세권,준신축,3
shinagawa,品川区,66.2,3,3.5,2,2,5.1,아파트,남,1,1,1,1,2023,7,11590,175.07552870090635,22.066666666666666,1.0,도보권,신축,6
itabashi,板橋区,104.3,5,2.6,10,18,9.1,아파트,북동,0,1,1,0,2022,2,8450,81.01629913710451,20.86,0.5555555555555556,버스권,신축,3
kita,北区,130.7,6,18.7,14,18,15.0,아파트,남동,1,1,1,1,2025,8,9760,74.67482785003826,21.78333333333333,0.7777777777777778,버스권,중고,6
chiyoda,千代田区,135.3,6,24.0,13,19,5.7,아파트,북동,1,1,1,0,2024,5,30100,222.46858832224683,22.55,0.6842105263157895,도보권,중고,5
chuo,中央区,68.4,4,9.0,10,11,1.0,아파트,남동,0,1,1,0,2021,3,15320,223.97660818713447,17.1,0.9090909090909091,역세권,준신축,3
adachi,足立区,83.4,4,34.7,9,19,3.2,아파트,남서,1,0,1,0,2022,12,3350,40.16786570743405,20.85,0.47368421052631576,도보권,노후,4
nerima,練馬区,49.2,1,21.4,4,8,3.3,맨션,남동,1,1,0,0,2023,3,4130,83.9430894308943,49.2,0.5,도보권,중고,3
ota,大田区,69.4,3,17.1,6,9,4.2,맨션,서,0,1,1,0,2025,10,6180,89.04899135446685,23.133333333333336,0.6666666666666666,도보권,중고,3
chiyoda,千代田区,87.3,3,8.3,8,9,3.8,아파트,북서,0,1,0,0,2021,1,16040,183.73424971363116,29.099999999999998,0.8888888888888888,도보권,준신축,1
sumida,墨田区,70.8,3,2.7,12,19,4.7,아파트,남동,0,1,0,0,2024,4,7030,99.29378531073446,23.599999999999998,0.631578947368421,도보권,신축,1
toshima,豊島区,60.6,2,9.0,12,15,2.1,타워맨션,서,1,1,1,0,2022,4,9440,155.77557755775578,30.3,0.8,역세권,준신축,5
shinagawa,品川区,28.0,1,1.9,3,6,15.6,아파트,남동,0,1,1,0,2024,3,3680,131.42857142857142,28.0,0.5,원거리,신축,3
chuo,中央区,61.2,2,3.8,4,5,5.7,아파트,북동,0,1,0,0,2024,6,12690,207.35294117647058,30.6,0.8,도보권,신축,1
shinagawa,品川区,34.0,1,0.8,10,11,3.8,맨션,남,0,0,1,1,2023,5,7480,220.0,34.0,0.9090909090909091,도보권,신축,3
shinjuku,新宿区,43.7,2,5.2,1,8,1.0,빌라,남동,0,0,1,0,2021,5,6700,153.31807780320366,21.85,0.125,역세권,준신축,2
meguro,目黒区,32.4,1,8.1,7,13,5.8,아파트,동,0,1,1,0,2022,2,5230,161.41975308641975,32.4,0.5384615384615384,도보권,준신축,3
chiyoda,千代田区,98.2,5,19.5,7,13,1.0,아파트,남동,0,1,0,1,2024,7,20790,211.71079429735232,19.64,0.5384615384615384,역세권,중고,2
itabashi,板橋区,55.9,2,26.1,6,12,8.3,맨션,북,0,1,1,1,2022,12,3160,56.529516994633276,27.95,0.5,버스권,중고,4
shinjuku,新宿区,92.4,4,60.0,2,8,1.3,타워맨션,남서,0,1,0,0,2025,9,11520,124.67532467532467,23.1,0.25,역세권,노후,1
shinagawa,品川区,36.6,1,28.8,3,10,30.0,맨션,동,0,0,0,0,2025,3,3420,93.44262295081967,36.6,0.3,원거리,중고,0
shibuya,渋谷区,106.8,4,46.0,4,14,9.0,아파트,동,0,0,0,0,2025,7,9000,84.26966292134831,26.7,0.2857142857142857,버스권,노후,0
nerima,練馬区,63.2,3,60.0,1,1,1.1,맨션,남동,0,0,0,0,2025,9,3200,50.63291139240506,21.066666666666666,1.0,역세권,노후,0
toshima,豊島区,20.7,1,3.3,5,17,15.5,아파트,동,0,1,1,0,2022,7,2100,101.44927536231884,20.7,0.29411764705882354,원거리,신축,3
shibuya,渋谷区,58.3,2,6.8,13,17,1.0,맨션,서,0,1,0,0,2022,12,14050,240.99485420240137,29.15,0.7647058823529411,역세권,준신축,1
setagaya,世田谷区,96.2,4,17.6,1,16,2.3,타워맨션,남서,1,1,1,0,2025,7,16490,171.41372141372142,24.05,0.0625,역세권,중고,5
shibuya,渋谷区,65.0,4,21.8,1,6,5.3,빌라,서,0,1,0,1,2025,1,10080,155.07692307692307,16.25,0.16666666666666666,도보권,중고,2
bunkyo,文京区,47.6,3,12.4,14,15,1.0,아파트,남서,0,1,0,0,2022,9,6980,146.63865546218486,15.866666666666667,0.9333333333333333,역세권,준신축,1
shinagawa,品川区,28.7,1,23.6,2,2,1.7,타워맨션,남,1,1,0,0,2024,9,5560,193.72822299651568,28.7,1.0,역세권,중고,3
meguro,目黒区,27.8,1,16.4,4,10,3.4,아파트,서,0,0,1,1,2021,3,3270,117.62589928057554,27.8,0.4,도보권,중고,3
shinjuku,新宿区,59.3,3,13.1,1,11,13.7,아파트,동,0,1,0,0,2022,12,6210,104.72175379426645,19.766666666666666,0.09090909090909091,버스권,준신축,1
nerima,練馬区,40.6,2,2.8,10,19,30.0,맨션,남서,0,1,0,0,2022,8,3220,79.3103448275862,20.3,0.5263157894736842,원거리,신축,1
shibuya,渋谷区,107.4,6,18.0,11,19,7.6,타워맨션,남,0,1,1,0,2023,5,23260,216.57355679702047,17.900000000000002,0.5789473684210527,버스권,중고,3
taito,台東区,79.8,4,3.2,11,16,6.8,아파트,북서,0,1,0,0,2021,9,9260,116.04010025062657,19.95,0.6875,도보권,신축,1
shinagawa,品川区,42.1,2,25.7,7,18,10.5,타워맨션,북,1,1,0,0,2021,12,5850,138.95486935866984,21.05,0.3888888888888889,버스권,중고,3
arakawa,荒川区,49.8,3,15.1,11,13,8.9,아파트,남서,0,0,0,1,2024,5,3540,71.0843373493976,16.599999999999998,0.8461538461538461,버스권,중고,1
toshima,豊島区,48.7,2,11.8,1,18,2.2,아파트,남서,0,1,0,0,2023,1,5970,122.58726899383983,24.35,0.05555555555555555,역세권,준신축,1
meguro,目黒区,66.4,2,9.2,4,8,3.6,빌라,동,0,1,0,0,2024,10,8720,131.32530120481925,33.2,0.5,도보권,준신축,1
shinjuku,新宿区,56.2,3,1.7,4,18,8.2,아파트,북,0,1,1,0,2020,12,6290,111.92170818505338,18.733333333333334,0.2222222222222222,버스권,신축,3
chuo,中央区,35.8,1,26.8,9,19,3.5,타워맨션,북동,0,1,1,1,2025,4,8680,242.45810055865923,35.8,0.47368421052631576,도보권,중고,4
sumida,墨田区,79.5,4,39.1,5,18,11.2,빌라,남동,0,1,1,0,2023,1,4270,53.710691823899374,19.875,0.2777777777777778,버스권,노후,3
kita,北区,79.2,4,2.2,1,18,1.0,아파트,남동,0,0,1,0,2022,5,7270,91.79292929292929,19.8,0.05555555555555555,역세권,신축,2
suginami,杉並区,38.0,2,33.6,5,8,4.0,빌라,동,1,1,1,0,2025,6,2470,65.0,19.0,0.625,도보권,노후,5
chuo,中央区,70.5,3,1.4,6,10,13.4,아파트,남,0,1,0,0,2022,4,11230,159.29078014184398,23.5,0.6,버스권,신축,1
setagaya,世田谷区,69.5,3,4.0,6,14,6.0,아파트,동,0,0,1,0,2022,12,7870,113.23741007194245,23.166666666666668,0.42857142857142855,도보권,신축,2
koto,江東区,114.7,4,14.8,14,18,1.2,맨션,동,1,1,1,0,2022,1,14130,123.19093286835222,28.675,0.7777777777777778,역세권,준신축,5
arakawa,荒川区,51.0,2,4.2,9,9,3.8,아파트,남,1,1,1,1,2023,3,5280,103.52941176470588,25.5,1.0,도보권,신축,6
bunkyo,文京区,80.9,3,9.2,6,13,1.0,아파트,남동,0,1,0,0,2023,6,11670,144.25216316440049,26.96666666666667,0.46153846153846156,역세권,준신축,1
sumida,墨田区,86.5,3,3.4,11,18,1.0,맨션,남,0,0,0,0,2021,10,8690,100.46242774566474,28.833333333333332,0.6111111111111112,역세권,신축,0
chuo,中央区,20.0,1,38.3,7,15,18.6,빌라,북,0,1,1,0,2023,11,1720,86.0,20.0,0.4666666666666667,원거리,노후,3
minato,港区,97.2,4,1.0,5,14,16.8,아파트,서,1,1,1,0,2024,12,23290,239.60905349794237,24.3,0.35714285714285715,원거리,신축,5
shibuya,渋谷区,101.8,5,6.6,10,18,1.0,맨션,남서,0,1,1,0,2023,8,28530,280.25540275049116,20.36,0.5555555555555556,역세권,준신축,3
chuo,中央区,82.3,4,5.6,5,11,2.9,아파트,북동,1,1,1,0,2024,4,18950,230.25516403402187,20.575,0.45454545454545453,역세권,준신축,5
nerima,練馬区,20.0,1,8.7,4,13,1.0,맨션,서,0,1,1,0,2022,5,1810,90.5,20.0,0.3076923076923077,역세권,준신축,3
meguro,目黒区,43.2,2,2.2,10,15,1.1,아파트,북서,0,0,1,0,2025,9,6820,157.87037037037035,21.6,0.6666666666666666,역세권,신축,2
sumida,墨田区,47.6,1,18.8,14,16,21.1,빌라,남서,1,1,0,0,2024,3,2750,57.773109243697476,47.6,0.875,원거리,중고,3
nakano,中野区,31.9,1,3.9,11,18,11.4,맨션,북동,0,1,1,0,2025,6,4080,127.89968652037618,31.9,0.6111111111111112,버스권,신축,3
bunkyo,文京区,48.0,2,10.6,2,3,4.8,빌라,남동,0,0,0,1,2024,3,5130,106.875,24.0,0.6666666666666666,도보권,준신축,1
chiyoda,千代田区,81.3,3,39.2,2,8,4.6,아파트,북서,1,1,1,0,2023,9,10340,127.18327183271833,27.099999999999998,0.25,도보권,노후,5
setagaya,世田谷区,99.5,4,13.3,4,9,7.9,빌라,남동,0,1,0,0,2021,10,10320,103.71859296482413,24.875,0.4444444444444444,버스권,준신축,1
shinjuku,新宿区,39.6,1,6.4,12,12,15.5,맨션,남서,0,1,1,1,2021,7,5650,142.67676767676767,39.6,1.0,원거리,준신축,4
meguro,目黒区,79.1,3,7.0,4,13,13.2,아파트,북동,0,1,0,0,2023,6,12280,155.24652338811632,26.366666666666664,0.3076923076923077,버스권,준신축,1
toshima,豊島区,66.7,2,28.3,9,15,7.9,아파트,서,0,1,0,0,2023,1,4720,70.76461769115441,33.35,0.6,버스권,중고,1
ota,大田区,59.7,2,6.4,6,6,8.8,아파트,남,0,1,0,0,2025,11,5090,85.25963149078727,29.85,1.0,버스권,준신축,1
edogawa,江戸川区,30.0,1,7.6,14,17,3.4,아파트,북동,0,1,1,0,2022,6,1820,60.666666666666664,30.0,0.8235294117647058,도보권,준신축,3
nakano,中野区,33.9,1,28.1,10,14,11.4,맨션,북서,0,0,0,0,2022,10,2650,78.17109144542773,33.9,0.7142857142857143,버스권,중고,0
bunkyo,文京区,69.1,3,2.5,10,17,1.8,아파트,서,1,1,0,0,2021,8,10540,152.53256150506513,23.03333333333333,0.5882352941176471,역세권,신축,3
bunkyo,文京区,83.9,4,2.8,8,13,3.7,맨션,남,0,1,1,0,2022,12,12410,147.91418355184743,20.975,0.6153846153846154,도보권,신축,3
meguro,目黒区,89.3,4,13.9,10,12,4.1,아파트,남동,1,0,1,0,2024,8,14390,161.14221724524077,22.325,0.8333333333333334,도보권,준신축,4
bunkyo,文京区,35.1,1,19.3,7,13,2.3,아파트,남동,1,1,1,0,2022,11,4960,141.3105413105413,35.1,0.5384615384615384,역세권,중고,5
shinjuku,新宿区,20.0,1,12.1,12,16,17.1,아파트,서,0,1,0,0,2021,1,2150,107.5,20.0,0.75,원거리,준신축,1
itabashi,板橋区,20.0,1,44.3,7,9,1.4,맨션,서,0,1,1,0,2021,5,920,46.0,20.0,0.7777777777777778,역세권,노후,3
koto,江東区,20.0,1,8.5,11,15,6.9,아파트,남서,1,1,1,0,2020,12,2170,108.5,20.0,0.7333333333333333,도보권,준신축,5
arakawa,荒川区,78.6,3,6.8,10,14,5.7,타워맨션,남,0,0,0,0,2022,6,8800,111.95928753180662,26.2,0.7142857142857143,도보권,준신축,0
minato,港区,77.0,3,5.7,5,16,13.9,아파트,동,1,1,0,0,2022,8,14740,191.42857142857142,25.666666666666668,0.3125,버스권,준신축,3
setagaya,世田谷区,83.2,4,8.7,7,7,11.2,빌라,남,1,0,0,0,2024,6,10080,121.15384615384615,20.8,1.0,버스권,준신축,2
setagaya,世田谷区,88.4,4,17.8,7,14,14.2,아파트,남서,0,0,1,0,2022,4,8360,94.57013574660633,22.1,0.5,버스권,중고,2
arakawa,荒川区,81.8,4,33.0,9,16,4.3,맨션,남,0,1,1,0,2024,11,4170,50.97799511002445,20.45,0.5625,도보권,노후,3
shinjuku,新宿区,38.0,1,6.9,8,8,8.9,아파트,북서,0,1,0,0,2023,10,5060,133.1578947368421,38.0,1.0,버스권,준신축,1
toshima,豊島区,108.2,6,10.8,12,16,4.2,아파트,동,0,1,0,0,2024,10,12490,115.4343807763401,18.033333333333335,0.75,도보권,준신축,1
shinagawa,品川区,74.9,4,12.3,12,16,7.6,아파트,남,0,1,1,0,2024,12,11390,152.06942590120158,18.725,0.75,버스권,준신축,3
shinagawa,品川区,84.2,4,35.7,14,14,1.2,타워맨션,남서,0,1,1,0,2022,5,12210,145.01187648456056,21.05,1.0,역세권,노후,3
chuo,中央区,46.2,2,1.4,1,13,4.3,아파트,남,0,1,1,0,2025,2,10050,217.5324675324675,23.1,0.07692307692307693,도보권,신축,3
minato,港区,64.1,2,49.2,3,14,10.5,타워맨션,남서,0,0,0,1,2024,6,9240,144.14976599063965,32.05,0.21428571428571427,버스권,노후,1
shinagawa,品川区,73.9,3,5.1,4,16,4.1,아파트,남동,1,0,1,0,2021,5,10560,142.89580514208387,24.633333333333336,0.25,도보권,준신축,4
nerima,練馬区,71.9,3,10.0,1,13,8.9,아파트,북서,0,1,0,0,2024,7,5020,69.81919332406119,23.96666666666667,0.07692307692307693,버스권,준신축,1
shibuya,渋谷区,25.6,1,1.9,7,10,3.9,타워맨션,남동,0,1,0,0,2025,8,8220,321.09375,25.6,0.7,도보권,신축,1
nakano,中野区,75.3,4,10.0,7,16,30.0,맨션,북동,0,1,0,0,2025,10,6280,83.39973439575033,18.825,0.4375,원거리,준신축,1
bunkyo,文京区,110.5,5,36.6,8,18,3.9,타워맨션,남동,0,1,0,0,2025,1,12000,108.5972850678733,22.1,0.4444444444444444,도보권,노후,1
setagaya,世田谷区,22.5,1,5.5,10,12,7.8,맨션,남동,0,1,0,0,2025,5,3050,135.55555555555554,22.5,0.8333333333333334,버스권,준신축,1
nakano,中野区,56.9,2,2.2,3,3,4.9,빌라,남,1,1,1,1,2022,11,7500,131.81019332161688,28.45,1.0,도보권,신축,6
edogawa,江戸川区,82.5,4,7.5,3,4,10.5,아파트,남,1,1,0,0,2024,2,6040,73.21212121212122,20.625,0.75,버스권,준신축,3
adachi,足立区,79.2,4,7.6,9,10,5.5,맨션,남서,1,1,0,1,2022,9,5830,73.61111111111111,19.8,0.9,도보권,준신축,4
koto,江東区,88.0,3,2.1,3,11,1.9,맨션,남서,0,1,1,1,2022,8,12410,141.02272727272728,29.333333333333332,0.2727272727272727,역세권,신축,4
chiyoda,千代田区,45.6,2,2.1,9,10,10.6,맨션,북서,0,1,0,1,2023,7,10000,219.29824561403507,22.8,0.9,버스권,신축,2
itabashi,板橋区,49.7,2,31.4,3,13,4.5,맨션,남서,0,1,1,0,2023,5,3170,63.78269617706237,24.85,0.23076923076923078,도보권,노후,3
toshima,豊島区,36.0,1,13.4,4,11,3.9,맨션,남,0,1,0,0,2024,10,4460,123.88888888888889,36.0,0.36363636363636365,도보권,준신축,1
meguro,目黒区,29.2,1,1.1,14,18,11.7,아파트,남,0,1,1,0,2022,12,5230,179.1095890410959,29.2,0.7777777777777778,버스권,신축,3
taito,台東区,87.5,3,2.4,9,16,26.0,타워맨션,서,0,1,1,1,2025,8,12710,145.25714285714287,29.166666666666668,0.5625,원거리,신축,4
suginami,杉並区,80.1,4,6.1,8,16,24.4,빌라,남,1,0,1,0,2025,4,6810,85.0187265917603,20.025,0.5,원거리,준신축,4
chuo,中央区,82.1,2,38.7,9,13,13.2,아파트,남서,1,1,1,0,2023,2,10800,131.5468940316687,41.05,0.6923076923076923,버스권,노후,5
shibuya,渋谷区,76.4,3,43.6,2,8,2.9,맨션,남서,0,0,0,0,2022,4,10260,134.2931937172775,25.46666666666667,0.25,역세권,노후,0
bunkyo,文京区,82.5,4,58.3,4,4,4.4,아파트,남,0,1,0,0,2021,4,6310,76.48484848484848,20.625,1.0,도보권,노후,1
shinagawa,品川区,64.8,2,10.7,12,13,7.2,아파트,북서,0,1,0,0,2022,10,7380,113.8888888888889,32.4,0.9230769230769231,버스권,준신축,1
arakawa,荒川区,74.4,3,12.9,5,10,1.0,맨션,남,0,1,0,0,2022,5,4930,66.26344086021506,24.8,0.5,역세권,준신축,1
minato,港区,28.9,1,11.3,8,9,18.8,맨션,남,0,0,1,0,2024,9,6690,231.48788927335642,28.9,0.8888888888888888,원거리,준신축,2
shinagawa,品川区,56.2,2,8.6,5,14,1.0,맨션,남,0,0,0,0,2025,3,10180,181.1387900355872,28.1,0.35714285714285715,역세권,준신축,0
bunkyo,文京区,88.8,4,13.2,7,14,10.4,아파트,북,1,1,1,0,2025,11,11850,133.44594594594594,22.2,0.5,버스권,준신축,5
edogawa,江戸川区,88.1,5,2.4,2,6,10.6,맨션,남동,0,0,1,0,2021,8,5690,64.58569807037458,17.619999999999997,0.3333333333333333,버스권,신축,2
suginami,杉並区,46.9,2,1.4,3,6,2.2,맨션,서,0,1,0,0,2021,2,5390,114.92537313432837,23.45,0.5,역세권,신축,1
minato,港区,61.4,2,9.7,9,11,10.1,타워맨션,남서,0,0,1,0,2021,11,18440,300.3257328990228,30.7,0.8181818181818182,버스권,준신축,2
chiyoda,千代田区,80.2,3,15.4,1,13,1.0,맨션,북동,0,1,1,0,2025,5,18160,226.43391521197006,26.733333333333334,0.07692307692307693,역세권,중고,3
arakawa,荒川区,74.0,4,4.7,6,11,30.0,맨션,남,0,1,0,0,2024,4,6070,82.02702702702703,18.5,0.5454545454545454,원거리,신축,1
shinagawa,品川区,119.4,6,25.6,10,12,16.2,맨션,남,0,1,1,0,2024,3,12220,102.34505862646566,19.900000000000002,0.8333333333333334,원거리,중고,3
meguro,目黒区,71.2,3,7.5,4,7,1.9,빌라,북,0,0,0,1,2023,6,10010,140.58988764044943,23.733333333333334,0.5714285714285714,역세권,준신축,1
minato,港区,32.3,1,14.0,3,7,10.7,빌라,남서,0,0,1,0,2022,2,5160,159.75232198142416,32.3,0.42857142857142855,버스권,준신축,2
sumida,墨田区,90.5,4,10.2,11,16,11.3,아파트,남동,1,1,0,0,2021,9,9340,103.20441988950276,22.625,0.6875,버스권,준신축,3
koto,江東区,112.2,6,11.9,9,15,1.5,아파트,남동,0,1,0,0,2023,3,10770,95.98930481283422,18.7,0.6,역세권,준신축,1
ota,大田区,63.4,3,5.3,2,13,5.2,맨션,북서,1,0,0,1,2022,3,5890,92.90220820189275,21.133333333333333,0.15384615384615385,도보권,준신축,3
meguro,目黒区,65.3,3,15.2,13,13,7.1,아파트,북,0,1,0,0,2021,6,7340,112.40428790199081,21.766666666666666,1.0,버스권,중고,1
bunkyo,文京区,47.7,2,10.0,2,12,11.7,아파트,남서,0,1,1,0,2025,5,6120,128.30188679245282,23.85,0.16666666666666666,버스권,준신축,3
edogawa,江戸川区,67.5,2,14.5,12,16,7.8,아파트,남동,1,1,0,0,2025,7,4160,61.629629629629626,33.75,0.75,버스권,준신축,3
suginami,杉並区,75.6,3,26.3,1,19,4.8,타워맨션,서,0,1,1,0,2022,3,7880,104.23280423280424,25.2,0.05263157894736842,도보권,중고,3
shinagawa,品川区,62.3,3,4.6,14,15,10.6,타워맨션,북서,0,0,1,1,2022,1,11310,181.54093097913324,20.766666666666666,0.9333333333333333,버스권,신축,3
nerima,練馬区,61.4,2,7.7,9,18,7.2,맨션,서,1,1,1,0,2025,8,5970,97.23127035830619,30.7,0.5,버스권,준신축,5
suginami,杉並区,73.4,4,3.9,6,17,10.0,맨션,북동,0,1,1,0,2022,5,8830,120.29972752043595,18.35,0.35294117647058826,버스권,신축,3
edogawa,江戸川区,61.0,3,16.4,7,13,11.6,맨션,북동,0,0,0,0,2025,7,3860,63.278688524590166,20.333333333333332,0.5384615384615384,버스권,중고,0
setagaya,世田谷区,30.1,1,6.6,3,7,1.2,아파트,남동,0,0,0,0,2022,7,3780,125.5813953488372,30.1,0.42857142857142855,역세권,준신축,0
arakawa,荒川区,97.8,4,2.3,1,8,1.0,아파트,남동,0,1,0,1,2021,3,7470,76.38036809815951,24.45,0.125,역세권,신축,2
toshima,豊島区,64.0,3,1.9,3,14,11.0,타워맨션,동,1,0,1,0,2024,8,11560,180.625,21.333333333333332,0.21428571428571427,버스권,신축,4
koto,江東区,106.5,4,5.5,12,12,11.0,빌라,북서,0,1,1,1,2025,10,11440,107.41784037558685,26.625,1.0,버스권,준신축,4
adachi,足立区,24.7,1,6.3,13,18,11.9,아파트,서,0,1,0,0,2022,12,1300,52.631578947368425,24.7,0.7222222222222222,버스권,준신축,1
shinagawa,品川区,71.8,3,19.6,13,14,5.9,맨션,남동,0,1,1,1,2024,3,11950,166.43454038997214,23.933333333333334,0.9285714285714286,도보권,중고,4
suginami,杉並区,112.0,5,13.1,5,5,6.2,아파트,서,0,1,1,1,2021,3,11670,104.19642857142857,22.4,1.0,도보권,준신축,4
shinagawa,品川区,49.4,2,14.3,9,11,6.2,아파트,남서,1,1,1,0,2021,8,7210,145.95141700404858,24.7,0.8181818181818182,도보권,준신축,5
meguro,目黒区,79.2,2,1.7,2,13,7.7,아파트,남서,0,0,0,1,2023,7,11560,145.95959595959596,39.6,0.15384615384615385,버스권,신축,1
meguro,目黒区,69.4,3,3.0,14,16,7.5,빌라,북서,0,1,1,0,2024,1,9580,138.04034582132564,23.133333333333336,0.875,버스권,신축,3
koto,江東区,69.5,3,5.3,14,17,2.0,타워맨션,동,0,1,0,0,2025,4,10430,150.07194244604315,23.166666666666668,0.8235294117647058,역세권,준신축,1
chuo,中央区,70.9,4,60.0,1,12,1.0,타워맨션,남,0,1,1,0,2024,7,13080,184.48519040902679,17.725,0.08333333333333333,역세권,노후,3
suginami,杉並区,56.8,3,4.4,8,9,14.5,맨션,동,1,1,1,0,2021,9,8220,144.71830985915494,18.933333333333334,0.8888888888888888,버스권,신축,5
shinjuku,新宿区,40.8,1,9.4,10,12,1.3,맨션,남서,0,0,0,0,2025,5,8280,202.94117647058826,40.8,0.8333333333333334,역세권,준신축,0
setagaya,世田谷区,32.8,1,36.3,3,8,17.7,맨션,남서,1,1,1,0,2024,1,2570,78.35365853658537,32.8,0.375,원거리,노후,5
chiyoda,千代田区,74.7,3,1.7,10,19,20.2,빌라,동,0,1,0,0,2021,8,11200,149.9330655957162,24.900000000000002,0.5263157894736842,원거리,신축,1
shinjuku,新宿区,48.1,2,41.7,2,4,7.1,맨션,남동,0,0,0,0,2022,10,3820,79.41787941787942,24.05,0.5,버스권,노후,0
minato,港区,86.7,3,27.1,2,15,13.9,아파트,남동,0,1,0,0,2024,2,13010,150.05767012687429,28.900000000000002,0.13333333333333333,버스권,중고,1
setagaya,世田谷区,91.0,4,13.1,10,18,2.8,아파트,동,0,1,0,0,2022,1,9830,108.02197802197803,22.75,0.5555555555555556,역세권,준신축,1
adachi,足立区,38.2,1,9.2,8,11,6.1,아파트,북서,0,0,0,0,2022,5,1890,49.47643979057591,38.2,0.7272727272727273,도보권,준신축,0
taito,台東区,63.3,2,1.1,3,3,5.6,맨션,남동,0,1,0,0,2022,5,8280,130.80568720379148,31.65,1.0,도보권,신축,1
shinagawa,品川区,70.9,3,4.1,12,17,9.0,맨션,서,0,1,1,0,2024,1,12530,176.7277856135402,23.633333333333336,0.7058823529411765,버스권,신축,3
setagaya,世田谷区,51.1,3,0.7,13,19,13.4,빌라,동,0,0,1,0,2024,10,6300,123.2876712328767,17.033333333333335,0.6842105263157895,버스권,신축,2
taito,台東区,120.0,6,31.4,6,16,4.2,타워맨션,남동,0,1,1,0,2024,9,15000,125.0,20.0,0.375,도보권,노후,3
kita,北区,78.2,3,21.2,3,4,9.3,빌라,남서,0,0,0,0,2022,1,4150,53.069053708439895,26.066666666666666,0.75,버스권,중고,0
sumida,墨田区,47.9,2,1.8,10,14,4.1,맨션,북,0,1,0,0,2022,9,5240,109.3945720250522,23.95,0.7142857142857143,도보권,신축,1
chuo,中央区,60.2,3,3.2,1,3,1.0,아파트,북서,0,1,1,0,2023,10,13600,225.91362126245846,20.066666666666666,0.3333333333333333,역세권,신축,3
setagaya,世田谷区,44.9,2,1.0,13,17,1.5,아파트,동,0,1,1,0,2023,3,7050,157.01559020044544,22.45,0.7647058823529411,역세권,신축,3
katsushika,葛飾区,29.2,1,24.3,13,13,7.8,맨션,남,1,1,0,0,2022,8,1390,47.6027397260274,29.2,1.0,버스권,중고,3
minato,港区,56.2,2,49.5,14,18,1.1,맨션,동,0,1,0,0,2025,5,11060,196.797153024911,28.1,0.7777777777777778,역세권,노후,1
chiyoda,千代田区,68.9,4,59.9,6,10,10.2,맨션,남동,1,0,1,0,2022,3,8570,124.38316400580551,17.225,0.6,버스권,노후,4
bunkyo,文京区,53.5,1,10.4,6,10,3.9,맨션,남서,0,1,0,0,2025,11,8020,149.90654205607476,53.5,0.6,도보권,준신축,1
chiyoda,千代田区,77.6,2,5.1,10,10,3.4,아파트,남동,0,1,0,0,2023,11,17500,225.51546391752578,38.8,1.0,도보권,준신축,1
shinjuku,新宿区,70.1,3,24.5,10,13,4.1,아파트,남동,0,1,1,0,2022,2,7650,109.12981455064195,23.366666666666664,0.7692307692307693,도보권,중고,3
katsushika,葛飾区,75.9,5,13.4,12,12,12.3,맨션,남서,0,1,1,0,2023,12,4470,58.89328063241106,15.180000000000001,1.0,버스권,준신축,3
setagaya,世田谷区,76.2,4,23.0,14,18,9.6,맨션,남,1,0,0,0,2022,11,9410,123.49081364829397,19.05,0.7777777777777778,버스권,중고,2
meguro,目黒区,60.7,2,3.9,13,14,15.2,아파트,남동,0,0,1,0,2022,3,8240,135.7495881383855,30.35,0.9285714285714286,원거리,신축,2
bunkyo,文京区,58.7,3,8.5,11,13,8.8,아파트,남,0,1,0,0,2025,7,8500,144.80408858603064,19.566666666666666,0.8461538461538461,버스권,준신축,1
chuo,中央区,102.8,5,13.8,7,11,22.1,아파트,남,0,1,0,0,2022,9,14790,143.8715953307393,20.56,0.6363636363636364,원거리,준신축,1
setagaya,世田谷区,76.9,3,9.9,3,6,12.5,빌라,동,0,1,1,0,2023,8,7430,96.6189856957087,25.633333333333336,0.5,버스권,준신축,3
chiyoda,千代田区,69.2,3,7.0,10,10,3.3,맨션,북,0,1,1,0,2024,12,18920,273.4104046242774,23.066666666666666,1.0,도보권,준신축,3
kita,北区,54.9,2,14.7,6,18,9.4,아파트,남동,0,1,0,1,2025,5,4530,82.5136612021858,27.45,0.3333333333333333,버스권,준신축,2
shinjuku,新宿区,76.4,3,1.6,8,12,7.9,맨션,남서,0,1,0,0,2023,11,11530,150.91623036649213,25.46666666666667,0.6666666666666666,버스권,신축,1
sumida,墨田区,86.3,3,20.2,12,14,15.2,맨션,서,1,1,1,0,2021,3,6650,77.05677867902665,28.766666666666666,0.8571428571428571,원거리,중고,5
koto,江東区,50.2,3,1.0,13,15,1.0,빌라,동,0,0,0,0,2022,9,4680,93.22709163346613,16.733333333333334,0.8666666666666667,역세권,신축,0
meguro,目黒区,20.0,1,12.5,14,18,10.3,아파트,남동,1,1,0,1,2023,5,3340,167.0,20.0,0.7777777777777778,버스권,준신축,4
kita,北区,22.4,2,15.4,12,13,2.6,아파트,남동,0,1,0,0,2023,11,1670,74.55357142857143,11.2,0.9230769230769231,역세권,중고,1
minato,港区,45.3,2,22.3,1,2,15.6,아파트,동,0,1,0,0,2024,10,6670,147.24061810154527,22.65,0.5,원거리,중고,1
koto,江東区,50.7,2,5.0,2,5,12.9,아파트,남서,1,0,1,0,2021,4,4920,97.04142011834318,25.35,0.4,버스권,신축,4
itabashi,板橋区,32.6,1,12.4,5,10,27.1,아파트,남,0,1,0,0,2021,8,1840,56.441717791411044,32.6,0.5,원거리,준신축,1
shinagawa,品川区,72.2,3,13.1,6,12,1.6,아파트,남,0,0,1,0,2021,7,11300,156.50969529085873,24.066666666666666,0.5,역세권,준신축,2
ota,大田区,22.0,1,7.5,9,11,9.4,아파트,남서,0,1,1,0,2024,3,2260,102.72727272727273,22.0,0.8181818181818182,버스권,준신축,3
chuo,中央区,20.0,1,2.9,7,15,3.4,맨션,동,1,0,1,0,2022,3,4950,247.5,20.0,0.4666666666666667,도보권,신축,4
toshima,豊島区,51.0,3,0.9,10,10,1.0,아파트,북동,0,1,0,0,2024,2,6660,130.58823529411765,17.0,1.0,역세권,신축,1
koto,江東区,52.2,2,7.9,11,17,1.0,빌라,남,1,1,0,0,2025,7,6490,124.3295019157088,26.1,0.6470588235294118,역세권,준신축,3
shinagawa,品川区,83.7,3,11.1,12,13,3.2,아파트,남동,0,0,0,0,2022,1,11420,136.43966547192352,27.900000000000002,0.9230769230769231,도보권,준신축,0
toshima,豊島区,77.7,3,26.4,2,7,5.7,빌라,서,0,1,1,1,2025,3,6920,89.06048906048906,25.900000000000002,0.2857142857142857,도보권,중고,4
katsushika,葛飾区,67.9,2,47.6,2,10,1.0,타워맨션,서,1,1,1,0,2024,5,3350,49.33726067746686,33.95,0.2,역세권,노후,5
adachi,足立区,20.0,1,9.5,14,17,3.0,아파트,남동,1,1,1,0,2022,8,1310,65.5,20.0,0.8235294117647058,역세권,준신축,5
bunkyo,文京区,105.4,4,12.2,9,13,1.5,맨션,북동,0,1,1,0,2021,7,13360,126.75521821631878,26.35,0.6923076923076923,역세권,준신축,3
chiyoda,千代田区,60.9,2,7.7,7,19,1.0,맨션,남,0,1,0,0,2024,4,16590,272.41379310344826,30.45,0.3684210526315789,역세권,준신축,1
nakano,中野区,65.5,2,1.4,8,18,13.9,아파트,남동,0,1,0,0,2021,8,6820,104.12213740458016,32.75,0.4444444444444444,버스권,신축,1
kita,北区,20.0,1,15.1,4,12,10.3,아파트,동,1,1,0,0,2023,9,1440,72.0,20.0,0.3333333333333333,버스권,중고,3
shinjuku,新宿区,75.0,4,8.7,2,5,3.9,맨션,남동,0,1,0,0,2024,11,9350,124.66666666666667,18.75,0.4,도보권,준신축,1
shinagawa,品川区,42.2,2,19.7,4,7,2.0,아파트,남동,0,1,1,0,2024,3,5500,130.33175355450237,21.1,0.5714285714285714,역세권,중고,3
ota,大田区,83.2,3,36.5,1,16,9.3,타워맨션,남,1,1,1,0,2023,5,6860,82.45192307692308,27.733333333333334,0.0625,버스권,노후,5
meguro,目黒区,128.1,5,6.6,3,14,21.6,맨션,남,0,1,0,0,2022,9,16180,126.30757220921156,25.619999999999997,0.21428571428571427,원거리,준신축,1
chuo,中央区,56.2,2,7.1,10,15,14.9,맨션,서,0,1,0,0,2022,6,9830,174.91103202846975,28.1,0.6666666666666666,버스권,준신축,1
minato,港区,48.6,2,9.5,14,18,2.3,빌라,남동,0,1,0,0,2025,11,13300,273.6625514403292,24.3,0.7777777777777778,역세권,준신축,1
chuo,中央区,107.2,5,16.6,12,15,5.0,아파트,남,0,1,1,0,2024,6,24830,231.6231343283582,21.44,0.8,도보권,중고,3
meguro,目黒区,92.4,4,19.1,4,14,6.5,아파트,남,0,1,1,0,2023,12,12980,140.47619047619048,23.1,0.2857142857142857,도보권,중고,3
koto,江東区,106.6,5,19.0,12,19,2.4,타워맨션,남동,0,1,1,0,2021,9,14590,136.86679174484053,21.32,0.631578947368421,역세권,중고,3
setagaya,世田谷区,60.0,3,16.1,11,16,7.9,빌라,북동,0,1,0,1,2023,1,6180,103.0,20.0,0.6875,버스권,중고,2
toshima,豊島区,46.7,2,3.1,5,8,6.7,아파트,남동,0,1,1,0,2025,6,6250,133.83297644539613,23.35,0.625,도보권,신축,3
shibuya,渋谷区,44.1,1,4.1,13,15,2.8,맨션,동,1,1,0,0,2025,3,13590,308.1632653061224,44.1,0.8666666666666667,역세권,신축,3
shibuya,渋谷区,76.4,5,3.2,12,19,3.1,맨션,남,0,1,0,0,2021,11,16200,212.0418848167539,15.280000000000001,0.631578947368421,도보권,신축,1
kita,北区,111.7,5,5.4,10,17,2.1,아파트,서,1,0,0,0,2025,1,9500,85.04923903312444,22.34,0.5882352941176471,역세권,준신축,2
shinjuku,新宿区,94.5,5,24.2,6,18,22.9,아파트,남,1,1,1,0,2021,12,8870,93.86243386243386,18.9,0.3333333333333333,원거리,중고,5
nerima,練馬区,48.2,2,0.2,8,16,5.4,맨션,남서,0,1,0,1,2024,12,4830,100.20746887966804,24.1,0.5,도보권,신축,2
kita,北区,66.1,3,5.9,10,19,1.0,맨션,남서,0,1,0,0,2022,8,6330,95.76399394856278,22.03333333333333,0.5263157894736842,역세권,준신축,1
arakawa,荒川区,68.8,3,4.6,11,17,13.7,맨션,동,0,1,1,0,2021,11,5190,75.43604651162791,22.933333333333334,0.6470588235294118,버스권,신축,3
chuo,中央区,91.9,4,1.9,14,15,12.0,아파트,남,1,1,0,0,2025,8,21190,230.57671381936888,22.975,0.9333333333333333,버스권,신축,3
meguro,目黒区,52.2,1,31.7,6,6,4.6,맨션,서,1,0,0,0,2025,9,6890,131.99233716475095,52.2,1.0,도보권,노후,2
ota,大田区,28.6,1,2.2,13,17,1.0,아파트,동,0,1,1,0,2022,6,3150,110.13986013986013,28.6,0.7647058823529411,역세권,신축,3
chuo,中央区,62.8,3,4.2,7,16,4.1,아파트,서,0,1,1,0,2023,11,12420,197.77070063694268,20.933333333333334,0.4375,도보권,신축,3
itabashi,板橋区,65.0,2,4.7,12,14,3.2,맨션,북동,0,1,0,1,2024,10,6570,101.07692307692308,32.5,0.8571428571428571,도보권,신축,2
minato,港区,41.8,1,5.5,5,14,1.0,타워맨션,북,0,1,0,0,2022,11,14660,350.7177033492823,41.8,0.35714285714285715,역세권,준신축,1
koto,江東区,52.9,2,13.5,9,9,3.7,빌라,남서,0,0,1,0,2022,4,5040,95.27410207939509,26.45,1.0,도보권,준신축,2
shinjuku,新宿区,114.0,6,5.7,5,9,1.3,아파트,동,1,1,0,1,2024,9,19220,168.59649122807016,19.0,0.5555555555555556,역세권,준신축,4
adachi,足立区,65.0,2,4.2,9,10,8.3,맨션,북서,1,1,1,0,2023,11,4660,71.6923076923077,32.5,0.9,버스권,신축,5
nakano,中野区,48.4,2,51.8,12,12,5.6,맨션,동,1,0,0,0,2022,6,2740,56.611570247933884,24.2,1.0,도보권,노후,2
ota,大田区,83.1,3,23.3,7,10,18.6,맨션,북,0,1,0,0,2023,5,4370,52.58724428399519,27.7,0.7,원거리,중고,1
setagaya,世田谷区,52.0,2,9.9,3,9,5.2,맨션,남서,0,1,0,0,2024,4,7740,148.84615384615384,26.0,0.3333333333333333,도보권,준신축,1
chuo,中央区,53.1,2,15.2,5,18,5.9,타워맨션,북동,0,0,0,0,2021,6,10740,202.25988700564972,26.55,0.2777777777777778,도보권,중고,0
shinjuku,新宿区,48.4,2,6.0,6,19,22.5,아파트,서,0,0,0,0,2022,5,4390,90.70247933884298,24.2,0.3157894736842105,원거리,준신축,0
meguro,目黒区,100.1,4,60.0,2,19,3.1,맨션,북동,1,0,0,0,2023,3,7580,75.72427572427573,25.025,0.10526315789473684,도보권,노후,2
taito,台東区,32.4,1,28.1,5,16,10.4,타워맨션,북서,0,1,1,0,2023,11,3130,96.60493827160494,32.4,0.3125,버스권,중고,3
chuo,中央区,95.9,5,2.8,4,11,8.8,맨션,남,0,1,0,0,2022,12,20090,209.4890510948905,19.18,0.36363636363636365,버스권,신축,1
taito,台東区,50.2,2,1.2,13,18,10.7,타워맨션,남동,1,1,0,0,2021,4,7430,148.00796812749005,25.1,0.7222222222222222,버스권,신축,3
taito,台東区,46.3,1,7.4,8,13,6.7,타워맨션,북동,1,1,1,0,2024,5,8510,183.8012958963283,46.3,0.6153846153846154,도보권,준신축,5
chiyoda,千代田区,77.8,3,25.2,4,5,6.0,맨션,북서,1,1,0,0,2025,7,13120,168.6375321336761,25.933333333333334,0.8,도보권,중고,3
suginami,杉並区,98.5,4,3.0,1,11,1.0,아파트,남서,0,0,0,0,2024,1,11800,119.79695431472081,24.625,0.09090909090909091,역세권,신축,0
sumida,墨田区,44.5,2,7.8,12,19,12.3,빌라,북동,0,1,0,0,2024,3,3830,86.06741573033707,22.25,0.631578947368421,버스권,준신축,1
edogawa,江戸川区,68.4,2,28.4,5,5,2.2,빌라,남,0,0,1,0,2024,3,3290,48.09941520467836,34.2,1.0,역세권,중고,2
shinagawa,品川区,81.2,3,1.2,10,18,4.8,아파트,서,0,1,0,0,2024,6,14240,175.3694581280788,27.066666666666666,0.5555555555555556,도보권,신축,1
minato,港区,44.5,2,60.0,9,14,8.2,아파트,북동,0,1,1,0,2022,11,5410,121.57303370786516,22.25,0.6428571428571429,버스권,노후,3
setagaya,世田谷区,49.4,2,1.8,8,14,9.3,타워맨션,남동,1,1,1,1,2025,6,10910,220.85020242914982,24.7,0.5714285714285714,버스권,신축,6
kita,北区,53.2,2,8.0,2,3,2.4,맨션,남,0,0,1,0,2022,1,4750,89.28571428571428,26.6,0.6666666666666666,역세권,준신축,2
chuo,中央区,90.0,5,17.1,13,16,16.3,아파트,동,1,1,1,0,2025,1,14650,162.77777777777777,18.0,0.8125,원거리,중고,5
koto,江東区,35.3,1,12.1,14,19,1.0,타워맨션,남,0,1,0,1,2022,12,4900,138.8101983002833,35.3,0.7368421052631579,역세권,준신축,2
setagaya,世田谷区,62.8,4,12.2,2,9,11.3,맨션,남서,0,1,0,0,2024,1,7720,122.92993630573248,15.7,0.2222222222222222,버스권,준신축,1
adachi,足立区,80.7,4,0.2,3,8,2.0,아파트,남,1,1,1,0,2021,5,5980,74.10161090458487,20.175,0.375,역세권,신축,5
sumida,墨田区,73.2,4,31.8,4,14,1.4,아파트,북동,0,0,0,0,2020,12,3920,53.55191256830601,18.3,0.2857142857142857,역세권,노후,0
minato,港区,58.7,2,6.9,6,10,1.0,맨션,남동,0,1,0,1,2023,12,20250,344.97444633730834,29.35,0.6,역세권,준신축,2
meguro,目黒区,34.4,1,3.8,4,15,6.4,맨션,북서,0,0,1,0,2022,10,7230,210.17441860465118,34.4,0.26666666666666666,도보권,신축,2
chiyoda,千代田区,73.4,3,4.8,13,17,1.0,아파트,북동,1,0,1,1,2025,1,21900,298.3651226158038,24.46666666666667,0.7647058823529411,역세권,신축,5
taito,台東区,80.4,5,1.5,7,7,5.6,아파트,동,0,0,0,0,2021,6,8190,101.86567164179104,16.080000000000002,1.0,도보권,신축,0
shinagawa,品川区,87.2,5,22.1,9,12,6.6,타워맨션,남,0,1,0,0,2021,4,14540,166.74311926605503,17.44,0.75,도보권,중고,1
nakano,中野区,76.3,3,3.8,7,11,17.3,아파트,남,0,1,0,0,2024,11,7680,100.65530799475754,25.433333333333334,0.6363636363636364,원거리,신축,1
nakano,中野区,109.9,6,17.9,6,6,27.1,맨션,서,0,0,1,0,2023,6,8040,73.15741583257507,18.316666666666666,1.0,원거리,중고,2
adachi,足立区,79.1,3,13.3,6,16,7.3,맨션,북동,0,0,1,0,2024,9,5080,64.22250316055626,26.366666666666664,0.375,버스권,준신축,2
meguro,目黒区,35.9,1,6.4,10,16,3.7,타워맨션,북서,0,0,0,0,2025,10,7080,197.21448467966576,35.9,0.625,도보권,준신축,0
suginami,杉並区,45.6,2,38.2,3,7,3.0,맨션,북동,1,1,1,0,2024,1,4680,102.63157894736842,22.8,0.42857142857142855,역세권,노후,5
arakawa,荒川区,108.6,5,21.0,14,15,4.8,타워맨션,남,0,0,1,0,2025,4,10230,94.19889502762432,21.72,0.9333333333333333,도보권,중고,2
nerima,練馬区,88.5,4,7.8,5,18,17.2,타워맨션,북서,1,0,1,0,2025,10,8190,92.54237288135593,22.125,0.2777777777777778,원거리,준신축,4
shibuya,渋谷区,56.4,3,9.4,2,3,3.8,타워맨션,서,0,0,0,1,2025,10,12040,213.47517730496455,18.8,0.6666666666666666,도보권,준신축,1
shinagawa,品川区,81.6,3,60.0,14,18,14.4,맨션,동,0,1,1,0,2022,6,7830,95.95588235294119,27.2,0.7777777777777778,버스권,노후,3
setagaya,世田谷区,54.5,2,2.3,14,16,12.6,빌라,북동,1,1,1,1,2023,10,5880,107.88990825688073,27.25,0.875,버스권,신축,6
katsushika,葛飾区,76.2,3,53.3,1,7,1.8,타워맨션,남동,1,1,0,0,2021,5,3410,44.750656167979,25.400000000000002,0.14285714285714285,역세권,노후,3
edogawa,江戸川区,48.3,2,15.7,2,13,21.7,맨션,북동,0,1,1,0,2025,2,2560,53.002070393374744,24.15,0.15384615384615385,원거리,중고,3
ota,大田区,35.2,2,28.8,8,11,8.3,타워맨션,동,1,1,0,0,2024,12,3200,90.9090909090909,17.6,0.7272727272727273,버스권,중고,3
setagaya,世田谷区,65.9,3,18.0,12,19,6.3,맨션,북동,0,0,0,0,2023,12,7800,118.36115326251895,21.96666666666667,0.631578947368421,도보권,중고,0
ota,大田区,51.2,3,16.4,7,16,7.1,타워맨션,서,0,1,0,0,2025,1,4680,91.40625,17.066666666666666,0.4375,버스권,중고,1
bunkyo,文京区,97.8,4,47.5,1,15,16.7,맨션,남,0,1,1,0,2022,6,6690,68.40490797546012,24.45,0.06666666666666667,원거리,노후,3
edogawa,江戸川区,97.0,5,2.9,13,15,15.9,맨션,북동,0,0,1,0,2020,12,5330,54.94845360824742,19.4,0.8666666666666667,원거리,신축,2
toshima,豊島区,72.7,3,5.1,11,16,7.7,맨션,남,1,0,0,0,2021,9,8760,120.49518569463548,24.233333333333334,0.6875,버스권,준신축,2
sumida,墨田区,56.5,2,0.6,14,14,15.0,빌라,남,0,1,1,0,2021,1,4700,83.1858407079646,28.25,1.0,버스권,신축,3
taito,台東区,55.4,2,5.0,9,9,3.6,맨션,남동,1,1,0,0,2021,11,6340,114.4404332129964,27.7,1.0,도보권,신축,3
shibuya,渋谷区,80.3,3,7.9,11,16,5.6,아파트,동,0,1,1,1,2022,3,17300,215.44209215442092,26.766666666666666,0.6875,도보권,준신축,4
shinjuku,新宿区,63.0,2,14.6,2,19,15.1,아파트,북동,0,0,1,0,2023,11,6450,102.38095238095238,31.5,0.10526315789473684,원거리,준신축,2
shibuya,渋谷区,33.4,1,43.7,1,16,14.2,맨션,동,0,1,0,0,2023,2,2550,76.34730538922156,33.4,0.0625,버스권,노후,1
taito,台東区,64.0,2,5.8,6,13,14.5,맨션,남,0,1,1,0,2023,12,8630,134.84375,32.0,0.46153846153846156,버스권,준신축,3
katsushika,葛飾区,81.1,3,5.2,2,13,3.6,맨션,북동,0,1,1,1,2025,4,6060,74.7225647348952,27.03333333333333,0.15384615384615385,도보권,준신축,4
shinjuku,新宿区,20.0,1,2.9,1,2,3.4,타워맨션,남서,0,1,1,0,2024,11,4190,209.5,20.0,0.5,도보권,신축,3
koto,江東区,62.5,2,15.3,3,3,2.7,맨션,동,0,0,1,0,2024,8,6050,96.8,31.25,1.0,역세권,중고,2
shibuya,渋谷区,74.5,4,10.2,6,15,1.4,아파트,서,0,1,0,0,2025,8,14130,189.66442953020135,18.625,0.4,역세권,준신축,1
nerima,練馬区,20.0,1,37.4,2,3,18.4,아파트,남서,0,1,0,0,2021,9,670,33.5,20.0,0.6666666666666666,원거리,노후,1
koto,江東区,110.0,5,13.1,8,18,1.0,아파트,남,1,0,0,0,2021,9,10980,99.81818181818181,22.0,0.4444444444444444,역세권,준신축,2
arakawa,荒川区,35.5,1,8.4,4,6,5.3,타워맨션,남동,0,0,1,0,2022,11,3580,100.84507042253522,35.5,0.6666666666666666,도보권,준신축,2
chuo,中央区,49.9,2,11.3,14,18,12.2,아파트,남동,0,0,1,0,2024,7,9320,186.7735470941884,24.95,0.7777777777777778,버스권,준신축,2
nakano,中野区,55.6,3,29.8,4,17,11.3,빌라,남서,0,1,0,0,2021,1,3350,60.25179856115108,18.533333333333335,0.23529411764705882,버스권,중고,1
meguro,目黒区,51.6,2,6.7,9,15,18.7,맨션,서,0,1,0,0,2025,8,7530,145.93023255813952,25.8,0.6,원거리,준신축,1
shibuya,渋谷区,63.8,3,16.5,8,10,16.1,맨션,남동,0,1,1,0,2025,11,10050,157.52351097178683,21.266666666666666,0.8,원거리,중고,3
itabashi,板橋区,40.0,1,20.7,5,8,2.2,아파트,남동,0,1,0,0,2021,6,1970,49.25,40.0,0.625,역세권,중고,1
edogawa,江戸川区,21.1,1,9.2,13,16,8.5,타워맨션,서,1,0,0,0,2021,12,1800,85.30805687203791,21.1,0.8125,버스권,준신축,2
ota,大田区,90.5,4,4.5,11,12,13.3,맨션,동,1,1,0,0,2025,10,9990,110.38674033149171,22.625,0.9166666666666666,버스권,신축,3
sumida,墨田区,59.1,2,10.0,2,10,3.7,아파트,남서,0,0,0,0,2022,3,4310,72.92724196277496,29.55,0.2,도보권,준신축,0
koto,江東区,57.0,3,8.5,4,14,5.9,아파트,남서,0,1,1,0,2021,7,5410,94.91228070175438,19.0,0.2857142857142857,도보권,준신축,3
kita,北区,44.8,1,21.2,2,5,17.9,빌라,서,1,1,0,0,2022,6,2250,50.22321428571429,44.8,0.4,원거리,중고,3
toshima,豊島区,64.9,3,22.2,10,10,17.9,아파트,북,0,0,0,0,2022,2,4050,62.40369799691833,21.633333333333336,1.0,원거리,중고,0
ota,大田区,80.6,3,7.8,14,18,18.9,타워맨션,서,0,0,0,0,2022,9,6720,83.37468982630274,26.866666666666664,0.7777777777777778,원거리,준신축,0
sumida,墨田区,52.0,2,23.8,12,17,3.5,아파트,북동,0,1,0,0,2025,1,3860,74.23076923076923,26.0,0.7058823529411765,도보권,중고,1
chuo,中央区,42.1,3,39.3,12,16,2.0,타워맨션,동,1,1,0,0,2025,6,8540,202.85035629453682,14.033333333333333,0.75,역세권,노후,3
setagaya,世田谷区,55.7,2,17.5,11,14,1.8,타워맨션,남,0,0,1,0,2021,10,7860,141.11310592459606,27.85,0.7857142857142857,역세권,중고,2
chiyoda,千代田区,82.7,4,40.8,10,15,11.1,맨션,서,0,1,0,0,2024,6,9390,113.54292623941959,20.675,0.6666666666666666,버스권,노후,1
arakawa,荒川区,64.4,3,21.0,12,16,13.5,아파트,남,0,1,0,0,2022,4,4440,68.94409937888199,21.46666666666667,0.75,버스권,중고,1
shinjuku,新宿区,56.6,3,10.8,12,19,4.2,타워맨션,남서,0,0,1,0,2024,1,10870,192.0494699646643,18.866666666666667,0.631578947368421,도보권,준신축,2
nakano,中野区,74.0,4,60.0,6,9,11.4,빌라,남동,1,0,0,0,2022,10,3670,49.5945945945946,18.5,0.6666666666666666,버스권,노후,2
arakawa,荒川区,61.1,2,1.5,9,12,7.2,아파트,남동,0,1,1,0,2024,6,5630,92.14402618657938,30.55,0.75,버스권,신축,3
arakawa,荒川区,84.5,4,5.6,2,15,3.7,아파트,북동,0,1,1,1,2024,1,6940,82.1301775147929,21.125,0.13333333333333333,도보권,준신축,4
shinjuku,新宿区,77.9,3,10.4,5,16,8.3,맨션,동,1,1,1,0,2023,11,12670,162.6444159178434,25.96666666666667,0.3125,버스권,준신축,5
shinjuku,新宿区,86.3,3,30.2,7,15,1.6,빌라,남서,0,0,1,0,2025,10,10860,125.84009269988412,28.766666666666666,0.4666666666666667,역세권,노후,2
katsushika,葛飾区,105.4,6,6.7,11,18,7.9,빌라,동,0,0,1,0,2025,11,6420,60.91081593927893,17.566666666666666,0.6111111111111112,버스권,준신축,2
bunkyo,文京区,61.4,2,14.3,3,19,13.4,맨션,남,1,1,1,0,2021,11,7670,124.9185667752443,30.7,0.15789473684210525,버스권,준신축,5
setagaya,世田谷区,60.7,2,48.5,7,18,9.1,아파트,남,0,0,0,0,2021,6,3510,57.825370675453044,30.35,0.3888888888888889,버스권,노후,0
arakawa,荒川区,46.8,3,18.8,10,13,3.3,맨션,남,0,1,1,1,2021,4,3650,77.991452991453,15.6,0.7692307692307693,도보권,중고,4
meguro,目黒区,83.9,3,5.5,7,15,1.9,아파트,동,1,1,1,0,2020,12,14260,169.96424314660308,27.96666666666667,0.4666666666666667,역세권,준신축,5
katsushika,葛飾区,36.4,1,8.8,13,17,6.0,아파트,남,0,1,1,0,2025,6,2730,75.0,36.4,0.7647058823529411,도보권,준신축,3
arakawa,荒川区,66.2,3,45.3,5,9,2.8,맨션,남서,0,0,1,1,2022,1,3670,55.438066465256796,22.066666666666666,0.5555555555555556,역세권,노후,3
ota,大田区,85.9,4,2.9,10,15,1.0,아파트,남동,0,1,0,0,2021,3,7750,90.22118742724098,21.475,0.6666666666666666,역세권,신축,1
shinjuku,新宿区,66.7,3,17.3,7,9,1.0,빌라,남,0,1,1,0,2024,3,10200,152.92353823088456,22.233333333333334,0.7777777777777778,역세권,중고,3
bunkyo,文京区,67.5,3,29.9,6,18,18.4,맨션,북,0,0,0,0,2021,1,4920,72.88888888888889,22.5,0.3333333333333333,원거리,중고,0
chuo,中央区,72.2,3,7.8,11,18,5.7,타워맨션,북,0,1,1,0,2023,7,19360,268.1440443213296,24.066666666666666,0.6111111111111112,도보권,준신축,3
nakano,中野区,96.5,4,20.2,2,9,5.5,타워맨션,동,0,1,0,1,2024,8,11670,120.93264248704664,24.125,0.2222222222222222,도보권,중고,2
minato,港区,68.0,2,23.9,4,12,2.6,아파트,북,1,1,0,0,2023,8,14760,217.05882352941177,34.0,0.3333333333333333,역세권,중고,3
chuo,中央区,56.0,2,3.3,11,11,1.0,맨션,서,1,1,0,0,2024,9,18550,331.25,28.0,1.0,역세권,신축,3
suginami,杉並区,87.5,4,4.4,12,14,7.9,맨션,남동,0,1,0,0,2020,12,9980,114.05714285714286,21.875,0.8571428571428571,버스권,신축,1
arakawa,荒川区,46.5,2,6.4,5,12,1.3,빌라,북동,1,1,0,0,2025,2,3310,71.18279569892474,23.25,0.4166666666666667,역세권,준신축,3
meguro,目黒区,50.3,2,23.7,14,16,20.5,아파트,북서,1,1,1,1,2021,1,5460,108.54870775347914,25.15,0.875,원거리,중고,6
chuo,中央区,94.8,4,1.7,1,5,5.9,맨션,남서,0,0,1,0,2024,9,23170,244.40928270042195,23.7,0.2,도보권,신축,2
chiyoda,千代田区,76.8,2,58.6,7,8,6.6,아파트,남서,0,1,0,0,2025,1,10040,130.72916666666669,38.4,0.875,도보권,노후,1
minato,港区,127.2,5,15.7,11,12,22.0,맨션,남,0,0,1,0,2022,12,23610,185.6132075471698,25.44,0.9166666666666666,원거리,중고,2
taito,台東区,32.9,1,25.2,10,11,1.9,아파트,남서,1,1,1,0,2025,8,2990,90.88145896656535,32.9,0.9090909090909091,역세권,중고,5
koto,江東区,80.7,4,15.2,1,14,11.2,맨션,남서,0,0,0,0,2023,1,7700,95.41511771995043,20.175,0.07142857142857142,버스권,중고,0
kita,北区,42.2,2,11.8,13,19,5.4,아파트,북동,1,1,0,0,2023,9,3650,86.49289099526065,21.1,0.6842105263157895,도보권,준신축,3
suginami,杉並区,82.8,4,51.7,11,18,6.6,맨션,남서,0,1,0,1,2024,12,6460,78.01932367149759,20.7,0.6111111111111112,도보권,노후,2
chiyoda,千代田区,59.8,3,48.6,7,18,9.2,아파트,북서,1,1,1,0,2022,11,5660,94.64882943143813,19.933333333333334,0.3888888888888889,버스권,노후,5
meguro,目黒区,82.5,4,12.2,13,13,6.3,빌라,동,0,1,0,0,2021,8,9550,115.75757575757575,20.625,1.0,도보권,준신축,1
toshima,豊島区,91.3,5,16.0,3,10,1.0,타워맨션,남,1,1,0,0,2025,7,17640,193.2092004381161,18.259999999999998,0.3,역세권,중고,3
chuo,中央区,47.9,2,27.4,1,4,13.3,타워맨션,북서,0,1,1,0,2024,9,9390,196.03340292275576,23.95,0.25,버스권,중고,3
kita,北区,63.8,2,12.4,11,16,1.0,아파트,남,0,1,0,0,2024,7,5190,81.34796238244515,31.9,0.6875,역세권,준신축,1
shinjuku,新宿区,92.3,4,0.1,11,15,30.0,맨션,북서,0,1,1,0,2025,10,14630,158.50487540628387,23.075,0.7333333333333333,원거리,신축,3
adachi,足立区,97.5,4,35.3,14,15,6.1,맨션,남서,0,1,0,0,2022,8,3460,35.48717948717949,24.375,0.9333333333333333,도보권,노후,1
shinagawa,品川区,65.3,2,14.6,2,13,7.6,맨션,남서,1,0,1,0,2023,1,11010,168.60643185298622,32.65,0.15384615384615385,버스권,준신축,4
shinagawa,品川区,91.3,5,1.0,3,18,1.0,타워맨션,남서,0,1,0,0,2024,1,21640,237.02081051478643,18.259999999999998,0.16666666666666666,역세권,신축,1
meguro,目黒区,65.8,3,4.7,3,18,1.0,아파트,서,0,0,1,0,2025,6,12250,186.17021276595744,21.933333333333334,0.16666666666666666,역세권,신축,2
ota,大田区,67.1,3,6.2,1,1,4.9,맨션,남,1,1,1,0,2024,8,7430,110.73025335320418,22.366666666666664,1.0,도보권,준신축,5
chuo,中央区,117.1,6,24.9,6,13,2.5,빌라,남,1,1,1,0,2022,12,22800,194.70538001707942,19.516666666666666,0.46153846153846156,역세권,중고,5
minato,港区,122.4,5,44.5,7,17,1.6,아파트,남서,0,1,1,0,2023,6,21070,172.140522875817,24.48,0.4117647058823529,역세권,노후,3
edogawa,江戸川区,29.8,1,19.9,1,17,30.0,아파트,서,0,0,1,0,2022,12,1310,43.95973154362416,29.8,0.058823529411764705,원거리,중고,2
shinjuku,新宿区,58.4,3,45.8,7,7,7.9,맨션,남,0,0,0,0,2024,9,4930,84.41780821917808,19.466666666666665,1.0,버스권,노후,0
shibuya,渋谷区,79.7,3,9.3,13,19,1.0,맨션,동,0,1,0,0,2021,5,17210,215.93475533249685,26.566666666666666,0.6842105263157895,역세권,준신축,1
ota,大田区,81.9,3,17.6,7,15,5.5,타워맨션,서,0,1,1,0,2021,12,8060,98.4126984126984,27.3,0.4666666666666667,도보권,중고,3
katsushika,葛飾区,34.7,1,12.2,13,19,1.0,타워맨션,남동,1,1,1,1,2024,8,3330,95.96541786743515,34.7,0.6842105263157895,역세권,준신축,6
taito,台東区,77.1,3,2.6,9,9,4.5,타워맨션,남,0,1,0,0,2021,5,12560,162.90531776913102,25.7,1.0,도보권,신축,1
sumida,墨田区,78.7,3,17.1,5,10,1.3,맨션,북동,0,1,1,0,2020,12,6100,77.50952986022871,26.233333333333334,0.5,역세권,중고,3
sumida,墨田区,69.3,3,2.0,9,16,3.6,맨션,남동,0,1,1,0,2024,5,8350,120.4906204906205,23.099999999999998,0.5625,도보권,신축,3
shinagawa,品川区,74.0,3,14.0,4,5,1.0,맨션,남동,0,0,1,0,2025,3,12810,173.1081081081081,24.666666666666668,0.8,역세권,준신축,2
nakano,中野区,58.2,2,6.5,10,14,5.4,아파트,북서,0,0,0,0,2022,4,5420,93.12714776632302,29.1,0.7142857142857143,도보권,준신축,0
taito,台東区,77.2,3,8.5,3,18,3.1,타워맨션,남서,0,1,1,0,2024,1,13030,168.78238341968913,25.733333333333334,0.16666666666666666,도보권,준신축,3
shinagawa,品川区,103.5,5,11.6,13,19,16.4,아파트,북동,0,1,0,0,2025,3,8810,85.1207729468599,20.7,0.6842105263157895,원거리,준신축,1
meguro,目黒区,30.2,1,10.2,10,15,12.1,맨션,남동,0,1,1,0,2025,6,5280,174.83443708609272,30.2,0.6666666666666666,버스권,준신축,3
toshima,豊島区,82.6,4,2.2,11,18,1.0,아파트,남,0,0,0,0,2023,12,9410,113.9225181598063,20.65,0.6111111111111112,역세권,신축,0
chiyoda,千代田区,61.5,3,13.7,11,14,3.1,맨션,남,0,1,0,0,2022,2,16580,269.5934959349593,20.5,0.7857142857142857,도보권,준신축,1
taito,台東区,75.6,3,30.8,1,16,12.4,아파트,남,0,1,1,0,2025,10,5560,73.54497354497354,25.2,0.0625,버스권,노후,3
koto,江東区,86.1,4,14.8,14,15,1.0,아파트,서,0,1,1,0,2025,9,9580,111.26596980255518,21.525,0.9333333333333333,역세권,준신축,3
nerima,練馬区,79.8,3,60.0,12,16,3.7,아파트,남동,1,1,0,1,2022,6,4270,53.50877192982456,26.599999999999998,0.75,도보권,노후,4
katsushika,葛飾区,41.0,2,2.8,10,19,1.0,맨션,남동,1,1,1,1,2021,1,3040,74.14634146341463,20.5,0.5263157894736842,역세권,신축,6
shinjuku,新宿区,67.7,3,3.9,4,11,12.4,빌라,남,1,1,1,0,2024,10,8830,130.42836041358936,22.566666666666666,0.36363636363636365,버스권,신축,5
shinagawa,品川区,65.4,3,3.3,14,14,28.2,빌라,남서,0,1,0,0,2023,1,7080,108.25688073394494,21.8,1.0,원거리,신축,1
chiyoda,千代田区,76.4,3,52.6,2,9,7.2,맨션,남,1,1,0,0,2025,9,9700,126.96335078534031,25.46666666666667,0.2222222222222222,버스권,노후,3
nerima,練馬区,70.9,3,36.1,14,15,11.0,맨션,남동,0,1,0,0,2023,6,4010,56.55853314527503,23.633333333333336,0.9333333333333333,버스권,노후,1
minato,港区,82.0,3,22.1,5,12,1.0,맨션,북동,1,1,1,1,2025,1,26960,328.780487804878,27.333333333333332,0.4166666666666667,역세권,중고,6
setagaya,世田谷区,75.4,3,2.6,8,15,21.5,빌라,남,0,1,0,0,2023,2,6730,89.25729442970821,25.133333333333336,0.5333333333333333,원거리,신축,1
meguro,目黒区,76.4,3,9.8,6,10,2.7,맨션,북서,0,0,0,0,2021,8,11500,150.52356020942406,25.46666666666667,0.6,역세권,준신축,0
itabashi,板橋区,63.5,2,21.9,7,10,30.0,맨션,북서,0,0,0,0,2025,10,2860,45.039370078740156,31.75,0.7,원거리,중고,0
chiyoda,千代田区,63.2,2,3.7,5,9,6.0,아파트,남동,1,1,1,0,2021,3,14960,236.70886075949366,31.6,0.5555555555555556,도보권,신축,5
shinjuku,新宿区,123.9,5,5.8,14,18,3.1,빌라,북,0,0,0,0,2021,1,16700,134.78611783696527,24.78,0.7777777777777778,도보권,준신축,0
sumida,墨田区,20.0,1,3.1,9,11,19.9,맨션,남동,1,1,0,0,2023,5,2040,102.0,20.0,0.8181818181818182,원거리,신축,3
shinagawa,品川区,32.0,1,5.5,8,19,1.0,타워맨션,서,0,1,0,0,2021,8,7150,223.4375,32.0,0.42105263157894735,역세권,준신축,1
suginami,杉並区,39.4,1,8.4,6,14,2.8,맨션,남서,1,1,1,0,2021,10,4540,115.2284263959391,39.4,0.42857142857142855,역세권,준신축,5
setagaya,世田谷区,87.3,3,6.1,13,14,4.6,아파트,북동,0,1,1,0,2022,7,12260,140.43528064146622,29.099999999999998,0.9285714285714286,도보권,준신축,3
chiyoda,千代田区,55.3,2,9.2,10,19,2.1,빌라,동,0,0,0,1,2023,1,11680,211.2115732368897,27.65,0.5263157894736842,역세권,준신축,1
meguro,目黒区,91.1,4,16.5,13,19,3.9,맨션,동,1,1,0,0,2024,7,14100,154.77497255762898,22.775,0.6842105263157895,도보권,중고,3
setagaya,世田谷区,74.4,3,6.1,11,14,1.3,아파트,동,0,1,1,0,2023,6,11320,152.15053763440858,24.8,0.7857142857142857,역세권,준신축,3
suginami,杉並区,70.9,2,31.6,12,19,5.6,타워맨션,동,1,1,1,1,2021,5,8800,124.1184767277856,35.45,0.631578947368421,도보권,노후,6
meguro,目黒区,69.9,3,9.5,12,13,5.7,맨션,동,1,1,1,1,2022,7,14870,212.7324749642346,23.3,0.9230769230769231,도보권,준신축,6
chuo,中央区,77.5,3,3.6,14,19,16.0,타워맨션,북서,0,0,1,1,2024,7,18140,234.06451612903226,25.833333333333332,0.7368421052631579,원거리,신축,3
shinjuku,新宿区,125.2,6,30.3,5,17,1.4,맨션,북동,0,1,0,0,2025,9,15120,120.76677316293929,20.866666666666667,0.29411764705882354,역세권,노후,1
itabashi,板橋区,62.7,2,0.6,3,12,1.0,아파트,서,1,0,0,1,2022,6,4860,77.51196172248804,31.35,0.25,역세권,신축,3
shinagawa,品川区,23.1,1,3.1,14,15,15.8,아파트,남,0,1,0,1,2022,7,2920,126.4069264069264,23.1,0.9333333333333333,원거리,신축,2
ota,大田区,34.8,2,15.0,12,17,7.7,아파트,동,0,0,1,0,2023,9,2650,76.14942528735632,17.4,0.7058823529411765,버스권,준신축,2
chiyoda,千代田区,91.9,4,6.8,13,16,5.6,아파트,남,0,0,0,0,2025,9,24780,269.6409140369967,22.975,0.8125,도보권,준신축,0
minato,港区,75.2,3,8.2,10,14,4.3,아파트,남동,0,0,0,0,2025,6,18550,246.6755319148936,25.066666666666666,0.7142857142857143,도보권,준신축,0
shibuya,渋谷区,37.8,1,2.0,2,18,9.0,아파트,남,0,0,1,0,2025,5,7200,190.47619047619048,37.8,0.1111111111111111,버스권,신축,2
katsushika,葛飾区,69.1,4,16.8,10,11,10.8,아파트,북서,1,1,0,0,2025,1,3870,56.00578871201158,17.275,0.9090909090909091,버스권,중고,3
edogawa,江戸川区,73.3,4,14.0,9,19,1.0,맨션,남,1,1,1,0,2023,4,5570,75.98908594815826,18.325,0.47368421052631576,역세권,준신축,5
itabashi,板橋区,60.6,2,22.9,5,16,2.7,아파트,남,0,1,1,0,2024,5,4230,69.8019801980198,30.3,0.3125,역세권,중고,3
suginami,杉並区,78.1,4,4.8,5,13,12.4,타워맨션,남서,0,1,1,0,2025,9,12050,154.28937259923177,19.525,0.38461538461538464,버스권,신축,3
setagaya,世田谷区,20.0,1,29.0,3,18,14.7,맨션,남,1,0,1,1,2025,1,2350,117.5,20.0,0.16666666666666666,버스권,중고,5
minato,港区,70.8,4,8.5,4,17,1.0,맨션,남,1,0,0,0,2025,8,27560,389.26553672316385,17.7,0.23529411764705882,역세권,준신축,2
sumida,墨田区,49.8,2,23.3,7,9,1.0,빌라,남,1,1,0,0,2021,3,3340,67.06827309236948,24.9,0.7777777777777778,역세권,중고,3
sumida,墨田区,95.8,5,9.4,6,18,1.0,아파트,남동,1,1,1,0,2021,12,8580,89.5615866388309,19.16,0.3333333333333333,역세권,준신축,5
nakano,中野区,75.7,4,8.0,1,16,6.0,빌라,남동,1,1,1,0,2025,11,7050,93.13077939233817,18.925,0.0625,도보권,준신축,5
katsushika,葛飾区,67.6,2,41.3,11,18,2.6,아파트,동,0,1,1,0,2025,4,2750,40.680473372781066,33.8,0.6111111111111112,역세권,노후,3
minato,港区,88.8,4,35.9,5,18,2.2,아파트,남,1,1,1,1,2023,1,17160,193.24324324324326,22.2,0.2777777777777778,역세권,노후,6
bunkyo,文京区,71.3,3,41.2,14,14,1.4,빌라,북서,1,1,1,0,2022,2,6110,85.69424964936887,23.766666666666666,1.0,역세권,노후,5
shibuya,渋谷区,23.8,1,5.5,1,3,4.0,빌라,남서,1,1,1,0,2024,12,4110,172.6890756302521,23.8,0.3333333333333333,도보권,준신축,5
minato,港区,59.9,3,5.7,12,17,1.1,아파트,남,0,0,0,1,2021,11,16970,283.30550918196997,19.966666666666665,0.7058823529411765,역세권,준신축,1
chiyoda,千代田区,60.7,1,14.8,9,19,8.2,빌라,서,0,1,1,0,2024,5,10160,167.3805601317957,60.7,0.47368421052631576,버스권,준신축,3
chiyoda,千代田区,78.8,3,7.9,8,9,5.2,타워맨션,남,1,1,1,1,2023,8,31950,405.4568527918782,26.266666666666666,0.8888888888888888,도보권,준신축,6
minato,港区,72.0,3,1.1,1,8,3.4,맨션,남동,0,1,1,0,2022,12,21490,298.47222222222223,24.0,0.125,도보권,신축,3
meguro,目黒区,60.2,3,0.6,4,15,6.8,맨션,남,1,1,0,0,2024,11,11870,197.17607973421926,20.066666666666666,0.26666666666666666,도보권,신축,3
setagaya,世田谷区,67.0,2,29.2,1,17,12.2,맨션,남동,0,1,1,0,2024,6,6180,92.23880597014926,33.5,0.058823529411764705,버스권,중고,3
koto,江東区,104.0,5,5.7,9,10,1.0,맨션,남동,0,1,1,1,2024,8,13650,131.25,20.8,0.9,역세권,준신축,4
toshima,豊島区,45.1,2,24.0,9,12,5.7,빌라,남,1,1,1,0,2022,7,5000,110.86474501108647,22.55,0.75,도보권,중고,5
ota,大田区,71.4,3,6.4,11,19,3.5,맨션,남,1,1,1,0,2025,2,9630,134.87394957983193,23.8,0.5789473684210527,도보권,준신축,5
suginami,杉並区,53.6,2,16.6,2,5,5.3,빌라,남,1,1,0,0,2025,3,4820,89.92537313432835,26.8,0.4,도보권,중고,3
ota,大田区,59.0,2,0.7,7,8,3.1,맨션,남동,0,0,0,1,2025,1,6830,115.76271186440678,29.5,0.875,도보권,신축,1
adachi,足立区,24.5,1,16.6,10,17,18.9,맨션,남,0,1,1,0,2023,12,1310,53.46938775510204,24.5,0.5882352941176471,원거리,중고,3
chiyoda,千代田区,87.1,4,10.0,5,6,14.2,맨션,남서,1,0,0,0,2025,7,17410,199.88518943742827,21.775,0.8333333333333334,버스권,준신축,2
taito,台東区,20.0,1,14.5,13,19,2.4,아파트,남서,0,1,0,0,2025,8,2310,115.5,20.0,0.6842105263157895,역세권,준신축,1
chiyoda,千代田区,60.2,2,42.6,8,16,2.4,맨션,북동,0,1,1,0,2022,11,9570,158.97009966777406,30.1,0.5,역세권,노후,3
chiyoda,千代田区,80.1,3,4.3,2,11,10.2,아파트,남,0,1,0,0,2023,3,15200,189.76279650436956,26.7,0.18181818181818182,버스권,신축,1
taito,台東区,85.3,3,19.6,7,9,1.0,아파트,남동,0,1,0,0,2022,5,7990,93.6694021101993,28.433333333333334,0.7777777777777778,역세권,중고,1
kita,北区,21.7,1,7.6,2,15,5.5,맨션,남동,0,1,0,0,2021,10,1770,81.5668202764977,21.7,0.13333333333333333,도보권,준신축,1
chiyoda,千代田区,91.2,3,3.4,6,17,4.7,아파트,남동,0,1,1,0,2024,10,22510,246.8201754385965,30.400000000000002,0.35294117647058826,도보권,신축,3
shinagawa,品川区,64.2,2,6.5,2,14,20.3,아파트,서,0,0,0,0,2021,3,6310,98.2866043613707,32.1,0.14285714285714285,원거리,준신축,0
shibuya,渋谷区,33.3,1,14.4,12,19,3.3,맨션,남,0,1,0,0,2022,12,6200,186.1861861861862,33.3,0.631578947368421,도보권,준신축,1
shinagawa,品川区,54.5,3,4.4,5,12,2.7,아파트,북서,1,1,0,0,2022,8,9910,181.8348623853211,18.166666666666668,0.4166666666666667,역세권,신축,3
itabashi,板橋区,48.7,3,39.8,1,15,1.8,맨션,남,1,0,1,0,2022,5,2620,53.798767967145785,16.233333333333334,0.06666666666666667,역세권,노후,4
meguro,目黒区,61.7,2,16.1,6,15,14.2,맨션,동,0,1,0,0,2024,6,8760,141.9773095623987,30.85,0.4,버스권,중고,1
bunkyo,文京区,44.4,2,2.1,13,13,2.6,타워맨션,남서,0,1,0,1,2025,7,9450,212.83783783783784,22.2,1.0,역세권,신축,2
toshima,豊島区,68.8,3,60.0,6,15,8.3,아파트,서,0,1,1,0,2024,11,4690,68.1686046511628,22.933333333333334,0.4,버스권,노후,3
sumida,墨田区,65.4,2,0.6,9,13,1.0,빌라,남서,0,1,1,0,2023,7,6090,93.11926605504587,32.7,0.6923076923076923,역세권,신축,3
suginami,杉並区,84.6,5,5.1,7,19,1.3,맨션,남,1,1,0,1,2022,4,13390,158.274231678487,16.919999999999998,0.3684210526315789,역세권,준신축,4
shibuya,渋谷区,98.4,5,8.4,1,8,13.1,맨션,남,0,1,1,0,2022,2,21210,215.54878048780486,19.68,0.125,버스권,준신축,3
toshima,豊島区,70.5,3,7.9,14,18,16.1,타워맨션,북동,1,1,1,1,2021,6,10240,145.24822695035462,23.5,0.7777777777777778,원거리,준신축,6
shibuya,渋谷区,43.6,2,27.2,2,15,15.7,아파트,남,0,0,0,1,2025,6,4910,112.61467889908256,21.8,0.13333333333333333,원거리,중고,1
minato,港区,78.1,3,1.3,8,12,8.1,아파트,남서,1,1,0,0,2021,12,20870,267.2215108834827,26.03333333333333,0.6666666666666666,버스권,신축,3
bunkyo,文京区,78.3,4,1.9,6,19,21.1,아파트,남서,1,1,0,0,2023,2,10720,136.90932311621967,19.575,0.3157894736842105,원거리,신축,3
shibuya,渋谷区,111.4,5,34.8,7,9,5.2,맨션,북동,0,1,0,1,2023,4,15210,136.53500897666066,22.28,0.7777777777777778,도보권,노후,2
chuo,中央区,41.9,2,57.1,13,17,3.3,아파트,남,1,1,1,0,2025,1,5790,138.18615751789977,20.95,0.7647058823529411,도보권,노후,5
setagaya,世田谷区,98.1,4,43.2,7,11,16.0,맨션,동,0,0,1,0,2022,8,5150,52.49745158002039,24.525,0.6363636363636364,원거리,노후,2
chuo,中央区,61.5,3,7.8,3,8,1.2,맨션,북서,1,1,0,1,2025,2,13380,217.5609756097561,20.5,0.375,역세권,준신축,4
suginami,杉並区,28.3,1,10.4,12,19,7.8,타워맨션,남,1,0,1,0,2025,9,5120,180.91872791519435,28.3,0.631578947368421,버스권,준신축,4
meguro,目黒区,37.5,2,10.9,14,15,6.3,아파트,동,0,1,1,0,2024,12,6280,167.46666666666667,18.75,0.9333333333333333,도보권,준신축,3
arakawa,荒川区,44.8,2,8.3,5,11,4.1,맨션,남,0,1,0,0,2021,6,3260,72.76785714285715,22.4,0.45454545454545453,도보권,준신축,1
minato,港区,109.1,4,18.3,10,16,19.4,아파트,남서,1,1,1,0,2022,6,19780,181.30155820348304,27.275,0.625,원거리,중고,5
shinjuku,新宿区,72.2,4,54.0,5,17,1.7,아파트,북,0,1,1,0,2021,6,6150,85.18005540166205,18.05,0.29411764705882354,역세권,노후,3
shibuya,渋谷区,74.8,4,16.7,13,16,2.6,맨션,남,0,1,1,0,2025,5,17820,238.23529411764707,18.7,0.8125,역세권,중고,3
shibuya,渋谷区,68.7,3,1.1,10,15,4.0,아파트,북,1,1,0,0,2025,4,14820,215.72052401746723,22.900000000000002,0.6666666666666666,도보권,신축,3
meguro,目黒区,30.9,1,4.6,3,12,5.4,맨션,서,1,0,0,0,2023,5,5590,180.90614886731393,30.9,0.25,도보권,신축,2
setagaya,世田谷区,64.5,4,2.7,10,13,1.8,아파트,남,1,0,0,0,2025,5,9510,147.4418604651163,16.125,0.7692307692307693,역세권,신축,2
shinagawa,品川区,48.8,2,1.2,3,17,1.0,아파트,남서,0,1,1,0,2022,12,8130,166.5983606557377,24.4,0.17647058823529413,역세권,신축,3
bunkyo,文京区,75.8,3,3.9,4,16,3.7,맨션,남서,0,1,0,0,2021,3,9750,128.62796833773086,25.266666666666666,0.25,도보권,신축,1
minato,港区,109.9,5,31.2,12,13,3.8,맨션,서,0,1,0,0,2021,1,20450,186.07825295723384,21.98,0.9230769230769231,도보권,노후,1
katsushika,葛飾区,45.5,2,2.4,2,2,13.8,아파트,남,0,0,1,0,2023,4,2520,55.38461538461539,22.75,1.0,버스권,신축,2
ota,大田区,30.5,1,6.2,1,17,1.0,아파트,남,0,1,0,0,2022,3,2830,92.78688524590164,30.5,0.058823529411764705,역세권,준신축,1
shinagawa,品川区,49.7,2,0.9,2,13,7.6,타워맨션,북서,0,0,0,0,2021,12,7780,156.53923541247485,24.85,0.15384615384615385,버스권,신축,0
taito,台東区,83.7,3,18.9,13,17,6.1,맨션,남동,1,0,0,0,2023,1,8590,102.6284348864994,27.900000000000002,0.7647058823529411,도보권,중고,2
minato,港区,59.9,3,20.1,7,15,8.3,아파트,북동,0,0,1,0,2021,8,10670,178.13021702838063,19.966666666666665,0.4666666666666667,버스권,중고,2
shibuya,渋谷区,151.3,6,7.6,9,9,5.7,빌라,남,1,1,1,0,2023,6,32940,217.71315267680103,25.21666666666667,1.0,도보권,준신축,5
chuo,中央区,48.8,2,7.8,3,13,1.7,아파트,북동,1,1,0,0,2021,8,10890,223.15573770491804,24.4,0.23076923076923078,역세권,준신축,3
adachi,足立区,21.4,1,7.8,6,7,7.1,맨션,남,1,1,1,0,2024,8,1560,72.89719626168225,21.4,0.8571428571428571,버스권,준신축,5
suginami,杉並区,50.4,2,48.9,3,3,1.0,빌라,북동,0,1,1,0,2021,6,2200,43.65079365079365,25.2,1.0,역세권,노후,3
itabashi,板橋区,61.3,3,11.1,6,16,2.9,빌라,남,0,1,0,0,2023,1,3990,65.08972267536706,20.433333333333334,0.375,역세권,준신축,1
nakano,中野区,81.5,4,17.5,6,10,2.8,맨션,동,0,1,1,0,2021,8,8540,104.78527607361963,20.375,0.6,역세권,중고,3
ota,大田区,70.0,3,1.5,2,15,1.0,아파트,남서,0,0,0,0,2023,9,5810,83.0,23.333333333333332,0.13333333333333333,역세권,신축,0
katsushika,葛飾区,58.5,2,4.6,10,19,6.3,맨션,남동,0,0,0,1,2022,10,4040,69.05982905982906,29.25,0.5263157894736842,도보권,신축,1
shibuya,渋谷区,48.9,2,15.4,1,15,9.3,맨션,북서,1,0,1,1,2024,8,9780,200.0,24.45,0.06666666666666667,버스권,중고,5
arakawa,荒川区,79.3,3,9.6,1,4,16.2,맨션,북동,0,1,1,0,2025,9,5010,63.17780580075662,26.433333333333334,0.25,원거리,준신축,3
shibuya,渋谷区,58.8,2,50.9,14,15,1.0,타워맨션,남동,0,1,1,0,2023,6,9910,168.53741496598641,29.4,0.9333333333333333,역세권,노후,3
taito,台東区,99.4,5,7.9,8,18,27.1,맨션,동,0,0,0,0,2022,3,7790,78.3702213279678,19.880000000000003,0.4444444444444444,원거리,준신축,0
chiyoda,千代田区,26.8,2,2.8,1,4,12.4,아파트,북서,1,0,1,0,2023,3,4810,179.47761194029852,13.4,0.25,버스권,신축,4
minato,港区,93.3,5,14.6,14,19,2.3,타워맨션,남,0,0,0,0,2022,5,38080,408.14576634512326,18.66,0.7368421052631579,역세권,준신축,0
ota,大田区,29.0,1,11.8,6,19,14.9,맨션,남,1,1,1,0,2025,7,3370,116.20689655172414,29.0,0.3157894736842105,버스권,준신축,5
bunkyo,文京区,75.2,3,8.6,8,10,6.1,맨션,북동,0,0,1,0,2021,3,9080,120.74468085106382,25.066666666666666,0.8,도보권,준신축,2
chuo,中央区,76.6,3,14.5,2,19,3.8,맨션,남,0,1,1,0,2022,5,14310,186.8146214099217,25.53333333333333,0.10526315789473684,도보권,준신축,3
bunkyo,文京区,89.5,3,2.9,8,10,8.1,아파트,북서,0,1,1,1,2025,8,11530,128.8268156424581,29.833333333333332,0.8,버스권,신축,4
shinjuku,新宿区,107.5,5,7.9,5,15,1.5,빌라,북서,0,1,0,0,2022,6,14070,130.88372093023256,21.5,0.3333333333333333,역세권,준신축,1
adachi,足立区,75.6,3,1.1,13,16,2.1,타워맨션,남,0,1,1,0,2021,10,7730,102.24867724867725,25.2,0.8125,역세권,신축,3
minato,港区,91.1,4,2.4,5,9,11.4,맨션,북동,0,1,0,1,2024,12,22140,243.02963776070254,22.775,0.5555555555555556,버스권,신축,2
meguro,目黒区,34.4,1,11.1,8,14,4.2,아파트,남동,0,0,1,0,2025,1,4750,138.08139534883722,34.4,0.5714285714285714,도보권,준신축,2
shinagawa,品川区,70.1,3,1.7,8,13,4.7,아파트,서,1,1,0,0,2024,7,11730,167.33238231098431,23.366666666666664,0.6153846153846154,도보권,신축,3
taito,台東区,53.7,2,11.9,14,16,4.0,아파트,북동,0,0,0,0,2023,6,6300,117.31843575418993,26.85,0.875,도보권,준신축,0
shinjuku,新宿区,84.5,4,17.2,2,7,7.5,타워맨션,남서,0,1,1,1,2023,1,12980,153.6094674556213,21.125,0.2857142857142857,버스권,중고,4
shinjuku,新宿区,49.0,2,40.0,13,18,25.3,맨션,북,0,1,1,0,2025,10,3440,70.20408163265306,24.5,0.7222222222222222,원거리,노후,3
toshima,豊島区,128.2,6,0.1,7,17,3.1,맨션,북서,0,1,1,0,2025,5,18700,145.86583463338536,21.366666666666664,0.4117647058823529,도보권,신축,3
chuo,中央区,91.8,4,4.2,11,17,1.9,아파트,북서,0,0,0,0,2025,9,20870,227.34204793028323,22.95,0.6470588235294118,역세권,신축,0
setagaya,世田谷区,83.5,3,11.4,11,12,5.2,맨션,남,1,1,1,0,2023,6,12320,147.5449101796407,27.833333333333332,0.9166666666666666,도보권,준신축,5
shinjuku,新宿区,65.5,3,11.9,6,13,1.0,아파트,서,1,1,0,0,2024,10,10490,160.15267175572518,21.833333333333332,0.46153846153846156,역세권,준신축,3
meguro,目黒区,45.2,2,1.4,8,12,5.8,맨션,남동,0,1,1,0,2024,12,8580,189.8230088495575,22.6,0.6666666666666666,도보권,신축,3
bunkyo,文京区,87.4,3,1.7,4,17,15.0,아파트,동,0,1,1,0,2024,3,10260,117.39130434782608,29.133333333333336,0.23529411764705882,버스권,신축,3
shinagawa,品川区,51.7,3,8.7,3,11,11.3,맨션,북동,1,1,0,1,2023,5,7560,146.2282398452611,17.233333333333334,0.2727272727272727,버스권,준신축,4
bunkyo,文京区,97.3,4,10.0,10,16,1.4,아파트,남서,1,1,1,0,2023,12,16420,168.75642343268242,24.325,0.625,역세권,준신축,5
meguro,目黒区,56.5,2,18.4,5,5,4.8,아파트,남동,0,1,1,0,2022,3,6770,119.82300884955752,28.25,1.0,도보권,중고,3
shinjuku,新宿区,35.5,1,23.6,5,17,1.0,빌라,남,0,1,1,0,2023,11,4810,135.49295774647888,35.5,0.29411764705882354,역세권,중고,3
taito,台東区,78.7,4,13.6,8,12,7.2,아파트,서,1,1,1,0,2020,12,7470,94.91740787801778,19.675,0.6666666666666666,버스권,준신축,5
koto,江東区,94.1,5,43.9,4,16,3.3,아파트,남동,1,1,1,1,2022,2,5520,58.66099893730075,18.82,0.25,도보권,노후,6
shinagawa,品川区,86.6,4,10.4,11,15,1.1,맨션,북,0,0,0,1,2024,2,19110,220.6697459584296,21.65,0.7333333333333333,역세권,준신축,1
chuo,中央区,108.6,6,28.3,12,12,2.2,아파트,서,0,1,1,0,2024,8,18850,173.57274401473296,18.099999999999998,1.0,역세권,중고,3
itabashi,板橋区,104.8,5,12.6,11,13,6.1,아파트,남,1,1,0,0,2022,5,6790,64.79007633587787,20.96,0.8461538461538461,도보권,준신축,3
chiyoda,千代田区,82.3,3,55.4,3,19,1.1,타워맨션,동,1,1,0,0,2023,5,15860,192.70959902794655,27.433333333333334,0.15789473684210525,역세권,노후,3
nakano,中野区,32.3,1,5.9,8,17,2.4,맨션,남,0,1,0,0,2022,7,3910,121.05263157894738,32.3,0.47058823529411764,역세권,준신축,1
koto,江東区,66.8,2,1.3,2,4,5.7,맨션,서,0,1,1,0,2022,4,6970,104.34131736526946,33.4,0.5,도보권,신축,3
chiyoda,千代田区,94.5,4,0.2,10,19,1.0,타워맨션,남,0,1,1,0,2024,9,32790,346.984126984127,23.625,0.5263157894736842,역세권,신축,3
meguro,目黒区,74.6,3,6.1,9,18,4.9,맨션,남,1,1,0,1,2023,3,13660,183.1099195710456,24.866666666666664,0.5,도보권,준신축,4
chiyoda,千代田区,96.3,5,5.2,6,12,4.6,맨션,북서,1,1,0,1,2022,10,22840,237.17549325025962,19.259999999999998,0.5,도보권,준신축,4
itabashi,板橋区,54.9,2,28.0,6,9,1.4,아파트,남서,1,1,1,0,2024,3,3810,69.39890710382514,27.45,0.6666666666666666,역세권,중고,5
arakawa,荒川区,68.5,3,12.8,10,15,9.1,아파트,동,1,1,1,0,2023,5,5900,86.13138686131387,22.833333333333332,0.6666666666666666,버스권,준신축,5
sumida,墨田区,20.0,1,7.1,10,13,13.4,맨션,남,1,1,1,0,2024,12,2490,124.5,20.0,0.7692307692307693,버스권,준신축,5
itabashi,板橋区,43.6,2,38.9,12,17,4.4,아파트,남,0,1,0,0,2021,8,1750,40.137614678899084,21.8,0.7058823529411765,도보권,노후,1
chiyoda,千代田区,116.2,5,8.5,11,11,1.6,빌라,동,1,1,1,0,2023,9,29490,253.7865748709122,23.240000000000002,1.0,역세권,준신축,5
suginami,杉並区,55.5,2,1.3,14,17,28.5,타워맨션,남서,0,1,0,1,2020,12,8160,147.02702702702703,27.75,0.8235294117647058,원거리,신축,2
minato,港区,55.9,2,60.0,1,5,9.6,아파트,남동,0,1,1,1,2024,11,6520,116.63685152057245,27.95,0.2,버스권,노후,4
nakano,中野区,79.0,3,7.9,11,17,11.9,맨션,남동,0,1,1,1,2023,7,10410,131.77215189873417,26.333333333333332,0.6470588235294118,버스권,준신축,4
taito,台東区,40.5,2,7.7,6,9,30.0,빌라,남서,0,1,1,0,2022,9,3290,81.23456790123457,20.25,0.6666666666666666,원거리,준신축,3
toshima,豊島区,97.4,4,34.5,3,17,3.7,아파트,서,0,0,0,1,2020,12,7250,74.435318275154,24.35,0.17647058823529413,도보권,노후,1
ota,大田区,97.1,4,39.3,1,10,5.3,아파트,북동,0,1,1,0,2023,9,4960,51.081359423274975,24.275,0.1,도보권,노후,3
chiyoda,千代田区,46.2,2,3.4,11,11,1.3,맨션,동,0,1,1,0,2022,4,14030,303.67965367965365,23.1,1.0,역세권,신축,3
koto,江東区,47.8,1,2.0,14,14,1.0,빌라,북동,0,1,0,0,2021,2,4350,91.00418410041841,47.8,1.0,역세권,신축,1
